# vtk DataFile Version 3.0
embmesh host/fiber visualization
ASCII
DATASET POLYDATA
POINTS 3502 float
0.778836684617 0 1.84212198801
0.856720353079 0 2.02633418681
1.56318817091 0 1.54804481277
1.42108015537 0 1.40731346615
0.674492354278 0.389418342309 1.84212198801
0.741941589706 0.42836017654 2.02633418681
1.3537606669 0.781594085453 1.54804481277
1.23069151536 0.710540077685 1.40731346615
0.856720353079 0 2.02633418681
0.934604021541 0 2.21054638561
1.70529618644 0 1.68877615938
1.56318817091 0 1.54804481277
0.741941589706 0.42836017654 2.02633418681
0.809390825133 0.46730201077 2.21054638561
1.47682981844 0.852648093222 1.68877615938
1.3537606669 0.781594085453 1.54804481277
1.42108015537 0 1.40731346615
1.56318817091 0 1.54804481277
2.03457784024 0 0.836954605701
1.8496162184 0 0.760867823364
1.23069151536 0.710540077685 1.40731346615
1.3537606669 0.781594085453 1.54804481277
1.76199609562 1.01728892012 0.836954605701
1.60181463239 0.9248081092 0.760867823364
1.56318817091 0 1.54804481277
1.70529618644 0 1.68877615938
2.21953946208 0 0.913041388037
2.03457784024 0 0.836954605701
1.3537606669 0.781594085453 1.54804481277
1.47682981844 0.852648093222 1.68877615938
1.92217755886 1.10976973104 0.913041388037
1.76199609562 1.01728892012 0.836954605701
1.8496162184 0 0.760867823364
2.03457784024 0 0.836954605701
2.2 0 1.34711147906e-16
2 0 1.22464679915e-16
1.60181463239 0.9248081092 0.760867823364
1.76199609562 1.01728892012 0.836954605701
1.90525588833 1.1 1.34711147906e-16
1.73205080757 1 1.22464679915e-16
2.03457784024 0 0.836954605701
2.21953946208 0 0.913041388037
2.4 0 1.46957615898e-16
2.2 0 1.34711147906e-16
1.76199609562 1.01728892012 0.836954605701
1.92217755886 1.10976973104 0.913041388037
2.07846096908 1.2 1.46957615898e-16
1.90525588833 1.1 1.34711147906e-16
2 0 1.22464679915e-16
2.2 0 1.34711147906e-16
2.03457784024 0 -0.836954605701
1.8496162184 0 -0.760867823364
1.73205080757 1 1.22464679915e-16
1.90525588833 1.1 1.34711147906e-16
1.76199609562 1.01728892012 -0.836954605701
1.60181463239 0.9248081092 -0.760867823364
2.2 0 1.34711147906e-16
2.4 0 1.46957615898e-16
2.21953946208 0 -0.913041388037
2.03457784024 0 -0.836954605701
1.90525588833 1.1 1.34711147906e-16
2.07846096908 1.2 1.46957615898e-16
1.92217755886 1.10976973104 -0.913041388037
1.76199609562 1.01728892012 -0.836954605701
1.8496162184 0 -0.760867823364
2.03457784024 0 -0.836954605701
1.56318817091 0 -1.54804481277
1.42108015537 0 -1.40731346615
1.60181463239 0.9248081092 -0.760867823364
1.76199609562 1.01728892012 -0.836954605701
1.3537606669 0.781594085453 -1.54804481277
1.23069151536 0.710540077685 -1.40731346615
2.03457784024 0 -0.836954605701
2.21953946208 0 -0.913041388037
1.70529618644 0 -1.68877615938
1.56318817091 0 -1.54804481277
1.76199609562 1.01728892012 -0.836954605701
1.92217755886 1.10976973104 -0.913041388037
1.47682981844 0.852648093222 -1.68877615938
1.3537606669 0.781594085453 -1.54804481277
1.42108015537 0 -1.40731346615
1.56318817091 0 -1.54804481277
0.856720353079 0 -2.02633418681
0.778836684617 0 -1.84212198801
1.23069151536 0.710540077685 -1.40731346615
1.3537606669 0.781594085453 -1.54804481277
0.741941589706 0.42836017654 -2.02633418681
0.674492354278 0.389418342309 -1.84212198801
1.56318817091 0 -1.54804481277
1.70529618644 0 -1.68877615938
0.934604021541 0 -2.21054638561
0.856720353079 0 -2.02633418681
1.3537606669 0.781594085453 -1.54804481277
1.47682981844 0.852648093222 -1.68877615938
0.809390825133 0.46730201077 -2.21054638561
0.741941589706 0.42836017654 -2.02633418681
0.674492354278 0.389418342309 1.84212198801
0.741941589706 0.42836017654 2.02633418681
1.3537606669 0.781594085453 1.54804481277
1.23069151536 0.710540077685 1.40731346615
0.389418342309 0.674492354278 1.84212198801
0.42836017654 0.741941589706 2.02633418681
0.781594085453 1.3537606669 1.54804481277
0.710540077685 1.23069151536 1.40731346615
0.741941589706 0.42836017654 2.02633418681
0.809390825133 0.46730201077 2.21054638561
1.47682981844 0.852648093222 1.68877615938
1.3537606669 0.781594085453 1.54804481277
0.42836017654 0.741941589706 2.02633418681
0.46730201077 0.809390825133 2.21054638561
0.852648093222 1.47682981844 1.68877615938
0.781594085453 1.3537606669 1.54804481277
1.23069151536 0.710540077685 1.40731346615
1.3537606669 0.781594085453 1.54804481277
1.76199609562 1.01728892012 0.836954605701
1.60181463239 0.9248081092 0.760867823364
0.710540077685 1.23069151536 1.40731346615
0.781594085453 1.3537606669 1.54804481277
1.01728892012 1.76199609562 0.836954605701
0.9248081092 1.60181463239 0.760867823364
1.3537606669 0.781594085453 1.54804481277
1.47682981844 0.852648093222 1.68877615938
1.92217755886 1.10976973104 0.913041388037
1.76199609562 1.01728892012 0.836954605701
0.781594085453 1.3537606669 1.54804481277
0.852648093222 1.47682981844 1.68877615938
1.10976973104 1.92217755886 0.913041388037
1.01728892012 1.76199609562 0.836954605701
1.60181463239 0.9248081092 0.760867823364
1.76199609562 1.01728892012 0.836954605701
1.90525588833 1.1 1.34711147906e-16
1.73205080757 1 1.22464679915e-16
0.9248081092 1.60181463239 0.760867823364
1.01728892012 1.76199609562 0.836954605701
1.1 1.90525588833 1.34711147906e-16
1 1.73205080757 1.22464679915e-16
1.76199609562 1.01728892012 0.836954605701
1.92217755886 1.10976973104 0.913041388037
2.07846096908 1.2 1.46957615898e-16
1.90525588833 1.1 1.34711147906e-16
1.01728892012 1.76199609562 0.836954605701
1.10976973104 1.92217755886 0.913041388037
1.2 2.07846096908 1.46957615898e-16
1.1 1.90525588833 1.34711147906e-16
1.73205080757 1 1.22464679915e-16
1.90525588833 1.1 1.34711147906e-16
1.76199609562 1.01728892012 -0.836954605701
1.60181463239 0.9248081092 -0.760867823364
1 1.73205080757 1.22464679915e-16
1.1 1.90525588833 1.34711147906e-16
1.01728892012 1.76199609562 -0.836954605701
0.9248081092 1.60181463239 -0.760867823364
1.90525588833 1.1 1.34711147906e-16
2.07846096908 1.2 1.46957615898e-16
1.92217755886 1.10976973104 -0.913041388037
1.76199609562 1.01728892012 -0.836954605701
1.1 1.90525588833 1.34711147906e-16
1.2 2.07846096908 1.46957615898e-16
1.10976973104 1.92217755886 -0.913041388037
1.01728892012 1.76199609562 -0.836954605701
1.60181463239 0.9248081092 -0.760867823364
1.76199609562 1.01728892012 -0.836954605701
1.3537606669 0.781594085453 -1.54804481277
1.23069151536 0.710540077685 -1.40731346615
0.9248081092 1.60181463239 -0.760867823364
1.01728892012 1.76199609562 -0.836954605701
0.781594085453 1.3537606669 -1.54804481277
0.710540077685 1.23069151536 -1.40731346615
1.76199609562 1.01728892012 -0.836954605701
1.92217755886 1.10976973104 -0.913041388037
1.47682981844 0.852648093222 -1.68877615938
1.3537606669 0.781594085453 -1.54804481277
1.01728892012 1.76199609562 -0.836954605701
1.10976973104 1.92217755886 -0.913041388037
0.852648093222 1.47682981844 -1.68877615938
0.781594085453 1.3537606669 -1.54804481277
1.23069151536 0.710540077685 -1.40731346615
1.3537606669 0.781594085453 -1.54804481277
0.741941589706 0.42836017654 -2.02633418681
0.674492354278 0.389418342309 -1.84212198801
0.710540077685 1.23069151536 -1.40731346615
0.781594085453 1.3537606669 -1.54804481277
0.42836017654 0.741941589706 -2.02633418681
0.389418342309 0.674492354278 -1.84212198801
1.3537606669 0.781594085453 -1.54804481277
1.47682981844 0.852648093222 -1.68877615938
0.809390825133 0.46730201077 -2.21054638561
0.741941589706 0.42836017654 -2.02633418681
0.781594085453 1.3537606669 -1.54804481277
0.852648093222 1.47682981844 -1.68877615938
0.46730201077 0.809390825133 -2.21054638561
0.42836017654 0.741941589706 -2.02633418681
0.389418342309 0.674492354278 1.84212198801
0.42836017654 0.741941589706 2.02633418681
0.781594085453 1.3537606669 1.54804481277
0.710540077685 1.23069151536 1.40731346615
4.76899926438e-17 0.778836684617 1.84212198801
5.24589919081e-17 0.856720353079 2.02633418681
9.57176694983e-17 1.56318817091 1.54804481277
8.70160631802e-17 1.42108015537 1.40731346615
0.42836017654 0.741941589706 2.02633418681
0.46730201077 0.809390825133 2.21054638561
0.852648093222 1.47682981844 1.68877615938
0.781594085453 1.3537606669 1.54804481277
5.24589919081e-17 0.856720353079 2.02633418681
5.72279911725e-17 0.934604021541 2.21054638561
1.04419275816e-16 1.70529618644 1.68877615938
9.57176694983e-17 1.56318817091 1.54804481277
0.710540077685 1.23069151536 1.40731346615
0.781594085453 1.3537606669 1.54804481277
1.01728892012 1.76199609562 0.836954605701
0.9248081092 1.60181463239 0.760867823364
8.70160631802e-17 1.42108015537 1.40731346615
9.57176694983e-17 1.56318817091 1.54804481277
1.24581961983e-16 2.03457784024 0.836954605701
1.13256329076e-16 1.8496162184 0.760867823364
0.781594085453 1.3537606669 1.54804481277
0.852648093222 1.47682981844 1.68877615938
1.10976973104 1.92217755886 0.913041388037
1.01728892012 1.76199609562 0.836954605701
9.57176694983e-17 1.56318817091 1.54804481277
1.04419275816e-16 1.70529618644 1.68877615938
1.35907594891e-16 2.21953946208 0.913041388037
1.24581961983e-16 2.03457784024 0.836954605701
0.9248081092 1.60181463239 0.760867823364
1.01728892012 1.76199609562 0.836954605701
1.1 1.90525588833 1.34711147906e-16
1 1.73205080757 1.22464679915e-16
1.13256329076e-16 1.8496162184 0.760867823364
1.24581961983e-16 2.03457784024 0.836954605701
1.34711147906e-16 2.2 1.34711147906e-16
1.22464679915e-16 2 1.22464679915e-16
1.01728892012 1.76199609562 0.836954605701
1.10976973104 1.92217755886 0.913041388037
1.2 2.07846096908 1.46957615898e-16
1.1 1.90525588833 1.34711147906e-16
1.24581961983e-16 2.03457784024 0.836954605701
1.35907594891e-16 2.21953946208 0.913041388037
1.46957615898e-16 2.4 1.46957615898e-16
1.34711147906e-16 2.2 1.34711147906e-16
1 1.73205080757 1.22464679915e-16
1.1 1.90525588833 1.34711147906e-16
1.01728892012 1.76199609562 -0.836954605701
0.9248081092 1.60181463239 -0.760867823364
1.22464679915e-16 2 1.22464679915e-16
1.34711147906e-16 2.2 1.34711147906e-16
1.24581961983e-16 2.03457784024 -0.836954605701
1.13256329076e-16 1.8496162184 -0.760867823364
1.1 1.90525588833 1.34711147906e-16
1.2 2.07846096908 1.46957615898e-16
1.10976973104 1.92217755886 -0.913041388037
1.01728892012 1.76199609562 -0.836954605701
1.34711147906e-16 2.2 1.34711147906e-16
1.46957615898e-16 2.4 1.46957615898e-16
1.35907594891e-16 2.21953946208 -0.913041388037
1.24581961983e-16 2.03457784024 -0.836954605701
0.9248081092 1.60181463239 -0.760867823364
1.01728892012 1.76199609562 -0.836954605701
0.781594085453 1.3537606669 -1.54804481277
0.710540077685 1.23069151536 -1.40731346615
1.13256329076e-16 1.8496162184 -0.760867823364
1.24581961983e-16 2.03457784024 -0.836954605701
9.57176694983e-17 1.56318817091 -1.54804481277
8.70160631802e-17 1.42108015537 -1.40731346615
1.01728892012 1.76199609562 -0.836954605701
1.10976973104 1.92217755886 -0.913041388037
0.852648093222 1.47682981844 -1.68877615938
0.781594085453 1.3537606669 -1.54804481277
1.24581961983e-16 2.03457784024 -0.836954605701
1.35907594891e-16 2.21953946208 -0.913041388037
1.04419275816e-16 1.70529618644 -1.68877615938
9.57176694983e-17 1.56318817091 -1.54804481277
0.710540077685 1.23069151536 -1.40731346615
0.781594085453 1.3537606669 -1.54804481277
0.42836017654 0.741941589706 -2.02633418681
0.389418342309 0.674492354278 -1.84212198801
8.70160631802e-17 1.42108015537 -1.40731346615
9.57176694983e-17 1.56318817091 -1.54804481277
5.24589919081e-17 0.856720353079 -2.02633418681
4.76899926438e-17 0.778836684617 -1.84212198801
0.781594085453 1.3537606669 -1.54804481277
0.852648093222 1.47682981844 -1.68877615938
0.46730201077 0.809390825133 -2.21054638561
0.42836017654 0.741941589706 -2.02633418681
9.57176694983e-17 1.56318817091 -1.54804481277
1.04419275816e-16 1.70529618644 -1.68877615938
5.72279911725e-17 0.934604021541 -2.21054638561
5.24589919081e-17 0.856720353079 -2.02633418681
4.76899926438e-17 0.778836684617 1.84212198801
5.24589919081e-17 0.856720353079 2.02633418681
9.57176694983e-17 1.56318817091 1.54804481277
8.70160631802e-17 1.42108015537 1.40731346615
-0.389418342309 0.674492354278 1.84212198801
-0.42836017654 0.741941589706 2.02633418681
-0.781594085453 1.3537606669 1.54804481277
-0.710540077685 1.23069151536 1.40731346615
5.24589919081e-17 0.856720353079 2.02633418681
5.72279911725e-17 0.934604021541 2.21054638561
1.04419275816e-16 1.70529618644 1.68877615938
9.57176694983e-17 1.56318817091 1.54804481277
-0.42836017654 0.741941589706 2.02633418681
-0.46730201077 0.809390825133 2.21054638561
-0.852648093222 1.47682981844 1.68877615938
-0.781594085453 1.3537606669 1.54804481277
8.70160631802e-17 1.42108015537 1.40731346615
9.57176694983e-17 1.56318817091 1.54804481277
1.24581961983e-16 2.03457784024 0.836954605701
1.13256329076e-16 1.8496162184 0.760867823364
-0.710540077685 1.23069151536 1.40731346615
-0.781594085453 1.3537606669 1.54804481277
-1.01728892012 1.76199609562 0.836954605701
-0.9248081092 1.60181463239 0.760867823364
9.57176694983e-17 1.56318817091 1.54804481277
1.04419275816e-16 1.70529618644 1.68877615938
1.35907594891e-16 2.21953946208 0.913041388037
1.24581961983e-16 2.03457784024 0.836954605701
-0.781594085453 1.3537606669 1.54804481277
-0.852648093222 1.47682981844 1.68877615938
-1.10976973104 1.92217755886 0.913041388037
-1.01728892012 1.76199609562 0.836954605701
1.13256329076e-16 1.8496162184 0.760867823364
1.24581961983e-16 2.03457784024 0.836954605701
1.34711147906e-16 2.2 1.34711147906e-16
1.22464679915e-16 2 1.22464679915e-16
-0.9248081092 1.60181463239 0.760867823364
-1.01728892012 1.76199609562 0.836954605701
-1.1 1.90525588833 1.34711147906e-16
-1 1.73205080757 1.22464679915e-16
1.24581961983e-16 2.03457784024 0.836954605701
1.35907594891e-16 2.21953946208 0.913041388037
1.46957615898e-16 2.4 1.46957615898e-16
1.34711147906e-16 2.2 1.34711147906e-16
-1.01728892012 1.76199609562 0.836954605701
-1.10976973104 1.92217755886 0.913041388037
-1.2 2.07846096908 1.46957615898e-16
-1.1 1.90525588833 1.34711147906e-16
1.22464679915e-16 2 1.22464679915e-16
1.34711147906e-16 2.2 1.34711147906e-16
1.24581961983e-16 2.03457784024 -0.836954605701
1.13256329076e-16 1.8496162184 -0.760867823364
-1 1.73205080757 1.22464679915e-16
-1.1 1.90525588833 1.34711147906e-16
-1.01728892012 1.76199609562 -0.836954605701
-0.9248081092 1.60181463239 -0.760867823364
1.34711147906e-16 2.2 1.34711147906e-16
1.46957615898e-16 2.4 1.46957615898e-16
1.35907594891e-16 2.21953946208 -0.913041388037
1.24581961983e-16 2.03457784024 -0.836954605701
-1.1 1.90525588833 1.34711147906e-16
-1.2 2.07846096908 1.46957615898e-16
-1.10976973104 1.92217755886 -0.913041388037
-1.01728892012 1.76199609562 -0.836954605701
1.13256329076e-16 1.8496162184 -0.760867823364
1.24581961983e-16 2.03457784024 -0.836954605701
9.57176694983e-17 1.56318817091 -1.54804481277
8.70160631802e-17 1.42108015537 -1.40731346615
-0.9248081092 1.60181463239 -0.760867823364
-1.01728892012 1.76199609562 -0.836954605701
-0.781594085453 1.3537606669 -1.54804481277
-0.710540077685 1.23069151536 -1.40731346615
1.24581961983e-16 2.03457784024 -0.836954605701
1.35907594891e-16 2.21953946208 -0.913041388037
1.04419275816e-16 1.70529618644 -1.68877615938
9.57176694983e-17 1.56318817091 -1.54804481277
-1.01728892012 1.76199609562 -0.836954605701
-1.10976973104 1.92217755886 -0.913041388037
-0.852648093222 1.47682981844 -1.68877615938
-0.781594085453 1.3537606669 -1.54804481277
8.70160631802e-17 1.42108015537 -1.40731346615
9.57176694983e-17 1.56318817091 -1.54804481277
5.24589919081e-17 0.856720353079 -2.02633418681
4.76899926438e-17 0.778836684617 -1.84212198801
-0.710540077685 1.23069151536 -1.40731346615
-0.781594085453 1.3537606669 -1.54804481277
-0.42836017654 0.741941589706 -2.02633418681
-0.389418342309 0.674492354278 -1.84212198801
9.57176694983e-17 1.56318817091 -1.54804481277
1.04419275816e-16 1.70529618644 -1.68877615938
5.72279911725e-17 0.934604021541 -2.21054638561
5.24589919081e-17 0.856720353079 -2.02633418681
-0.781594085453 1.3537606669 -1.54804481277
-0.852648093222 1.47682981844 -1.68877615938
-0.46730201077 0.809390825133 -2.21054638561
-0.42836017654 0.741941589706 -2.02633418681
-0.389418342309 0.674492354278 1.84212198801
-0.42836017654 0.741941589706 2.02633418681
-0.781594085453 1.3537606669 1.54804481277
-0.710540077685 1.23069151536 1.40731346615
-0.674492354278 0.389418342309 1.84212198801
-0.741941589706 0.42836017654 2.02633418681
-1.3537606669 0.781594085453 1.54804481277
-1.23069151536 0.710540077685 1.40731346615
-0.42836017654 0.741941589706 2.02633418681
-0.46730201077 0.809390825133 2.21054638561
-0.852648093222 1.47682981844 1.68877615938
-0.781594085453 1.3537606669 1.54804481277
-0.741941589706 0.42836017654 2.02633418681
-0.809390825133 0.46730201077 2.21054638561
-1.47682981844 0.852648093222 1.68877615938
-1.3537606669 0.781594085453 1.54804481277
-0.710540077685 1.23069151536 1.40731346615
-0.781594085453 1.3537606669 1.54804481277
-1.01728892012 1.76199609562 0.836954605701
-0.9248081092 1.60181463239 0.760867823364
-1.23069151536 0.710540077685 1.40731346615
-1.3537606669 0.781594085453 1.54804481277
-1.76199609562 1.01728892012 0.836954605701
-1.60181463239 0.9248081092 0.760867823364
-0.781594085453 1.3537606669 1.54804481277
-0.852648093222 1.47682981844 1.68877615938
-1.10976973104 1.92217755886 0.913041388037
-1.01728892012 1.76199609562 0.836954605701
-1.3537606669 0.781594085453 1.54804481277
-1.47682981844 0.852648093222 1.68877615938
-1.92217755886 1.10976973104 0.913041388037
-1.76199609562 1.01728892012 0.836954605701
-0.9248081092 1.60181463239 0.760867823364
-1.01728892012 1.76199609562 0.836954605701
-1.1 1.90525588833 1.34711147906e-16
-1 1.73205080757 1.22464679915e-16
-1.60181463239 0.9248081092 0.760867823364
-1.76199609562 1.01728892012 0.836954605701
-1.90525588833 1.1 1.34711147906e-16
-1.73205080757 1 1.22464679915e-16
-1.01728892012 1.76199609562 0.836954605701
-1.10976973104 1.92217755886 0.913041388037
-1.2 2.07846096908 1.46957615898e-16
-1.1 1.90525588833 1.34711147906e-16
-1.76199609562 1.01728892012 0.836954605701
-1.92217755886 1.10976973104 0.913041388037
-2.07846096908 1.2 1.46957615898e-16
-1.90525588833 1.1 1.34711147906e-16
-1 1.73205080757 1.22464679915e-16
-1.1 1.90525588833 1.34711147906e-16
-1.01728892012 1.76199609562 -0.836954605701
-0.9248081092 1.60181463239 -0.760867823364
-1.73205080757 1 1.22464679915e-16
-1.90525588833 1.1 1.34711147906e-16
-1.76199609562 1.01728892012 -0.836954605701
-1.60181463239 0.9248081092 -0.760867823364
-1.1 1.90525588833 1.34711147906e-16
-1.2 2.07846096908 1.46957615898e-16
-1.10976973104 1.92217755886 -0.913041388037
-1.01728892012 1.76199609562 -0.836954605701
-1.90525588833 1.1 1.34711147906e-16
-2.07846096908 1.2 1.46957615898e-16
-1.92217755886 1.10976973104 -0.913041388037
-1.76199609562 1.01728892012 -0.836954605701
-0.9248081092 1.60181463239 -0.760867823364
-1.01728892012 1.76199609562 -0.836954605701
-0.781594085453 1.3537606669 -1.54804481277
-0.710540077685 1.23069151536 -1.40731346615
-1.60181463239 0.9248081092 -0.760867823364
-1.76199609562 1.01728892012 -0.836954605701
-1.3537606669 0.781594085453 -1.54804481277
-1.23069151536 0.710540077685 -1.40731346615
-1.01728892012 1.76199609562 -0.836954605701
-1.10976973104 1.92217755886 -0.913041388037
-0.852648093222 1.47682981844 -1.68877615938
-0.781594085453 1.3537606669 -1.54804481277
-1.76199609562 1.01728892012 -0.836954605701
-1.92217755886 1.10976973104 -0.913041388037
-1.47682981844 0.852648093222 -1.68877615938
-1.3537606669 0.781594085453 -1.54804481277
-0.710540077685 1.23069151536 -1.40731346615
-0.781594085453 1.3537606669 -1.54804481277
-0.42836017654 0.741941589706 -2.02633418681
-0.389418342309 0.674492354278 -1.84212198801
-1.23069151536 0.710540077685 -1.40731346615
-1.3537606669 0.781594085453 -1.54804481277
-0.741941589706 0.42836017654 -2.02633418681
-0.674492354278 0.389418342309 -1.84212198801
-0.781594085453 1.3537606669 -1.54804481277
-0.852648093222 1.47682981844 -1.68877615938
-0.46730201077 0.809390825133 -2.21054638561
-0.42836017654 0.741941589706 -2.02633418681
-1.3537606669 0.781594085453 -1.54804481277
-1.47682981844 0.852648093222 -1.68877615938
-0.809390825133 0.46730201077 -2.21054638561
-0.741941589706 0.42836017654 -2.02633418681
-0.674492354278 0.389418342309 1.84212198801
-0.741941589706 0.42836017654 2.02633418681
-1.3537606669 0.781594085453 1.54804481277
-1.23069151536 0.710540077685 1.40731346615
-0.778836684617 9.53799852875e-17 1.84212198801
-0.856720353079 1.04917983816e-16 2.02633418681
-1.56318817091 1.91435338997e-16 1.54804481277
-1.42108015537 1.7403212636e-16 1.40731346615
-0.741941589706 0.42836017654 2.02633418681
-0.809390825133 0.46730201077 2.21054638561
-1.47682981844 0.852648093222 1.68877615938
-1.3537606669 0.781594085453 1.54804481277
-0.856720353079 1.04917983816e-16 2.02633418681
-0.934604021541 1.14455982345e-16 2.21054638561
-1.70529618644 2.08838551633e-16 1.68877615938
-1.56318817091 1.91435338997e-16 1.54804481277
-1.23069151536 0.710540077685 1.40731346615
-1.3537606669 0.781594085453 1.54804481277
-1.76199609562 1.01728892012 0.836954605701
-1.60181463239 0.9248081092 0.760867823364
-1.42108015537 1.7403212636e-16 1.40731346615
-1.56318817091 1.91435338997e-16 1.54804481277
-2.03457784024 2.49163923967e-16 0.836954605701
-1.8496162184 2.26512658151e-16 0.760867823364
-1.3537606669 0.781594085453 1.54804481277
-1.47682981844 0.852648093222 1.68877615938
-1.92217755886 1.10976973104 0.913041388037
-1.76199609562 1.01728892012 0.836954605701
-1.56318817091 1.91435338997e-16 1.54804481277
-1.70529618644 2.08838551633e-16 1.68877615938
-2.21953946208 2.71815189782e-16 0.913041388037
-2.03457784024 2.49163923967e-16 0.836954605701
-1.60181463239 0.9248081092 0.760867823364
-1.76199609562 1.01728892012 0.836954605701
-1.90525588833 1.1 1.34711147906e-16
-1.73205080757 1 1.22464679915e-16
-1.8496162184 2.26512658151e-16 0.760867823364
-2.03457784024 2.49163923967e-16 0.836954605701
-2.2 2.69422295812e-16 1.34711147906e-16
-2 2.44929359829e-16 1.22464679915e-16
-1.76199609562 1.01728892012 0.836954605701
-1.92217755886 1.10976973104 0.913041388037
-2.07846096908 1.2 1.46957615898e-16
-1.90525588833 1.1 1.34711147906e-16
-2.03457784024 2.49163923967e-16 0.836954605701
-2.21953946208 2.71815189782e-16 0.913041388037
-2.4 2.93915231795e-16 1.46957615898e-16
-2.2 2.69422295812e-16 1.34711147906e-16
-1.73205080757 1 1.22464679915e-16
-1.90525588833 1.1 1.34711147906e-16
-1.76199609562 1.01728892012 -0.836954605701
-1.60181463239 0.9248081092 -0.760867823364
-2 2.44929359829e-16 1.22464679915e-16
-2.2 2.69422295812e-16 1.34711147906e-16
-2.03457784024 2.49163923967e-16 -0.836954605701
-1.8496162184 2.26512658151e-16 -0.760867823364
-1.90525588833 1.1 1.34711147906e-16
-2.07846096908 1.2 1.46957615898e-16
-1.92217755886 1.10976973104 -0.913041388037
-1.76199609562 1.01728892012 -0.836954605701
-2.2 2.69422295812e-16 1.34711147906e-16
-2.4 2.93915231795e-16 1.46957615898e-16
-2.21953946208 2.71815189782e-16 -0.913041388037
-2.03457784024 2.49163923967e-16 -0.836954605701
-1.60181463239 0.9248081092 -0.760867823364
-1.76199609562 1.01728892012 -0.836954605701
-1.3537606669 0.781594085453 -1.54804481277
-1.23069151536 0.710540077685 -1.40731346615
-1.8496162184 2.26512658151e-16 -0.760867823364
-2.03457784024 2.49163923967e-16 -0.836954605701
-1.56318817091 1.91435338997e-16 -1.54804481277
-1.42108015537 1.7403212636e-16 -1.40731346615
-1.76199609562 1.01728892012 -0.836954605701
-1.92217755886 1.10976973104 -0.913041388037
-1.47682981844 0.852648093222 -1.68877615938
-1.3537606669 0.781594085453 -1.54804481277
-2.03457784024 2.49163923967e-16 -0.836954605701
-2.21953946208 2.71815189782e-16 -0.913041388037
-1.70529618644 2.08838551633e-16 -1.68877615938
-1.56318817091 1.91435338997e-16 -1.54804481277
-1.23069151536 0.710540077685 -1.40731346615
-1.3537606669 0.781594085453 -1.54804481277
-0.741941589706 0.42836017654 -2.02633418681
-0.674492354278 0.389418342309 -1.84212198801
-1.42108015537 1.7403212636e-16 -1.40731346615
-1.56318817091 1.91435338997e-16 -1.54804481277
-0.856720353079 1.04917983816e-16 -2.02633418681
-0.778836684617 9.53799852875e-17 -1.84212198801
-1.3537606669 0.781594085453 -1.54804481277
-1.47682981844 0.852648093222 -1.68877615938
-0.809390825133 0.46730201077 -2.21054638561
-0.741941589706 0.42836017654 -2.02633418681
-1.56318817091 1.91435338997e-16 -1.54804481277
-1.70529618644 2.08838551633e-16 -1.68877615938
-0.934604021541 1.14455982345e-16 -2.21054638561
-0.856720353079 1.04917983816e-16 -2.02633418681
-0.778836684617 9.53799852875e-17 1.84212198801
-0.856720353079 1.04917983816e-16 2.02633418681
-1.56318817091 1.91435338997e-16 1.54804481277
-1.42108015537 1.7403212636e-16 1.40731346615
-0.674492354278 -0.389418342309 1.84212198801
-0.741941589706 -0.42836017654 2.02633418681
-1.3537606669 -0.781594085453 1.54804481277
-1.23069151536 -0.710540077685 1.40731346615
-0.856720353079 1.04917983816e-16 2.02633418681
-0.934604021541 1.14455982345e-16 2.21054638561
-1.70529618644 2.08838551633e-16 1.68877615938
-1.56318817091 1.91435338997e-16 1.54804481277
-0.741941589706 -0.42836017654 2.02633418681
-0.809390825133 -0.46730201077 2.21054638561
-1.47682981844 -0.852648093222 1.68877615938
-1.3537606669 -0.781594085453 1.54804481277
-1.42108015537 1.7403212636e-16 1.40731346615
-1.56318817091 1.91435338997e-16 1.54804481277
-2.03457784024 2.49163923967e-16 0.836954605701
-1.8496162184 2.26512658151e-16 0.760867823364
-1.23069151536 -0.710540077685 1.40731346615
-1.3537606669 -0.781594085453 1.54804481277
-1.76199609562 -1.01728892012 0.836954605701
-1.60181463239 -0.9248081092 0.760867823364
-1.56318817091 1.91435338997e-16 1.54804481277
-1.70529618644 2.08838551633e-16 1.68877615938
-2.21953946208 2.71815189782e-16 0.913041388037
-2.03457784024 2.49163923967e-16 0.836954605701
-1.3537606669 -0.781594085453 1.54804481277
-1.47682981844 -0.852648093222 1.68877615938
-1.92217755886 -1.10976973104 0.913041388037
-1.76199609562 -1.01728892012 0.836954605701
-1.8496162184 2.26512658151e-16 0.760867823364
-2.03457784024 2.49163923967e-16 0.836954605701
-2.2 2.69422295812e-16 1.34711147906e-16
-2 2.44929359829e-16 1.22464679915e-16
-1.60181463239 -0.9248081092 0.760867823364
-1.76199609562 -1.01728892012 0.836954605701
-1.90525588833 -1.1 1.34711147906e-16
-1.73205080757 -1 1.22464679915e-16
-2.03457784024 2.49163923967e-16 0.836954605701
-2.21953946208 2.71815189782e-16 0.913041388037
-2.4 2.93915231795e-16 1.46957615898e-16
-2.2 2.69422295812e-16 1.34711147906e-16
-1.76199609562 -1.01728892012 0.836954605701
-1.92217755886 -1.10976973104 0.913041388037
-2.07846096908 -1.2 1.46957615898e-16
-1.90525588833 -1.1 1.34711147906e-16
-2 2.44929359829e-16 1.22464679915e-16
-2.2 2.69422295812e-16 1.34711147906e-16
-2.03457784024 2.49163923967e-16 -0.836954605701
-1.8496162184 2.26512658151e-16 -0.760867823364
-1.73205080757 -1 1.22464679915e-16
-1.90525588833 -1.1 1.34711147906e-16
-1.76199609562 -1.01728892012 -0.836954605701
-1.60181463239 -0.9248081092 -0.760867823364
-2.2 2.69422295812e-16 1.34711147906e-16
-2.4 2.93915231795e-16 1.46957615898e-16
-2.21953946208 2.71815189782e-16 -0.913041388037
-2.03457784024 2.49163923967e-16 -0.836954605701
-1.90525588833 -1.1 1.34711147906e-16
-2.07846096908 -1.2 1.46957615898e-16
-1.92217755886 -1.10976973104 -0.913041388037
-1.76199609562 -1.01728892012 -0.836954605701
-1.8496162184 2.26512658151e-16 -0.760867823364
-2.03457784024 2.49163923967e-16 -0.836954605701
-1.56318817091 1.91435338997e-16 -1.54804481277
-1.42108015537 1.7403212636e-16 -1.40731346615
-1.60181463239 -0.9248081092 -0.760867823364
-1.76199609562 -1.01728892012 -0.836954605701
-1.3537606669 -0.781594085453 -1.54804481277
-1.23069151536 -0.710540077685 -1.40731346615
-2.03457784024 2.49163923967e-16 -0.836954605701
-2.21953946208 2.71815189782e-16 -0.913041388037
-1.70529618644 2.08838551633e-16 -1.68877615938
-1.56318817091 1.91435338997e-16 -1.54804481277
-1.76199609562 -1.01728892012 -0.836954605701
-1.92217755886 -1.10976973104 -0.913041388037
-1.47682981844 -0.852648093222 -1.68877615938
-1.3537606669 -0.781594085453 -1.54804481277
-1.42108015537 1.7403212636e-16 -1.40731346615
-1.56318817091 1.91435338997e-16 -1.54804481277
-0.856720353079 1.04917983816e-16 -2.02633418681
-0.778836684617 9.53799852875e-17 -1.84212198801
-1.23069151536 -0.710540077685 -1.40731346615
-1.3537606669 -0.781594085453 -1.54804481277
-0.741941589706 -0.42836017654 -2.02633418681
-0.674492354278 -0.389418342309 -1.84212198801
-1.56318817091 1.91435338997e-16 -1.54804481277
-1.70529618644 2.08838551633e-16 -1.68877615938
-0.934604021541 1.14455982345e-16 -2.21054638561
-0.856720353079 1.04917983816e-16 -2.02633418681
-1.3537606669 -0.781594085453 -1.54804481277
-1.47682981844 -0.852648093222 -1.68877615938
-0.809390825133 -0.46730201077 -2.21054638561
-0.741941589706 -0.42836017654 -2.02633418681
-0.674492354278 -0.389418342309 1.84212198801
-0.741941589706 -0.42836017654 2.02633418681
-1.3537606669 -0.781594085453 1.54804481277
-1.23069151536 -0.710540077685 1.40731346615
-0.389418342309 -0.674492354278 1.84212198801
-0.42836017654 -0.741941589706 2.02633418681
-0.781594085453 -1.3537606669 1.54804481277
-0.710540077685 -1.23069151536 1.40731346615
-0.741941589706 -0.42836017654 2.02633418681
-0.809390825133 -0.46730201077 2.21054638561
-1.47682981844 -0.852648093222 1.68877615938
-1.3537606669 -0.781594085453 1.54804481277
-0.42836017654 -0.741941589706 2.02633418681
-0.46730201077 -0.809390825133 2.21054638561
-0.852648093222 -1.47682981844 1.68877615938
-0.781594085453 -1.3537606669 1.54804481277
-1.23069151536 -0.710540077685 1.40731346615
-1.3537606669 -0.781594085453 1.54804481277
-1.76199609562 -1.01728892012 0.836954605701
-1.60181463239 -0.9248081092 0.760867823364
-0.710540077685 -1.23069151536 1.40731346615
-0.781594085453 -1.3537606669 1.54804481277
-1.01728892012 -1.76199609562 0.836954605701
-0.9248081092 -1.60181463239 0.760867823364
-1.3537606669 -0.781594085453 1.54804481277
-1.47682981844 -0.852648093222 1.68877615938
-1.92217755886 -1.10976973104 0.913041388037
-1.76199609562 -1.01728892012 0.836954605701
-0.781594085453 -1.3537606669 1.54804481277
-0.852648093222 -1.47682981844 1.68877615938
-1.10976973104 -1.92217755886 0.913041388037
-1.01728892012 -1.76199609562 0.836954605701
-1.60181463239 -0.9248081092 0.760867823364
-1.76199609562 -1.01728892012 0.836954605701
-1.90525588833 -1.1 1.34711147906e-16
-1.73205080757 -1 1.22464679915e-16
-0.9248081092 -1.60181463239 0.760867823364
-1.01728892012 -1.76199609562 0.836954605701
-1.1 -1.90525588833 1.34711147906e-16
-1 -1.73205080757 1.22464679915e-16
-1.76199609562 -1.01728892012 0.836954605701
-1.92217755886 -1.10976973104 0.913041388037
-2.07846096908 -1.2 1.46957615898e-16
-1.90525588833 -1.1 1.34711147906e-16
-1.01728892012 -1.76199609562 0.836954605701
-1.10976973104 -1.92217755886 0.913041388037
-1.2 -2.07846096908 1.46957615898e-16
-1.1 -1.90525588833 1.34711147906e-16
-1.73205080757 -1 1.22464679915e-16
-1.90525588833 -1.1 1.34711147906e-16
-1.76199609562 -1.01728892012 -0.836954605701
-1.60181463239 -0.9248081092 -0.760867823364
-1 -1.73205080757 1.22464679915e-16
-1.1 -1.90525588833 1.34711147906e-16
-1.01728892012 -1.76199609562 -0.836954605701
-0.9248081092 -1.60181463239 -0.760867823364
-1.90525588833 -1.1 1.34711147906e-16
-2.07846096908 -1.2 1.46957615898e-16
-1.92217755886 -1.10976973104 -0.913041388037
-1.76199609562 -1.01728892012 -0.836954605701
-1.1 -1.90525588833 1.34711147906e-16
-1.2 -2.07846096908 1.46957615898e-16
-1.10976973104 -1.92217755886 -0.913041388037
-1.01728892012 -1.76199609562 -0.836954605701
-1.60181463239 -0.9248081092 -0.760867823364
-1.76199609562 -1.01728892012 -0.836954605701
-1.3537606669 -0.781594085453 -1.54804481277
-1.23069151536 -0.710540077685 -1.40731346615
-0.9248081092 -1.60181463239 -0.760867823364
-1.01728892012 -1.76199609562 -0.836954605701
-0.781594085453 -1.3537606669 -1.54804481277
-0.710540077685 -1.23069151536 -1.40731346615
-1.76199609562 -1.01728892012 -0.836954605701
-1.92217755886 -1.10976973104 -0.913041388037
-1.47682981844 -0.852648093222 -1.68877615938
-1.3537606669 -0.781594085453 -1.54804481277
-1.01728892012 -1.76199609562 -0.836954605701
-1.10976973104 -1.92217755886 -0.913041388037
-0.852648093222 -1.47682981844 -1.68877615938
-0.781594085453 -1.3537606669 -1.54804481277
-1.23069151536 -0.710540077685 -1.40731346615
-1.3537606669 -0.781594085453 -1.54804481277
-0.741941589706 -0.42836017654 -2.02633418681
-0.674492354278 -0.389418342309 -1.84212198801
-0.710540077685 -1.23069151536 -1.40731346615
-0.781594085453 -1.3537606669 -1.54804481277
-0.42836017654 -0.741941589706 -2.02633418681
-0.389418342309 -0.674492354278 -1.84212198801
-1.3537606669 -0.781594085453 -1.54804481277
-1.47682981844 -0.852648093222 -1.68877615938
-0.809390825133 -0.46730201077 -2.21054638561
-0.741941589706 -0.42836017654 -2.02633418681
-0.781594085453 -1.3537606669 -1.54804481277
-0.852648093222 -1.47682981844 -1.68877615938
-0.46730201077 -0.809390825133 -2.21054638561
-0.42836017654 -0.741941589706 -2.02633418681
-0.389418342309 -0.674492354278 1.84212198801
-0.42836017654 -0.741941589706 2.02633418681
-0.781594085453 -1.3537606669 1.54804481277
-0.710540077685 -1.23069151536 1.40731346615
-1.43069977931e-16 -0.778836684617 1.84212198801
-1.57376975724e-16 -0.856720353079 2.02633418681
-2.87153008495e-16 -1.56318817091 1.54804481277
-2.61048189541e-16 -1.42108015537 1.40731346615
-0.42836017654 -0.741941589706 2.02633418681
-0.46730201077 -0.809390825133 2.21054638561
-0.852648093222 -1.47682981844 1.68877615938
-0.781594085453 -1.3537606669 1.54804481277
-1.57376975724e-16 -0.856720353079 2.02633418681
-1.71683973518e-16 -0.934604021541 2.21054638561
-3.13257827449e-16 -1.70529618644 1.68877615938
-2.87153008495e-16 -1.56318817091 1.54804481277
-0.710540077685 -1.23069151536 1.40731346615
-0.781594085453 -1.3537606669 1.54804481277
-1.01728892012 -1.76199609562 0.836954605701
-0.9248081092 -1.60181463239 0.760867823364
-2.61048189541e-16 -1.42108015537 1.40731346615
-2.87153008495e-16 -1.56318817091 1.54804481277
-3.7374588595e-16 -2.03457784024 0.836954605701
-3.39768987227e-16 -1.8496162184 0.760867823364
-0.781594085453 -1.3537606669 1.54804481277
-0.852648093222 -1.47682981844 1.68877615938
-1.10976973104 -1.92217755886 0.913041388037
-1.01728892012 -1.76199609562 0.836954605701
-2.87153008495e-16 -1.56318817091 1.54804481277
-3.13257827449e-16 -1.70529618644 1.68877615938
-4.07722784673e-16 -2.21953946208 0.913041388037
-3.7374588595e-16 -2.03457784024 0.836954605701
-0.9248081092 -1.60181463239 0.760867823364
-1.01728892012 -1.76199609562 0.836954605701
-1.1 -1.90525588833 1.34711147906e-16
-1 -1.73205080757 1.22464679915e-16
-3.39768987227e-16 -1.8496162184 0.760867823364
-3.7374588595e-16 -2.03457784024 0.836954605701
-4.04133443719e-16 -2.2 1.34711147906e-16
-3.67394039744e-16 -2 1.22464679915e-16
-1.01728892012 -1.76199609562 0.836954605701
-1.10976973104 -1.92217755886 0.913041388037
-1.2 -2.07846096908 1.46957615898e-16
-1.1 -1.90525588833 1.34711147906e-16
-3.7374588595e-16 -2.03457784024 0.836954605701
-4.07722784673e-16 -2.21953946208 0.913041388037
-4.40872847693e-16 -2.4 1.46957615898e-16
-4.04133443719e-16 -2.2 1.34711147906e-16
-1 -1.73205080757 1.22464679915e-16
-1.1 -1.90525588833 1.34711147906e-16
-1.01728892012 -1.76199609562 -0.836954605701
-0.9248081092 -1.60181463239 -0.760867823364
-3.67394039744e-16 -2 1.22464679915e-16
-4.04133443719e-16 -2.2 1.34711147906e-16
-3.7374588595e-16 -2.03457784024 -0.836954605701
-3.39768987227e-16 -1.8496162184 -0.760867823364
-1.1 -1.90525588833 1.34711147906e-16
-1.2 -2.07846096908 1.46957615898e-16
-1.10976973104 -1.92217755886 -0.913041388037
-1.01728892012 -1.76199609562 -0.836954605701
-4.04133443719e-16 -2.2 1.34711147906e-16
-4.40872847693e-16 -2.4 1.46957615898e-16
-4.07722784673e-16 -2.21953946208 -0.913041388037
-3.7374588595e-16 -2.03457784024 -0.836954605701
-0.9248081092 -1.60181463239 -0.760867823364
-1.01728892012 -1.76199609562 -0.836954605701
-0.781594085453 -1.3537606669 -1.54804481277
-0.710540077685 -1.23069151536 -1.40731346615
-3.39768987227e-16 -1.8496162184 -0.760867823364
-3.7374588595e-16 -2.03457784024 -0.836954605701
-2.87153008495e-16 -1.56318817091 -1.54804481277
-2.61048189541e-16 -1.42108015537 -1.40731346615
-1.01728892012 -1.76199609562 -0.836954605701
-1.10976973104 -1.92217755886 -0.913041388037
-0.852648093222 -1.47682981844 -1.68877615938
-0.781594085453 -1.3537606669 -1.54804481277
-3.7374588595e-16 -2.03457784024 -0.836954605701
-4.07722784673e-16 -2.21953946208 -0.913041388037
-3.13257827449e-16 -1.70529618644 -1.68877615938
-2.87153008495e-16 -1.56318817091 -1.54804481277
-0.710540077685 -1.23069151536 -1.40731346615
-0.781594085453 -1.3537606669 -1.54804481277
-0.42836017654 -0.741941589706 -2.02633418681
-0.389418342309 -0.674492354278 -1.84212198801
-2.61048189541e-16 -1.42108015537 -1.40731346615
-2.87153008495e-16 -1.56318817091 -1.54804481277
-1.57376975724e-16 -0.856720353079 -2.02633418681
-1.43069977931e-16 -0.778836684617 -1.84212198801
-0.781594085453 -1.3537606669 -1.54804481277
-0.852648093222 -1.47682981844 -1.68877615938
-0.46730201077 -0.809390825133 -2.21054638561
-0.42836017654 -0.741941589706 -2.02633418681
-2.87153008495e-16 -1.56318817091 -1.54804481277
-3.13257827449e-16 -1.70529618644 -1.68877615938
-1.71683973518e-16 -0.934604021541 -2.21054638561
-1.57376975724e-16 -0.856720353079 -2.02633418681
-1.43069977931e-16 -0.778836684617 1.84212198801
-1.57376975724e-16 -0.856720353079 2.02633418681
-2.87153008495e-16 -1.56318817091 1.54804481277
-2.61048189541e-16 -1.42108015537 1.40731346615
0.389418342309 -0.674492354278 1.84212198801
0.42836017654 -0.741941589706 2.02633418681
0.781594085453 -1.3537606669 1.54804481277
0.710540077685 -1.23069151536 1.40731346615
-1.57376975724e-16 -0.856720353079 2.02633418681
-1.71683973518e-16 -0.934604021541 2.21054638561
-3.13257827449e-16 -1.70529618644 1.68877615938
-2.87153008495e-16 -1.56318817091 1.54804481277
0.42836017654 -0.741941589706 2.02633418681
0.46730201077 -0.809390825133 2.21054638561
0.852648093222 -1.47682981844 1.68877615938
0.781594085453 -1.3537606669 1.54804481277
-2.61048189541e-16 -1.42108015537 1.40731346615
-2.87153008495e-16 -1.56318817091 1.54804481277
-3.7374588595e-16 -2.03457784024 0.836954605701
-3.39768987227e-16 -1.8496162184 0.760867823364
0.710540077685 -1.23069151536 1.40731346615
0.781594085453 -1.3537606669 1.54804481277
1.01728892012 -1.76199609562 0.836954605701
0.9248081092 -1.60181463239 0.760867823364
-2.87153008495e-16 -1.56318817091 1.54804481277
-3.13257827449e-16 -1.70529618644 1.68877615938
-4.07722784673e-16 -2.21953946208 0.913041388037
-3.7374588595e-16 -2.03457784024 0.836954605701
0.781594085453 -1.3537606669 1.54804481277
0.852648093222 -1.47682981844 1.68877615938
1.10976973104 -1.92217755886 0.913041388037
1.01728892012 -1.76199609562 0.836954605701
-3.39768987227e-16 -1.8496162184 0.760867823364
-3.7374588595e-16 -2.03457784024 0.836954605701
-4.04133443719e-16 -2.2 1.34711147906e-16
-3.67394039744e-16 -2 1.22464679915e-16
0.9248081092 -1.60181463239 0.760867823364
1.01728892012 -1.76199609562 0.836954605701
1.1 -1.90525588833 1.34711147906e-16
1 -1.73205080757 1.22464679915e-16
-3.7374588595e-16 -2.03457784024 0.836954605701
-4.07722784673e-16 -2.21953946208 0.913041388037
-4.40872847693e-16 -2.4 1.46957615898e-16
-4.04133443719e-16 -2.2 1.34711147906e-16
1.01728892012 -1.76199609562 0.836954605701
1.10976973104 -1.92217755886 0.913041388037
1.2 -2.07846096908 1.46957615898e-16
1.1 -1.90525588833 1.34711147906e-16
-3.67394039744e-16 -2 1.22464679915e-16
-4.04133443719e-16 -2.2 1.34711147906e-16
-3.7374588595e-16 -2.03457784024 -0.836954605701
-3.39768987227e-16 -1.8496162184 -0.760867823364
1 -1.73205080757 1.22464679915e-16
1.1 -1.90525588833 1.34711147906e-16
1.01728892012 -1.76199609562 -0.836954605701
0.9248081092 -1.60181463239 -0.760867823364
-4.04133443719e-16 -2.2 1.34711147906e-16
-4.40872847693e-16 -2.4 1.46957615898e-16
-4.07722784673e-16 -2.21953946208 -0.913041388037
-3.7374588595e-16 -2.03457784024 -0.836954605701
1.1 -1.90525588833 1.34711147906e-16
1.2 -2.07846096908 1.46957615898e-16
1.10976973104 -1.92217755886 -0.913041388037
1.01728892012 -1.76199609562 -0.836954605701
-3.39768987227e-16 -1.8496162184 -0.760867823364
-3.7374588595e-16 -2.03457784024 -0.836954605701
-2.87153008495e-16 -1.56318817091 -1.54804481277
-2.61048189541e-16 -1.42108015537 -1.40731346615
0.9248081092 -1.60181463239 -0.760867823364
1.01728892012 -1.76199609562 -0.836954605701
0.781594085453 -1.3537606669 -1.54804481277
0.710540077685 -1.23069151536 -1.40731346615
-3.7374588595e-16 -2.03457784024 -0.836954605701
-4.07722784673e-16 -2.21953946208 -0.913041388037
-3.13257827449e-16 -1.70529618644 -1.68877615938
-2.87153008495e-16 -1.56318817091 -1.54804481277
1.01728892012 -1.76199609562 -0.836954605701
1.10976973104 -1.92217755886 -0.913041388037
0.852648093222 -1.47682981844 -1.68877615938
0.781594085453 -1.3537606669 -1.54804481277
-2.61048189541e-16 -1.42108015537 -1.40731346615
-2.87153008495e-16 -1.56318817091 -1.54804481277
-1.57376975724e-16 -0.856720353079 -2.02633418681
-1.43069977931e-16 -0.778836684617 -1.84212198801
0.710540077685 -1.23069151536 -1.40731346615
0.781594085453 -1.3537606669 -1.54804481277
0.42836017654 -0.741941589706 -2.02633418681
0.389418342309 -0.674492354278 -1.84212198801
-2.87153008495e-16 -1.56318817091 -1.54804481277
-3.13257827449e-16 -1.70529618644 -1.68877615938
-1.71683973518e-16 -0.934604021541 -2.21054638561
-1.57376975724e-16 -0.856720353079 -2.02633418681
0.781594085453 -1.3537606669 -1.54804481277
0.852648093222 -1.47682981844 -1.68877615938
0.46730201077 -0.809390825133 -2.21054638561
0.42836017654 -0.741941589706 -2.02633418681
0.389418342309 -0.674492354278 1.84212198801
0.42836017654 -0.741941589706 2.02633418681
0.781594085453 -1.3537606669 1.54804481277
0.710540077685 -1.23069151536 1.40731346615
0.674492354278 -0.389418342309 1.84212198801
0.741941589706 -0.42836017654 2.02633418681
1.3537606669 -0.781594085453 1.54804481277
1.23069151536 -0.710540077685 1.40731346615
0.42836017654 -0.741941589706 2.02633418681
0.46730201077 -0.809390825133 2.21054638561
0.852648093222 -1.47682981844 1.68877615938
0.781594085453 -1.3537606669 1.54804481277
0.741941589706 -0.42836017654 2.02633418681
0.809390825133 -0.46730201077 2.21054638561
1.47682981844 -0.852648093222 1.68877615938
1.3537606669 -0.781594085453 1.54804481277
0.710540077685 -1.23069151536 1.40731346615
0.781594085453 -1.3537606669 1.54804481277
1.01728892012 -1.76199609562 0.836954605701
0.9248081092 -1.60181463239 0.760867823364
1.23069151536 -0.710540077685 1.40731346615
1.3537606669 -0.781594085453 1.54804481277
1.76199609562 -1.01728892012 0.836954605701
1.60181463239 -0.9248081092 0.760867823364
0.781594085453 -1.3537606669 1.54804481277
0.852648093222 -1.47682981844 1.68877615938
1.10976973104 -1.92217755886 0.913041388037
1.01728892012 -1.76199609562 0.836954605701
1.3537606669 -0.781594085453 1.54804481277
1.47682981844 -0.852648093222 1.68877615938
1.92217755886 -1.10976973104 0.913041388037
1.76199609562 -1.01728892012 0.836954605701
0.9248081092 -1.60181463239 0.760867823364
1.01728892012 -1.76199609562 0.836954605701
1.1 -1.90525588833 1.34711147906e-16
1 -1.73205080757 1.22464679915e-16
1.60181463239 -0.9248081092 0.760867823364
1.76199609562 -1.01728892012 0.836954605701
1.90525588833 -1.1 1.34711147906e-16
1.73205080757 -1 1.22464679915e-16
1.01728892012 -1.76199609562 0.836954605701
1.10976973104 -1.92217755886 0.913041388037
1.2 -2.07846096908 1.46957615898e-16
1.1 -1.90525588833 1.34711147906e-16
1.76199609562 -1.01728892012 0.836954605701
1.92217755886 -1.10976973104 0.913041388037
2.07846096908 -1.2 1.46957615898e-16
1.90525588833 -1.1 1.34711147906e-16
1 -1.73205080757 1.22464679915e-16
1.1 -1.90525588833 1.34711147906e-16
1.01728892012 -1.76199609562 -0.836954605701
0.9248081092 -1.60181463239 -0.760867823364
1.73205080757 -1 1.22464679915e-16
1.90525588833 -1.1 1.34711147906e-16
1.76199609562 -1.01728892012 -0.836954605701
1.60181463239 -0.9248081092 -0.760867823364
1.1 -1.90525588833 1.34711147906e-16
1.2 -2.07846096908 1.46957615898e-16
1.10976973104 -1.92217755886 -0.913041388037
1.01728892012 -1.76199609562 -0.836954605701
1.90525588833 -1.1 1.34711147906e-16
2.07846096908 -1.2 1.46957615898e-16
1.92217755886 -1.10976973104 -0.913041388037
1.76199609562 -1.01728892012 -0.836954605701
0.9248081092 -1.60181463239 -0.760867823364
1.01728892012 -1.76199609562 -0.836954605701
0.781594085453 -1.3537606669 -1.54804481277
0.710540077685 -1.23069151536 -1.40731346615
1.60181463239 -0.9248081092 -0.760867823364
1.76199609562 -1.01728892012 -0.836954605701
1.3537606669 -0.781594085453 -1.54804481277
1.23069151536 -0.710540077685 -1.40731346615
1.01728892012 -1.76199609562 -0.836954605701
1.10976973104 -1.92217755886 -0.913041388037
0.852648093222 -1.47682981844 -1.68877615938
0.781594085453 -1.3537606669 -1.54804481277
1.76199609562 -1.01728892012 -0.836954605701
1.92217755886 -1.10976973104 -0.913041388037
1.47682981844 -0.852648093222 -1.68877615938
1.3537606669 -0.781594085453 -1.54804481277
0.710540077685 -1.23069151536 -1.40731346615
0.781594085453 -1.3537606669 -1.54804481277
0.42836017654 -0.741941589706 -2.02633418681
0.389418342309 -0.674492354278 -1.84212198801
1.23069151536 -0.710540077685 -1.40731346615
1.3537606669 -0.781594085453 -1.54804481277
0.741941589706 -0.42836017654 -2.02633418681
0.674492354278 -0.389418342309 -1.84212198801
0.781594085453 -1.3537606669 -1.54804481277
0.852648093222 -1.47682981844 -1.68877615938
0.46730201077 -0.809390825133 -2.21054638561
0.42836017654 -0.741941589706 -2.02633418681
1.3537606669 -0.781594085453 -1.54804481277
1.47682981844 -0.852648093222 -1.68877615938
0.809390825133 -0.46730201077 -2.21054638561
0.741941589706 -0.42836017654 -2.02633418681
0.674492354278 -0.389418342309 1.84212198801
0.741941589706 -0.42836017654 2.02633418681
1.3537606669 -0.781594085453 1.54804481277
1.23069151536 -0.710540077685 1.40731346615
0.778836684617 0 1.84212198801
0.856720353079 0 2.02633418681
1.56318817091 0 1.54804481277
1.42108015537 0 1.40731346615
0.741941589706 -0.42836017654 2.02633418681
0.809390825133 -0.46730201077 2.21054638561
1.47682981844 -0.852648093222 1.68877615938
1.3537606669 -0.781594085453 1.54804481277
0.856720353079 0 2.02633418681
0.934604021541 0 2.21054638561
1.70529618644 0 1.68877615938
1.56318817091 0 1.54804481277
1.23069151536 -0.710540077685 1.40731346615
1.3537606669 -0.781594085453 1.54804481277
1.76199609562 -1.01728892012 0.836954605701
1.60181463239 -0.9248081092 0.760867823364
1.42108015537 0 1.40731346615
1.56318817091 0 1.54804481277
2.03457784024 0 0.836954605701
1.8496162184 0 0.760867823364
1.3537606669 -0.781594085453 1.54804481277
1.47682981844 -0.852648093222 1.68877615938
1.92217755886 -1.10976973104 0.913041388037
1.76199609562 -1.01728892012 0.836954605701
1.56318817091 0 1.54804481277
1.70529618644 0 1.68877615938
2.21953946208 0 0.913041388037
2.03457784024 0 0.836954605701
1.60181463239 -0.9248081092 0.760867823364
1.76199609562 -1.01728892012 0.836954605701
1.90525588833 -1.1 1.34711147906e-16
1.73205080757 -1 1.22464679915e-16
1.8496162184 0 0.760867823364
2.03457784024 0 0.836954605701
2.2 0 1.34711147906e-16
2 0 1.22464679915e-16
1.76199609562 -1.01728892012 0.836954605701
1.92217755886 -1.10976973104 0.913041388037
2.07846096908 -1.2 1.46957615898e-16
1.90525588833 -1.1 1.34711147906e-16
2.03457784024 0 0.836954605701
2.21953946208 0 0.913041388037
2.4 0 1.46957615898e-16
2.2 0 1.34711147906e-16
1.73205080757 -1 1.22464679915e-16
1.90525588833 -1.1 1.34711147906e-16
1.76199609562 -1.01728892012 -0.836954605701
1.60181463239 -0.9248081092 -0.760867823364
2 0 1.22464679915e-16
2.2 0 1.34711147906e-16
2.03457784024 0 -0.836954605701
1.8496162184 0 -0.760867823364
1.90525588833 -1.1 1.34711147906e-16
2.07846096908 -1.2 1.46957615898e-16
1.92217755886 -1.10976973104 -0.913041388037
1.76199609562 -1.01728892012 -0.836954605701
2.2 0 1.34711147906e-16
2.4 0 1.46957615898e-16
2.21953946208 0 -0.913041388037
2.03457784024 0 -0.836954605701
1.60181463239 -0.9248081092 -0.760867823364
1.76199609562 -1.01728892012 -0.836954605701
1.3537606669 -0.781594085453 -1.54804481277
1.23069151536 -0.710540077685 -1.40731346615
1.8496162184 0 -0.760867823364
2.03457784024 0 -0.836954605701
1.56318817091 0 -1.54804481277
1.42108015537 0 -1.40731346615
1.76199609562 -1.01728892012 -0.836954605701
1.92217755886 -1.10976973104 -0.913041388037
1.47682981844 -0.852648093222 -1.68877615938
1.3537606669 -0.781594085453 -1.54804481277
2.03457784024 0 -0.836954605701
2.21953946208 0 -0.913041388037
1.70529618644 0 -1.68877615938
1.56318817091 0 -1.54804481277
1.23069151536 -0.710540077685 -1.40731346615
1.3537606669 -0.781594085453 -1.54804481277
0.741941589706 -0.42836017654 -2.02633418681
0.674492354278 -0.389418342309 -1.84212198801
1.42108015537 0 -1.40731346615
1.56318817091 0 -1.54804481277
0.856720353079 0 -2.02633418681
0.778836684617 0 -1.84212198801
1.3537606669 -0.781594085453 -1.54804481277
1.47682981844 -0.852648093222 -1.68877615938
0.809390825133 -0.46730201077 -2.21054638561
0.741941589706 -0.42836017654 -2.02633418681
1.56318817091 0 -1.54804481277
1.70529618644 0 -1.68877615938
0.934604021541 0 -2.21054638561
0.856720353079 0 -2.02633418681
0.816823539033 0.0395096439487 1.9342280874
0.993934147858 0.0480764601089 1.84926568229
1.16233145475 0.0562218150349 1.74809173009
1.32053920841 0.0638743026511 1.63159317003
1.46717048404 0.0709668375925 1.5007912842
1.60093984175 0.0774372433071 1.35683274445
1.72067459543 0.0832287971248 1.20097956018
1.82532509296 0.0882907275159 1.03459801491
1.91397391805 0.0925786591787 0.859146688801
1.98584393272 0.0960550020541 0.676163672072
2.04030509007 0.0986892808585 0.487253081326
2.07687995755 0.100458402244 0.294070997119
2.09524790238 0.101346857248 0.0983109459575
2.09524790238 0.101346857248 -0.0983109459575
2.07687995755 0.100458402244 -0.294070997119
2.04030509007 0.0986892808585 -0.487253081326
1.98584393272 0.0960550020541 -0.676163672072
1.91397391805 0.0925786591787 -0.859146688801
1.82532509296 0.0882907275159 -1.03459801491
1.72067459543 0.0832287971248 -1.20097956018
1.60093984175 0.0774372433071 -1.35683274445
1.46717048404 0.0709668375925 -1.5007912842
1.32053920841 0.0638743026511 -1.63159317003
1.16233145475 0.0562218150349 -1.74809173009
0.993934147858 0.0480764601089 -1.84926568229
0.816823539033 0.0395096439487 -1.9342280874
0.80919707773 0.118160040946 1.9342280874
0.98465405252 0.143780503372 1.84926568229
1.15147907913 0.168140517166 1.74809173009
1.30820968962 0.191026530799 1.63159317003
1.45347190853 0.212237914536 1.5007912842
1.5859922978 0.231588719245 1.35683274445
1.70460912034 0.24890930652 1.20097956018
1.80828252437 0.264047835814 1.03459801491
1.89610365927 0.276871595539 0.859146688801
1.96730264298 0.287268166489 0.676163672072
2.02125531117 0.29514640735 0.487253081326
2.05748868897 0.300437253699 0.294070997119
2.07568513725 0.303094323444 0.0983109459575
2.07568513725 0.303094323444 -0.0983109459575
2.05748868897 0.300437253699 -0.294070997119
2.02125531117 0.29514640735 -0.487253081326
1.96730264298 0.287268166489 -0.676163672072
1.89610365927 0.276871595539 -0.859146688801
1.80828252437 0.264047835814 -1.03459801491
1.70460912034 0.24890930652 -1.20097956018
1.5859922978 0.231588719245 -1.35683274445
1.45347190853 0.212237914536 -1.5007912842
1.30820968962 0.191026530799 -1.63159317003
1.15147907913 0.168140517166 -1.74809173009
0.98465405252 0.143780503372 -1.84926568229
0.80919707773 0.118160040946 -1.9342280874
0.794015361339 0.195707209477 1.9342280874
0.966180507595 0.238142106815 1.84926568229
1.1298756536 0.278489336591 1.74809173009
1.28366576944 0.316395195699 1.63159317003
1.42620265744 0.351527383256 1.5007912842
1.55623677109 0.383577913709 1.35683274445
1.67262816918 0.412265816786 1.20097956018
1.77435650907 0.437339600612 1.03459801491
1.8605299915 0.458579456411 0.859146688801
1.93039317852 0.475799185453 0.676163672072
1.98333361604 0.48884783136 0.487253081326
2.01888720286 0.497611003463 0.294070997119
2.03674225925 0.502011879607 0.0983109459575
2.03674225925 0.502011879607 -0.0983109459575
2.01888720286 0.497611003463 -0.294070997119
1.98333361604 0.48884783136 -0.487253081326
1.93039317852 0.475799185453 -0.676163672072
1.8605299915 0.458579456411 -0.859146688801
1.77435650907 0.437339600612 -1.03459801491
1.67262816918 0.412265816786 -1.20097956018
1.55623677109 0.383577913709 -1.35683274445
1.42620265744 0.351527383256 -1.5007912842
1.28366576944 0.316395195699 -1.63159317003
1.1298756536 0.278489336591 -1.74809173009
0.966180507595 0.238142106815 -1.84926568229
0.794015361339 0.195707209477 -1.9342280874
0.771420137455 0.271427112524 1.9342280874
0.938685995593 0.33028024157 1.84926568229
1.09772288352 0.386237976115 1.74809173009
1.24713660783 0.438809763904 1.63159317003
1.3856173364 0.487534735512 1.5007912842
1.51195108094 0.531985744543 1.35683274445
1.62503033946 0.571773112199 1.20097956018
1.72386380512 0.606548043394 1.03459801491
1.80758505649 0.636005684456 0.859146688801
1.87546015307 0.65988779562 0.676163672072
1.9268940693 0.677985014881 0.487253081326
1.9614359109 0.690138693363 0.294070997119
1.97878286755 0.69624228611 0.0983109459575
1.97878286755 0.69624228611 -0.0983109459575
1.9614359109 0.690138693363 -0.294070997119
1.9268940693 0.677985014881 -0.487253081326
1.87546015307 0.65988779562 -0.676163672072
1.80758505649 0.636005684456 -0.859146688801
1.72386380512 0.606548043394 -1.03459801491
1.62503033946 0.571773112199 -1.20097956018
1.51195108094 0.531985744543 -1.35683274445
1.3856173364 0.487534735512 -1.5007912842
1.24713660783 0.438809763904 -1.63159317003
1.09772288352 0.386237976115 -1.74809173009
0.938685995593 0.33028024157 -1.84926568229
0.771420137455 0.271427112524 -1.9342280874
0.741622371595 0.344612773754 1.9342280874
0.902427225366 0.4193346387 1.84926568229
1.05532097064 0.490380415722 1.74809173009
1.19896326774 0.557127283575 1.63159317003
1.33209487963 0.618990107302 1.5007912842
1.45354871093 0.675426567815 1.35683274445
1.56226003931 0.725941916119 1.20097956018
1.65727584929 0.770093310521 1.03459801491
1.73776318684 0.807493698788 0.859146688801
1.80301646148 0.837815211236 0.676163672072
1.85246363182 0.860792034991 0.487253081326
1.88567122032 0.87622274423 0.294070997119
1.90234811337 0.883972065979 0.0983109459575
1.90234811337 0.883972065979 -0.0983109459575
1.88567122032 0.87622274423 -0.294070997119
1.85246363182 0.860792034991 -0.487253081326
1.80301646148 0.837815211236 -0.676163672072
1.73776318684 0.807493698788 -0.859146688801
1.65727584929 0.770093310521 -1.03459801491
1.56226003931 0.725941916119 -1.20097956018
1.45354871093 0.675426567815 -1.35683274445
1.33209487963 0.618990107302 -1.5007912842
1.19896326774 0.557127283575 -1.63159317003
1.05532097064 0.490380415722 -1.74809173009
0.902427225366 0.4193346387 -1.84926568229
0.741622371595 0.344612773754 -1.9342280874
0.70490027747 0.414580878365 1.9342280874
0.857742735281 0.504473821291 1.84926568229
1.00306581019 0.589944305514 1.74809173009
1.13959553066 0.670243055908 1.63159317003
1.26613501187 0.744666135238 1.5007912842
1.38157494825 0.812561115207 1.35683274445
1.4849033381 0.873332795963 1.20097956018
1.57521435538 0.926448423897 1.03459801491
1.65171629052 0.971442362021 0.859146688801
1.71373849099 1.00792017196 0.676163672072
1.76073724053 1.0355620718 0.487253081326
1.79230052562 1.05412573942 0.294070997119
1.80815164742 1.06344843684 0.0983109459575
1.80815164742 1.06344843684 -0.0983109459575
1.79230052562 1.05412573942 -0.294070997119
1.76073724053 1.0355620718 -0.487253081326
1.71373849099 1.00792017196 -0.676163672072
1.65171629052 0.971442362021 -0.859146688801
1.57521435538 0.926448423897 -1.03459801491
1.4849033381 0.873332795963 -1.20097956018
1.38157494825 0.812561115207 -1.35683274445
1.26613501187 0.744666135238 -1.5007912842
1.13959553066 0.670243055908 -1.63159317003
1.00306581019 0.589944305514 -1.74809173009
0.857742735281 0.504473821291 -1.84926568229
0.70490027747 0.414580878365 -1.9342280874
0.66159671938 0.480678153018 1.9342280874
0.805049732383 0.584902867735 1.84926568229
0.941445294544 0.684000044277 1.74809173009
1.06958769716 0.777100949416 1.63159317003
1.18835358266 0.863389416108 1.5007912842
1.29670179251 0.9421089984 1.35683274445
1.39368249451 1.0125696028 1.20097956018
1.47844550946 1.07415353796 1.03459801491
1.55024776423 1.12632092966 0.859146688801
1.60845980595 1.16861445361 0.676163672072
1.65257132002 1.20066334456 0.487253081326
1.68219560382 1.2221866466 0.294070997119
1.69707295671 1.23299567618 0.0983109459575
1.69707295671 1.23299567618 -0.0983109459575
1.68219560382 1.2221866466 -0.294070997119
1.65257132002 1.20066334456 -0.487253081326
1.60845980595 1.16861445361 -0.676163672072
1.55024776423 1.12632092966 -0.859146688801
1.47844550946 1.07415353796 -1.03459801491
1.39368249451 1.0125696028 -1.20097956018
1.29670179251 0.9421089984 -1.35683274445
1.18835358266 0.863389416108 -1.5007912842
1.06958769716 0.777100949416 -1.63159317003
0.941445294544 0.684000044277 -1.74809173009
0.805049732383 0.584902867735 -1.84926568229
0.66159671938 0.480678153018 -1.9342280874
0.612116010979 0.542287465268 1.9342280874
0.744840197042 0.659870833697 1.84926568229
0.871034757837 0.77166945892 1.74809173009
0.989593411511 0.876703260738 1.63159317003
1.09947681622 0.974051462628 1.5007912842
1.19972168152 1.06286066371 1.35683274445
1.28944921297 1.14235232007 1.20097956018
1.36787281615 1.21182956985 1.03459801491
1.43430499226 1.27068334225 0.859146688801
1.48816336508 1.31839769697 0.676163672072
1.52897578636 1.35455434717 0.487253081326
1.55638447491 1.37883632636 0.294070997119
1.57014915306 1.3910307671 0.0983109459575
1.57014915306 1.3910307671 -0.0983109459575
1.55638447491 1.37883632636 -0.294070997119
1.52897578636 1.35455434717 -0.487253081326
1.48816336508 1.31839769697 -0.676163672072
1.43430499226 1.27068334225 -0.859146688801
1.36787281615 1.21182956985 -1.03459801491
1.28944921297 1.14235232007 -1.20097956018
1.19972168152 1.06286066371 -1.35683274445
1.09947681622 0.974051462628 -1.5007912842
0.989593411511 0.876703260738 -1.63159317003
0.871034757837 0.77166945892 -1.74809173009
0.744840197042 0.659870833697 -1.84926568229
0.612116010979 0.542287465268 -1.9342280874
0.556920140308 0.598833585567 1.9342280874
0.677676289468 0.728677763478 1.84926568229
0.792491604283 0.85213400374 1.74809173009
0.900359558813 0.968120029928 1.63159317003
1.000334531 1.07561905308 1.5007912842
1.09154009243 1.17368868538 1.35683274445
1.17317669156 1.26146920153 1.20097956018
1.24452866292 1.33819107556 1.03459801491
1.30497050103 1.40318172684 0.859146688801
1.35397234383 1.45587141626 0.676163672072
1.39110461775 1.49579824081 0.487253081326
1.41604180351 1.52261218285 0.294070997119
1.42856528982 1.53607817855 0.0983109459575
1.42856528982 1.53607817855 -0.0983109459575
1.41604180351 1.52261218285 -0.294070997119
1.39110461775 1.49579824081 -0.487253081326
1.35397234383 1.45587141626 -0.676163672072
1.30497050103 1.40318172684 -0.859146688801
1.24452866292 1.33819107556 -1.03459801491
1.17317669156 1.26146920153 -1.20097956018
1.09154009243 1.17368868538 -1.35683274445
1.000334531 1.07561905308 -1.5007912842
0.900359558813 0.968120029928 -1.63159317003
0.792491604283 0.85213400374 -1.74809173009
0.677676289468 0.728677763478 -1.84926568229
0.556920140308 0.598833585567 -1.9342280874
0.496524456342 0.649788558023 1.9342280874
0.604185100969 0.790681225312 1.84926568229
0.706549170146 0.924642402962 1.74809173009
0.802719291502 1.05049772325 1.63159317003
0.891852391777 1.16714387825 1.5007912842
0.973167087599 1.27355829202 1.35683274445
1.04595053547 1.36880808493 1.20097956018
1.10956468089 1.45205825175 1.03459801491
1.16345185184 1.52257898172 0.859146688801
1.20713964762 1.5797520564 0.676163672072
1.24024508013 1.62307626929 0.487253081326
1.26247793131 1.65217181963 0.294070997119
1.27364329738 1.66678364191 0.0983109459575
1.27364329738 1.66678364191 -0.0983109459575
1.26247793131 1.65217181963 -0.294070997119
1.24024508013 1.62307626929 -0.487253081326
1.20713964762 1.5797520564 -0.676163672072
1.16345185184 1.52257898172 -0.859146688801
1.10956468089 1.45205825175 -1.03459801491
1.04595053547 1.36880808493 -1.20097956018
0.973167087599 1.27355829202 -1.35683274445
0.891852391777 1.16714387825 -1.5007912842
0.802719291502 1.05049772325 -1.63159317003
0.706549170146 0.924642402962 -1.74809173009
0.604185100969 0.790681225312 -1.84926568229
0.496524456342 0.649788558023 -1.9342280874
0.431492857308 0.69467662979 1.9342280874
0.525052798971 0.845302309583 1.84926568229
0.614009876776 0.9885176652 1.74809173009
0.697584250448 1.12306720236 1.63159317003
0.775043267073 1.2477713955 1.5007912842
0.845707883877 1.36153702804 1.35683274445
0.908958621046 1.46336677605 1.20097956018
0.964240992378 1.55236795128 1.03459801491
1.01107036618 1.62776032687 0.859146688801
1.04903621376 1.68888297723 0.676163672072
1.07780570836 1.73520007196 0.487253081326
1.09712664283 1.76630557329 0.294070997119
1.10682964063 1.7819267955 0.0983109459575
1.10682964063 1.7819267955 -0.0983109459575
1.09712664283 1.76630557329 -0.294070997119
1.07780570836 1.73520007196 -0.487253081326
1.04903621376 1.68888297723 -0.676163672072
1.01107036618 1.62776032687 -0.859146688801
0.964240992378 1.55236795128 -1.03459801491
0.908958621046 1.46336677605 -1.20097956018
0.845707883877 1.36153702804 -1.35683274445
0.775043267073 1.2477713955 -1.5007912842
0.697584250448 1.12306720236 -1.63159317003
0.614009876776 0.9885176652 -1.74809173009
0.525052798971 0.845302309583 -1.84926568229
0.431492857308 0.69467662979 -1.9342280874
0.362432525725 0.733078693034 1.9342280874
0.441018220457 0.892031033944 1.84926568229
0.515737738623 1.04316340434 1.74809173009
0.585936053202 1.1851509056 1.63159317003
0.650997772208 1.31674880742 1.5007912842
0.710352533507 1.43680345967 1.35683274445
0.763480004884 1.54426240586 1.20097956018
0.809914445525 1.63818360951 1.03459801491
0.849248788925 1.71774371244 0.859146688801
0.881138211423 1.78224525274 0.676163672072
0.905303155095 1.83112277909 0.487253081326
0.921531778493 1.86394780771 0.294070997119
0.929681813744 1.88043257871 0.0983109459575
0.929681813744 1.88043257871 -0.0983109459575
0.921531778493 1.86394780771 -0.294070997119
0.905303155095 1.83112277909 -0.487253081326
0.881138211423 1.78224525274 -0.676163672072
0.849248788925 1.71774371244 -0.859146688801
0.809914445525 1.63818360951 -1.03459801491
0.763480004884 1.54426240586 -1.20097956018
0.710352533507 1.43680345967 -1.35683274445
0.650997772208 1.31674880742 -1.5007912842
0.585936053202 1.1851509056 -1.63159317003
0.515737738623 1.04316340434 -1.74809173009
0.441018220457 0.892031033944 -1.84926568229
0.362432525725 0.733078693034 -1.9342280874
0.289988259301 0.764636198039 1.9342280874
0.352865973645 0.930431104885 1.84926568229
0.412650296162 1.08806940784 1.74809173009
0.468817128898 1.23616917416 1.63159317003
0.520874086545 1.3734320905 1.5007912842
0.568364812925 1.49865484452 1.35683274445
0.610872981625 1.61073967367 1.20097956018
0.648025945715 1.70870398876 1.03459801491
0.679498004549 1.79168898778 0.859146688801
0.705013259014 1.85896718453 0.676163672072
0.72434803019 1.90994878619 0.487253081326
0.737332820229 1.94418686367 0.294070997119
0.743853798255 1.96138126959 0.0983109459575
0.743853798255 1.96138126959 -0.0983109459575
0.737332820229 1.94418686367 -0.294070997119
0.72434803019 1.90994878619 -0.487253081326
0.705013259014 1.85896718453 -0.676163672072
0.679498004549 1.79168898778 -0.859146688801
0.648025945715 1.70870398876 -1.03459801491
0.610872981625 1.61073967367 -1.20097956018
0.568364812925 1.49865484452 -1.35683274445
0.520874086545 1.3734320905 -1.5007912842
0.468817128898 1.23616917416 -1.63159317003
0.412650296162 1.08806940784 -1.74809173009
0.352865973645 0.930431104885 -1.84926568229
0.289988259301 0.764636198039 -1.9342280874
0.214836450633 0.789054500883 1.9342280874
0.261419112311 0.960143991291 1.84926568229
0.305710049068 1.12281640044 1.74809173009
0.347320985378 1.27564566421 1.63159317003
0.385887139879 1.41729200821 1.5007912842
0.421070423223 1.54651369288 1.35683274445
0.452562401927 1.66217789914 1.20097956018
0.48008700225 1.76327065926 1.03459801491
0.503402930386 1.84890574578 0.859146688801
0.522305787761 1.91833244059 0.676163672072
0.536629862892 1.97094211609 0.487253081326
0.546249584087 2.00627357071 0.294070997119
0.551080620271 2.02401707203 0.0983109459575
0.551080620271 2.02401707203 -0.0983109459575
0.546249584087 2.00627357071 -0.294070997119
0.536629862892 1.97094211609 -0.487253081326
0.522305787761 1.91833244059 -0.676163672072
0.503402930386 1.84890574578 -0.859146688801
0.48008700225 1.76327065926 -1.03459801491
0.452562401927 1.66217789914 -1.20097956018
0.421070423223 1.54651369288 -1.35683274445
0.385887139879 1.41729200821 -1.5007912842
0.347320985378 1.27564566421 -1.63159317003
0.305710049068 1.12281640044 -1.74809173009
0.261419112311 0.960143991291 -1.84926568229
0.214836450633 0.789054500883 -1.9342280874
0.13767877191 0.806105614451 1.9342280874
0.167531451161 0.980892271947 1.84926568229
0.195915469615 1.14707995883 1.74809173009
0.222581999398 1.30321179439 1.63159317003
0.247297268959 1.4479190523 1.5007912842
0.26984461243 1.57993315957 1.35683274445
0.290026369019 1.69809681741 1.20097956018
0.307665615797 1.8013741467 1.03459801491
0.322607718696 1.888859769 0.859146688801
0.334721688096 1.95978674352 0.676163672072
0.343901327152 2.01353329049 0.487253081326
0.350066162757 2.04962824198 0.294070997119
0.353162151016 2.0677551724 0.0983109459575
0.353162151016 2.0677551724 -0.0983109459575
0.350066162757 2.04962824198 -0.294070997119
0.343901327152 2.01353329049 -0.487253081326
0.334721688096 1.95978674352 -0.676163672072
0.322607718696 1.888859769 -0.859146688801
0.307665615797 1.8013741467 -1.03459801491
0.290026369019 1.69809681741 -1.20097956018
0.26984461243 1.57993315957 -1.35683274445
0.247297268959 1.4479190523 -1.5007912842
0.222581999398 1.30321179439 -1.63159317003
0.195915469615 1.14707995883 -1.74809173009
0.167531451161 0.980892271947 -1.84926568229
0.13767877191 0.806105614451 -1.9342280874
0.0592356235891 0.81563033709 1.9342280874
0.0720795939898 0.992482225747 1.84926568229
0.084291680209 1.16063354072 1.74809173009
0.0957648252605 1.31861018718 1.63159317003
0.106398450069 1.46502726633 1.5007912842
0.116099335197 1.59860121604 1.35683274445
0.124782438046 1.71816106322 1.20097956018
0.132371638386 1.82265868908 1.03459801491
0.138800405658 1.91117801748 0.859146688801
0.144012382215 1.98294304566 0.676163672072
0.147961877378 2.03732464707 0.487253081326
0.150614267986 2.0738460866 0.294070997119
0.151946301912 2.09218719985 0.0983109459575
0.151946301912 2.09218719985 -0.0983109459575
0.150614267986 2.0738460866 -0.294070997119
0.147961877378 2.03732464707 -0.487253081326
0.144012382215 1.98294304566 -0.676163672072
0.138800405658 1.91117801748 -0.859146688801
0.132371638386 1.82265868908 -1.03459801491
0.124782438046 1.71816106322 -1.20097956018
0.116099335197 1.59860121604 -1.35683274445
0.106398450069 1.46502726633 -1.5007912842
0.0957648252605 1.31861018718 -1.63159317003
0.084291680209 1.16063354072 -1.74809173009
0.0720795939898 0.992482225747 -1.84926568229
0.0592356235891 0.81563033709 -1.9342280874
-0.0197605917889 0.817539739032 1.9342280874
-0.0240452509292 0.994805640415 1.84926568229
-0.0281191179039 1.16335059995 1.74809173009
-0.0319464792477 1.32169707193 1.63159317003
-0.035493782481 1.4684569155 1.5007912842
-0.0387299302478 1.60234356368 1.35683274445
-0.0416265529297 1.72218330212 1.20097956018
-0.0441582573473 1.82692555838 1.03459801491
-0.0463028493694 1.91565211175 0.859146688801
-0.0480415284769 1.98758514285 0.676163672072
-0.0493590525776 2.04209405235 0.487253081326
-0.0502438716253 2.07870098908 0.294070997119
-0.0506882288732 2.09708503913 0.0983109459575
-0.0506882288732 2.09708503913 -0.0983109459575
-0.0502438716253 2.07870098908 -0.294070997119
-0.0493590525776 2.04209405235 -0.487253081326
-0.0480415284769 1.98758514285 -0.676163672072
-0.0463028493694 1.91565211175 -0.859146688801
-0.0441582573473 1.82692555838 -1.03459801491
-0.0416265529297 1.72218330212 -1.20097956018
-0.0387299302478 1.60234356368 -1.35683274445
-0.035493782481 1.4684569155 -1.5007912842
-0.0319464792477 1.32169707193 -1.63159317003
-0.0281191179039 1.16335059995 -1.74809173009
-0.0240452509292 0.994805640415 -1.84926568229
-0.0197605917889 0.817539739032 -1.9342280874
-0.0985723078456 0.811815992704 1.9342280874
-0.119945591819 0.987840822854 1.84926568229
-0.140267375389 1.15520576807 1.74809173009
-0.159359508087 1.31244362724 1.63159317003
-0.177054619148 1.4581759781 1.5007912842
-0.193197584769 1.59112526119 1.35683274445
-0.207646887996 1.71012597955 1.20097956018
-0.22027585933 1.81413491597 1.03459801491
-0.230973787168 1.90224027839 0.859146688801
-0.239646888362 1.9736696931 0.676163672072
-0.246219130359 2.02779697568 0.487253081326
-0.250632897744 2.0641476205 0.294070997119
-0.252849497323 2.08240296043 0.0983109459575
-0.252849497323 2.08240296043 -0.0983109459575
-0.250632897744 2.0641476205 -0.294070997119
-0.246219130359 2.02779697568 -0.487253081326
-0.239646888362 1.9736696931 -0.676163672072
-0.230973787168 1.90224027839 -0.859146688801
-0.22027585933 1.81413491597 -1.03459801491
-0.207646887996 1.71012597955 -1.20097956018
-0.193197584769 1.59112526119 -1.35683274445
-0.177054619148 1.4581759781 -1.5007912842
-0.159359508087 1.31244362724 -1.63159317003
-0.140267375389 1.15520576807 -1.74809173009
-0.119945591819 0.987840822854 -1.84926568229
-0.0985723078456 0.811815992704 -1.9342280874
-0.176463680823 0.798512539184 1.9342280874
-0.214726033035 0.97165280169 1.84926568229
-0.251105994184 1.1362750912 1.74809173009
-0.285284640136 1.29093625001 1.63159317003
-0.31696234454 1.43428044448 1.5007912842
-0.345861405496 1.56505105085 1.35683274445
-0.371728480017 1.68210167147 1.20097956018
-0.394336804963 1.78440618464 1.03459801491
-0.413488184948 1.87106774009 0.859146688801
-0.429014729819 1.94132662119 0.676163672072
-0.44078032646 1.994566905 0.487253081326
-0.448681832026 2.03032186174 0.294070997119
-0.452649978143 2.04827804635 0.0983109459575
-0.452649978143 2.04827804635 -0.0983109459575
-0.448681832026 2.03032186174 -0.294070997119
-0.44078032646 1.994566905 -0.487253081326
-0.429014729819 1.94132662119 -0.676163672072
-0.413488184948 1.87106774009 -0.859146688801
-0.394336804963 1.78440618464 -1.03459801491
-0.371728480017 1.68210167147 -1.20097956018
-0.345861405496 1.56505105085 -1.35683274445
-0.31696234454 1.43428044448 -1.5007912842
-0.285284640136 1.29093625001 -1.63159317003
-0.251105994184 1.1362750912 -1.74809173009
-0.214726033035 0.97165280169 -1.84926568229
-0.176463680823 0.798512539184 -1.9342280874
-0.252707459958 0.777753589233 1.9342280874
-0.307501635136 0.946392720113 1.84926568229
-0.359600103967 1.10673531995 1.74809173009
-0.408546146365 1.25737574885 1.63159317003
-0.453910677922 1.39699342079 1.5007912842
-0.495296011466 1.52436438052 1.35683274445
-0.532339343377 1.6383720333 1.20097956018
-0.564715934097 1.73801693355 1.03459801491
-0.592141954954 1.82242554643 0.859146688801
-0.614376976336 1.89085790569 0.676163672072
-0.631226075415 1.94271410054 0.487253081326
-0.642541544934 1.97753953479 0.294070997119
-0.648224188076 1.99502891204 0.0983109459575
-0.648224188076 1.99502891204 -0.0983109459575
-0.642541544934 1.97753953479 -0.294070997119
-0.631226075415 1.94271410054 -0.487253081326
-0.614376976336 1.89085790569 -0.676163672072
-0.592141954954 1.82242554643 -0.859146688801
-0.564715934097 1.73801693355 -1.03459801491
-0.532339343377 1.6383720333 -1.20097956018
-0.495296011466 1.52436438052 -1.35683274445
-0.453910677922 1.39699342079 -1.5007912842
-0.408546146365 1.25737574885 -1.63159317003
-0.359600103967 1.10673531995 -1.74809173009
-0.307501635136 0.946392720113 -1.84926568229
-0.252707459958 0.777753589233 -1.9342280874
-0.326591777627 0.749732963574 1.9342280874
-0.397406177321 0.9122964247 1.84926568229
-0.464736724469 1.06686225921 1.74809173009
-0.527993167303 1.21207546909 1.63159317003
-0.586620969604 1.34666304593 1.5007912842
-0.640106172028 1.46944513069 1.35683274445
-0.687979897719 1.5793453569 1.20097956018
-0.729822462709 1.67540028664 1.03459801491
-0.76526705507 1.75676785647 0.859146688801
-0.794002950559 1.82273475938 0.676163672072
-0.815778236578 1.87272269796 0.487253081326
-0.830402020559 1.90629345403 0.294070997119
-0.83774610342 1.92315273031 0.0983109459575
-0.83774610342 1.92315273031 -0.0983109459575
-0.830402020559 1.90629345403 -0.294070997119
-0.815778236578 1.87272269796 -0.487253081326
-0.794002950559 1.82273475938 -0.676163672072
-0.76526705507 1.75676785647 -0.859146688801
-0.729822462709 1.67540028664 -1.03459801491
-0.687979897719 1.5793453569 -1.20097956018
-0.640106172028 1.46944513069 -1.35683274445
-0.586620969604 1.34666304593 -1.5007912842
-0.527993167303 1.21207546909 -1.63159317003
-0.464736724469 1.06686225921 -1.74809173009
-0.397406177321 0.9122964247 -1.84926568229
-0.326591777627 0.749732963574 -1.9342280874
-0.397426795865 0.714712283239 1.9342280874
-0.483600245104 0.869682263375 1.84926568229
-0.565534223391 1.017028193 1.74809173009
-0.642510458298 1.15545836726 1.63159317003
-0.71385413935 1.28375924106 1.5007912842
-0.778939833729 1.40080606759 1.35683274445
-0.837196969121 1.50557275842 1.20097956018
-0.888114835627 1.59714087866 1.03459801491
-0.931247062883 1.67470769837 0.859146688801
-0.966215533166 1.73759322974 0.676163672072
-0.992713696146 1.78524618812 0.487253081326
-1.01050925626 1.81724882491 0.294070997119
-1.01944620912 1.8333205897 0.0983109459575
-1.01944620912 1.8333205897 -0.0983109459575
-1.01050925626 1.81724882491 -0.294070997119
-0.992713696146 1.78524618812 -0.487253081326
-0.966215533166 1.73759322974 -0.676163672072
-0.931247062883 1.67470769837 -0.859146688801
-0.888114835627 1.59714087866 -1.03459801491
-0.837196969121 1.50557275842 -1.20097956018
-0.778939833729 1.40080606759 -1.35683274445
-0.71385413935 1.28375924106 -1.5007912842
-0.642510458298 1.15545836726 -1.63159317003
-0.565534223391 1.017028193 -1.74809173009
-0.483600245104 0.869682263375 -1.84926568229
-0.397426795865 0.714712283239 -1.9342280874
-0.46455114719 0.673018526884 1.9342280874
-0.565279067698 0.81894811308 1.84926568229
-0.661051481644 0.957698408585 1.74809173009
-0.751028802259 1.08805306197 1.63159317003
-0.834422245333 1.20886932203 1.5007912842
-0.910500744076 1.31908805567 1.35683274445
-0.978597357994 1.41774303276 1.20097956018
-1.03811511961 1.50396939662 1.03459801491
-1.08853226778 1.57701124571 0.859146688801
-1.12940682167 1.63622826027 0.676163672072
-1.1603804554 1.68110131564 0.487253081326
-1.1811816393 1.71123703315 0.294070997119
-1.19162802023 1.7263712287 0.0983109459575
-1.19162802023 1.7263712287 -0.0983109459575
-1.1811816393 1.71123703315 -0.294070997119
-1.1603804554 1.68110131564 -0.487253081326
-1.12940682167 1.63622826027 -0.676163672072
-1.08853226778 1.57701124571 -0.859146688801
-1.03811511961 1.50396939662 -1.03459801491
-0.978597357994 1.41774303276 -1.20097956018
-0.910500744076 1.31908805567 -1.35683274445
-0.834422245333 1.20886932203 -1.5007912842
-0.751028802259 1.08805306197 -1.63159317003
-0.661051481644 0.957698408585 -1.74809173009
-0.565279067698 0.81894811308 -1.84926568229
-0.46455114719 0.673018526884 -1.9342280874
-0.52733810962 0.625040977878 1.9342280874
-0.641680031942 0.760567664906 1.84926568229
-0.750396680323 0.889426852164 1.74809173009
-0.852534992646 1.01048889841 1.63159317003
-0.947199575635 1.12269251586 1.5007912842
-1.0335605543 1.22505407398 1.35683274445
-1.110860847 1.31667622239 1.20097956018
-1.17842280243 1.39675575755 1.03459801491
-1.23565414018 1.46459066396 0.859146688801
-1.28205314299 1.5195862684 0.676163672072
-1.317213055 1.56126045311 0.487253081326
-1.34082564762 1.58924788227 0.294070997119
-1.35268392159 1.60330320469 0.0983109459575
-1.35268392159 1.60330320469 -0.0983109459575
-1.34082564762 1.58924788227 -0.294070997119
-1.317213055 1.56126045311 -0.487253081326
-1.28205314299 1.5195862684 -0.676163672072
-1.23565414018 1.46459066396 -0.859146688801
-1.17842280243 1.39675575755 -1.03459801491
-1.110860847 1.31667622239 -1.20097956018
-1.0335605543 1.22505407398 -1.35683274445
-0.947199575635 1.12269251586 -1.5007912842
-0.852534992646 1.01048889841 -1.63159317003
-0.750396680323 0.889426852164 -1.74809173009
-0.641680031942 0.760567664906 -1.84926568229
-0.52733810962 0.625040977878 -1.9342280874
-0.585201458204 0.571227589669 1.9342280874
-0.71208980262 0.695086001369 1.84926568229
-0.832735627382 0.812850956867 1.74809173009
-0.946081293511 0.92349007226 1.63159317003
-1.05113315871 1.02603343217 1.5007912842
-1.1469702881 1.11958209247 1.35683274445
-1.23275252759 1.20331596089 1.20097956018
-1.30772786905 1.2765009863 1.03459801491
-1.37123904281 1.33849559379 0.859146688801
-1.42272927953 1.38875630897 0.676163672072
-1.4617471912 1.4268425224 0.487253081326
-1.48795072814 1.45242035212 0.294070997119
-1.50111017763 1.46526557064 0.0983109459575
-1.50111017763 1.46526557064 -0.0983109459575
-1.48795072814 1.45242035212 -0.294070997119
-1.4617471912 1.4268425224 -0.487253081326
-1.42272927953 1.38875630897 -0.676163672072
-1.37123904281 1.33849559379 -0.859146688801
-1.30772786905 1.2765009863 -1.03459801491
-1.23275252759 1.20331596089 -1.20097956018
-1.1469702881 1.11958209247 -1.35683274445
-1.05113315871 1.02603343217 -1.5007912842
-0.946081293511 0.92349007226 -1.63159317003
-0.832735627382 0.812850956867 -1.74809173009
-0.71208980262 0.695086001369 -1.84926568229
-0.585201458204 0.571227589669 -1.9342280874
-0.637600938447 0.512080803365 1.9342280874
-0.775850982672 0.623114507118 1.84926568229
-0.907299546256 0.728685691196 1.74809173009
-1.03079428825 0.827868868127 1.63159317003
-1.14525259469 0.919794550764 1.5007912842
-1.24967106936 1.00365687462 1.35683274445
-1.34313432997 1.07872066248 1.20097956018
-1.42482303291 1.14432786928 1.03459801491
-1.49402105595 1.19990335089 0.859146688801
-1.55012177613 1.24495990607 0.676163672072
-1.59263338773 1.2791025475 0.487253081326
-1.62118321362 1.30203196447 0.294070997119
-1.63552097239 1.31354714675 0.0983109459575
-1.63552097239 1.31354714675 -0.0983109459575
-1.62118321362 1.30203196447 -0.294070997119
-1.59263338773 1.2791025475 -0.487253081326
-1.55012177613 1.24495990607 -0.676163672072
-1.49402105595 1.19990335089 -0.859146688801
-1.42482303291 1.14432786928 -1.03459801491
-1.34313432997 1.07872066248 -1.20097956018
-1.24967106936 1.00365687462 -1.35683274445
-1.14525259469 0.919794550764 -1.5007912842
-1.03079428825 0.827868868127 -1.63159317003
-0.907299546256 0.728685691196 -1.74809173009
-0.775850982672 0.623114507118 -1.84926568229
-0.637600938447 0.512080803365 -1.9342280874
-0.68404731052 0.448152856573 1.9342280874
-0.832368251141 0.545325160603 1.84926568229
-0.973392253725 0.637716883561 1.74809173009
-1.10588303444 0.72451807543 1.63159317003
-1.22867911577 0.804967795465 1.5007912842
-1.34070400855 0.878360782958 1.35683274445
-1.440975649 0.94405363989 1.20097956018
-1.52861500801 1.00147047127 1.03459801491
-1.60285379703 1.05010793371 0.859146688801
-1.66304120337 1.08953964795 0.676163672072
-1.70864959542 1.11941993674 0.487253081326
-1.73927914824 1.13948685518 0.294070997119
-1.75466134851 1.14956448707 0.0983109459575
-1.75466134851 1.14956448707 -0.0983109459575
-1.73927914824 1.13948685518 -0.294070997119
-1.70864959542 1.11941993674 -0.487253081326
-1.66304120337 1.08953964795 -0.676163672072
-1.60285379703 1.05010793371 -0.859146688801
-1.52861500801 1.00147047127 -1.03459801491
-1.440975649 0.94405363989 -1.20097956018
-1.34070400855 0.878360782958 -1.35683274445
-1.22867911577 0.804967795465 -1.5007912842
-1.10588303444 0.72451807543 -1.63159317003
-0.973392253725 0.637716883561 -1.74809173009
-0.832368251141 0.545325160603 -1.84926568229
-0.68404731052 0.448152856573 -1.9342280874
-0.724106917161 0.380040627307 1.9342280874
-0.881113921518 0.462444259993 1.84926568229
-1.03039665999 0.540793885207 1.74809173009
-1.17064644871 0.614402652674 1.63159317003
-1.30063379099 0.682625272747 1.5007912842
-1.41921915564 0.744863673323 1.35683274445
-1.52536296665 0.800572242825 1.20097956018
-1.61813471664 0.849262613301 1.03459801491
-1.69672112408 0.890507941684 0.859146688801
-1.76043326296 0.923946651707 0.676163672072
-1.80871260222 0.949285603651 0.487253081326
-1.84113590207 0.966302664148 0.294070997119
-1.85741892438 0.974848653511 0.0983109459575
-1.85741892438 0.974848653511 -0.0983109459575
-1.84113590207 0.966302664148 -0.294070997119
-1.80871260222 0.949285603651 -0.487253081326
-1.76043326296 0.923946651707 -0.676163672072
-1.69672112408 0.890507941684 -0.859146688801
-1.61813471664 0.849262613301 -1.03459801491
-1.52536296665 0.800572242825 -1.20097956018
-1.41921915564 0.744863673323 -1.35683274445
-1.30063379099 0.682625272747 -1.5007912842
-1.17064644871 0.614402652674 -1.63159317003
-1.03039665999 0.540793885207 -1.74809173009
-0.881113921518 0.462444259993 -1.84926568229
-0.724106917161 0.380040627307 -1.9342280874
-0.757405732616 0.3083800611 1.9342280874
-0.921632868614 0.375245641927 1.84926568229
-1.07778053026 0.438821640055 1.74809173009
-1.2244798525 0.498550717891 1.63159317003
-1.36044479894 0.55390926178 1.5007912842
-1.48448343586 0.604411972262 1.35683274445
-1.59550838127 0.649616118432 1.20097956018
-1.6925463374 0.689125419131 1.03459801491
-1.77474662315 0.722593516942 0.859146688801
-1.84138863151 0.749727014519 0.676163672072
-1.89188814678 0.770288046648 0.487253081326
-1.92580246605 0.784096365493 0.294070997119
-1.9428342802 0.791030920728 0.0983109459575
-1.9428342802 0.791030920728 -0.0983109459575
-1.92580246605 0.784096365493 -0.294070997119
-1.89188814678 0.770288046648 -0.487253081326
-1.84138863151 0.749727014519 -0.676163672072
-1.77474662315 0.722593516942 -0.859146688801
-1.6925463374 0.689125419131 -1.03459801491
-1.59550838127 0.649616118432 -1.20097956018
-1.48448343586 0.604411972262 -1.35683274445
-1.36044479894 0.55390926178 -1.5007912842
-1.2244798525 0.498550717891 -1.63159317003
-1.07778053026 0.438821640055 -1.74809173009
-0.921632868614 0.375245641927 -1.84926568229
-0.757405732616 0.3083800611 -1.9342280874
-0.783632854818 0.233840233351 1.9342280874
-0.953546777935 0.284543456406 1.84926568229
-1.11510145412 0.332752235485 1.74809173009
-1.26688061783 0.378043949382 1.63159317003
-1.40755370036 0.420021549279 1.5007912842
-1.53588749422 0.458317039467 1.35683274445
-1.65075696401 0.49259470337 1.20097956018
-1.75115510904 0.522554046597 1.03459801491
-1.83620179118 0.547932431225 0.859146688801
-1.90515145054 0.568507378198 0.676163672072
-1.95739964145 0.584098517696 0.487253081326
-1.99248833129 0.594569170336 0.294070997119
-2.01010991583 0.599827545371 0.0983109459575
-2.01010991583 0.599827545371 -0.0983109459575
-1.99248833129 0.594569170336 -0.294070997119
-1.95739964145 0.584098517696 -0.487253081326
-1.90515145054 0.568507378198 -0.676163672072
-1.83620179118 0.547932431225 -0.859146688801
-1.75115510904 0.522554046597 -1.03459801491
-1.65075696401 0.49259470337 -1.20097956018
-1.53588749422 0.458317039467 -1.35683274445
-1.40755370036 0.420021549279 -1.5007912842
-1.26688061783 0.378043949382 -1.63159317003
-1.11510145412 0.332752235485 -1.74809173009
-0.953546777935 0.284543456406 -1.84926568229
-0.783632854818 0.233840233351 -1.9342280874
-0.802543408193 0.157117102348 1.9342280874
-0.97655767791 0.191184565299 1.84926568229
-1.14201097614 0.223576012947 1.74809173009
-1.29745286017 0.254007486376 1.63159317003
-1.44152065212 0.282212208741 1.5007912842
-1.57295138487 0.307942923961 1.35683274445
-1.69059287375 0.330974064285 1.20097956018
-1.79341381725 0.351103727725 1.03459801491
-1.88051283782 0.368155448029 0.859146688801
-1.95112638379 0.381979741664 0.676163672072
-2.00463542306 0.392455418262 0.487253081326
-2.04057086982 0.399490643035 0.294070997119
-2.05861769676 0.403023741837 0.0983109459575
-2.05861769676 0.403023741837 -0.0983109459575
-2.04057086982 0.399490643035 -0.294070997119
-2.00463542306 0.392455418262 -0.487253081326
-1.95112638379 0.381979741664 -0.676163672072
-1.88051283782 0.368155448029 -0.859146688801
-1.79341381725 0.351103727725 -1.03459801491
-1.69059287375 0.330974064285 -1.20097956018
-1.57295138487 0.307942923961 -1.35683274445
-1.44152065212 0.282212208741 -1.5007912842
-1.29745286017 0.254007486376 -1.63159317003
-1.14201097614 0.223576012947 -1.74809173009
-0.97655767791 0.191184565299 -1.84926568229
-0.802543408193 0.157117102348 -1.9342280874
-0.813960829999 0.0789270112934 1.9342280874
-0.990450721966 0.0960406354176 1.84926568229
-1.15825784938 0.112312321416 1.74809173009
-1.31591113473 0.127599423909 1.63159317003
-1.46202851395 0.141767928848 1.5007912842
-1.59532905224 0.154693628344 1.35683274445
-1.71464417334 0.166263209537 1.20097956018
-1.81892790386 0.176375247947 1.03459801491
-1.90726604277 0.184941096609 0.859146688801
-1.97888417569 0.1918856632 0.676163672072
-2.03315446385 0.197148068329 0.487253081326
-2.06960114794 0.200682179236 0.294070997119
-2.08790471892 0.202457014215 0.0983109459575
-2.08790471892 0.202457014215 -0.0983109459575
-2.06960114794 0.200682179236 -0.294070997119
-2.03315446385 0.197148068329 -0.487253081326
-1.97888417569 0.1918856632 -0.676163672072
-1.90726604277 0.184941096609 -0.859146688801
-1.81892790386 0.176375247947 -1.03459801491
-1.71464417334 0.166263209537 -1.20097956018
-1.59532905224 0.154693628344 -1.35683274445
-1.46202851395 0.141767928848 -1.5007912842
-1.31591113473 0.127599423909 -1.63159317003
-1.15825784938 0.112312321416 -1.74809173009
-0.990450721966 0.0960406354176 -1.84926568229
-0.813960829999 0.0789270112934 -1.9342280874
-0.817778518845 1.00148984551e-16 1.9342280874
-0.995096194493 1.21864136943e-16 1.84926568229
-1.16369038115 1.42510970048e-16 1.74809173009
-1.32208310158 1.61908483856e-16 1.63159317003
-1.46888580947 1.79886630488e-16 1.5007912842
-1.60281156209 1.96287804915e-16 1.35683274445
-1.72268630227 2.109682266e-16 1.20097956018
-1.82745915072 2.2379919995e-16 1.03459801491
-1.91621161856 2.34668242516e-16 0.859146688801
-1.98816565923 2.43480071075e-16 0.676163672072
-2.04269048921 2.50157436926e-16 0.487253081326
-2.07930811777 2.54641803087e-16 0.294070997119
-2.09769753727 2.5689385746e-16 0.0983109459575
-2.09769753727 2.5689385746e-16 -0.0983109459575
-2.07930811777 2.54641803087e-16 -0.294070997119
-2.04269048921 2.50157436926e-16 -0.487253081326
-1.98816565923 2.43480071075e-16 -0.676163672072
-1.91621161856 2.34668242516e-16 -0.859146688801
-1.82745915072 2.2379919995e-16 -1.03459801491
-1.72268630227 2.109682266e-16 -1.20097956018
-1.60281156209 1.96287804915e-16 -1.35683274445
-1.46888580947 1.79886630488e-16 -1.5007912842
-1.32208310158 1.61908483856e-16 -1.63159317003
-1.16369038115 1.42510970048e-16 -1.74809173009
-0.995096194493 1.21864136943e-16 -1.84926568229
-0.817778518845 1.00148984551e-16 -1.9342280874
-0.813960829999 -0.0789270112934 1.9342280874
-0.990450721966 -0.0960406354176 1.84926568229
-1.15825784938 -0.112312321416 1.74809173009
-1.31591113473 -0.127599423909 1.63159317003
-1.46202851395 -0.141767928848 1.5007912842
-1.59532905224 -0.154693628344 1.35683274445
-1.71464417334 -0.166263209537 1.20097956018
-1.81892790386 -0.176375247947 1.03459801491
-1.90726604277 -0.184941096609 0.859146688801
-1.97888417569 -0.1918856632 0.676163672072
-2.03315446385 -0.197148068329 0.487253081326
-2.06960114794 -0.200682179236 0.294070997119
-2.08790471892 -0.202457014215 0.0983109459575
-2.08790471892 -0.202457014215 -0.0983109459575
-2.06960114794 -0.200682179236 -0.294070997119
-2.03315446385 -0.197148068329 -0.487253081326
-1.97888417569 -0.1918856632 -0.676163672072
-1.90726604277 -0.184941096609 -0.859146688801
-1.81892790386 -0.176375247947 -1.03459801491
-1.71464417334 -0.166263209537 -1.20097956018
-1.59532905224 -0.154693628344 -1.35683274445
-1.46202851395 -0.141767928848 -1.5007912842
-1.31591113473 -0.127599423909 -1.63159317003
-1.15825784938 -0.112312321416 -1.74809173009
-0.990450721966 -0.0960406354176 -1.84926568229
-0.813960829999 -0.0789270112934 -1.9342280874
-0.802543408193 -0.157117102348 1.9342280874
-0.97655767791 -0.191184565299 1.84926568229
-1.14201097614 -0.223576012947 1.74809173009
-1.29745286017 -0.254007486376 1.63159317003
-1.44152065212 -0.282212208741 1.5007912842
-1.57295138487 -0.307942923961 1.35683274445
-1.69059287375 -0.330974064285 1.20097956018
-1.79341381725 -0.351103727725 1.03459801491
-1.88051283782 -0.368155448029 0.859146688801
-1.95112638379 -0.381979741664 0.676163672072
-2.00463542306 -0.392455418262 0.487253081326
-2.04057086982 -0.399490643035 0.294070997119
-2.05861769676 -0.403023741837 0.0983109459575
-2.05861769676 -0.403023741837 -0.0983109459575
-2.04057086982 -0.399490643035 -0.294070997119
-2.00463542306 -0.392455418262 -0.487253081326
-1.95112638379 -0.381979741664 -0.676163672072
-1.88051283782 -0.368155448029 -0.859146688801
-1.79341381725 -0.351103727725 -1.03459801491
-1.69059287375 -0.330974064285 -1.20097956018
-1.57295138487 -0.307942923961 -1.35683274445
-1.44152065212 -0.282212208741 -1.5007912842
-1.29745286017 -0.254007486376 -1.63159317003
-1.14201097614 -0.223576012947 -1.74809173009
-0.97655767791 -0.191184565299 -1.84926568229
-0.802543408193 -0.157117102348 -1.9342280874
-0.783632854818 -0.233840233351 1.9342280874
-0.953546777935 -0.284543456406 1.84926568229
-1.11510145412 -0.332752235485 1.74809173009
-1.26688061783 -0.378043949382 1.63159317003
-1.40755370036 -0.420021549279 1.5007912842
-1.53588749422 -0.458317039467 1.35683274445
-1.65075696401 -0.49259470337 1.20097956018
-1.75115510904 -0.522554046597 1.03459801491
-1.83620179118 -0.547932431225 0.859146688801
-1.90515145054 -0.568507378198 0.676163672072
-1.95739964145 -0.584098517696 0.487253081326
-1.99248833129 -0.594569170336 0.294070997119
-2.01010991583 -0.599827545371 0.0983109459575
-2.01010991583 -0.599827545371 -0.0983109459575
-1.99248833129 -0.594569170336 -0.294070997119
-1.95739964145 -0.584098517696 -0.487253081326
-1.90515145054 -0.568507378198 -0.676163672072
-1.83620179118 -0.547932431225 -0.859146688801
-1.75115510904 -0.522554046597 -1.03459801491
-1.65075696401 -0.49259470337 -1.20097956018
-1.53588749422 -0.458317039467 -1.35683274445
-1.40755370036 -0.420021549279 -1.5007912842
-1.26688061783 -0.378043949382 -1.63159317003
-1.11510145412 -0.332752235485 -1.74809173009
-0.953546777935 -0.284543456406 -1.84926568229
-0.783632854818 -0.233840233351 -1.9342280874
-0.757405732616 -0.3083800611 1.9342280874
-0.921632868614 -0.375245641927 1.84926568229
-1.07778053026 -0.438821640055 1.74809173009
-1.2244798525 -0.498550717891 1.63159317003
-1.36044479894 -0.55390926178 1.5007912842
-1.48448343586 -0.604411972262 1.35683274445
-1.59550838127 -0.649616118432 1.20097956018
-1.6925463374 -0.689125419131 1.03459801491
-1.77474662315 -0.722593516942 0.859146688801
-1.84138863151 -0.749727014519 0.676163672072
-1.89188814678 -0.770288046648 0.487253081326
-1.92580246605 -0.784096365493 0.294070997119
-1.9428342802 -0.791030920728 0.0983109459575
-1.9428342802 -0.791030920728 -0.0983109459575
-1.92580246605 -0.784096365493 -0.294070997119
-1.89188814678 -0.770288046648 -0.487253081326
-1.84138863151 -0.749727014519 -0.676163672072
-1.77474662315 -0.722593516942 -0.859146688801
-1.6925463374 -0.689125419131 -1.03459801491
-1.59550838127 -0.649616118432 -1.20097956018
-1.48448343586 -0.604411972262 -1.35683274445
-1.36044479894 -0.55390926178 -1.5007912842
-1.2244798525 -0.498550717891 -1.63159317003
-1.07778053026 -0.438821640055 -1.74809173009
-0.921632868614 -0.375245641927 -1.84926568229
-0.757405732616 -0.3083800611 -1.9342280874
-0.724106917161 -0.380040627307 1.9342280874
-0.881113921518 -0.462444259993 1.84926568229
-1.03039665999 -0.540793885207 1.74809173009
-1.17064644871 -0.614402652674 1.63159317003
-1.30063379099 -0.682625272747 1.5007912842
-1.41921915564 -0.744863673323 1.35683274445
-1.52536296665 -0.800572242825 1.20097956018
-1.61813471664 -0.849262613301 1.03459801491
-1.69672112408 -0.890507941684 0.859146688801
-1.76043326296 -0.923946651707 0.676163672072
-1.80871260222 -0.949285603651 0.487253081326
-1.84113590207 -0.966302664148 0.294070997119
-1.85741892438 -0.974848653511 0.0983109459575
-1.85741892438 -0.974848653511 -0.0983109459575
-1.84113590207 -0.966302664148 -0.294070997119
-1.80871260222 -0.949285603651 -0.487253081326
-1.76043326296 -0.923946651707 -0.676163672072
-1.69672112408 -0.890507941684 -0.859146688801
-1.61813471664 -0.849262613301 -1.03459801491
-1.52536296665 -0.800572242825 -1.20097956018
-1.41921915564 -0.744863673323 -1.35683274445
-1.30063379099 -0.682625272747 -1.5007912842
-1.17064644871 -0.614402652674 -1.63159317003
-1.03039665999 -0.540793885207 -1.74809173009
-0.881113921518 -0.462444259993 -1.84926568229
-0.724106917161 -0.380040627307 -1.9342280874
-0.68404731052 -0.448152856573 1.9342280874
-0.832368251141 -0.545325160603 1.84926568229
-0.973392253725 -0.637716883561 1.74809173009
-1.10588303444 -0.72451807543 1.63159317003
-1.22867911577 -0.804967795465 1.5007912842
-1.34070400855 -0.878360782958 1.35683274445
-1.440975649 -0.94405363989 1.20097956018
-1.52861500801 -1.00147047127 1.03459801491
-1.60285379703 -1.05010793371 0.859146688801
-1.66304120337 -1.08953964795 0.676163672072
-1.70864959542 -1.11941993674 0.487253081326
-1.73927914824 -1.13948685518 0.294070997119
-1.75466134851 -1.14956448707 0.0983109459575
-1.75466134851 -1.14956448707 -0.0983109459575
-1.73927914824 -1.13948685518 -0.294070997119
-1.70864959542 -1.11941993674 -0.487253081326
-1.66304120337 -1.08953964795 -0.676163672072
-1.60285379703 -1.05010793371 -0.859146688801
-1.52861500801 -1.00147047127 -1.03459801491
-1.440975649 -0.94405363989 -1.20097956018
-1.34070400855 -0.878360782958 -1.35683274445
-1.22867911577 -0.804967795465 -1.5007912842
-1.10588303444 -0.72451807543 -1.63159317003
-0.973392253725 -0.637716883561 -1.74809173009
-0.832368251141 -0.545325160603 -1.84926568229
-0.68404731052 -0.448152856573 -1.9342280874
-0.637600938447 -0.512080803365 1.9342280874
-0.775850982672 -0.623114507118 1.84926568229
-0.907299546256 -0.728685691196 1.74809173009
-1.03079428825 -0.827868868127 1.63159317003
-1.14525259469 -0.919794550764 1.5007912842
-1.24967106936 -1.00365687462 1.35683274445
-1.34313432997 -1.07872066248 1.20097956018
-1.42482303291 -1.14432786928 1.03459801491
-1.49402105595 -1.19990335089 0.859146688801
-1.55012177613 -1.24495990607 0.676163672072
-1.59263338773 -1.2791025475 0.487253081326
-1.62118321362 -1.30203196447 0.294070997119
-1.63552097239 -1.31354714675 0.0983109459575
-1.63552097239 -1.31354714675 -0.0983109459575
-1.62118321362 -1.30203196447 -0.294070997119
-1.59263338773 -1.2791025475 -0.487253081326
-1.55012177613 -1.24495990607 -0.676163672072
-1.49402105595 -1.19990335089 -0.859146688801
-1.42482303291 -1.14432786928 -1.03459801491
-1.34313432997 -1.07872066248 -1.20097956018
-1.24967106936 -1.00365687462 -1.35683274445
-1.14525259469 -0.919794550764 -1.5007912842
-1.03079428825 -0.827868868127 -1.63159317003
-0.907299546256 -0.728685691196 -1.74809173009
-0.775850982672 -0.623114507118 -1.84926568229
-0.637600938447 -0.512080803365 -1.9342280874
-0.585201458204 -0.571227589669 1.9342280874
-0.71208980262 -0.695086001369 1.84926568229
-0.832735627382 -0.812850956867 1.74809173009
-0.946081293511 -0.92349007226 1.63159317003
-1.05113315871 -1.02603343217 1.5007912842
-1.1469702881 -1.11958209247 1.35683274445
-1.23275252759 -1.20331596089 1.20097956018
-1.30772786905 -1.2765009863 1.03459801491
-1.37123904281 -1.33849559379 0.859146688801
-1.42272927953 -1.38875630897 0.676163672072
-1.4617471912 -1.4268425224 0.487253081326
-1.48795072814 -1.45242035212 0.294070997119
-1.50111017763 -1.46526557064 0.0983109459575
-1.50111017763 -1.46526557064 -0.0983109459575
-1.48795072814 -1.45242035212 -0.294070997119
-1.4617471912 -1.4268425224 -0.487253081326
-1.42272927953 -1.38875630897 -0.676163672072
-1.37123904281 -1.33849559379 -0.859146688801
-1.30772786905 -1.2765009863 -1.03459801491
-1.23275252759 -1.20331596089 -1.20097956018
-1.1469702881 -1.11958209247 -1.35683274445
-1.05113315871 -1.02603343217 -1.5007912842
-0.946081293511 -0.92349007226 -1.63159317003
-0.832735627382 -0.812850956867 -1.74809173009
-0.71208980262 -0.695086001369 -1.84926568229
-0.585201458204 -0.571227589669 -1.9342280874
-0.52733810962 -0.625040977878 1.9342280874
-0.641680031942 -0.760567664906 1.84926568229
-0.750396680323 -0.889426852164 1.74809173009
-0.852534992646 -1.01048889841 1.63159317003
-0.947199575635 -1.12269251586 1.5007912842
-1.0335605543 -1.22505407398 1.35683274445
-1.110860847 -1.31667622239 1.20097956018
-1.17842280243 -1.39675575755 1.03459801491
-1.23565414018 -1.46459066396 0.859146688801
-1.28205314299 -1.5195862684 0.676163672072
-1.317213055 -1.56126045311 0.487253081326
-1.34082564762 -1.58924788227 0.294070997119
-1.35268392159 -1.60330320469 0.0983109459575
-1.35268392159 -1.60330320469 -0.0983109459575
-1.34082564762 -1.58924788227 -0.294070997119
-1.317213055 -1.56126045311 -0.487253081326
-1.28205314299 -1.5195862684 -0.676163672072
-1.23565414018 -1.46459066396 -0.859146688801
-1.17842280243 -1.39675575755 -1.03459801491
-1.110860847 -1.31667622239 -1.20097956018
-1.0335605543 -1.22505407398 -1.35683274445
-0.947199575635 -1.12269251586 -1.5007912842
-0.852534992646 -1.01048889841 -1.63159317003
-0.750396680323 -0.889426852164 -1.74809173009
-0.641680031942 -0.760567664906 -1.84926568229
-0.52733810962 -0.625040977878 -1.9342280874
-0.46455114719 -0.673018526884 1.9342280874
-0.565279067698 -0.81894811308 1.84926568229
-0.661051481644 -0.957698408585 1.74809173009
-0.751028802259 -1.08805306197 1.63159317003
-0.834422245333 -1.20886932203 1.5007912842
-0.910500744076 -1.31908805567 1.35683274445
-0.978597357994 -1.41774303276 1.20097956018
-1.03811511961 -1.50396939662 1.03459801491
-1.08853226778 -1.57701124571 0.859146688801
-1.12940682167 -1.63622826027 0.676163672072
-1.1603804554 -1.68110131564 0.487253081326
-1.1811816393 -1.71123703315 0.294070997119
-1.19162802023 -1.7263712287 0.0983109459575
-1.19162802023 -1.7263712287 -0.0983109459575
-1.1811816393 -1.71123703315 -0.294070997119
-1.1603804554 -1.68110131564 -0.487253081326
-1.12940682167 -1.63622826027 -0.676163672072
-1.08853226778 -1.57701124571 -0.859146688801
-1.03811511961 -1.50396939662 -1.03459801491
-0.978597357994 -1.41774303276 -1.20097956018
-0.910500744076 -1.31908805567 -1.35683274445
-0.834422245333 -1.20886932203 -1.5007912842
-0.751028802259 -1.08805306197 -1.63159317003
-0.661051481644 -0.957698408585 -1.74809173009
-0.565279067698 -0.81894811308 -1.84926568229
-0.46455114719 -0.673018526884 -1.9342280874
-0.397426795865 -0.714712283239 1.9342280874
-0.483600245104 -0.869682263375 1.84926568229
-0.565534223391 -1.017028193 1.74809173009
-0.642510458298 -1.15545836726 1.63159317003
-0.71385413935 -1.28375924106 1.5007912842
-0.778939833729 -1.40080606759 1.35683274445
-0.837196969121 -1.50557275842 1.20097956018
-0.888114835627 -1.59714087866 1.03459801491
-0.931247062883 -1.67470769837 0.859146688801
-0.966215533166 -1.73759322974 0.676163672072
-0.992713696146 -1.78524618812 0.487253081326
-1.01050925626 -1.81724882491 0.294070997119
-1.01944620912 -1.8333205897 0.0983109459575
-1.01944620912 -1.8333205897 -0.0983109459575
-1.01050925626 -1.81724882491 -0.294070997119
-0.992713696146 -1.78524618812 -0.487253081326
-0.966215533166 -1.73759322974 -0.676163672072
-0.931247062883 -1.67470769837 -0.859146688801
-0.888114835627 -1.59714087866 -1.03459801491
-0.837196969121 -1.50557275842 -1.20097956018
-0.778939833729 -1.40080606759 -1.35683274445
-0.71385413935 -1.28375924106 -1.5007912842
-0.642510458298 -1.15545836726 -1.63159317003
-0.565534223391 -1.017028193 -1.74809173009
-0.483600245104 -0.869682263375 -1.84926568229
-0.397426795865 -0.714712283239 -1.9342280874
-0.326591777627 -0.749732963574 1.9342280874
-0.397406177321 -0.9122964247 1.84926568229
-0.464736724469 -1.06686225921 1.74809173009
-0.527993167303 -1.21207546909 1.63159317003
-0.586620969604 -1.34666304593 1.5007912842
-0.640106172028 -1.46944513069 1.35683274445
-0.687979897719 -1.5793453569 1.20097956018
-0.729822462709 -1.67540028664 1.03459801491
-0.76526705507 -1.75676785647 0.859146688801
-0.794002950559 -1.82273475938 0.676163672072
-0.815778236578 -1.87272269796 0.487253081326
-0.830402020559 -1.90629345403 0.294070997119
-0.83774610342 -1.92315273031 0.0983109459575
-0.83774610342 -1.92315273031 -0.0983109459575
-0.830402020559 -1.90629345403 -0.294070997119
-0.815778236578 -1.87272269796 -0.487253081326
-0.794002950559 -1.82273475938 -0.676163672072
-0.76526705507 -1.75676785647 -0.859146688801
-0.729822462709 -1.67540028664 -1.03459801491
-0.687979897719 -1.5793453569 -1.20097956018
-0.640106172028 -1.46944513069 -1.35683274445
-0.586620969604 -1.34666304593 -1.5007912842
-0.527993167303 -1.21207546909 -1.63159317003
-0.464736724469 -1.06686225921 -1.74809173009
-0.397406177321 -0.9122964247 -1.84926568229
-0.326591777627 -0.749732963574 -1.9342280874
-0.252707459958 -0.777753589233 1.9342280874
-0.307501635136 -0.946392720113 1.84926568229
-0.359600103967 -1.10673531995 1.74809173009
-0.408546146365 -1.25737574885 1.63159317003
-0.453910677922 -1.39699342079 1.5007912842
-0.495296011466 -1.52436438052 1.35683274445
-0.532339343377 -1.6383720333 1.20097956018
-0.564715934097 -1.73801693355 1.03459801491
-0.592141954954 -1.82242554643 0.859146688801
-0.614376976336 -1.89085790569 0.676163672072
-0.631226075415 -1.94271410054 0.487253081326
-0.642541544934 -1.97753953479 0.294070997119
-0.648224188076 -1.99502891204 0.0983109459575
-0.648224188076 -1.99502891204 -0.0983109459575
-0.642541544934 -1.97753953479 -0.294070997119
-0.631226075415 -1.94271410054 -0.487253081326
-0.614376976336 -1.89085790569 -0.676163672072
-0.592141954954 -1.82242554643 -0.859146688801
-0.564715934097 -1.73801693355 -1.03459801491
-0.532339343377 -1.6383720333 -1.20097956018
-0.495296011466 -1.52436438052 -1.35683274445
-0.453910677922 -1.39699342079 -1.5007912842
-0.408546146365 -1.25737574885 -1.63159317003
-0.359600103967 -1.10673531995 -1.74809173009
-0.307501635136 -0.946392720113 -1.84926568229
-0.252707459958 -0.777753589233 -1.9342280874
-0.176463680823 -0.798512539184 1.9342280874
-0.214726033035 -0.97165280169 1.84926568229
-0.251105994184 -1.1362750912 1.74809173009
-0.285284640136 -1.29093625001 1.63159317003
-0.31696234454 -1.43428044448 1.5007912842
-0.345861405496 -1.56505105085 1.35683274445
-0.371728480017 -1.68210167147 1.20097956018
-0.394336804963 -1.78440618464 1.03459801491
-0.413488184948 -1.87106774009 0.859146688801
-0.429014729819 -1.94132662119 0.676163672072
-0.44078032646 -1.994566905 0.487253081326
-0.448681832026 -2.03032186174 0.294070997119
-0.452649978143 -2.04827804635 0.0983109459575
-0.452649978143 -2.04827804635 -0.0983109459575
-0.448681832026 -2.03032186174 -0.294070997119
-0.44078032646 -1.994566905 -0.487253081326
-0.429014729819 -1.94132662119 -0.676163672072
-0.413488184948 -1.87106774009 -0.859146688801
-0.394336804963 -1.78440618464 -1.03459801491
-0.371728480017 -1.68210167147 -1.20097956018
-0.345861405496 -1.56505105085 -1.35683274445
-0.31696234454 -1.43428044448 -1.5007912842
-0.285284640136 -1.29093625001 -1.63159317003
-0.251105994184 -1.1362750912 -1.74809173009
-0.214726033035 -0.97165280169 -1.84926568229
-0.176463680823 -0.798512539184 -1.9342280874
-0.0985723078456 -0.811815992704 1.9342280874
-0.119945591819 -0.987840822854 1.84926568229
-0.140267375389 -1.15520576807 1.74809173009
-0.159359508087 -1.31244362724 1.63159317003
-0.177054619148 -1.4581759781 1.5007912842
-0.193197584769 -1.59112526119 1.35683274445
-0.207646887996 -1.71012597955 1.20097956018
-0.22027585933 -1.81413491597 1.03459801491
-0.230973787168 -1.90224027839 0.859146688801
-0.239646888362 -1.9736696931 0.676163672072
-0.246219130359 -2.02779697568 0.487253081326
-0.250632897744 -2.0641476205 0.294070997119
-0.252849497323 -2.08240296043 0.0983109459575
-0.252849497323 -2.08240296043 -0.0983109459575
-0.250632897744 -2.0641476205 -0.294070997119
-0.246219130359 -2.02779697568 -0.487253081326
-0.239646888362 -1.9736696931 -0.676163672072
-0.230973787168 -1.90224027839 -0.859146688801
-0.22027585933 -1.81413491597 -1.03459801491
-0.207646887996 -1.71012597955 -1.20097956018
-0.193197584769 -1.59112526119 -1.35683274445
-0.177054619148 -1.4581759781 -1.5007912842
-0.159359508087 -1.31244362724 -1.63159317003
-0.140267375389 -1.15520576807 -1.74809173009
-0.119945591819 -0.987840822854 -1.84926568229
-0.0985723078456 -0.811815992704 -1.9342280874
-0.0197605917889 -0.817539739032 1.9342280874
-0.0240452509292 -0.994805640415 1.84926568229
-0.0281191179039 -1.16335059995 1.74809173009
-0.0319464792477 -1.32169707193 1.63159317003
-0.035493782481 -1.4684569155 1.5007912842
-0.0387299302479 -1.60234356368 1.35683274445
-0.0416265529297 -1.72218330212 1.20097956018
-0.0441582573473 -1.82692555838 1.03459801491
-0.0463028493694 -1.91565211175 0.859146688801
-0.0480415284769 -1.98758514285 0.676163672072
-0.0493590525776 -2.04209405235 0.487253081326
-0.0502438716253 -2.07870098908 0.294070997119
-0.0506882288732 -2.09708503913 0.0983109459575
-0.0506882288732 -2.09708503913 -0.0983109459575
-0.0502438716253 -2.07870098908 -0.294070997119
-0.0493590525776 -2.04209405235 -0.487253081326
-0.0480415284769 -1.98758514285 -0.676163672072
-0.0463028493694 -1.91565211175 -0.859146688801
-0.0441582573473 -1.82692555838 -1.03459801491
-0.0416265529297 -1.72218330212 -1.20097956018
-0.0387299302479 -1.60234356368 -1.35683274445
-0.035493782481 -1.4684569155 -1.5007912842
-0.0319464792477 -1.32169707193 -1.63159317003
-0.0281191179039 -1.16335059995 -1.74809173009
-0.0240452509292 -0.994805640415 -1.84926568229
-0.0197605917889 -0.817539739032 -1.9342280874
0.0592356235891 -0.81563033709 1.9342280874
0.0720795939898 -0.992482225747 1.84926568229
0.084291680209 -1.16063354072 1.74809173009
0.0957648252605 -1.31861018718 1.63159317003
0.106398450069 -1.46502726633 1.5007912842
0.116099335197 -1.59860121604 1.35683274445
0.124782438046 -1.71816106322 1.20097956018
0.132371638386 -1.82265868908 1.03459801491
0.138800405658 -1.91117801748 0.859146688801
0.144012382215 -1.98294304566 0.676163672072
0.147961877378 -2.03732464707 0.487253081326
0.150614267986 -2.0738460866 0.294070997119
0.151946301912 -2.09218719985 0.0983109459575
0.151946301912 -2.09218719985 -0.0983109459575
0.150614267986 -2.0738460866 -0.294070997119
0.147961877378 -2.03732464707 -0.487253081326
0.144012382215 -1.98294304566 -0.676163672072
0.138800405658 -1.91117801748 -0.859146688801
0.132371638386 -1.82265868908 -1.03459801491
0.124782438046 -1.71816106322 -1.20097956018
0.116099335197 -1.59860121604 -1.35683274445
0.106398450069 -1.46502726633 -1.5007912842
0.0957648252605 -1.31861018718 -1.63159317003
0.084291680209 -1.16063354072 -1.74809173009
0.0720795939898 -0.992482225747 -1.84926568229
0.0592356235891 -0.81563033709 -1.9342280874
0.13767877191 -0.806105614451 1.9342280874
0.167531451161 -0.980892271947 1.84926568229
0.195915469615 -1.14707995883 1.74809173009
0.222581999398 -1.30321179439 1.63159317003
0.247297268959 -1.4479190523 1.5007912842
0.26984461243 -1.57993315957 1.35683274445
0.290026369019 -1.69809681741 1.20097956018
0.307665615797 -1.8013741467 1.03459801491
0.322607718696 -1.888859769 0.859146688801
0.334721688096 -1.95978674352 0.676163672072
0.343901327152 -2.01353329049 0.487253081326
0.350066162757 -2.04962824198 0.294070997119
0.353162151016 -2.0677551724 0.0983109459575
0.353162151016 -2.0677551724 -0.0983109459575
0.350066162757 -2.04962824198 -0.294070997119
0.343901327152 -2.01353329049 -0.487253081326
0.334721688096 -1.95978674352 -0.676163672072
0.322607718696 -1.888859769 -0.859146688801
0.307665615797 -1.8013741467 -1.03459801491
0.290026369019 -1.69809681741 -1.20097956018
0.26984461243 -1.57993315957 -1.35683274445
0.247297268959 -1.4479190523 -1.5007912842
0.222581999398 -1.30321179439 -1.63159317003
0.195915469615 -1.14707995883 -1.74809173009
0.167531451161 -0.980892271947 -1.84926568229
0.13767877191 -0.806105614451 -1.9342280874
0.214836450633 -0.789054500883 1.9342280874
0.261419112311 -0.960143991291 1.84926568229
0.305710049068 -1.12281640044 1.74809173009
0.347320985378 -1.27564566421 1.63159317003
0.385887139879 -1.41729200821 1.5007912842
0.421070423223 -1.54651369288 1.35683274445
0.452562401927 -1.66217789914 1.20097956018
0.48008700225 -1.76327065926 1.03459801491
0.503402930386 -1.84890574578 0.859146688801
0.522305787761 -1.91833244059 0.676163672072
0.536629862892 -1.97094211609 0.487253081326
0.546249584087 -2.00627357071 0.294070997119
0.551080620271 -2.02401707203 0.0983109459575
0.551080620271 -2.02401707203 -0.0983109459575
0.546249584087 -2.00627357071 -0.294070997119
0.536629862892 -1.97094211609 -0.487253081326
0.522305787761 -1.91833244059 -0.676163672072
0.503402930386 -1.84890574578 -0.859146688801
0.48008700225 -1.76327065926 -1.03459801491
0.452562401927 -1.66217789914 -1.20097956018
0.421070423223 -1.54651369288 -1.35683274445
0.385887139879 -1.41729200821 -1.5007912842
0.347320985378 -1.27564566421 -1.63159317003
0.305710049068 -1.12281640044 -1.74809173009
0.261419112311 -0.960143991291 -1.84926568229
0.214836450633 -0.789054500883 -1.9342280874
0.289988259301 -0.764636198039 1.9342280874
0.352865973645 -0.930431104885 1.84926568229
0.412650296162 -1.08806940784 1.74809173009
0.468817128898 -1.23616917416 1.63159317003
0.520874086545 -1.3734320905 1.5007912842
0.568364812925 -1.49865484452 1.35683274445
0.610872981625 -1.61073967367 1.20097956018
0.648025945715 -1.70870398876 1.03459801491
0.679498004549 -1.79168898778 0.859146688801
0.705013259014 -1.85896718453 0.676163672072
0.72434803019 -1.90994878619 0.487253081326
0.737332820229 -1.94418686367 0.294070997119
0.743853798255 -1.96138126959 0.0983109459575
0.743853798255 -1.96138126959 -0.0983109459575
0.737332820229 -1.94418686367 -0.294070997119
0.72434803019 -1.90994878619 -0.487253081326
0.705013259014 -1.85896718453 -0.676163672072
0.679498004549 -1.79168898778 -0.859146688801
0.648025945715 -1.70870398876 -1.03459801491
0.610872981625 -1.61073967367 -1.20097956018
0.568364812925 -1.49865484452 -1.35683274445
0.520874086545 -1.3734320905 -1.5007912842
0.468817128898 -1.23616917416 -1.63159317003
0.412650296162 -1.08806940784 -1.74809173009
0.352865973645 -0.930431104885 -1.84926568229
0.289988259301 -0.764636198039 -1.9342280874
0.362432525725 -0.733078693034 1.9342280874
0.441018220457 -0.892031033944 1.84926568229
0.515737738623 -1.04316340434 1.74809173009
0.585936053202 -1.1851509056 1.63159317003
0.650997772208 -1.31674880742 1.5007912842
0.710352533507 -1.43680345967 1.35683274445
0.763480004884 -1.54426240586 1.20097956018
0.809914445525 -1.63818360951 1.03459801491
0.849248788925 -1.71774371244 0.859146688801
0.881138211423 -1.78224525274 0.676163672072
0.905303155095 -1.83112277909 0.487253081326
0.921531778493 -1.86394780771 0.294070997119
0.929681813744 -1.88043257871 0.0983109459575
0.929681813744 -1.88043257871 -0.0983109459575
0.921531778493 -1.86394780771 -0.294070997119
0.905303155095 -1.83112277909 -0.487253081326
0.881138211423 -1.78224525274 -0.676163672072
0.849248788925 -1.71774371244 -0.859146688801
0.809914445525 -1.63818360951 -1.03459801491
0.763480004884 -1.54426240586 -1.20097956018
0.710352533507 -1.43680345967 -1.35683274445
0.650997772208 -1.31674880742 -1.5007912842
0.585936053202 -1.1851509056 -1.63159317003
0.515737738623 -1.04316340434 -1.74809173009
0.441018220457 -0.892031033944 -1.84926568229
0.362432525725 -0.733078693034 -1.9342280874
0.431492857308 -0.69467662979 1.9342280874
0.525052798971 -0.845302309583 1.84926568229
0.614009876776 -0.9885176652 1.74809173009
0.697584250448 -1.12306720236 1.63159317003
0.775043267073 -1.2477713955 1.5007912842
0.845707883877 -1.36153702804 1.35683274445
0.908958621046 -1.46336677605 1.20097956018
0.964240992378 -1.55236795128 1.03459801491
1.01107036618 -1.62776032687 0.859146688801
1.04903621376 -1.68888297723 0.676163672072
1.07780570836 -1.73520007196 0.487253081326
1.09712664283 -1.76630557329 0.294070997119
1.10682964063 -1.7819267955 0.0983109459575
1.10682964063 -1.7819267955 -0.0983109459575
1.09712664283 -1.76630557329 -0.294070997119
1.07780570836 -1.73520007196 -0.487253081326
1.04903621376 -1.68888297723 -0.676163672072
1.01107036618 -1.62776032687 -0.859146688801
0.964240992378 -1.55236795128 -1.03459801491
0.908958621046 -1.46336677605 -1.20097956018
0.845707883877 -1.36153702804 -1.35683274445
0.775043267073 -1.2477713955 -1.5007912842
0.697584250448 -1.12306720236 -1.63159317003
0.614009876776 -0.9885176652 -1.74809173009
0.525052798971 -0.845302309583 -1.84926568229
0.431492857308 -0.69467662979 -1.9342280874
0.496524456342 -0.649788558023 1.9342280874
0.604185100969 -0.790681225312 1.84926568229
0.706549170146 -0.924642402962 1.74809173009
0.802719291502 -1.05049772325 1.63159317003
0.891852391777 -1.16714387825 1.5007912842
0.973167087599 -1.27355829202 1.35683274445
1.04595053547 -1.36880808493 1.20097956018
1.10956468089 -1.45205825175 1.03459801491
1.16345185184 -1.52257898172 0.859146688801
1.20713964762 -1.5797520564 0.676163672072
1.24024508013 -1.62307626929 0.487253081326
1.26247793131 -1.65217181963 0.294070997119
1.27364329738 -1.66678364191 0.0983109459575
1.27364329738 -1.66678364191 -0.0983109459575
1.26247793131 -1.65217181963 -0.294070997119
1.24024508013 -1.62307626929 -0.487253081326
1.20713964762 -1.5797520564 -0.676163672072
1.16345185184 -1.52257898172 -0.859146688801
1.10956468089 -1.45205825175 -1.03459801491
1.04595053547 -1.36880808493 -1.20097956018
0.973167087599 -1.27355829202 -1.35683274445
0.891852391777 -1.16714387825 -1.5007912842
0.802719291502 -1.05049772325 -1.63159317003
0.706549170146 -0.924642402962 -1.74809173009
0.604185100969 -0.790681225312 -1.84926568229
0.496524456342 -0.649788558023 -1.9342280874
0.556920140308 -0.598833585567 1.9342280874
0.677676289468 -0.728677763478 1.84926568229
0.792491604283 -0.85213400374 1.74809173009
0.900359558813 -0.968120029928 1.63159317003
1.000334531 -1.07561905308 1.5007912842
1.09154009243 -1.17368868538 1.35683274445
1.17317669156 -1.26146920153 1.20097956018
1.24452866292 -1.33819107556 1.03459801491
1.30497050103 -1.40318172684 0.859146688801
1.35397234383 -1.45587141626 0.676163672072
1.39110461775 -1.49579824081 0.487253081326
1.41604180351 -1.52261218285 0.294070997119
1.42856528982 -1.53607817855 0.0983109459575
1.42856528982 -1.53607817855 -0.0983109459575
1.41604180351 -1.52261218285 -0.294070997119
1.39110461775 -1.49579824081 -0.487253081326
1.35397234383 -1.45587141626 -0.676163672072
1.30497050103 -1.40318172684 -0.859146688801
1.24452866292 -1.33819107556 -1.03459801491
1.17317669156 -1.26146920153 -1.20097956018
1.09154009243 -1.17368868538 -1.35683274445
1.000334531 -1.07561905308 -1.5007912842
0.900359558813 -0.968120029928 -1.63159317003
0.792491604283 -0.85213400374 -1.74809173009
0.677676289468 -0.728677763478 -1.84926568229
0.556920140308 -0.598833585567 -1.9342280874
0.612116010979 -0.542287465268 1.9342280874
0.744840197042 -0.659870833697 1.84926568229
0.871034757837 -0.77166945892 1.74809173009
0.989593411511 -0.876703260738 1.63159317003
1.09947681622 -0.974051462628 1.5007912842
1.19972168152 -1.06286066371 1.35683274445
1.28944921297 -1.14235232007 1.20097956018
1.36787281615 -1.21182956985 1.03459801491
1.43430499226 -1.27068334225 0.859146688801
1.48816336508 -1.31839769697 0.676163672072
1.52897578636 -1.35455434717 0.487253081326
1.55638447491 -1.37883632636 0.294070997119
1.57014915306 -1.3910307671 0.0983109459575
1.57014915306 -1.3910307671 -0.0983109459575
1.55638447491 -1.37883632636 -0.294070997119
1.52897578636 -1.35455434717 -0.487253081326
1.48816336508 -1.31839769697 -0.676163672072
1.43430499226 -1.27068334225 -0.859146688801
1.36787281615 -1.21182956985 -1.03459801491
1.28944921297 -1.14235232007 -1.20097956018
1.19972168152 -1.06286066371 -1.35683274445
1.09947681622 -0.974051462628 -1.5007912842
0.989593411511 -0.876703260738 -1.63159317003
0.871034757837 -0.77166945892 -1.74809173009
0.744840197042 -0.659870833697 -1.84926568229
0.612116010979 -0.542287465268 -1.9342280874
0.66159671938 -0.480678153018 1.9342280874
0.805049732383 -0.584902867735 1.84926568229
0.941445294544 -0.684000044277 1.74809173009
1.06958769716 -0.777100949416 1.63159317003
1.18835358266 -0.863389416108 1.5007912842
1.29670179251 -0.9421089984 1.35683274445
1.39368249451 -1.0125696028 1.20097956018
1.47844550946 -1.07415353796 1.03459801491
1.55024776423 -1.12632092966 0.859146688801
1.60845980595 -1.16861445361 0.676163672072
1.65257132002 -1.20066334456 0.487253081326
1.68219560382 -1.2221866466 0.294070997119
1.69707295671 -1.23299567618 0.0983109459575
1.69707295671 -1.23299567618 -0.0983109459575
1.68219560382 -1.2221866466 -0.294070997119
1.65257132002 -1.20066334456 -0.487253081326
1.60845980595 -1.16861445361 -0.676163672072
1.55024776423 -1.12632092966 -0.859146688801
1.47844550946 -1.07415353796 -1.03459801491
1.39368249451 -1.0125696028 -1.20097956018
1.29670179251 -0.9421089984 -1.35683274445
1.18835358266 -0.863389416108 -1.5007912842
1.06958769716 -0.777100949416 -1.63159317003
0.941445294544 -0.684000044277 -1.74809173009
0.805049732383 -0.584902867735 -1.84926568229
0.66159671938 -0.480678153018 -1.9342280874
0.70490027747 -0.414580878365 1.9342280874
0.857742735281 -0.504473821291 1.84926568229
1.00306581019 -0.589944305514 1.74809173009
1.13959553066 -0.670243055908 1.63159317003
1.26613501187 -0.744666135238 1.5007912842
1.38157494825 -0.812561115207 1.35683274445
1.4849033381 -0.873332795963 1.20097956018
1.57521435538 -0.926448423897 1.03459801491
1.65171629052 -0.971442362021 0.859146688801
1.71373849099 -1.00792017196 0.676163672072
1.76073724053 -1.0355620718 0.487253081326
1.79230052562 -1.05412573942 0.294070997119
1.80815164742 -1.06344843684 0.0983109459575
1.80815164742 -1.06344843684 -0.0983109459575
1.79230052562 -1.05412573942 -0.294070997119
1.76073724053 -1.0355620718 -0.487253081326
1.71373849099 -1.00792017196 -0.676163672072
1.65171629052 -0.971442362021 -0.859146688801
1.57521435538 -0.926448423897 -1.03459801491
1.4849033381 -0.873332795963 -1.20097956018
1.38157494825 -0.812561115207 -1.35683274445
1.26613501187 -0.744666135238 -1.5007912842
1.13959553066 -0.670243055908 -1.63159317003
1.00306581019 -0.589944305514 -1.74809173009
0.857742735281 -0.504473821291 -1.84926568229
0.70490027747 -0.414580878365 -1.9342280874
0.741622371595 -0.344612773754 1.9342280874
0.902427225366 -0.4193346387 1.84926568229
1.05532097064 -0.490380415722 1.74809173009
1.19896326774 -0.557127283575 1.63159317003
1.33209487963 -0.618990107302 1.5007912842
1.45354871093 -0.675426567815 1.35683274445
1.56226003931 -0.725941916119 1.20097956018
1.65727584929 -0.770093310521 1.03459801491
1.73776318684 -0.807493698788 0.859146688801
1.80301646148 -0.837815211236 0.676163672072
1.85246363182 -0.860792034991 0.487253081326
1.88567122032 -0.87622274423 0.294070997119
1.90234811337 -0.883972065979 0.0983109459575
1.90234811337 -0.883972065979 -0.0983109459575
1.88567122032 -0.87622274423 -0.294070997119
1.85246363182 -0.860792034991 -0.487253081326
1.80301646148 -0.837815211236 -0.676163672072
1.73776318684 -0.807493698788 -0.859146688801
1.65727584929 -0.770093310521 -1.03459801491
1.56226003931 -0.725941916119 -1.20097956018
1.45354871093 -0.675426567815 -1.35683274445
1.33209487963 -0.618990107302 -1.5007912842
1.19896326774 -0.557127283575 -1.63159317003
1.05532097064 -0.490380415722 -1.74809173009
0.902427225366 -0.4193346387 -1.84926568229
0.741622371595 -0.344612773754 -1.9342280874
0.771420137455 -0.271427112524 1.9342280874
0.938685995593 -0.33028024157 1.84926568229
1.09772288352 -0.386237976115 1.74809173009
1.24713660783 -0.438809763904 1.63159317003
1.3856173364 -0.487534735512 1.5007912842
1.51195108094 -0.531985744543 1.35683274445
1.62503033946 -0.571773112199 1.20097956018
1.72386380512 -0.606548043394 1.03459801491
1.80758505649 -0.636005684456 0.859146688801
1.87546015307 -0.65988779562 0.676163672072
1.9268940693 -0.677985014881 0.487253081326
1.9614359109 -0.690138693363 0.294070997119
1.97878286755 -0.69624228611 0.0983109459575
1.97878286755 -0.69624228611 -0.0983109459575
1.9614359109 -0.690138693363 -0.294070997119
1.9268940693 -0.677985014881 -0.487253081326
1.87546015307 -0.65988779562 -0.676163672072
1.80758505649 -0.636005684456 -0.859146688801
1.72386380512 -0.606548043394 -1.03459801491
1.62503033946 -0.571773112199 -1.20097956018
1.51195108094 -0.531985744543 -1.35683274445
1.3856173364 -0.487534735512 -1.5007912842
1.24713660783 -0.438809763904 -1.63159317003
1.09772288352 -0.386237976115 -1.74809173009
0.938685995593 -0.33028024157 -1.84926568229
0.771420137455 -0.271427112524 -1.9342280874
0.794015361339 -0.195707209477 1.9342280874
0.966180507595 -0.238142106815 1.84926568229
1.1298756536 -0.278489336591 1.74809173009
1.28366576944 -0.316395195699 1.63159317003
1.42620265744 -0.351527383256 1.5007912842
1.55623677109 -0.383577913709 1.35683274445
1.67262816918 -0.412265816786 1.20097956018
1.77435650907 -0.437339600612 1.03459801491
1.8605299915 -0.458579456411 0.859146688801
1.93039317852 -0.475799185453 0.676163672072
1.98333361604 -0.48884783136 0.487253081326
2.01888720286 -0.497611003463 0.294070997119
2.03674225925 -0.502011879607 0.0983109459575
2.03674225925 -0.502011879607 -0.0983109459575
2.01888720286 -0.497611003463 -0.294070997119
1.98333361604 -0.48884783136 -0.487253081326
1.93039317852 -0.475799185453 -0.676163672072
1.8605299915 -0.458579456411 -0.859146688801
1.77435650907 -0.437339600612 -1.03459801491
1.67262816918 -0.412265816786 -1.20097956018
1.55623677109 -0.383577913709 -1.35683274445
1.42620265744 -0.351527383256 -1.5007912842
1.28366576944 -0.316395195699 -1.63159317003
1.1298756536 -0.278489336591 -1.74809173009
0.966180507595 -0.238142106815 -1.84926568229
0.794015361339 -0.195707209477 -1.9342280874
0.80919707773 -0.118160040946 1.9342280874
0.98465405252 -0.143780503372 1.84926568229
1.15147907913 -0.168140517166 1.74809173009
1.30820968962 -0.191026530799 1.63159317003
1.45347190853 -0.212237914536 1.5007912842
1.5859922978 -0.231588719245 1.35683274445
1.70460912034 -0.24890930652 1.20097956018
1.80828252437 -0.264047835814 1.03459801491
1.89610365927 -0.276871595539 0.859146688801
1.96730264298 -0.287268166489 0.676163672072
2.02125531117 -0.29514640735 0.487253081326
2.05748868897 -0.300437253699 0.294070997119
2.07568513725 -0.303094323444 0.0983109459575
2.07568513725 -0.303094323444 -0.0983109459575
2.05748868897 -0.300437253699 -0.294070997119
2.02125531117 -0.29514640735 -0.487253081326
1.96730264298 -0.287268166489 -0.676163672072
1.89610365927 -0.276871595539 -0.859146688801
1.80828252437 -0.264047835814 -1.03459801491
1.70460912034 -0.24890930652 -1.20097956018
1.5859922978 -0.231588719245 -1.35683274445
1.45347190853 -0.212237914536 -1.5007912842
1.30820968962 -0.191026530799 -1.63159317003
1.15147907913 -0.168140517166 -1.74809173009
0.98465405252 -0.143780503372 -1.84926568229
0.80919707773 -0.118160040946 -1.9342280874
0.816823539033 -0.0395096439487 1.9342280874
0.993934147858 -0.0480764601089 1.84926568229
1.16233145475 -0.0562218150349 1.74809173009
1.32053920841 -0.0638743026511 1.63159317003
1.46717048404 -0.0709668375925 1.5007912842
1.60093984175 -0.0774372433071 1.35683274445
1.72067459543 -0.0832287971248 1.20097956018
1.82532509296 -0.0882907275159 1.03459801491
1.91397391805 -0.0925786591787 0.859146688801
1.98584393272 -0.0960550020541 0.676163672072
2.04030509007 -0.0986892808585 0.487253081326
2.07687995755 -0.100458402244 0.294070997119
2.09524790238 -0.101346857248 0.0983109459575
2.09524790238 -0.101346857248 -0.0983109459575
2.07687995755 -0.100458402244 -0.294070997119
2.04030509007 -0.0986892808585 -0.487253081326
1.98584393272 -0.0960550020541 -0.676163672072
1.91397391805 -0.0925786591787 -0.859146688801
1.82532509296 -0.0882907275159 -1.03459801491
1.72067459543 -0.0832287971248 -1.20097956018
1.60093984175 -0.0774372433071 -1.35683274445
1.46717048404 -0.0709668375925 -1.5007912842
1.32053920841 -0.0638743026511 -1.63159317003
1.16233145475 -0.0562218150349 -1.74809173009
0.993934147858 -0.0480764601089 -1.84926568229
0.816823539033 -0.0395096439487 -1.9342280874
1.10267873879 0 2.01843989235
1.08495823781 0.196890891558 2.01843989235
1.03236628636 0.387453547859 2.01843989235
0.946593233041 0.565563128334 2.01843989235
0.830395894348 0.725495044517 2.01843989235
0.687508948359 0.862108953031 2.01843989235
0.522524899086 0.971013970448 2.01843989235
0.340746469621 1.0487097999 2.01843989235
0.148016168255 1.09269923351 2.01843989235
-0.0494714945467 1.10156841467 2.01843989235
-0.245369102808 1.07503228061 2.01843989235
-0.433380346215 1.01394372452 2.01843989235
-0.607462388708 0.920266182838 2.01843989235
-0.762020090207 0.797010528846 2.01843989235
-0.892085839014 0.648138300675 2.01843989235
-0.993479214944 0.47843437423 2.01843989235
-1.06294135147 0.29335317334 2.01843989235
-1.09823967837 0.0988433600873 2.01843989235
-1.09823967837 -0.0988433600873 2.01843989235
-1.06294135147 -0.29335317334 2.01843989235
-0.993479214944 -0.47843437423 2.01843989235
-0.892085839014 -0.648138300675 2.01843989235
-0.762020090207 -0.797010528846 2.01843989235
-0.607462388708 -0.920266182838 2.01843989235
-0.433380346215 -1.01394372452 2.01843989235
-0.245369102808 -1.07503228061 2.01843989235
-0.0494714945467 -1.10156841467 2.01843989235
0.148016168255 -1.09269923351 2.01843989235
0.340746469621 -1.0487097999 2.01843989235
0.522524899086 -0.971013970448 2.01843989235
0.687508948359 -0.862108953031 2.01843989235
0.830395894348 -0.725495044517 2.01843989235
0.946593233041 -0.565563128334 2.01843989235
1.03236628636 -0.387453547859 2.01843989235
1.08495823781 -0.196890891558 2.01843989235
1.10267873879 -2.70078397588e-16 2.01843989235
1.48170068064 0 1.75913703075
1.46848018877 0.197491372498 1.75913703075
1.42905463314 0.391458506775 1.75913703075
1.36412756372 0.578440054725 1.75913703075
1.27485760562 0.755099326195 1.75913703075
1.16283778333 0.9182838323 1.75913703075
1.03006709326 1.06508154166 1.75913703075
0.878914831509 1.19287284568 1.75913703075
0.712078313764 1.29937730551 1.75913703075
0.532534741641 1.38269434654 1.75913703075
0.343488074438 1.4413371742 1.75913703075
0.148311854409 1.47425930584 1.75913703075
-0.0495109941759 1.48087324524 1.75913703075
-0.246450317897 1.4610609665 1.75913703075
-0.438991729856 1.41517602019 1.75913703075
-0.623699323996 1.34403722428 1.75913703075
-0.797276988924 1.24891405227 1.75913703075
-0.956627227096 1.1315039794 1.75913703075
-1.09890642974 0.993902191212 1.75913703075
-1.22157562111 0.838564194877 1.75913703075
-1.32244576658 0.668262000619 1.75913703075
-1.39971683602 0.486034655128 1.75913703075
-1.45200992536 0.295134009703 1.75913703075
-1.47839186318 0.098966690882 1.75913703075
-1.47839186318 -0.098966690882 1.75913703075
-1.45200992536 -0.295134009703 1.75913703075
-1.39971683602 -0.486034655128 1.75913703075
-1.32244576658 -0.668262000619 1.75913703075
-1.22157562111 -0.838564194877 1.75913703075
-1.09890642974 -0.993902191212 1.75913703075
-0.956627227096 -1.1315039794 1.75913703075
-0.797276988924 -1.24891405227 1.75913703075
-0.623699323996 -1.34403722428 1.75913703075
-0.438991729856 -1.41517602019 1.75913703075
-0.246450317897 -1.4610609665 1.75913703075
-0.0495109941759 -1.48087324524 1.75913703075
0.148311854409 -1.47425930584 1.75913703075
0.343488074438 -1.4413371742 1.75913703075
0.532534741641 -1.38269434654 1.75913703075
0.712078313764 -1.29937730551 1.75913703075
0.878914831509 -1.19287284568 1.75913703075
1.03006709326 -1.06508154166 1.75913703075
1.16283778333 -0.9182838323 1.75913703075
1.27485760562 -0.755099326195 1.75913703075
1.36412756372 -0.578440054725 1.75913703075
1.42905463314 -0.391458506775 1.75913703075
1.46848018877 -0.197491372498 1.75913703075
1.48170068064 -3.62911999169e-16 1.75913703075
1.80165189214 0 1.42970292702
1.79071708544 0.198196519505 1.42970292702
1.7580453991 0.393987201747 1.42970292702
1.70403342313 0.584995413069 1.42970292702
1.62933678974 0.768902572532 1.42970292702
1.53486221488 0.943476296348 1.42970292702
1.42175649192 1.10659749599 1.42970292702
1.2913925711 1.25628610107 1.42970292702
1.14535289384 1.3907250947 1.42970292702
0.985410183983 1.5082825696 1.42970292702
0.813505929364 1.60753153728 1.42970292702
0.631726814768 1.68726724971 1.42970292702
0.4422793924 1.74652182337 1.42970292702
0.247463297335 1.78457598799 1.42970292702
0.0496433330642 1.80096781757 1.42970292702
-0.148779234022 1.7954983375 1.42970292702
-0.345395822748 1.76823393986 1.42970292702
-0.537819774073 1.7195055775 1.42970292702
-0.723715321889 1.64990474674 1.42970292702
-0.900825946069 1.56027630737 1.42970292702
-1.06700176355 1.45170822723 1.42970292702
-1.22022562503 1.32551837576 1.42970292702
-1.35863760038 1.18323852679 1.42970292702
-1.48055755572 1.02659576497 1.42970292702
-1.58450554795 0.857491521224 1.42970292702
-1.66921978925 0.677978491999 1.42970292702
-1.7336719635 0.490235722296 1.42970292702
-1.77707970861 0.296542155015 1.42970292702
-1.79891611335 0.0992489676788 1.42970292702
-1.79891611335 -0.0992489676788 1.42970292702
-1.77707970861 -0.296542155015 1.42970292702
-1.7336719635 -0.490235722296 1.42970292702
-1.66921978925 -0.677978491999 1.42970292702
-1.58450554795 -0.857491521224 1.42970292702
-1.48055755572 -1.02659576497 1.42970292702
-1.35863760038 -1.18323852679 1.42970292702
-1.22022562503 -1.32551837576 1.42970292702
-1.06700176355 -1.45170822723 1.42970292702
-0.900825946069 -1.56027630737 1.42970292702
-0.723715321889 -1.64990474674 1.42970292702
-0.537819774073 -1.7195055775 1.42970292702
-0.345395822748 -1.76823393986 1.42970292702
-0.148779234022 -1.7954983375 1.42970292702
0.0496433330642 -1.80096781757 1.42970292702
0.247463297335 -1.78457598799 1.42970292702
0.4422793924 -1.74652182337 1.42970292702
0.631726814768 -1.68726724971 1.42970292702
0.813505929364 -1.60753153728 1.42970292702
0.985410183983 -1.5082825696 1.42970292702
1.14535289384 -1.3907250947 1.42970292702
1.2913925711 -1.25628610107 1.42970292702
1.42175649192 -1.10659749599 1.42970292702
1.53486221488 -0.943476296348 1.42970292702
1.62933678974 -0.768902572532 1.42970292702
1.70403342313 -0.584995413069 1.42970292702
1.7580453991 -0.393987201747 1.42970292702
1.79071708544 -0.198196519505 1.42970292702
1.80165189214 -4.41277444577e-16 1.42970292702
2.04977692814 0 1.04327107928
2.04020782069 0.197832008335 1.04327107928
2.01158984252 0.39381691251 1.04327107928
1.96419019199 0.586124854282 1.04327107928
1.89845142686 0.772960306212 1.04327107928
1.81498733226 0.952578836026 1.04327107928
1.71457718997 1.12330339391 1.04327107928
1.59815850242 1.28353997065 1.04327107928
1.46681823953 1.43179248053 1.04327107928
1.32178268996 1.56667672979 1.04327107928
1.16440601154 1.68693334054 1.04327107928
0.996157587922 1.79143950921 1.04327107928
0.818608309308 1.87921948986 1.04327107928
0.633415905472 1.94945370446 1.04327107928
0.442309467991 2.00148639507 1.04327107928
0.247073306182 2.03483174648 1.04327107928
0.0495302874824 2.04917842213 1.04327107928
-0.148475182166 2.04439247098 1.04327107928
-0.345094379042 2.02051857816 1.04327107928
-0.538491522683 1.97777964777 1.04327107928
-0.726860916064 1.91657472169 1.04327107928
-0.908443804914 1.83747525383 1.04327107928
-1.08154479873 1.7412197746 1.04327107928
-1.24454770016 1.62870699549 1.04327107928
-1.39593059504 1.50098741799 1.04327107928
-1.53428006206 1.35925352539 1.04327107928
-1.65830436954 1.20482864885 1.04327107928
-1.76684553592 1.03915461184 1.04327107928
-1.85889014159 0.863778268203 1.04327107928
-1.93357879085 0.68033705961 1.04327107928
-1.99021413592 0.490543727198 1.04327107928
-2.02826738784 0.296170320175 1.04327107928
-2.04738325364 0.0990316506717 1.04327107928
-2.04738325364 -0.0990316506717 1.04327107928
-2.02826738784 -0.296170320175 1.04327107928
-1.99021413592 -0.490543727198 1.04327107928
-1.93357879085 -0.68033705961 1.04327107928
-1.85889014159 -0.863778268203 1.04327107928
-1.76684553592 -1.03915461184 1.04327107928
-1.65830436954 -1.20482864885 1.04327107928
-1.53428006206 -1.35925352539 1.04327107928
-1.39593059504 -1.50098741799 1.04327107928
-1.24454770016 -1.62870699549 1.04327107928
-1.08154479873 -1.7412197746 1.04327107928
-0.908443804914 -1.83747525383 1.04327107928
-0.726860916064 -1.91657472169 1.04327107928
-0.538491522683 -1.97777964777 1.04327107928
-0.345094379042 -2.02051857816 1.04327107928
-0.148475182166 -2.04439247098 1.04327107928
0.0495302874824 -2.04917842213 1.04327107928
0.247073306182 -2.03483174648 1.04327107928
0.442309467991 -2.00148639507 1.04327107928
0.633415905472 -1.94945370446 1.04327107928
0.818608309308 -1.87921948986 1.04327107928
0.996157587922 -1.79143950921 1.04327107928
1.16440601154 -1.68693334054 1.04327107928
1.32178268996 -1.56667672979 1.04327107928
1.46681823953 -1.43179248053 1.04327107928
1.59815850242 -1.28353997065 1.04327107928
1.71457718997 -1.12330339391 1.04327107928
1.81498733226 -0.952578836026 1.04327107928
1.89845142686 -0.772960306212 1.04327107928
1.96419019199 -0.586124854282 1.04327107928
2.01158984252 -0.39381691251 1.04327107928
2.04020782069 -0.197832008335 1.04327107928
2.04977692814 -5.02050550802e-16 1.04327107928
2.21618382645 0 0.615247305838
2.20726212192 0.198657186606 0.615247305838
2.18056884062 0.395714902355 0.615247305838
2.13631890118 0.589586554386 0.615247305838
2.07486857807 0.778711202152 0.615247305838
1.99671263318 0.961566125194 0.615247305838
1.90248033222 1.13667908319 0.615247305838
1.79293037826 1.30264016956 0.615247305838
1.66894480312 1.45811316323 0.615247305838
1.53152186575 1.60184628706 0.615247305838
1.38176801484 1.73268228646 0.615247305838
1.22088898034 1.84956774689 0.615247305838
1.05018006564 1.95156157535 0.615247305838
0.871015718543 2.0378425775 0.615247305838
0.684838465033 2.10771606946 0.615247305838
0.493147294882 2.16061947094 0.615247305838
0.297485592677 2.19612683486 0.615247305838
0.0994287113995 2.21395227681 0.615247305838
-0.0994287113995 2.21395227681 0.615247305838
-0.297485592677 2.19612683486 0.615247305838
-0.493147294882 2.16061947094 0.615247305838
-0.684838465033 2.10771606946 0.615247305838
-0.871015718543 2.0378425775 0.615247305838
-1.05018006564 1.95156157535 0.615247305838
-1.22088898034 1.84956774689 0.615247305838
-1.38176801484 1.73268228646 0.615247305838
-1.53152186575 1.60184628706 0.615247305838
-1.66894480312 1.45811316323 0.615247305838
-1.79293037826 1.30264016956 0.615247305838
-1.90248033222 1.13667908319 0.615247305838
-1.99671263318 0.961566125194 0.615247305838
-2.07486857807 0.778711202152 0.615247305838
-2.13631890118 0.589586554386 0.615247305838
-2.18056884062 0.395714902355 0.615247305838
-2.20726212192 0.198657186606 0.615247305838
-2.21618382645 2.71404242939e-16 0.615247305838
-2.20726212192 -0.198657186606 0.615247305838
-2.18056884062 -0.395714902355 0.615247305838
-2.13631890118 -0.589586554386 0.615247305838
-2.07486857807 -0.778711202152 0.615247305838
-1.99671263318 -0.961566125194 0.615247305838
-1.90248033222 -1.13667908319 0.615247305838
-1.79293037826 -1.30264016956 0.615247305838
-1.66894480312 -1.45811316323 0.615247305838
-1.53152186575 -1.60184628706 0.615247305838
-1.38176801484 -1.73268228646 0.615247305838
-1.22088898034 -1.84956774689 0.615247305838
-1.05018006564 -1.95156157535 0.615247305838
-0.871015718543 -2.0378425775 0.615247305838
-0.684838465033 -2.10771606946 0.615247305838
-0.493147294882 -2.16061947094 0.615247305838
-0.297485592677 -2.19612683486 0.615247305838
-0.0994287113995 -2.21395227681 0.615247305838
0.0994287113994 -2.21395227681 0.615247305838
0.297485592677 -2.19612683486 0.615247305838
0.493147294882 -2.16061947094 0.615247305838
0.684838465033 -2.10771606946 0.615247305838
0.871015718543 -2.0378425775 0.615247305838
1.05018006564 -1.95156157535 0.615247305838
1.22088898034 -1.84956774689 0.615247305838
1.38176801484 -1.73268228646 0.615247305838
1.53152186575 -1.60184628706 0.615247305838
1.66894480312 -1.45811316323 0.615247305838
1.79293037826 -1.30264016956 0.615247305838
1.90248033222 -1.13667908319 0.615247305838
1.99671263318 -0.961566125194 0.615247305838
2.07486857807 -0.778711202152 0.615247305838
2.13631890118 -0.589586554386 0.615247305838
2.18056884062 -0.395714902355 0.615247305838
2.20726212192 -0.198657186606 0.615247305838
2.21618382645 -5.42808485878e-16 0.615247305838
2.29423846918 0 0.162695563838
2.28574559971 0.197223748259 0.162695563838
2.26032986953 0.392987320889 0.162695563838
2.21817944782 0.585841352889 0.162695563838
2.15960640155 0.77435802048 0.162695563838
2.08504438506 0.957141612211 0.162695563838
1.99504542943 1.13283886232 0.162695563838
1.89027585546 1.30014896984 0.162695563838
1.77151134039 1.45783322926 0.162695563838
1.63963117516 1.60472420151 0.162695563838
1.49561175437 1.73973435722 0.162695563838
1.34051934741 1.86186412842 0.162695563838
1.17550220422 1.97020930903 0.162695563838
1.00178205397 2.06396774922 0.162695563838
0.820645059891 2.14244529432 0.162695563838
0.633432296906 2.20506092404 0.162695563838
0.441529822813 2.25135105416 0.162695563838
0.24635841639 2.28097296875 0.162695563838
0.0493630584449 2.29370735752 0.162695563838
-0.147997766314 2.28945993952 0.162695563838
-0.344262867391 2.26826216113 0.162695563838
-0.537979166645 2.2302709633 0.162695563838
-0.727712456371 2.17576761956 0.162695563838
-0.912058017675 2.1051556536 0.162695563838
-1.08965102052 2.01895785171 0.162695563838
-1.25917662844 1.91781239225 0.162695563838
-1.41937973315 1.80246812083 0.162695563838
-1.56907424691 1.67377900607 0.162695563838
-1.70715188392 1.53269781715 0.162695563838
-1.83259036567 1.38026906984 0.162695563838
-1.94446098951 1.21762129325 0.162695563838
-2.04193550449 1.04595867461 0.162695563838
-2.12429224341 0.866552143888 0.162695563838
-2.19092146578 0.680729964278 0.162695563838
-2.24132987216 0.489867898178 0.162695563838
-2.27514425633 0.295379021549 0.162695563838
-2.29211426843 0.0987032619892 0.162695563838
-2.29211426843 -0.0987032619892 0.162695563838
-2.27514425633 -0.295379021549 0.162695563838
-2.24132987216 -0.489867898178 0.162695563838
-2.19092146578 -0.680729964278 0.162695563838
-2.12429224341 -0.866552143888 0.162695563838
-2.04193550449 -1.04595867461 0.162695563838
-1.94446098951 -1.21762129325 0.162695563838
-1.83259036567 -1.38026906984 0.162695563838
-1.70715188392 -1.53269781715 0.162695563838
-1.56907424691 -1.67377900607 0.162695563838
-1.41937973315 -1.80246812083 0.162695563838
-1.25917662844 -1.91781239225 0.162695563838
-1.08965102052 -2.01895785171 0.162695563838
-0.912058017675 -2.1051556536 0.162695563838
-0.727712456371 -2.17576761956 0.162695563838
-0.537979166645 -2.2302709633 0.162695563838
-0.344262867391 -2.26826216113 0.162695563838
-0.147997766314 -2.28945993952 0.162695563838
0.0493630584449 -2.29370735752 0.162695563838
0.24635841639 -2.28097296875 0.162695563838
0.441529822813 -2.25135105416 0.162695563838
0.633432296906 -2.20506092404 0.162695563838
0.820645059891 -2.14244529432 0.162695563838
1.00178205397 -2.06396774922 0.162695563838
1.17550220422 -1.97020930903 0.162695563838
1.34051934741 -1.86186412842 0.162695563838
1.49561175437 -1.73973435722 0.162695563838
1.63963117516 -1.60472420151 0.162695563838
1.77151134039 -1.45783322926 0.162695563838
1.89027585546 -1.30014896984 0.162695563838
1.99504542943 -1.13283886232 0.162695563838
2.08504438506 -0.957141612211 0.162695563838
2.15960640155 -0.77435802048 0.162695563838
2.21817944782 -0.585841352889 0.162695563838
2.26032986953 -0.392987320889 0.162695563838
2.28574559971 -0.197223748259 0.162695563838
2.29423846918 -5.61926359554e-16 0.162695563838
2.28082906404 0 -0.296342336877
2.27214982085 0.198787351157 -0.296342336877
2.24617814556 0.39606181054 -0.296342336877
2.2031116983 0.590322000396 -0.296342336877
2.14327824075 0.780089483383 -0.296342336877
2.06713314164 0.963920014371 -0.296342336877
1.97525591115 1.14041453202 -0.296342336877
1.86834579048 1.30822980648 -0.296342336877
1.74721643021 1.46608866218 -0.296342336877
1.61278969791 1.61278969791 -0.296342336877
1.46608866218 1.74721643021 -0.296342336877
1.30822980648 1.86834579048 -0.296342336877
1.14041453202 1.97525591115 -0.296342336877
0.963920014371 2.06713314164 -0.296342336877
0.780089483383 2.14327824075 -0.296342336877
0.590322000396 2.2031116983 -0.296342336877
0.39606181054 2.24617814556 -0.296342336877
0.198787351157 2.27214982085 -0.296342336877
1.39660500634e-16 2.28082906404 -0.296342336877
-0.198787351157 2.27214982085 -0.296342336877
-0.39606181054 2.24617814556 -0.296342336877
-0.590322000396 2.2031116983 -0.296342336877
-0.780089483383 2.14327824075 -0.296342336877
-0.963920014371 2.06713314164 -0.296342336877
-1.14041453202 1.97525591115 -0.296342336877
-1.30822980648 1.86834579048 -0.296342336877
-1.46608866218 1.74721643021 -0.296342336877
-1.61278969791 1.61278969791 -0.296342336877
-1.74721643021 1.46608866218 -0.296342336877
-1.86834579048 1.30822980648 -0.296342336877
-1.97525591115 1.14041453202 -0.296342336877
-2.06713314164 0.963920014371 -0.296342336877
-2.14327824075 0.780089483383 -0.296342336877
-2.2031116983 0.590322000396 -0.296342336877
-2.24617814556 0.39606181054 -0.296342336877
-2.27214982085 0.198787351157 -0.296342336877
-2.28082906404 2.79321001267e-16 -0.296342336877
-2.27214982085 -0.198787351157 -0.296342336877
-2.24617814556 -0.39606181054 -0.296342336877
-2.2031116983 -0.590322000396 -0.296342336877
-2.14327824075 -0.780089483383 -0.296342336877
-2.06713314164 -0.963920014371 -0.296342336877
-1.97525591115 -1.14041453202 -0.296342336877
-1.86834579048 -1.30822980648 -0.296342336877
-1.74721643021 -1.46608866218 -0.296342336877
-1.61278969791 -1.61278969791 -0.296342336877
-1.46608866218 -1.74721643021 -0.296342336877
-1.30822980648 -1.86834579048 -0.296342336877
-1.14041453202 -1.97525591115 -0.296342336877
-0.963920014371 -2.06713314164 -0.296342336877
-0.780089483383 -2.14327824075 -0.296342336877
-0.590322000396 -2.2031116983 -0.296342336877
-0.39606181054 -2.24617814556 -0.296342336877
-0.198787351157 -2.27214982085 -0.296342336877
-4.18981501901e-16 -2.28082906404 -0.296342336877
0.198787351157 -2.27214982085 -0.296342336877
0.39606181054 -2.24617814556 -0.296342336877
0.590322000396 -2.2031116983 -0.296342336877
0.780089483383 -2.14327824075 -0.296342336877
0.963920014371 -2.06713314164 -0.296342336877
1.14041453202 -1.97525591115 -0.296342336877
1.30822980648 -1.86834579048 -0.296342336877
1.46608866218 -1.74721643021 -0.296342336877
1.61278969791 -1.61278969791 -0.296342336877
1.74721643021 -1.46608866218 -0.296342336877
1.86834579048 -1.30822980648 -0.296342336877
1.97525591115 -1.14041453202 -0.296342336877
2.06713314164 -0.963920014371 -0.296342336877
2.14327824075 -0.780089483383 -0.296342336877
2.2031116983 -0.590322000396 -0.296342336877
2.24617814556 -0.39606181054 -0.296342336877
2.27214982085 -0.198787351157 -0.296342336877
2.28082906404 -5.58642002535e-16 -0.296342336877
2.17649020168 0 -0.743566003783
2.16747266004 0.197918836806 -0.743566003783
2.14049475733 0.394197655799 -0.743566003783
2.09578004094 0.587210028868 -0.743566003783
2.03369903109 0.775356594703 -0.743566003783
1.95476615058 0.957078311607 -0.743566003783
1.85963546212 1.1308693762 -0.743566003783
1.74909524855 1.29528970099 -0.743566003783
1.6240614809 1.44897684739 -0.743566003783
1.48557022834 1.59065731529 -0.743566003783
1.33476907301 1.71915709571 -0.743566003783
1.17290760077 1.83341139902 -0.743566003783
1.00132704676 1.93247347807 -0.743566003783
0.821449181481 2.01552247327 -0.743566003783
0.634764529583 2.08187021449 -0.743566003783
0.442820018881 2.13096692346 -0.743566003783
0.247206162044 2.16240576938 -0.743566003783
0.0495438770927 2.17592624007 -0.743566003783
-0.148528944027 2.17141630066 -0.743566003783
-0.345371007539 2.14891332193 -0.743566003783
-0.539351218113 2.10860377063 -0.743566003783
-0.728862194632 2.05082166442 -0.743566003783
-0.91233358946 1.97604580401 -0.743566003783
-1.08824510084 1.88489580574 -0.743566003783
-1.25513907058 1.7781269672 -0.743566003783
-1.4116325627 1.65662400862 -0.743566003783
-1.55642882283 1.52139374176 -0.743566003783
-1.68832802355 1.37355672722 -0.743566003783
-1.80623720655 1.21433798906 -0.743566003783
-1.90917933921 1.04505686387 -0.743566003783
-1.99630141059 0.867116068388 -0.743566003783
-2.06688149978 0.681990076074 -0.743566003783
-2.12033475792 0.491212899206 -0.743566003783
-2.15621825449 0.296365377553 -0.743566003783
-2.17423464752 0.0990620790462 -0.743566003783
-2.17423464752 -0.0990620790462 -0.743566003783
-2.15621825449 -0.296365377553 -0.743566003783
-2.12033475792 -0.491212899206 -0.743566003783
-2.06688149978 -0.681990076074 -0.743566003783
-1.99630141059 -0.867116068388 -0.743566003783
-1.90917933921 -1.04505686387 -0.743566003783
-1.80623720655 -1.21433798906 -0.743566003783
-1.68832802355 -1.37355672722 -0.743566003783
-1.55642882283 -1.52139374176 -0.743566003783
-1.4116325627 -1.65662400862 -0.743566003783
-1.25513907058 -1.7781269672 -0.743566003783
-1.08824510084 -1.88489580574 -0.743566003783
-0.91233358946 -1.97604580401 -0.743566003783
-0.728862194632 -2.05082166442 -0.743566003783
-0.539351218113 -2.10860377063 -0.743566003783
-0.345371007539 -2.14891332193 -0.743566003783
-0.148528944027 -2.17141630066 -0.743566003783
0.0495438770927 -2.17592624007 -0.743566003783
0.247206162044 -2.16240576938 -0.743566003783
0.442820018881 -2.13096692346 -0.743566003783
0.634764529583 -2.08187021449 -0.743566003783
0.821449181481 -2.01552247327 -0.743566003783
1.00132704676 -1.93247347807 -0.743566003783
1.17290760077 -1.83341139902 -0.743566003783
1.33476907301 -1.71915709571 -0.743566003783
1.48557022834 -1.59065731529 -0.743566003783
1.6240614809 -1.44897684739 -0.743566003783
1.74909524855 -1.29528970099 -0.743566003783
1.85963546212 -1.1308693762 -0.743566003783
1.95476615058 -0.957078311607 -0.743566003783
2.03369903109 -0.775356594703 -0.743566003783
2.09578004094 -0.587210028868 -0.743566003783
2.14049475733 -0.394197655799 -0.743566003783
2.16747266004 -0.197918836806 -0.743566003783
2.17649020168 -5.33086351772e-16 -0.743566003783
1.98538154329 0 -1.16114604058
1.97551573642 0.197680164936 -1.16114604058
1.94601636661 0.393395695582 -1.16114604058
1.89717661188 0.585201483065 -1.16114604058
1.82948186363 0.771191275295 -1.16114604058
1.74360490269 0.94951662216 -1.16114604058
1.64039921288 1.11840524624 -1.16114604058
1.52089049871 1.27617865653 -1.16114604058
1.38626649147 1.42126882997 -1.16114604058
1.23786514504 1.55223379525 -1.16114604058
1.07716133866 1.66777196371 -1.16114604058
0.905752218961 1.76673506511 -1.16114604058
0.725341326784 1.84813955969 -1.16114604058
0.537721666627 1.91117641302 -1.16114604058
0.344757886966 1.95521913652 -1.16114604058
0.148367748535 1.97983001382 -1.16114604058
-0.0494969352382 1.98476445097 -1.16114604058
-0.246869696231 1.96997340731 -1.16114604058
-0.441788955272 1.93560388288 -1.16114604058
-0.632317517194 1.88199745746 -1.16114604058
-0.816561823549 1.80968689578 -1.16114604058
-0.992690771645 1.71939085269 -1.16114604058
-1.15895391287 1.61200673084 -1.16114604058
-1.31369884942 1.48860176188 -1.16114604058
-1.4553876566 1.35040239982 -1.16114604058
-1.5826121674 1.19878213202 -1.16114604058
-1.69410796745 1.03524782881 -1.16114604058
-1.78876696141 0.861424767578 -1.16114604058
-1.86564838567 0.679040479992 -1.16114604058
-1.9239881581 0.489907583045 -1.16114604058
-1.96320647182 0.295905764436 -1.16114604058
-1.98291355762 0.0989631013997 -1.16114604058
-1.98291355762 -0.0989631013997 -1.16114604058
-1.96320647182 -0.295905764436 -1.16114604058
-1.9239881581 -0.489907583045 -1.16114604058
-1.86564838567 -0.679040479992 -1.16114604058
-1.78876696141 -0.861424767578 -1.16114604058
-1.69410796745 -1.03524782881 -1.16114604058
-1.5826121674 -1.19878213202 -1.16114604058
-1.4553876566 -1.35040239982 -1.16114604058
-1.31369884942 -1.48860176188 -1.16114604058
-1.15895391287 -1.61200673084 -1.16114604058
-0.992690771645 -1.71939085269 -1.16114604058
-0.816561823549 -1.80968689578 -1.16114604058
-0.632317517194 -1.88199745746 -1.16114604058
-0.441788955272 -1.93560388288 -1.16114604058
-0.246869696231 -1.96997340731 -1.16114604058
-0.0494969352382 -1.98476445097 -1.16114604058
0.148367748535 -1.97983001382 -1.16114604058
0.344757886966 -1.95521913652 -1.16114604058
0.537721666627 -1.91117641302 -1.16114604058
0.725341326784 -1.84813955969 -1.16114604058
0.905752218961 -1.76673506511 -1.16114604058
1.07716133866 -1.66777196371 -1.16114604058
1.23786514504 -1.55223379525 -1.16114604058
1.38626649147 -1.42126882997 -1.16114604058
1.52089049871 -1.27617865653 -1.16114604058
1.64039921288 -1.11840524624 -1.16114604058
1.74360490269 -0.94951662216 -1.16114604058
1.82948186363 -0.771191275295 -1.16114604058
1.89717661188 -0.585201483065 -1.16114604058
1.94601636661 -0.393395695582 -1.16114604058
1.97551573642 -0.197680164936 -1.16114604058
1.98538154329 -4.86278230415e-16 -1.16114604058
1.715121988 0 -1.53243484894
1.70352494669 0.199113509668 -1.53243484894
1.66889065285 0.395534350693 -1.53243484894
1.61168747588 0.586606268158 -1.53243484894
1.53268899062 0.76974534216 -1.53243484894
1.43296351606 0.942474930895 -1.53243484894
1.31385966818 1.10245916299 -1.53243484894
1.17698812219 1.24753452616 -1.53243484894
1.02419983096 1.37573912498 -1.53243484894
0.857560994002 1.4853392122 -1.53243484894
0.679325115738 1.57485263465 -1.53243484894
0.491902530654 1.64306887685 -1.53243484894
0.297827807694 1.68906543115 -1.53243484894
0.0997254745531 1.71222027306 -1.53243484894
-0.0997254745531 1.71222027306 -1.53243484894
-0.297827807694 1.68906543115 -1.53243484894
-0.491902530654 1.64306887685 -1.53243484894
-0.679325115738 1.57485263465 -1.53243484894
-0.857560994002 1.4853392122 -1.53243484894
-1.02419983096 1.37573912498 -1.53243484894
-1.17698812219 1.24753452616 -1.53243484894
-1.31385966818 1.10245916299 -1.53243484894
-1.43296351606 0.942474930895 -1.53243484894
-1.53268899062 0.76974534216 -1.53243484894
-1.61168747588 0.586606268158 -1.53243484894
-1.66889065285 0.395534350693 -1.53243484894
-1.70352494669 0.199113509668 -1.53243484894
-1.715121988 2.10041865276e-16 -1.53243484894
-1.70352494669 -0.199113509668 -1.53243484894
-1.66889065285 -0.395534350693 -1.53243484894
-1.61168747588 -0.586606268158 -1.53243484894
-1.53268899062 -0.76974534216 -1.53243484894
-1.43296351606 -0.942474930895 -1.53243484894
-1.31385966818 -1.10245916299 -1.53243484894
-1.17698812219 -1.24753452616 -1.53243484894
-1.02419983096 -1.37573912498 -1.53243484894
-0.857560994002 -1.4853392122 -1.53243484894
-0.679325115738 -1.57485263465 -1.53243484894
-0.491902530654 -1.64306887685 -1.53243484894
-0.297827807694 -1.68906543115 -1.53243484894
-0.0997254745531 -1.71222027306 -1.53243484894
0.0997254745531 -1.71222027306 -1.53243484894
0.297827807694 -1.68906543115 -1.53243484894
0.491902530654 -1.64306887685 -1.53243484894
0.679325115738 -1.57485263465 -1.53243484894
0.857560994002 -1.4853392122 -1.53243484894
1.02419983096 -1.37573912498 -1.53243484894
1.17698812219 -1.24753452616 -1.53243484894
1.31385966818 -1.10245916299 -1.53243484894
1.43296351606 -0.942474930895 -1.53243484894
1.53268899062 -0.76974534216 -1.53243484894
1.61168747588 -0.586606268158 -1.53243484894
1.66889065285 -0.395534350693 -1.53243484894
1.70352494669 -0.199113509668 -1.53243484894
1.715121988 -4.20083730551e-16 -1.53243484894
1.37648593144 0 -1.84263031575
1.36247528939 0.195894372718 -1.84263031575
1.32072857949 0.38780090092 -1.84263031575
1.25209564439 0.571812921105 -1.84263031575
1.15797365271 0.744184479189 -1.84263031575
1.04027865679 0.901406587327 -1.84263031575
0.901406587327 1.04027865679 -1.84263031575
0.744184479189 1.15797365271 -1.84263031575
0.571812921105 1.25209564439 -1.84263031575
0.38780090092 1.32072857949 -1.84263031575
0.195894372718 1.36247528939 -1.84263031575
8.42854545004e-17 1.37648593144 -1.84263031575
-0.195894372718 1.36247528939 -1.84263031575
-0.38780090092 1.32072857949 -1.84263031575
-0.571812921105 1.25209564439 -1.84263031575
-0.744184479189 1.15797365271 -1.84263031575
-0.901406587327 1.04027865679 -1.84263031575
-1.04027865679 0.901406587327 -1.84263031575
-1.15797365271 0.744184479189 -1.84263031575
-1.25209564439 0.571812921105 -1.84263031575
-1.32072857949 0.38780090092 -1.84263031575
-1.36247528939 0.195894372718 -1.84263031575
-1.37648593144 1.68570909001e-16 -1.84263031575
-1.36247528939 -0.195894372718 -1.84263031575
-1.32072857949 -0.38780090092 -1.84263031575
-1.25209564439 -0.571812921105 -1.84263031575
-1.15797365271 -0.744184479189 -1.84263031575
-1.04027865679 -0.901406587327 -1.84263031575
-0.901406587327 -1.04027865679 -1.84263031575
-0.744184479189 -1.15797365271 -1.84263031575
-0.571812921105 -1.25209564439 -1.84263031575
-0.38780090092 -1.32072857949 -1.84263031575
-0.195894372718 -1.36247528939 -1.84263031575
-2.52856363501e-16 -1.37648593144 -1.84263031575
0.195894372718 -1.36247528939 -1.84263031575
0.38780090092 -1.32072857949 -1.84263031575
0.571812921105 -1.25209564439 -1.84263031575
0.744184479189 -1.15797365271 -1.84263031575
0.901406587327 -1.04027865679 -1.84263031575
1.04027865679 -0.901406587327 -1.84263031575
1.15797365271 -0.744184479189 -1.84263031575
1.25209564439 -0.571812921105 -1.84263031575
1.32072857949 -0.38780090092 -1.84263031575
1.36247528939 -0.195894372718 -1.84263031575
1.37648593144 -3.37141818001e-16 -1.84263031575
LINES 4002 12006
2 0 1
2 1 2
2 2 3
2 3 0
2 4 5
2 5 6
2 6 7
2 7 4
2 0 4
2 1 5
2 2 6
2 3 7
2 8 9
2 9 10
2 10 11
2 11 8
2 12 13
2 13 14
2 14 15
2 15 12
2 8 12
2 9 13
2 10 14
2 11 15
2 16 17
2 17 18
2 18 19
2 19 16
2 20 21
2 21 22
2 22 23
2 23 20
2 16 20
2 17 21
2 18 22
2 19 23
2 24 25
2 25 26
2 26 27
2 27 24
2 28 29
2 29 30
2 30 31
2 31 28
2 24 28
2 25 29
2 26 30
2 27 31
2 32 33
2 33 34
2 34 35
2 35 32
2 36 37
2 37 38
2 38 39
2 39 36
2 32 36
2 33 37
2 34 38
2 35 39
2 40 41
2 41 42
2 42 43
2 43 40
2 44 45
2 45 46
2 46 47
2 47 44
2 40 44
2 41 45
2 42 46
2 43 47
2 48 49
2 49 50
2 50 51
2 51 48
2 52 53
2 53 54
2 54 55
2 55 52
2 48 52
2 49 53
2 50 54
2 51 55
2 56 57
2 57 58
2 58 59
2 59 56
2 60 61
2 61 62
2 62 63
2 63 60
2 56 60
2 57 61
2 58 62
2 59 63
2 64 65
2 65 66
2 66 67
2 67 64
2 68 69
2 69 70
2 70 71
2 71 68
2 64 68
2 65 69
2 66 70
2 67 71
2 72 73
2 73 74
2 74 75
2 75 72
2 76 77
2 77 78
2 78 79
2 79 76
2 72 76
2 73 77
2 74 78
2 75 79
2 80 81
2 81 82
2 82 83
2 83 80
2 84 85
2 85 86
2 86 87
2 87 84
2 80 84
2 81 85
2 82 86
2 83 87
2 88 89
2 89 90
2 90 91
2 91 88
2 92 93
2 93 94
2 94 95
2 95 92
2 88 92
2 89 93
2 90 94
2 91 95
2 96 97
2 97 98
2 98 99
2 99 96
2 100 101
2 101 102
2 102 103
2 103 100
2 96 100
2 97 101
2 98 102
2 99 103
2 104 105
2 105 106
2 106 107
2 107 104
2 108 109
2 109 110
2 110 111
2 111 108
2 104 108
2 105 109
2 106 110
2 107 111
2 112 113
2 113 114
2 114 115
2 115 112
2 116 117
2 117 118
2 118 119
2 119 116
2 112 116
2 113 117
2 114 118
2 115 119
2 120 121
2 121 122
2 122 123
2 123 120
2 124 125
2 125 126
2 126 127
2 127 124
2 120 124
2 121 125
2 122 126
2 123 127
2 128 129
2 129 130
2 130 131
2 131 128
2 132 133
2 133 134
2 134 135
2 135 132
2 128 132
2 129 133
2 130 134
2 131 135
2 136 137
2 137 138
2 138 139
2 139 136
2 140 141
2 141 142
2 142 143
2 143 140
2 136 140
2 137 141
2 138 142
2 139 143
2 144 145
2 145 146
2 146 147
2 147 144
2 148 149
2 149 150
2 150 151
2 151 148
2 144 148
2 145 149
2 146 150
2 147 151
2 152 153
2 153 154
2 154 155
2 155 152
2 156 157
2 157 158
2 158 159
2 159 156
2 152 156
2 153 157
2 154 158
2 155 159
2 160 161
2 161 162
2 162 163
2 163 160
2 164 165
2 165 166
2 166 167
2 167 164
2 160 164
2 161 165
2 162 166
2 163 167
2 168 169
2 169 170
2 170 171
2 171 168
2 172 173
2 173 174
2 174 175
2 175 172
2 168 172
2 169 173
2 170 174
2 171 175
2 176 177
2 177 178
2 178 179
2 179 176
2 180 181
2 181 182
2 182 183
2 183 180
2 176 180
2 177 181
2 178 182
2 179 183
2 184 185
2 185 186
2 186 187
2 187 184
2 188 189
2 189 190
2 190 191
2 191 188
2 184 188
2 185 189
2 186 190
2 187 191
2 192 193
2 193 194
2 194 195
2 195 192
2 196 197
2 197 198
2 198 199
2 199 196
2 192 196
2 193 197
2 194 198
2 195 199
2 200 201
2 201 202
2 202 203
2 203 200
2 204 205
2 205 206
2 206 207
2 207 204
2 200 204
2 201 205
2 202 206
2 203 207
2 208 209
2 209 210
2 210 211
2 211 208
2 212 213
2 213 214
2 214 215
2 215 212
2 208 212
2 209 213
2 210 214
2 211 215
2 216 217
2 217 218
2 218 219
2 219 216
2 220 221
2 221 222
2 222 223
2 223 220
2 216 220
2 217 221
2 218 222
2 219 223
2 224 225
2 225 226
2 226 227
2 227 224
2 228 229
2 229 230
2 230 231
2 231 228
2 224 228
2 225 229
2 226 230
2 227 231
2 232 233
2 233 234
2 234 235
2 235 232
2 236 237
2 237 238
2 238 239
2 239 236
2 232 236
2 233 237
2 234 238
2 235 239
2 240 241
2 241 242
2 242 243
2 243 240
2 244 245
2 245 246
2 246 247
2 247 244
2 240 244
2 241 245
2 242 246
2 243 247
2 248 249
2 249 250
2 250 251
2 251 248
2 252 253
2 253 254
2 254 255
2 255 252
2 248 252
2 249 253
2 250 254
2 251 255
2 256 257
2 257 258
2 258 259
2 259 256
2 260 261
2 261 262
2 262 263
2 263 260
2 256 260
2 257 261
2 258 262
2 259 263
2 264 265
2 265 266
2 266 267
2 267 264
2 268 269
2 269 270
2 270 271
2 271 268
2 264 268
2 265 269
2 266 270
2 267 271
2 272 273
2 273 274
2 274 275
2 275 272
2 276 277
2 277 278
2 278 279
2 279 276
2 272 276
2 273 277
2 274 278
2 275 279
2 280 281
2 281 282
2 282 283
2 283 280
2 284 285
2 285 286
2 286 287
2 287 284
2 280 284
2 281 285
2 282 286
2 283 287
2 288 289
2 289 290
2 290 291
2 291 288
2 292 293
2 293 294
2 294 295
2 295 292
2 288 292
2 289 293
2 290 294
2 291 295
2 296 297
2 297 298
2 298 299
2 299 296
2 300 301
2 301 302
2 302 303
2 303 300
2 296 300
2 297 301
2 298 302
2 299 303
2 304 305
2 305 306
2 306 307
2 307 304
2 308 309
2 309 310
2 310 311
2 311 308
2 304 308
2 305 309
2 306 310
2 307 311
2 312 313
2 313 314
2 314 315
2 315 312
2 316 317
2 317 318
2 318 319
2 319 316
2 312 316
2 313 317
2 314 318
2 315 319
2 320 321
2 321 322
2 322 323
2 323 320
2 324 325
2 325 326
2 326 327
2 327 324
2 320 324
2 321 325
2 322 326
2 323 327
2 328 329
2 329 330
2 330 331
2 331 328
2 332 333
2 333 334
2 334 335
2 335 332
2 328 332
2 329 333
2 330 334
2 331 335
2 336 337
2 337 338
2 338 339
2 339 336
2 340 341
2 341 342
2 342 343
2 343 340
2 336 340
2 337 341
2 338 342
2 339 343
2 344 345
2 345 346
2 346 347
2 347 344
2 348 349
2 349 350
2 350 351
2 351 348
2 344 348
2 345 349
2 346 350
2 347 351
2 352 353
2 353 354
2 354 355
2 355 352
2 356 357
2 357 358
2 358 359
2 359 356
2 352 356
2 353 357
2 354 358
2 355 359
2 360 361
2 361 362
2 362 363
2 363 360
2 364 365
2 365 366
2 366 367
2 367 364
2 360 364
2 361 365
2 362 366
2 363 367
2 368 369
2 369 370
2 370 371
2 371 368
2 372 373
2 373 374
2 374 375
2 375 372
2 368 372
2 369 373
2 370 374
2 371 375
2 376 377
2 377 378
2 378 379
2 379 376
2 380 381
2 381 382
2 382 383
2 383 380
2 376 380
2 377 381
2 378 382
2 379 383
2 384 385
2 385 386
2 386 387
2 387 384
2 388 389
2 389 390
2 390 391
2 391 388
2 384 388
2 385 389
2 386 390
2 387 391
2 392 393
2 393 394
2 394 395
2 395 392
2 396 397
2 397 398
2 398 399
2 399 396
2 392 396
2 393 397
2 394 398
2 395 399
2 400 401
2 401 402
2 402 403
2 403 400
2 404 405
2 405 406
2 406 407
2 407 404
2 400 404
2 401 405
2 402 406
2 403 407
2 408 409
2 409 410
2 410 411
2 411 408
2 412 413
2 413 414
2 414 415
2 415 412
2 408 412
2 409 413
2 410 414
2 411 415
2 416 417
2 417 418
2 418 419
2 419 416
2 420 421
2 421 422
2 422 423
2 423 420
2 416 420
2 417 421
2 418 422
2 419 423
2 424 425
2 425 426
2 426 427
2 427 424
2 428 429
2 429 430
2 430 431
2 431 428
2 424 428
2 425 429
2 426 430
2 427 431
2 432 433
2 433 434
2 434 435
2 435 432
2 436 437
2 437 438
2 438 439
2 439 436
2 432 436
2 433 437
2 434 438
2 435 439
2 440 441
2 441 442
2 442 443
2 443 440
2 444 445
2 445 446
2 446 447
2 447 444
2 440 444
2 441 445
2 442 446
2 443 447
2 448 449
2 449 450
2 450 451
2 451 448
2 452 453
2 453 454
2 454 455
2 455 452
2 448 452
2 449 453
2 450 454
2 451 455
2 456 457
2 457 458
2 458 459
2 459 456
2 460 461
2 461 462
2 462 463
2 463 460
2 456 460
2 457 461
2 458 462
2 459 463
2 464 465
2 465 466
2 466 467
2 467 464
2 468 469
2 469 470
2 470 471
2 471 468
2 464 468
2 465 469
2 466 470
2 467 471
2 472 473
2 473 474
2 474 475
2 475 472
2 476 477
2 477 478
2 478 479
2 479 476
2 472 476
2 473 477
2 474 478
2 475 479
2 480 481
2 481 482
2 482 483
2 483 480
2 484 485
2 485 486
2 486 487
2 487 484
2 480 484
2 481 485
2 482 486
2 483 487
2 488 489
2 489 490
2 490 491
2 491 488
2 492 493
2 493 494
2 494 495
2 495 492
2 488 492
2 489 493
2 490 494
2 491 495
2 496 497
2 497 498
2 498 499
2 499 496
2 500 501
2 501 502
2 502 503
2 503 500
2 496 500
2 497 501
2 498 502
2 499 503
2 504 505
2 505 506
2 506 507
2 507 504
2 508 509
2 509 510
2 510 511
2 511 508
2 504 508
2 505 509
2 506 510
2 507 511
2 512 513
2 513 514
2 514 515
2 515 512
2 516 517
2 517 518
2 518 519
2 519 516
2 512 516
2 513 517
2 514 518
2 515 519
2 520 521
2 521 522
2 522 523
2 523 520
2 524 525
2 525 526
2 526 527
2 527 524
2 520 524
2 521 525
2 522 526
2 523 527
2 528 529
2 529 530
2 530 531
2 531 528
2 532 533
2 533 534
2 534 535
2 535 532
2 528 532
2 529 533
2 530 534
2 531 535
2 536 537
2 537 538
2 538 539
2 539 536
2 540 541
2 541 542
2 542 543
2 543 540
2 536 540
2 537 541
2 538 542
2 539 543
2 544 545
2 545 546
2 546 547
2 547 544
2 548 549
2 549 550
2 550 551
2 551 548
2 544 548
2 545 549
2 546 550
2 547 551
2 552 553
2 553 554
2 554 555
2 555 552
2 556 557
2 557 558
2 558 559
2 559 556
2 552 556
2 553 557
2 554 558
2 555 559
2 560 561
2 561 562
2 562 563
2 563 560
2 564 565
2 565 566
2 566 567
2 567 564
2 560 564
2 561 565
2 562 566
2 563 567
2 568 569
2 569 570
2 570 571
2 571 568
2 572 573
2 573 574
2 574 575
2 575 572
2 568 572
2 569 573
2 570 574
2 571 575
2 576 577
2 577 578
2 578 579
2 579 576
2 580 581
2 581 582
2 582 583
2 583 580
2 576 580
2 577 581
2 578 582
2 579 583
2 584 585
2 585 586
2 586 587
2 587 584
2 588 589
2 589 590
2 590 591
2 591 588
2 584 588
2 585 589
2 586 590
2 587 591
2 592 593
2 593 594
2 594 595
2 595 592
2 596 597
2 597 598
2 598 599
2 599 596
2 592 596
2 593 597
2 594 598
2 595 599
2 600 601
2 601 602
2 602 603
2 603 600
2 604 605
2 605 606
2 606 607
2 607 604
2 600 604
2 601 605
2 602 606
2 603 607
2 608 609
2 609 610
2 610 611
2 611 608
2 612 613
2 613 614
2 614 615
2 615 612
2 608 612
2 609 613
2 610 614
2 611 615
2 616 617
2 617 618
2 618 619
2 619 616
2 620 621
2 621 622
2 622 623
2 623 620
2 616 620
2 617 621
2 618 622
2 619 623
2 624 625
2 625 626
2 626 627
2 627 624
2 628 629
2 629 630
2 630 631
2 631 628
2 624 628
2 625 629
2 626 630
2 627 631
2 632 633
2 633 634
2 634 635
2 635 632
2 636 637
2 637 638
2 638 639
2 639 636
2 632 636
2 633 637
2 634 638
2 635 639
2 640 641
2 641 642
2 642 643
2 643 640
2 644 645
2 645 646
2 646 647
2 647 644
2 640 644
2 641 645
2 642 646
2 643 647
2 648 649
2 649 650
2 650 651
2 651 648
2 652 653
2 653 654
2 654 655
2 655 652
2 648 652
2 649 653
2 650 654
2 651 655
2 656 657
2 657 658
2 658 659
2 659 656
2 660 661
2 661 662
2 662 663
2 663 660
2 656 660
2 657 661
2 658 662
2 659 663
2 664 665
2 665 666
2 666 667
2 667 664
2 668 669
2 669 670
2 670 671
2 671 668
2 664 668
2 665 669
2 666 670
2 667 671
2 672 673
2 673 674
2 674 675
2 675 672
2 676 677
2 677 678
2 678 679
2 679 676
2 672 676
2 673 677
2 674 678
2 675 679
2 680 681
2 681 682
2 682 683
2 683 680
2 684 685
2 685 686
2 686 687
2 687 684
2 680 684
2 681 685
2 682 686
2 683 687
2 688 689
2 689 690
2 690 691
2 691 688
2 692 693
2 693 694
2 694 695
2 695 692
2 688 692
2 689 693
2 690 694
2 691 695
2 696 697
2 697 698
2 698 699
2 699 696
2 700 701
2 701 702
2 702 703
2 703 700
2 696 700
2 697 701
2 698 702
2 699 703
2 704 705
2 705 706
2 706 707
2 707 704
2 708 709
2 709 710
2 710 711
2 711 708
2 704 708
2 705 709
2 706 710
2 707 711
2 712 713
2 713 714
2 714 715
2 715 712
2 716 717
2 717 718
2 718 719
2 719 716
2 712 716
2 713 717
2 714 718
2 715 719
2 720 721
2 721 722
2 722 723
2 723 720
2 724 725
2 725 726
2 726 727
2 727 724
2 720 724
2 721 725
2 722 726
2 723 727
2 728 729
2 729 730
2 730 731
2 731 728
2 732 733
2 733 734
2 734 735
2 735 732
2 728 732
2 729 733
2 730 734
2 731 735
2 736 737
2 737 738
2 738 739
2 739 736
2 740 741
2 741 742
2 742 743
2 743 740
2 736 740
2 737 741
2 738 742
2 739 743
2 744 745
2 745 746
2 746 747
2 747 744
2 748 749
2 749 750
2 750 751
2 751 748
2 744 748
2 745 749
2 746 750
2 747 751
2 752 753
2 753 754
2 754 755
2 755 752
2 756 757
2 757 758
2 758 759
2 759 756
2 752 756
2 753 757
2 754 758
2 755 759
2 760 761
2 761 762
2 762 763
2 763 760
2 764 765
2 765 766
2 766 767
2 767 764
2 760 764
2 761 765
2 762 766
2 763 767
2 768 769
2 769 770
2 770 771
2 771 768
2 772 773
2 773 774
2 774 775
2 775 772
2 768 772
2 769 773
2 770 774
2 771 775
2 776 777
2 777 778
2 778 779
2 779 776
2 780 781
2 781 782
2 782 783
2 783 780
2 776 780
2 777 781
2 778 782
2 779 783
2 784 785
2 785 786
2 786 787
2 787 784
2 788 789
2 789 790
2 790 791
2 791 788
2 784 788
2 785 789
2 786 790
2 787 791
2 792 793
2 793 794
2 794 795
2 795 792
2 796 797
2 797 798
2 798 799
2 799 796
2 792 796
2 793 797
2 794 798
2 795 799
2 800 801
2 801 802
2 802 803
2 803 800
2 804 805
2 805 806
2 806 807
2 807 804
2 800 804
2 801 805
2 802 806
2 803 807
2 808 809
2 809 810
2 810 811
2 811 808
2 812 813
2 813 814
2 814 815
2 815 812
2 808 812
2 809 813
2 810 814
2 811 815
2 816 817
2 817 818
2 818 819
2 819 816
2 820 821
2 821 822
2 822 823
2 823 820
2 816 820
2 817 821
2 818 822
2 819 823
2 824 825
2 825 826
2 826 827
2 827 824
2 828 829
2 829 830
2 830 831
2 831 828
2 824 828
2 825 829
2 826 830
2 827 831
2 832 833
2 833 834
2 834 835
2 835 832
2 836 837
2 837 838
2 838 839
2 839 836
2 832 836
2 833 837
2 834 838
2 835 839
2 840 841
2 841 842
2 842 843
2 843 840
2 844 845
2 845 846
2 846 847
2 847 844
2 840 844
2 841 845
2 842 846
2 843 847
2 848 849
2 849 850
2 850 851
2 851 848
2 852 853
2 853 854
2 854 855
2 855 852
2 848 852
2 849 853
2 850 854
2 851 855
2 856 857
2 857 858
2 858 859
2 859 856
2 860 861
2 861 862
2 862 863
2 863 860
2 856 860
2 857 861
2 858 862
2 859 863
2 864 865
2 865 866
2 866 867
2 867 864
2 868 869
2 869 870
2 870 871
2 871 868
2 864 868
2 865 869
2 866 870
2 867 871
2 872 873
2 873 874
2 874 875
2 875 872
2 876 877
2 877 878
2 878 879
2 879 876
2 872 876
2 873 877
2 874 878
2 875 879
2 880 881
2 881 882
2 882 883
2 883 880
2 884 885
2 885 886
2 886 887
2 887 884
2 880 884
2 881 885
2 882 886
2 883 887
2 888 889
2 889 890
2 890 891
2 891 888
2 892 893
2 893 894
2 894 895
2 895 892
2 888 892
2 889 893
2 890 894
2 891 895
2 896 897
2 897 898
2 898 899
2 899 896
2 900 901
2 901 902
2 902 903
2 903 900
2 896 900
2 897 901
2 898 902
2 899 903
2 904 905
2 905 906
2 906 907
2 907 904
2 908 909
2 909 910
2 910 911
2 911 908
2 904 908
2 905 909
2 906 910
2 907 911
2 912 913
2 913 914
2 914 915
2 915 912
2 916 917
2 917 918
2 918 919
2 919 916
2 912 916
2 913 917
2 914 918
2 915 919
2 920 921
2 921 922
2 922 923
2 923 920
2 924 925
2 925 926
2 926 927
2 927 924
2 920 924
2 921 925
2 922 926
2 923 927
2 928 929
2 929 930
2 930 931
2 931 928
2 932 933
2 933 934
2 934 935
2 935 932
2 928 932
2 929 933
2 930 934
2 931 935
2 936 937
2 937 938
2 938 939
2 939 936
2 940 941
2 941 942
2 942 943
2 943 940
2 936 940
2 937 941
2 938 942
2 939 943
2 944 945
2 945 946
2 946 947
2 947 944
2 948 949
2 949 950
2 950 951
2 951 948
2 944 948
2 945 949
2 946 950
2 947 951
2 952 953
2 953 954
2 954 955
2 955 952
2 956 957
2 957 958
2 958 959
2 959 956
2 952 956
2 953 957
2 954 958
2 955 959
2 960 961
2 961 962
2 962 963
2 963 960
2 964 965
2 965 966
2 966 967
2 967 964
2 960 964
2 961 965
2 962 966
2 963 967
2 968 969
2 969 970
2 970 971
2 971 968
2 972 973
2 973 974
2 974 975
2 975 972
2 968 972
2 969 973
2 970 974
2 971 975
2 976 977
2 977 978
2 978 979
2 979 976
2 980 981
2 981 982
2 982 983
2 983 980
2 976 980
2 977 981
2 978 982
2 979 983
2 984 985
2 985 986
2 986 987
2 987 984
2 988 989
2 989 990
2 990 991
2 991 988
2 984 988
2 985 989
2 986 990
2 987 991
2 992 993
2 993 994
2 994 995
2 995 992
2 996 997
2 997 998
2 998 999
2 999 996
2 992 996
2 993 997
2 994 998
2 995 999
2 1000 1001
2 1001 1002
2 1002 1003
2 1003 1000
2 1004 1005
2 1005 1006
2 1006 1007
2 1007 1004
2 1000 1004
2 1001 1005
2 1002 1006
2 1003 1007
2 1008 1009
2 1009 1010
2 1010 1011
2 1011 1008
2 1012 1013
2 1013 1014
2 1014 1015
2 1015 1012
2 1008 1012
2 1009 1013
2 1010 1014
2 1011 1015
2 1016 1017
2 1017 1018
2 1018 1019
2 1019 1016
2 1020 1021
2 1021 1022
2 1022 1023
2 1023 1020
2 1016 1020
2 1017 1021
2 1018 1022
2 1019 1023
2 1024 1025
2 1025 1026
2 1026 1027
2 1027 1024
2 1028 1029
2 1029 1030
2 1030 1031
2 1031 1028
2 1024 1028
2 1025 1029
2 1026 1030
2 1027 1031
2 1032 1033
2 1033 1034
2 1034 1035
2 1035 1032
2 1036 1037
2 1037 1038
2 1038 1039
2 1039 1036
2 1032 1036
2 1033 1037
2 1034 1038
2 1035 1039
2 1040 1041
2 1041 1042
2 1042 1043
2 1043 1040
2 1044 1045
2 1045 1046
2 1046 1047
2 1047 1044
2 1040 1044
2 1041 1045
2 1042 1046
2 1043 1047
2 1048 1049
2 1049 1050
2 1050 1051
2 1051 1048
2 1052 1053
2 1053 1054
2 1054 1055
2 1055 1052
2 1048 1052
2 1049 1053
2 1050 1054
2 1051 1055
2 1056 1057
2 1057 1058
2 1058 1059
2 1059 1056
2 1060 1061
2 1061 1062
2 1062 1063
2 1063 1060
2 1056 1060
2 1057 1061
2 1058 1062
2 1059 1063
2 1064 1065
2 1065 1066
2 1066 1067
2 1067 1064
2 1068 1069
2 1069 1070
2 1070 1071
2 1071 1068
2 1064 1068
2 1065 1069
2 1066 1070
2 1067 1071
2 1072 1073
2 1073 1074
2 1074 1075
2 1075 1072
2 1076 1077
2 1077 1078
2 1078 1079
2 1079 1076
2 1072 1076
2 1073 1077
2 1074 1078
2 1075 1079
2 1080 1081
2 1081 1082
2 1082 1083
2 1083 1080
2 1084 1085
2 1085 1086
2 1086 1087
2 1087 1084
2 1080 1084
2 1081 1085
2 1082 1086
2 1083 1087
2 1088 1089
2 1089 1090
2 1090 1091
2 1091 1088
2 1092 1093
2 1093 1094
2 1094 1095
2 1095 1092
2 1088 1092
2 1089 1093
2 1090 1094
2 1091 1095
2 1096 1097
2 1097 1098
2 1098 1099
2 1099 1096
2 1100 1101
2 1101 1102
2 1102 1103
2 1103 1100
2 1096 1100
2 1097 1101
2 1098 1102
2 1099 1103
2 1104 1105
2 1105 1106
2 1106 1107
2 1107 1104
2 1108 1109
2 1109 1110
2 1110 1111
2 1111 1108
2 1104 1108
2 1105 1109
2 1106 1110
2 1107 1111
2 1112 1113
2 1113 1114
2 1114 1115
2 1115 1112
2 1116 1117
2 1117 1118
2 1118 1119
2 1119 1116
2 1112 1116
2 1113 1117
2 1114 1118
2 1115 1119
2 1120 1121
2 1121 1122
2 1122 1123
2 1123 1120
2 1124 1125
2 1125 1126
2 1126 1127
2 1127 1124
2 1120 1124
2 1121 1125
2 1122 1126
2 1123 1127
2 1128 1129
2 1129 1130
2 1130 1131
2 1131 1128
2 1132 1133
2 1133 1134
2 1134 1135
2 1135 1132
2 1128 1132
2 1129 1133
2 1130 1134
2 1131 1135
2 1136 1137
2 1137 1138
2 1138 1139
2 1139 1136
2 1140 1141
2 1141 1142
2 1142 1143
2 1143 1140
2 1136 1140
2 1137 1141
2 1138 1142
2 1139 1143
2 1144 1145
2 1145 1146
2 1146 1147
2 1147 1144
2 1148 1149
2 1149 1150
2 1150 1151
2 1151 1148
2 1144 1148
2 1145 1149
2 1146 1150
2 1147 1151
2 1152 1153
2 1153 1154
2 1154 1155
2 1155 1156
2 1156 1157
2 1157 1158
2 1158 1159
2 1159 1160
2 1160 1161
2 1161 1162
2 1162 1163
2 1163 1164
2 1164 1165
2 1165 1166
2 1166 1167
2 1167 1168
2 1168 1169
2 1169 1170
2 1170 1171
2 1171 1172
2 1172 1173
2 1173 1174
2 1174 1175
2 1175 1176
2 1176 1177
2 1178 1179
2 1179 1180
2 1180 1181
2 1181 1182
2 1182 1183
2 1183 1184
2 1184 1185
2 1185 1186
2 1186 1187
2 1187 1188
2 1188 1189
2 1189 1190
2 1190 1191
2 1191 1192
2 1192 1193
2 1193 1194
2 1194 1195
2 1195 1196
2 1196 1197
2 1197 1198
2 1198 1199
2 1199 1200
2 1200 1201
2 1201 1202
2 1202 1203
2 1204 1205
2 1205 1206
2 1206 1207
2 1207 1208
2 1208 1209
2 1209 1210
2 1210 1211
2 1211 1212
2 1212 1213
2 1213 1214
2 1214 1215
2 1215 1216
2 1216 1217
2 1217 1218
2 1218 1219
2 1219 1220
2 1220 1221
2 1221 1222
2 1222 1223
2 1223 1224
2 1224 1225
2 1225 1226
2 1226 1227
2 1227 1228
2 1228 1229
2 1230 1231
2 1231 1232
2 1232 1233
2 1233 1234
2 1234 1235
2 1235 1236
2 1236 1237
2 1237 1238
2 1238 1239
2 1239 1240
2 1240 1241
2 1241 1242
2 1242 1243
2 1243 1244
2 1244 1245
2 1245 1246
2 1246 1247
2 1247 1248
2 1248 1249
2 1249 1250
2 1250 1251
2 1251 1252
2 1252 1253
2 1253 1254
2 1254 1255
2 1256 1257
2 1257 1258
2 1258 1259
2 1259 1260
2 1260 1261
2 1261 1262
2 1262 1263
2 1263 1264
2 1264 1265
2 1265 1266
2 1266 1267
2 1267 1268
2 1268 1269
2 1269 1270
2 1270 1271
2 1271 1272
2 1272 1273
2 1273 1274
2 1274 1275
2 1275 1276
2 1276 1277
2 1277 1278
2 1278 1279
2 1279 1280
2 1280 1281
2 1282 1283
2 1283 1284
2 1284 1285
2 1285 1286
2 1286 1287
2 1287 1288
2 1288 1289
2 1289 1290
2 1290 1291
2 1291 1292
2 1292 1293
2 1293 1294
2 1294 1295
2 1295 1296
2 1296 1297
2 1297 1298
2 1298 1299
2 1299 1300
2 1300 1301
2 1301 1302
2 1302 1303
2 1303 1304
2 1304 1305
2 1305 1306
2 1306 1307
2 1308 1309
2 1309 1310
2 1310 1311
2 1311 1312
2 1312 1313
2 1313 1314
2 1314 1315
2 1315 1316
2 1316 1317
2 1317 1318
2 1318 1319
2 1319 1320
2 1320 1321
2 1321 1322
2 1322 1323
2 1323 1324
2 1324 1325
2 1325 1326
2 1326 1327
2 1327 1328
2 1328 1329
2 1329 1330
2 1330 1331
2 1331 1332
2 1332 1333
2 1334 1335
2 1335 1336
2 1336 1337
2 1337 1338
2 1338 1339
2 1339 1340
2 1340 1341
2 1341 1342
2 1342 1343
2 1343 1344
2 1344 1345
2 1345 1346
2 1346 1347
2 1347 1348
2 1348 1349
2 1349 1350
2 1350 1351
2 1351 1352
2 1352 1353
2 1353 1354
2 1354 1355
2 1355 1356
2 1356 1357
2 1357 1358
2 1358 1359
2 1360 1361
2 1361 1362
2 1362 1363
2 1363 1364
2 1364 1365
2 1365 1366
2 1366 1367
2 1367 1368
2 1368 1369
2 1369 1370
2 1370 1371
2 1371 1372
2 1372 1373
2 1373 1374
2 1374 1375
2 1375 1376
2 1376 1377
2 1377 1378
2 1378 1379
2 1379 1380
2 1380 1381
2 1381 1382
2 1382 1383
2 1383 1384
2 1384 1385
2 1386 1387
2 1387 1388
2 1388 1389
2 1389 1390
2 1390 1391
2 1391 1392
2 1392 1393
2 1393 1394
2 1394 1395
2 1395 1396
2 1396 1397
2 1397 1398
2 1398 1399
2 1399 1400
2 1400 1401
2 1401 1402
2 1402 1403
2 1403 1404
2 1404 1405
2 1405 1406
2 1406 1407
2 1407 1408
2 1408 1409
2 1409 1410
2 1410 1411
2 1412 1413
2 1413 1414
2 1414 1415
2 1415 1416
2 1416 1417
2 1417 1418
2 1418 1419
2 1419 1420
2 1420 1421
2 1421 1422
2 1422 1423
2 1423 1424
2 1424 1425
2 1425 1426
2 1426 1427
2 1427 1428
2 1428 1429
2 1429 1430
2 1430 1431
2 1431 1432
2 1432 1433
2 1433 1434
2 1434 1435
2 1435 1436
2 1436 1437
2 1438 1439
2 1439 1440
2 1440 1441
2 1441 1442
2 1442 1443
2 1443 1444
2 1444 1445
2 1445 1446
2 1446 1447
2 1447 1448
2 1448 1449
2 1449 1450
2 1450 1451
2 1451 1452
2 1452 1453
2 1453 1454
2 1454 1455
2 1455 1456
2 1456 1457
2 1457 1458
2 1458 1459
2 1459 1460
2 1460 1461
2 1461 1462
2 1462 1463
2 1464 1465
2 1465 1466
2 1466 1467
2 1467 1468
2 1468 1469
2 1469 1470
2 1470 1471
2 1471 1472
2 1472 1473
2 1473 1474
2 1474 1475
2 1475 1476
2 1476 1477
2 1477 1478
2 1478 1479
2 1479 1480
2 1480 1481
2 1481 1482
2 1482 1483
2 1483 1484
2 1484 1485
2 1485 1486
2 1486 1487
2 1487 1488
2 1488 1489
2 1490 1491
2 1491 1492
2 1492 1493
2 1493 1494
2 1494 1495
2 1495 1496
2 1496 1497
2 1497 1498
2 1498 1499
2 1499 1500
2 1500 1501
2 1501 1502
2 1502 1503
2 1503 1504
2 1504 1505
2 1505 1506
2 1506 1507
2 1507 1508
2 1508 1509
2 1509 1510
2 1510 1511
2 1511 1512
2 1512 1513
2 1513 1514
2 1514 1515
2 1516 1517
2 1517 1518
2 1518 1519
2 1519 1520
2 1520 1521
2 1521 1522
2 1522 1523
2 1523 1524
2 1524 1525
2 1525 1526
2 1526 1527
2 1527 1528
2 1528 1529
2 1529 1530
2 1530 1531
2 1531 1532
2 1532 1533
2 1533 1534
2 1534 1535
2 1535 1536
2 1536 1537
2 1537 1538
2 1538 1539
2 1539 1540
2 1540 1541
2 1542 1543
2 1543 1544
2 1544 1545
2 1545 1546
2 1546 1547
2 1547 1548
2 1548 1549
2 1549 1550
2 1550 1551
2 1551 1552
2 1552 1553
2 1553 1554
2 1554 1555
2 1555 1556
2 1556 1557
2 1557 1558
2 1558 1559
2 1559 1560
2 1560 1561
2 1561 1562
2 1562 1563
2 1563 1564
2 1564 1565
2 1565 1566
2 1566 1567
2 1568 1569
2 1569 1570
2 1570 1571
2 1571 1572
2 1572 1573
2 1573 1574
2 1574 1575
2 1575 1576
2 1576 1577
2 1577 1578
2 1578 1579
2 1579 1580
2 1580 1581
2 1581 1582
2 1582 1583
2 1583 1584
2 1584 1585
2 1585 1586
2 1586 1587
2 1587 1588
2 1588 1589
2 1589 1590
2 1590 1591
2 1591 1592
2 1592 1593
2 1594 1595
2 1595 1596
2 1596 1597
2 1597 1598
2 1598 1599
2 1599 1600
2 1600 1601
2 1601 1602
2 1602 1603
2 1603 1604
2 1604 1605
2 1605 1606
2 1606 1607
2 1607 1608
2 1608 1609
2 1609 1610
2 1610 1611
2 1611 1612
2 1612 1613
2 1613 1614
2 1614 1615
2 1615 1616
2 1616 1617
2 1617 1618
2 1618 1619
2 1620 1621
2 1621 1622
2 1622 1623
2 1623 1624
2 1624 1625
2 1625 1626
2 1626 1627
2 1627 1628
2 1628 1629
2 1629 1630
2 1630 1631
2 1631 1632
2 1632 1633
2 1633 1634
2 1634 1635
2 1635 1636
2 1636 1637
2 1637 1638
2 1638 1639
2 1639 1640
2 1640 1641
2 1641 1642
2 1642 1643
2 1643 1644
2 1644 1645
2 1646 1647
2 1647 1648
2 1648 1649
2 1649 1650
2 1650 1651
2 1651 1652
2 1652 1653
2 1653 1654
2 1654 1655
2 1655 1656
2 1656 1657
2 1657 1658
2 1658 1659
2 1659 1660
2 1660 1661
2 1661 1662
2 1662 1663
2 1663 1664
2 1664 1665
2 1665 1666
2 1666 1667
2 1667 1668
2 1668 1669
2 1669 1670
2 1670 1671
2 1672 1673
2 1673 1674
2 1674 1675
2 1675 1676
2 1676 1677
2 1677 1678
2 1678 1679
2 1679 1680
2 1680 1681
2 1681 1682
2 1682 1683
2 1683 1684
2 1684 1685
2 1685 1686
2 1686 1687
2 1687 1688
2 1688 1689
2 1689 1690
2 1690 1691
2 1691 1692
2 1692 1693
2 1693 1694
2 1694 1695
2 1695 1696
2 1696 1697
2 1698 1699
2 1699 1700
2 1700 1701
2 1701 1702
2 1702 1703
2 1703 1704
2 1704 1705
2 1705 1706
2 1706 1707
2 1707 1708
2 1708 1709
2 1709 1710
2 1710 1711
2 1711 1712
2 1712 1713
2 1713 1714
2 1714 1715
2 1715 1716
2 1716 1717
2 1717 1718
2 1718 1719
2 1719 1720
2 1720 1721
2 1721 1722
2 1722 1723
2 1724 1725
2 1725 1726
2 1726 1727
2 1727 1728
2 1728 1729
2 1729 1730
2 1730 1731
2 1731 1732
2 1732 1733
2 1733 1734
2 1734 1735
2 1735 1736
2 1736 1737
2 1737 1738
2 1738 1739
2 1739 1740
2 1740 1741
2 1741 1742
2 1742 1743
2 1743 1744
2 1744 1745
2 1745 1746
2 1746 1747
2 1747 1748
2 1748 1749
2 1750 1751
2 1751 1752
2 1752 1753
2 1753 1754
2 1754 1755
2 1755 1756
2 1756 1757
2 1757 1758
2 1758 1759
2 1759 1760
2 1760 1761
2 1761 1762
2 1762 1763
2 1763 1764
2 1764 1765
2 1765 1766
2 1766 1767
2 1767 1768
2 1768 1769
2 1769 1770
2 1770 1771
2 1771 1772
2 1772 1773
2 1773 1774
2 1774 1775
2 1776 1777
2 1777 1778
2 1778 1779
2 1779 1780
2 1780 1781
2 1781 1782
2 1782 1783
2 1783 1784
2 1784 1785
2 1785 1786
2 1786 1787
2 1787 1788
2 1788 1789
2 1789 1790
2 1790 1791
2 1791 1792
2 1792 1793
2 1793 1794
2 1794 1795
2 1795 1796
2 1796 1797
2 1797 1798
2 1798 1799
2 1799 1800
2 1800 1801
2 1802 1803
2 1803 1804
2 1804 1805
2 1805 1806
2 1806 1807
2 1807 1808
2 1808 1809
2 1809 1810
2 1810 1811
2 1811 1812
2 1812 1813
2 1813 1814
2 1814 1815
2 1815 1816
2 1816 1817
2 1817 1818
2 1818 1819
2 1819 1820
2 1820 1821
2 1821 1822
2 1822 1823
2 1823 1824
2 1824 1825
2 1825 1826
2 1826 1827
2 1828 1829
2 1829 1830
2 1830 1831
2 1831 1832
2 1832 1833
2 1833 1834
2 1834 1835
2 1835 1836
2 1836 1837
2 1837 1838
2 1838 1839
2 1839 1840
2 1840 1841
2 1841 1842
2 1842 1843
2 1843 1844
2 1844 1845
2 1845 1846
2 1846 1847
2 1847 1848
2 1848 1849
2 1849 1850
2 1850 1851
2 1851 1852
2 1852 1853
2 1854 1855
2 1855 1856
2 1856 1857
2 1857 1858
2 1858 1859
2 1859 1860
2 1860 1861
2 1861 1862
2 1862 1863
2 1863 1864
2 1864 1865
2 1865 1866
2 1866 1867
2 1867 1868
2 1868 1869
2 1869 1870
2 1870 1871
2 1871 1872
2 1872 1873
2 1873 1874
2 1874 1875
2 1875 1876
2 1876 1877
2 1877 1878
2 1878 1879
2 1880 1881
2 1881 1882
2 1882 1883
2 1883 1884
2 1884 1885
2 1885 1886
2 1886 1887
2 1887 1888
2 1888 1889
2 1889 1890
2 1890 1891
2 1891 1892
2 1892 1893
2 1893 1894
2 1894 1895
2 1895 1896
2 1896 1897
2 1897 1898
2 1898 1899
2 1899 1900
2 1900 1901
2 1901 1902
2 1902 1903
2 1903 1904
2 1904 1905
2 1906 1907
2 1907 1908
2 1908 1909
2 1909 1910
2 1910 1911
2 1911 1912
2 1912 1913
2 1913 1914
2 1914 1915
2 1915 1916
2 1916 1917
2 1917 1918
2 1918 1919
2 1919 1920
2 1920 1921
2 1921 1922
2 1922 1923
2 1923 1924
2 1924 1925
2 1925 1926
2 1926 1927
2 1927 1928
2 1928 1929
2 1929 1930
2 1930 1931
2 1932 1933
2 1933 1934
2 1934 1935
2 1935 1936
2 1936 1937
2 1937 1938
2 1938 1939
2 1939 1940
2 1940 1941
2 1941 1942
2 1942 1943
2 1943 1944
2 1944 1945
2 1945 1946
2 1946 1947
2 1947 1948
2 1948 1949
2 1949 1950
2 1950 1951
2 1951 1952
2 1952 1953
2 1953 1954
2 1954 1955
2 1955 1956
2 1956 1957
2 1958 1959
2 1959 1960
2 1960 1961
2 1961 1962
2 1962 1963
2 1963 1964
2 1964 1965
2 1965 1966
2 1966 1967
2 1967 1968
2 1968 1969
2 1969 1970
2 1970 1971
2 1971 1972
2 1972 1973
2 1973 1974
2 1974 1975
2 1975 1976
2 1976 1977
2 1977 1978
2 1978 1979
2 1979 1980
2 1980 1981
2 1981 1982
2 1982 1983
2 1984 1985
2 1985 1986
2 1986 1987
2 1987 1988
2 1988 1989
2 1989 1990
2 1990 1991
2 1991 1992
2 1992 1993
2 1993 1994
2 1994 1995
2 1995 1996
2 1996 1997
2 1997 1998
2 1998 1999
2 1999 2000
2 2000 2001
2 2001 2002
2 2002 2003
2 2003 2004
2 2004 2005
2 2005 2006
2 2006 2007
2 2007 2008
2 2008 2009
2 2010 2011
2 2011 2012
2 2012 2013
2 2013 2014
2 2014 2015
2 2015 2016
2 2016 2017
2 2017 2018
2 2018 2019
2 2019 2020
2 2020 2021
2 2021 2022
2 2022 2023
2 2023 2024
2 2024 2025
2 2025 2026
2 2026 2027
2 2027 2028
2 2028 2029
2 2029 2030
2 2030 2031
2 2031 2032
2 2032 2033
2 2033 2034
2 2034 2035
2 2036 2037
2 2037 2038
2 2038 2039
2 2039 2040
2 2040 2041
2 2041 2042
2 2042 2043
2 2043 2044
2 2044 2045
2 2045 2046
2 2046 2047
2 2047 2048
2 2048 2049
2 2049 2050
2 2050 2051
2 2051 2052
2 2052 2053
2 2053 2054
2 2054 2055
2 2055 2056
2 2056 2057
2 2057 2058
2 2058 2059
2 2059 2060
2 2060 2061
2 2062 2063
2 2063 2064
2 2064 2065
2 2065 2066
2 2066 2067
2 2067 2068
2 2068 2069
2 2069 2070
2 2070 2071
2 2071 2072
2 2072 2073
2 2073 2074
2 2074 2075
2 2075 2076
2 2076 2077
2 2077 2078
2 2078 2079
2 2079 2080
2 2080 2081
2 2081 2082
2 2082 2083
2 2083 2084
2 2084 2085
2 2085 2086
2 2086 2087
2 2088 2089
2 2089 2090
2 2090 2091
2 2091 2092
2 2092 2093
2 2093 2094
2 2094 2095
2 2095 2096
2 2096 2097
2 2097 2098
2 2098 2099
2 2099 2100
2 2100 2101
2 2101 2102
2 2102 2103
2 2103 2104
2 2104 2105
2 2105 2106
2 2106 2107
2 2107 2108
2 2108 2109
2 2109 2110
2 2110 2111
2 2111 2112
2 2112 2113
2 2114 2115
2 2115 2116
2 2116 2117
2 2117 2118
2 2118 2119
2 2119 2120
2 2120 2121
2 2121 2122
2 2122 2123
2 2123 2124
2 2124 2125
2 2125 2126
2 2126 2127
2 2127 2128
2 2128 2129
2 2129 2130
2 2130 2131
2 2131 2132
2 2132 2133
2 2133 2134
2 2134 2135
2 2135 2136
2 2136 2137
2 2137 2138
2 2138 2139
2 2140 2141
2 2141 2142
2 2142 2143
2 2143 2144
2 2144 2145
2 2145 2146
2 2146 2147
2 2147 2148
2 2148 2149
2 2149 2150
2 2150 2151
2 2151 2152
2 2152 2153
2 2153 2154
2 2154 2155
2 2155 2156
2 2156 2157
2 2157 2158
2 2158 2159
2 2159 2160
2 2160 2161
2 2161 2162
2 2162 2163
2 2163 2164
2 2164 2165
2 2166 2167
2 2167 2168
2 2168 2169
2 2169 2170
2 2170 2171
2 2171 2172
2 2172 2173
2 2173 2174
2 2174 2175
2 2175 2176
2 2176 2177
2 2177 2178
2 2178 2179
2 2179 2180
2 2180 2181
2 2181 2182
2 2182 2183
2 2183 2184
2 2184 2185
2 2185 2186
2 2186 2187
2 2187 2188
2 2188 2189
2 2189 2190
2 2190 2191
2 2192 2193
2 2193 2194
2 2194 2195
2 2195 2196
2 2196 2197
2 2197 2198
2 2198 2199
2 2199 2200
2 2200 2201
2 2201 2202
2 2202 2203
2 2203 2204
2 2204 2205
2 2205 2206
2 2206 2207
2 2207 2208
2 2208 2209
2 2209 2210
2 2210 2211
2 2211 2212
2 2212 2213
2 2213 2214
2 2214 2215
2 2215 2216
2 2216 2217
2 2218 2219
2 2219 2220
2 2220 2221
2 2221 2222
2 2222 2223
2 2223 2224
2 2224 2225
2 2225 2226
2 2226 2227
2 2227 2228
2 2228 2229
2 2229 2230
2 2230 2231
2 2231 2232
2 2232 2233
2 2233 2234
2 2234 2235
2 2235 2236
2 2236 2237
2 2237 2238
2 2238 2239
2 2239 2240
2 2240 2241
2 2241 2242
2 2242 2243
2 2244 2245
2 2245 2246
2 2246 2247
2 2247 2248
2 2248 2249
2 2249 2250
2 2250 2251
2 2251 2252
2 2252 2253
2 2253 2254
2 2254 2255
2 2255 2256
2 2256 2257
2 2257 2258
2 2258 2259
2 2259 2260
2 2260 2261
2 2261 2262
2 2262 2263
2 2263 2264
2 2264 2265
2 2265 2266
2 2266 2267
2 2267 2268
2 2268 2269
2 2270 2271
2 2271 2272
2 2272 2273
2 2273 2274
2 2274 2275
2 2275 2276
2 2276 2277
2 2277 2278
2 2278 2279
2 2279 2280
2 2280 2281
2 2281 2282
2 2282 2283
2 2283 2284
2 2284 2285
2 2285 2286
2 2286 2287
2 2287 2288
2 2288 2289
2 2289 2290
2 2290 2291
2 2291 2292
2 2292 2293
2 2293 2294
2 2294 2295
2 2296 2297
2 2297 2298
2 2298 2299
2 2299 2300
2 2300 2301
2 2301 2302
2 2302 2303
2 2303 2304
2 2304 2305
2 2305 2306
2 2306 2307
2 2307 2308
2 2308 2309
2 2309 2310
2 2310 2311
2 2311 2312
2 2312 2313
2 2313 2314
2 2314 2315
2 2315 2316
2 2316 2317
2 2317 2318
2 2318 2319
2 2319 2320
2 2320 2321
2 2322 2323
2 2323 2324
2 2324 2325
2 2325 2326
2 2326 2327
2 2327 2328
2 2328 2329
2 2329 2330
2 2330 2331
2 2331 2332
2 2332 2333
2 2333 2334
2 2334 2335
2 2335 2336
2 2336 2337
2 2337 2338
2 2338 2339
2 2339 2340
2 2340 2341
2 2341 2342
2 2342 2343
2 2343 2344
2 2344 2345
2 2345 2346
2 2346 2347
2 2348 2349
2 2349 2350
2 2350 2351
2 2351 2352
2 2352 2353
2 2353 2354
2 2354 2355
2 2355 2356
2 2356 2357
2 2357 2358
2 2358 2359
2 2359 2360
2 2360 2361
2 2361 2362
2 2362 2363
2 2363 2364
2 2364 2365
2 2365 2366
2 2366 2367
2 2367 2368
2 2368 2369
2 2369 2370
2 2370 2371
2 2371 2372
2 2372 2373
2 2374 2375
2 2375 2376
2 2376 2377
2 2377 2378
2 2378 2379
2 2379 2380
2 2380 2381
2 2381 2382
2 2382 2383
2 2383 2384
2 2384 2385
2 2385 2386
2 2386 2387
2 2387 2388
2 2388 2389
2 2389 2390
2 2390 2391
2 2391 2392
2 2392 2393
2 2393 2394
2 2394 2395
2 2395 2396
2 2396 2397
2 2397 2398
2 2398 2399
2 2400 2401
2 2401 2402
2 2402 2403
2 2403 2404
2 2404 2405
2 2405 2406
2 2406 2407
2 2407 2408
2 2408 2409
2 2409 2410
2 2410 2411
2 2411 2412
2 2412 2413
2 2413 2414
2 2414 2415
2 2415 2416
2 2416 2417
2 2417 2418
2 2418 2419
2 2419 2420
2 2420 2421
2 2421 2422
2 2422 2423
2 2423 2424
2 2424 2425
2 2426 2427
2 2427 2428
2 2428 2429
2 2429 2430
2 2430 2431
2 2431 2432
2 2432 2433
2 2433 2434
2 2434 2435
2 2435 2436
2 2436 2437
2 2437 2438
2 2438 2439
2 2439 2440
2 2440 2441
2 2441 2442
2 2442 2443
2 2443 2444
2 2444 2445
2 2445 2446
2 2446 2447
2 2447 2448
2 2448 2449
2 2449 2450
2 2450 2451
2 2452 2453
2 2453 2454
2 2454 2455
2 2455 2456
2 2456 2457
2 2457 2458
2 2458 2459
2 2459 2460
2 2460 2461
2 2461 2462
2 2462 2463
2 2463 2464
2 2464 2465
2 2465 2466
2 2466 2467
2 2467 2468
2 2468 2469
2 2469 2470
2 2470 2471
2 2471 2472
2 2472 2473
2 2473 2474
2 2474 2475
2 2475 2476
2 2476 2477
2 2478 2479
2 2479 2480
2 2480 2481
2 2481 2482
2 2482 2483
2 2483 2484
2 2484 2485
2 2485 2486
2 2486 2487
2 2487 2488
2 2488 2489
2 2489 2490
2 2490 2491
2 2491 2492
2 2492 2493
2 2493 2494
2 2494 2495
2 2495 2496
2 2496 2497
2 2497 2498
2 2498 2499
2 2499 2500
2 2500 2501
2 2501 2502
2 2502 2503
2 2504 2505
2 2505 2506
2 2506 2507
2 2507 2508
2 2508 2509
2 2509 2510
2 2510 2511
2 2511 2512
2 2512 2513
2 2513 2514
2 2514 2515
2 2515 2516
2 2516 2517
2 2517 2518
2 2518 2519
2 2519 2520
2 2520 2521
2 2521 2522
2 2522 2523
2 2523 2524
2 2524 2525
2 2525 2526
2 2526 2527
2 2527 2528
2 2528 2529
2 2530 2531
2 2531 2532
2 2532 2533
2 2533 2534
2 2534 2535
2 2535 2536
2 2536 2537
2 2537 2538
2 2538 2539
2 2539 2540
2 2540 2541
2 2541 2542
2 2542 2543
2 2543 2544
2 2544 2545
2 2545 2546
2 2546 2547
2 2547 2548
2 2548 2549
2 2549 2550
2 2550 2551
2 2551 2552
2 2552 2553
2 2553 2554
2 2554 2555
2 2556 2557
2 2557 2558
2 2558 2559
2 2559 2560
2 2560 2561
2 2561 2562
2 2562 2563
2 2563 2564
2 2564 2565
2 2565 2566
2 2566 2567
2 2567 2568
2 2568 2569
2 2569 2570
2 2570 2571
2 2571 2572
2 2572 2573
2 2573 2574
2 2574 2575
2 2575 2576
2 2576 2577
2 2577 2578
2 2578 2579
2 2579 2580
2 2580 2581
2 2582 2583
2 2583 2584
2 2584 2585
2 2585 2586
2 2586 2587
2 2587 2588
2 2588 2589
2 2589 2590
2 2590 2591
2 2591 2592
2 2592 2593
2 2593 2594
2 2594 2595
2 2595 2596
2 2596 2597
2 2597 2598
2 2598 2599
2 2599 2600
2 2600 2601
2 2601 2602
2 2602 2603
2 2603 2604
2 2604 2605
2 2605 2606
2 2606 2607
2 2608 2609
2 2609 2610
2 2610 2611
2 2611 2612
2 2612 2613
2 2613 2614
2 2614 2615
2 2615 2616
2 2616 2617
2 2617 2618
2 2618 2619
2 2619 2620
2 2620 2621
2 2621 2622
2 2622 2623
2 2623 2624
2 2624 2625
2 2625 2626
2 2626 2627
2 2627 2628
2 2628 2629
2 2629 2630
2 2630 2631
2 2631 2632
2 2632 2633
2 2634 2635
2 2635 2636
2 2636 2637
2 2637 2638
2 2638 2639
2 2639 2640
2 2640 2641
2 2641 2642
2 2642 2643
2 2643 2644
2 2644 2645
2 2645 2646
2 2646 2647
2 2647 2648
2 2648 2649
2 2649 2650
2 2650 2651
2 2651 2652
2 2652 2653
2 2653 2654
2 2654 2655
2 2655 2656
2 2656 2657
2 2657 2658
2 2658 2659
2 2660 2661
2 2661 2662
2 2662 2663
2 2663 2664
2 2664 2665
2 2665 2666
2 2666 2667
2 2667 2668
2 2668 2669
2 2669 2670
2 2670 2671
2 2671 2672
2 2672 2673
2 2673 2674
2 2674 2675
2 2675 2676
2 2676 2677
2 2677 2678
2 2678 2679
2 2679 2680
2 2680 2681
2 2681 2682
2 2682 2683
2 2683 2684
2 2684 2685
2 2686 2687
2 2687 2688
2 2688 2689
2 2689 2690
2 2690 2691
2 2691 2692
2 2692 2693
2 2693 2694
2 2694 2695
2 2695 2696
2 2696 2697
2 2697 2698
2 2698 2699
2 2699 2700
2 2700 2701
2 2701 2702
2 2702 2703
2 2703 2704
2 2704 2705
2 2705 2706
2 2706 2707
2 2707 2708
2 2708 2709
2 2709 2710
2 2710 2711
2 2712 2713
2 2713 2714
2 2714 2715
2 2715 2716
2 2716 2717
2 2717 2718
2 2718 2719
2 2719 2720
2 2720 2721
2 2721 2722
2 2722 2723
2 2723 2724
2 2724 2725
2 2725 2726
2 2726 2727
2 2727 2728
2 2728 2729
2 2729 2730
2 2730 2731
2 2731 2732
2 2732 2733
2 2733 2734
2 2734 2735
2 2735 2736
2 2736 2737
2 2738 2739
2 2739 2740
2 2740 2741
2 2741 2742
2 2742 2743
2 2743 2744
2 2744 2745
2 2745 2746
2 2746 2747
2 2747 2748
2 2748 2749
2 2749 2750
2 2750 2751
2 2751 2752
2 2752 2753
2 2753 2754
2 2754 2755
2 2755 2756
2 2756 2757
2 2757 2758
2 2758 2759
2 2759 2760
2 2760 2761
2 2761 2762
2 2762 2763
2 2764 2765
2 2765 2766
2 2766 2767
2 2767 2768
2 2768 2769
2 2769 2770
2 2770 2771
2 2771 2772
2 2772 2773
2 2773 2774
2 2774 2775
2 2775 2776
2 2776 2777
2 2777 2778
2 2778 2779
2 2779 2780
2 2780 2781
2 2781 2782
2 2782 2783
2 2783 2784
2 2784 2785
2 2785 2786
2 2786 2787
2 2787 2788
2 2788 2789
2 2790 2791
2 2791 2792
2 2792 2793
2 2793 2794
2 2794 2795
2 2795 2796
2 2796 2797
2 2797 2798
2 2798 2799
2 2799 2800
2 2800 2801
2 2801 2802
2 2802 2803
2 2803 2804
2 2804 2805
2 2805 2806
2 2806 2807
2 2807 2808
2 2808 2809
2 2809 2810
2 2810 2811
2 2811 2812
2 2812 2813
2 2813 2814
2 2814 2815
2 2816 2817
2 2817 2818
2 2818 2819
2 2819 2820
2 2820 2821
2 2821 2822
2 2822 2823
2 2823 2824
2 2824 2825
2 2825 2826
2 2826 2827
2 2827 2828
2 2828 2829
2 2829 2830
2 2830 2831
2 2831 2832
2 2832 2833
2 2833 2834
2 2834 2835
2 2835 2836
2 2836 2837
2 2837 2838
2 2838 2839
2 2839 2840
2 2840 2841
2 2842 2843
2 2843 2844
2 2844 2845
2 2845 2846
2 2846 2847
2 2847 2848
2 2848 2849
2 2849 2850
2 2850 2851
2 2851 2852
2 2852 2853
2 2853 2854
2 2854 2855
2 2855 2856
2 2856 2857
2 2857 2858
2 2858 2859
2 2859 2860
2 2860 2861
2 2861 2862
2 2862 2863
2 2863 2864
2 2864 2865
2 2865 2866
2 2866 2867
2 2867 2868
2 2868 2869
2 2869 2870
2 2870 2871
2 2871 2872
2 2872 2873
2 2873 2874
2 2874 2875
2 2875 2876
2 2876 2877
2 2878 2879
2 2879 2880
2 2880 2881
2 2881 2882
2 2882 2883
2 2883 2884
2 2884 2885
2 2885 2886
2 2886 2887
2 2887 2888
2 2888 2889
2 2889 2890
2 2890 2891
2 2891 2892
2 2892 2893
2 2893 2894
2 2894 2895
2 2895 2896
2 2896 2897
2 2897 2898
2 2898 2899
2 2899 2900
2 2900 2901
2 2901 2902
2 2902 2903
2 2903 2904
2 2904 2905
2 2905 2906
2 2906 2907
2 2907 2908
2 2908 2909
2 2909 2910
2 2910 2911
2 2911 2912
2 2912 2913
2 2913 2914
2 2914 2915
2 2915 2916
2 2916 2917
2 2917 2918
2 2918 2919
2 2919 2920
2 2920 2921
2 2921 2922
2 2922 2923
2 2923 2924
2 2924 2925
2 2926 2927
2 2927 2928
2 2928 2929
2 2929 2930
2 2930 2931
2 2931 2932
2 2932 2933
2 2933 2934
2 2934 2935
2 2935 2936
2 2936 2937
2 2937 2938
2 2938 2939
2 2939 2940
2 2940 2941
2 2941 2942
2 2942 2943
2 2943 2944
2 2944 2945
2 2945 2946
2 2946 2947
2 2947 2948
2 2948 2949
2 2949 2950
2 2950 2951
2 2951 2952
2 2952 2953
2 2953 2954
2 2954 2955
2 2955 2956
2 2956 2957
2 2957 2958
2 2958 2959
2 2959 2960
2 2960 2961
2 2961 2962
2 2962 2963
2 2963 2964
2 2964 2965
2 2965 2966
2 2966 2967
2 2967 2968
2 2968 2969
2 2969 2970
2 2970 2971
2 2971 2972
2 2972 2973
2 2973 2974
2 2974 2975
2 2975 2976
2 2976 2977
2 2977 2978
2 2978 2979
2 2979 2980
2 2980 2981
2 2981 2982
2 2982 2983
2 2984 2985
2 2985 2986
2 2986 2987
2 2987 2988
2 2988 2989
2 2989 2990
2 2990 2991
2 2991 2992
2 2992 2993
2 2993 2994
2 2994 2995
2 2995 2996
2 2996 2997
2 2997 2998
2 2998 2999
2 2999 3000
2 3000 3001
2 3001 3002
2 3002 3003
2 3003 3004
2 3004 3005
2 3005 3006
2 3006 3007
2 3007 3008
2 3008 3009
2 3009 3010
2 3010 3011
2 3011 3012
2 3012 3013
2 3013 3014
2 3014 3015
2 3015 3016
2 3016 3017
2 3017 3018
2 3018 3019
2 3019 3020
2 3020 3021
2 3021 3022
2 3022 3023
2 3023 3024
2 3024 3025
2 3025 3026
2 3026 3027
2 3027 3028
2 3028 3029
2 3029 3030
2 3030 3031
2 3031 3032
2 3032 3033
2 3033 3034
2 3034 3035
2 3035 3036
2 3036 3037
2 3037 3038
2 3038 3039
2 3039 3040
2 3040 3041
2 3041 3042
2 3042 3043
2 3043 3044
2 3044 3045
2 3045 3046
2 3046 3047
2 3047 3048
2 3048 3049
2 3050 3051
2 3051 3052
2 3052 3053
2 3053 3054
2 3054 3055
2 3055 3056
2 3056 3057
2 3057 3058
2 3058 3059
2 3059 3060
2 3060 3061
2 3061 3062
2 3062 3063
2 3063 3064
2 3064 3065
2 3065 3066
2 3066 3067
2 3067 3068
2 3068 3069
2 3069 3070
2 3070 3071
2 3071 3072
2 3072 3073
2 3073 3074
2 3074 3075
2 3075 3076
2 3076 3077
2 3077 3078
2 3078 3079
2 3079 3080
2 3080 3081
2 3081 3082
2 3082 3083
2 3083 3084
2 3084 3085
2 3085 3086
2 3086 3087
2 3087 3088
2 3088 3089
2 3089 3090
2 3090 3091
2 3091 3092
2 3092 3093
2 3093 3094
2 3094 3095
2 3095 3096
2 3096 3097
2 3097 3098
2 3098 3099
2 3099 3100
2 3100 3101
2 3101 3102
2 3102 3103
2 3103 3104
2 3104 3105
2 3105 3106
2 3106 3107
2 3107 3108
2 3108 3109
2 3109 3110
2 3110 3111
2 3111 3112
2 3112 3113
2 3113 3114
2 3114 3115
2 3115 3116
2 3116 3117
2 3117 3118
2 3118 3119
2 3119 3120
2 3121 3122
2 3122 3123
2 3123 3124
2 3124 3125
2 3125 3126
2 3126 3127
2 3127 3128
2 3128 3129
2 3129 3130
2 3130 3131
2 3131 3132
2 3132 3133
2 3133 3134
2 3134 3135
2 3135 3136
2 3136 3137
2 3137 3138
2 3138 3139
2 3139 3140
2 3140 3141
2 3141 3142
2 3142 3143
2 3143 3144
2 3144 3145
2 3145 3146
2 3146 3147
2 3147 3148
2 3148 3149
2 3149 3150
2 3150 3151
2 3151 3152
2 3152 3153
2 3153 3154
2 3154 3155
2 3155 3156
2 3156 3157
2 3157 3158
2 3158 3159
2 3159 3160
2 3160 3161
2 3161 3162
2 3162 3163
2 3163 3164
2 3164 3165
2 3165 3166
2 3166 3167
2 3167 3168
2 3168 3169
2 3169 3170
2 3170 3171
2 3171 3172
2 3172 3173
2 3173 3174
2 3174 3175
2 3175 3176
2 3176 3177
2 3177 3178
2 3178 3179
2 3179 3180
2 3180 3181
2 3181 3182
2 3182 3183
2 3183 3184
2 3184 3185
2 3185 3186
2 3186 3187
2 3187 3188
2 3188 3189
2 3189 3190
2 3190 3191
2 3191 3192
2 3192 3193
2 3193 3194
2 3195 3196
2 3196 3197
2 3197 3198
2 3198 3199
2 3199 3200
2 3200 3201
2 3201 3202
2 3202 3203
2 3203 3204
2 3204 3205
2 3205 3206
2 3206 3207
2 3207 3208
2 3208 3209
2 3209 3210
2 3210 3211
2 3211 3212
2 3212 3213
2 3213 3214
2 3214 3215
2 3215 3216
2 3216 3217
2 3217 3218
2 3218 3219
2 3219 3220
2 3220 3221
2 3221 3222
2 3222 3223
2 3223 3224
2 3224 3225
2 3225 3226
2 3226 3227
2 3227 3228
2 3228 3229
2 3229 3230
2 3230 3231
2 3231 3232
2 3232 3233
2 3233 3234
2 3234 3235
2 3235 3236
2 3236 3237
2 3237 3238
2 3238 3239
2 3239 3240
2 3240 3241
2 3241 3242
2 3242 3243
2 3243 3244
2 3244 3245
2 3245 3246
2 3246 3247
2 3247 3248
2 3248 3249
2 3249 3250
2 3250 3251
2 3251 3252
2 3252 3253
2 3253 3254
2 3254 3255
2 3255 3256
2 3256 3257
2 3257 3258
2 3258 3259
2 3259 3260
2 3260 3261
2 3261 3262
2 3262 3263
2 3263 3264
2 3264 3265
2 3265 3266
2 3266 3267
2 3268 3269
2 3269 3270
2 3270 3271
2 3271 3272
2 3272 3273
2 3273 3274
2 3274 3275
2 3275 3276
2 3276 3277
2 3277 3278
2 3278 3279
2 3279 3280
2 3280 3281
2 3281 3282
2 3282 3283
2 3283 3284
2 3284 3285
2 3285 3286
2 3286 3287
2 3287 3288
2 3288 3289
2 3289 3290
2 3290 3291
2 3291 3292
2 3292 3293
2 3293 3294
2 3294 3295
2 3295 3296
2 3296 3297
2 3297 3298
2 3298 3299
2 3299 3300
2 3300 3301
2 3301 3302
2 3302 3303
2 3303 3304
2 3304 3305
2 3305 3306
2 3306 3307
2 3307 3308
2 3308 3309
2 3309 3310
2 3310 3311
2 3311 3312
2 3312 3313
2 3313 3314
2 3314 3315
2 3315 3316
2 3316 3317
2 3317 3318
2 3318 3319
2 3319 3320
2 3320 3321
2 3321 3322
2 3322 3323
2 3323 3324
2 3324 3325
2 3325 3326
2 3326 3327
2 3327 3328
2 3328 3329
2 3329 3330
2 3330 3331
2 3331 3332
2 3332 3333
2 3333 3334
2 3334 3335
2 3335 3336
2 3336 3337
2 3338 3339
2 3339 3340
2 3340 3341
2 3341 3342
2 3342 3343
2 3343 3344
2 3344 3345
2 3345 3346
2 3346 3347
2 3347 3348
2 3348 3349
2 3349 3350
2 3350 3351
2 3351 3352
2 3352 3353
2 3353 3354
2 3354 3355
2 3355 3356
2 3356 3357
2 3357 3358
2 3358 3359
2 3359 3360
2 3360 3361
2 3361 3362
2 3362 3363
2 3363 3364
2 3364 3365
2 3365 3366
2 3366 3367
2 3367 3368
2 3368 3369
2 3369 3370
2 3370 3371
2 3371 3372
2 3372 3373
2 3373 3374
2 3374 3375
2 3375 3376
2 3376 3377
2 3377 3378
2 3378 3379
2 3379 3380
2 3380 3381
2 3381 3382
2 3382 3383
2 3383 3384
2 3384 3385
2 3385 3386
2 3386 3387
2 3387 3388
2 3388 3389
2 3389 3390
2 3390 3391
2 3391 3392
2 3392 3393
2 3393 3394
2 3394 3395
2 3395 3396
2 3396 3397
2 3397 3398
2 3398 3399
2 3399 3400
2 3400 3401
2 3402 3403
2 3403 3404
2 3404 3405
2 3405 3406
2 3406 3407
2 3407 3408
2 3408 3409
2 3409 3410
2 3410 3411
2 3411 3412
2 3412 3413
2 3413 3414
2 3414 3415
2 3415 3416
2 3416 3417
2 3417 3418
2 3418 3419
2 3419 3420
2 3420 3421
2 3421 3422
2 3422 3423
2 3423 3424
2 3424 3425
2 3425 3426
2 3426 3427
2 3427 3428
2 3428 3429
2 3429 3430
2 3430 3431
2 3431 3432
2 3432 3433
2 3433 3434
2 3434 3435
2 3435 3436
2 3436 3437
2 3437 3438
2 3438 3439
2 3439 3440
2 3440 3441
2 3441 3442
2 3442 3443
2 3443 3444
2 3444 3445
2 3445 3446
2 3446 3447
2 3447 3448
2 3448 3449
2 3449 3450
2 3450 3451
2 3451 3452
2 3452 3453
2 3453 3454
2 3454 3455
2 3455 3456
2 3457 3458
2 3458 3459
2 3459 3460
2 3460 3461
2 3461 3462
2 3462 3463
2 3463 3464
2 3464 3465
2 3465 3466
2 3466 3467
2 3467 3468
2 3468 3469
2 3469 3470
2 3470 3471
2 3471 3472
2 3472 3473
2 3473 3474
2 3474 3475
2 3475 3476
2 3476 3477
2 3477 3478
2 3478 3479
2 3479 3480
2 3480 3481
2 3481 3482
2 3482 3483
2 3483 3484
2 3484 3485
2 3485 3486
2 3486 3487
2 3487 3488
2 3488 3489
2 3489 3490
2 3490 3491
2 3491 3492
2 3492 3493
2 3493 3494
2 3494 3495
2 3495 3496
2 3496 3497
2 3497 3498
2 3498 3499
2 3499 3500
2 3500 3501
CELL_DATA 4002
SCALARS host_volume_fraction float 1
LOOKUP_TABLE default
1.34888869006
1.34888869006
1.34888869006
1.34888869006
1.34888869006
1.34888869006
1.34888869006
1.34888869006
1.34888869006
1.34888869006
1.34888869006
1.34888869006
0.383426234605
0.383426234605
0.383426234605
0.383426234605
0.383426234605
0.383426234605
0.383426234605
0.383426234605
0.383426234605
0.383426234605
0.383426234605
0.383426234605
0.946109905744
0.946109905744
0.946109905744
0.946109905744
0.946109905744
0.946109905744
0.946109905744
0.946109905744
0.946109905744
0.946109905744
0.946109905744
0.946109905744
0.38457705632
0.38457705632
0.38457705632
0.38457705632
0.38457705632
0.38457705632
0.38457705632
0.38457705632
0.38457705632
0.38457705632
0.38457705632
0.38457705632
0.678218361072
0.678218361072
0.678218361072
0.678218361072
0.678218361072
0.678218361072
0.678218361072
0.678218361072
0.678218361072
0.678218361072
0.678218361072
0.678218361072
0.362519875091
0.362519875091
0.362519875091
0.362519875091
0.362519875091
0.362519875091
0.362519875091
0.362519875091
0.362519875091
0.362519875091
0.362519875091
0.362519875091
0.678218361072
0.678218361072
0.678218361072
0.678218361072
0.678218361072
0.678218361072
0.678218361072
0.678218361072
0.678218361072
0.678218361072
0.678218361072
0.678218361072
0.400631171605
0.400631171605
0.400631171605
0.400631171605
0.400631171605
0.400631171605
0.400631171605
0.400631171605
0.400631171605
0.400631171605
0.400631171605
0.400631171605
0.946109905744
0.946109905744
0.946109905744
0.946109905744
0.946109905744
0.946109905744
0.946109905744
0.946109905744
0.946109905744
0.946109905744
0.946109905744
0.946109905744
0.369502489583
0.369502489583
0.369502489583
0.369502489583
0.369502489583
0.369502489583
0.369502489583
0.369502489583
0.369502489583
0.369502489583
0.369502489583
0.369502489583
1.34888869006
1.34888869006
1.34888869006
1.34888869006
1.34888869006
1.34888869006
1.34888869006
1.34888869006
1.34888869006
1.34888869006
1.34888869006
1.34888869006
0.204252141001
0.204252141001
0.204252141001
0.204252141001
0.204252141001
0.204252141001
0.204252141001
0.204252141001
0.204252141001
0.204252141001
0.204252141001
0.204252141001
1.62769280848
1.62769280848
1.62769280848
1.62769280848
1.62769280848
1.62769280848
1.62769280848
1.62769280848
1.62769280848
1.62769280848
1.62769280848
1.62769280848
0.383442584647
0.383442584647
0.383442584647
0.383442584647
0.383442584647
0.383442584647
0.383442584647
0.383442584647
0.383442584647
0.383442584647
0.383442584647
0.383442584647
1.13357172692
1.13357172692
1.13357172692
1.13357172692
1.13357172692
1.13357172692
1.13357172692
1.13357172692
1.13357172692
1.13357172692
1.13357172692
1.13357172692
0.384581196168
0.384581196168
0.384581196168
0.384581196168
0.384581196168
0.384581196168
0.384581196168
0.384581196168
0.384581196168
0.384581196168
0.384581196168
0.384581196168
0.832001080247
0.832001080247
0.832001080247
0.832001080247
0.832001080247
0.832001080247
0.832001080247
0.832001080247
0.832001080247
0.832001080247
0.832001080247
0.832001080247
0.366146125757
0.366146125757
0.366146125757
0.366146125757
0.366146125757
0.366146125757
0.366146125757
0.366146125757
0.366146125757
0.366146125757
0.366146125757
0.366146125757
0.832001080247
0.832001080247
0.832001080247
0.832001080247
0.832001080247
0.832001080247
0.832001080247
0.832001080247
0.832001080247
0.832001080247
0.832001080247
0.832001080247
0.405832912983
0.405832912983
0.405832912983
0.405832912983
0.405832912983
0.405832912983
0.405832912983
0.405832912983
0.405832912983
0.405832912983
0.405832912983
0.405832912983
1.13357172692
1.13357172692
1.13357172692
1.13357172692
1.13357172692
1.13357172692
1.13357172692
1.13357172692
1.13357172692
1.13357172692
1.13357172692
1.13357172692
0.36798907539
0.36798907539
0.36798907539
0.36798907539
0.36798907539
0.36798907539
0.36798907539
0.36798907539
0.36798907539
0.36798907539
0.36798907539
0.36798907539
1.62769280848
1.62769280848
1.62769280848
1.62769280848
1.62769280848
1.62769280848
1.62769280848
1.62769280848
1.62769280848
1.62769280848
1.62769280848
1.62769280848
0.204294218536
0.204294218536
0.204294218536
0.204294218536
0.204294218536
0.204294218536
0.204294218536
0.204294218536
0.204294218536
0.204294218536
0.204294218536
0.204294218536
1.34853429366
1.34853429366
1.34853429366
1.34853429366
1.34853429366
1.34853429366
1.34853429366
1.34853429366
1.34853429366
1.34853429366
1.34853429366
1.34853429366
0.383455596218
0.383455596218
0.383455596218
0.383455596218
0.383455596218
0.383455596218
0.383455596218
0.383455596218
0.383455596218
0.383455596218
0.383455596218
0.383455596218
0.946179951564
0.946179951564
0.946179951564
0.946179951564
0.946179951564
0.946179951564
0.946179951564
0.946179951564
0.946179951564
0.946179951564
0.946179951564
0.946179951564
0.38459999379
0.38459999379
0.38459999379
0.38459999379
0.38459999379
0.38459999379
0.38459999379
0.38459999379
0.38459999379
0.38459999379
0.38459999379
0.38459999379
0.659402369843
0.659402369843
0.659402369843
0.659402369843
0.659402369843
0.659402369843
0.659402369843
0.659402369843
0.659402369843
0.659402369843
0.659402369843
0.659402369843
0.379510161608
0.379510161608
0.379510161608
0.379510161608
0.379510161608
0.379510161608
0.379510161608
0.379510161608
0.379510161608
0.379510161608
0.379510161608
0.379510161608
0.659402369843
0.659402369843
0.659402369843
0.659402369843
0.659402369843
0.659402369843
0.659402369843
0.659402369843
0.659402369843
0.659402369843
0.659402369843
0.659402369843
0.417082228207
0.417082228207
0.417082228207
0.417082228207
0.417082228207
0.417082228207
0.417082228207
0.417082228207
0.417082228207
0.417082228207
0.417082228207
0.417082228207
0.946179951564
0.946179951564
0.946179951564
0.946179951564
0.946179951564
0.946179951564
0.946179951564
0.946179951564
0.946179951564
0.946179951564
0.946179951564
0.946179951564
0.367989075392
0.367989075392
0.367989075392
0.367989075392
0.367989075392
0.367989075392
0.367989075392
0.367989075392
0.367989075392
0.367989075392
0.367989075392
0.367989075392
1.34853429366
1.34853429366
1.34853429366
1.34853429366
1.34853429366
1.34853429366
1.34853429366
1.34853429366
1.34853429366
1.34853429366
1.34853429366
1.34853429366
0.204252141001
0.204252141001
0.204252141001
0.204252141001
0.204252141001
0.204252141001
0.204252141001
0.204252141001
0.204252141001
0.204252141001
0.204252141001
0.204252141001
1.62754980462
1.62754980462
1.62754980462
1.62754980462
1.62754980462
1.62754980462
1.62754980462
1.62754980462
1.62754980462
1.62754980462
1.62754980462
1.62754980462
0.383465333483
0.383465333483
0.383465333483
0.383465333483
0.383465333483
0.383465333483
0.383465333483
0.383465333483
0.383465333483
0.383465333483
0.383465333483
0.383465333483
1.1336006309
1.1336006309
1.1336006309
1.1336006309
1.1336006309
1.1336006309
1.1336006309
1.1336006309
1.1336006309
1.1336006309
1.1336006309
1.1336006309
0.384564788855
0.384564788855
0.384564788855
0.384564788855
0.384564788855
0.384564788855
0.384564788855
0.384564788855
0.384564788855
0.384564788855
0.384564788855
0.384564788855
0.830965313662
0.830965313662
0.830965313662
0.830965313662
0.830965313662
0.830965313662
0.830965313662
0.830965313662
0.830965313662
0.830965313662
0.830965313662
0.830965313662
0.370056947243
0.370056947243
0.370056947243
0.370056947243
0.370056947243
0.370056947243
0.370056947243
0.370056947243
0.370056947243
0.370056947243
0.370056947243
0.370056947243
0.830965313662
0.830965313662
0.830965313662
0.830965313662
0.830965313662
0.830965313662
0.830965313662
0.830965313662
0.830965313662
0.830965313662
0.830965313662
0.830965313662
0.406100195804
0.406100195804
0.406100195804
0.406100195804
0.406100195804
0.406100195804
0.406100195804
0.406100195804
0.406100195804
0.406100195804
0.406100195804
0.406100195804
1.1336006309
1.1336006309
1.1336006309
1.1336006309
1.1336006309
1.1336006309
1.1336006309
1.1336006309
1.1336006309
1.1336006309
1.1336006309
1.1336006309
0.369502489583
0.369502489583
0.369502489583
0.369502489583
0.369502489583
0.369502489583
0.369502489583
0.369502489583
0.369502489583
0.369502489583
0.369502489583
0.369502489583
1.62754980462
1.62754980462
1.62754980462
1.62754980462
1.62754980462
1.62754980462
1.62754980462
1.62754980462
1.62754980462
1.62754980462
1.62754980462
1.62754980462
0.204252141001
0.204252141001
0.204252141001
0.204252141001
0.204252141001
0.204252141001
0.204252141001
0.204252141001
0.204252141001
0.204252141001
0.204252141001
0.204252141001
1.3486524173
1.3486524173
1.3486524173
1.3486524173
1.3486524173
1.3486524173
1.3486524173
1.3486524173
1.3486524173
1.3486524173
1.3486524173
1.3486524173
0.383471860669
0.383471860669
0.383471860669
0.383471860669
0.383471860669
0.383471860669
0.383471860669
0.383471860669
0.383471860669
0.383471860669
0.383471860669
0.383471860669
0.946156608686
0.946156608686
0.946156608686
0.946156608686
0.946156608686
0.946156608686
0.946156608686
0.946156608686
0.946156608686
0.946156608686
0.946156608686
0.946156608686
0.384582764797
0.384582764797
0.384582764797
0.384582764797
0.384582764797
0.384582764797
0.384582764797
0.384582764797
0.384582764797
0.384582764797
0.384582764797
0.384582764797
0.682689276035
0.682689276035
0.682689276035
0.682689276035
0.682689276035
0.682689276035
0.682689276035
0.682689276035
0.682689276035
0.682689276035
0.682689276035
0.682689276035
0.360686998052
0.360686998052
0.360686998052
0.360686998052
0.360686998052
0.360686998052
0.360686998052
0.360686998052
0.360686998052
0.360686998052
0.360686998052
0.360686998052
0.682689276035
0.682689276035
0.682689276035
0.682689276035
0.682689276035
0.682689276035
0.682689276035
0.682689276035
0.682689276035
0.682689276035
0.682689276035
0.682689276035
0.396983023705
0.396983023705
0.396983023705
0.396983023705
0.396983023705
0.396983023705
0.396983023705
0.396983023705
0.396983023705
0.396983023705
0.396983023705
0.396983023705
0.946156608686
0.946156608686
0.946156608686
0.946156608686
0.946156608686
0.946156608686
0.946156608686
0.946156608686
0.946156608686
0.946156608686
0.946156608686
0.946156608686
0.369502489581
0.369502489581
0.369502489581
0.369502489581
0.369502489581
0.369502489581
0.369502489581
0.369502489581
0.369502489581
0.369502489581
0.369502489581
0.369502489581
1.3486524173
1.3486524173
1.3486524173
1.3486524173
1.3486524173
1.3486524173
1.3486524173
1.3486524173
1.3486524173
1.3486524173
1.3486524173
1.3486524173
0.204294218536
0.204294218536
0.204294218536
0.204294218536
0.204294218536
0.204294218536
0.204294218536
0.204294218536
0.204294218536
0.204294218536
0.204294218536
0.204294218536
1.62797866305
1.62797866305
1.62797866305
1.62797866305
1.62797866305
1.62797866305
1.62797866305
1.62797866305
1.62797866305
1.62797866305
1.62797866305
1.62797866305
0.383475134975
0.383475134975
0.383475134975
0.383475134975
0.383475134975
0.383475134975
0.383475134975
0.383475134975
0.383475134975
0.383475134975
0.383475134975
0.383475134975
1.13351402193
1.13351402193
1.13351402193
1.13351402193
1.13351402193
1.13351402193
1.13351402193
1.13351402193
1.13351402193
1.13351402193
1.13351402193
1.13351402193
0.38458529013
0.38458529013
0.38458529013
0.38458529013
0.38458529013
0.38458529013
0.38458529013
0.38458529013
0.38458529013
0.38458529013
0.38458529013
0.38458529013
0.834072992565
0.834072992565
0.834072992565
0.834072992565
0.834072992565
0.834072992565
0.834072992565
0.834072992565
0.834072992565
0.834072992565
0.834072992565
0.834072992565
0.3681315831
0.3681315831
0.3681315831
0.3681315831
0.3681315831
0.3681315831
0.3681315831
0.3681315831
0.3681315831
0.3681315831
0.3681315831
0.3681315831
0.834072992565
0.834072992565
0.834072992565
0.834072992565
0.834072992565
0.834072992565
0.834072992565
0.834072992565
0.834072992565
0.834072992565
0.834072992565
0.834072992565
0.40401011566
0.40401011566
0.40401011566
0.40401011566
0.40401011566
0.40401011566
0.40401011566
0.40401011566
0.40401011566
0.40401011566
0.40401011566
0.40401011566
1.13351402193
1.13351402193
1.13351402193
1.13351402193
1.13351402193
1.13351402193
1.13351402193
1.13351402193
1.13351402193
1.13351402193
1.13351402193
1.13351402193
0.367989075392
0.367989075392
0.367989075392
0.367989075392
0.367989075392
0.367989075392
0.367989075392
0.367989075392
0.367989075392
0.367989075392
0.367989075392
0.367989075392
1.62797866305
1.62797866305
1.62797866305
1.62797866305
1.62797866305
1.62797866305
1.62797866305
1.62797866305
1.62797866305
1.62797866305
1.62797866305
1.62797866305
0.204252141001
0.204252141001
0.204252141001
0.204252141001
0.204252141001
0.204252141001
0.204252141001
0.204252141001
0.204252141001
0.204252141001
0.204252141001
0.204252141001
1.62797866305
1.62797866305
1.62797866305
1.62797866305
1.62797866305
1.62797866305
1.62797866305
1.62797866305
1.62797866305
1.62797866305
1.62797866305
1.62797866305
0.383475134975
0.383475134975
0.383475134975
0.383475134975
0.383475134975
0.383475134975
0.383475134975
0.383475134975
0.383475134975
0.383475134975
0.383475134975
0.383475134975
1.13351402193
1.13351402193
1.13351402193
1.13351402193
1.13351402193
1.13351402193
1.13351402193
1.13351402193
1.13351402193
1.13351402193
1.13351402193
1.13351402193
0.38458529013
0.38458529013
0.38458529013
0.38458529013
0.38458529013
0.38458529013
0.38458529013
0.38458529013
0.38458529013
0.38458529013
0.38458529013
0.38458529013
0.834072992565
0.834072992565
0.834072992565
0.834072992565
0.834072992565
0.834072992565
0.834072992565
0.834072992565
0.834072992565
0.834072992565
0.834072992565
0.834072992565
0.3681315831
0.3681315831
0.3681315831
0.3681315831
0.3681315831
0.3681315831
0.3681315831
0.3681315831
0.3681315831
0.3681315831
0.3681315831
0.3681315831
0.834072992565
0.834072992565
0.834072992565
0.834072992565
0.834072992565
0.834072992565
0.834072992565
0.834072992565
0.834072992565
0.834072992565
0.834072992565
0.834072992565
0.40401011566
0.40401011566
0.40401011566
0.40401011566
0.40401011566
0.40401011566
0.40401011566
0.40401011566
0.40401011566
0.40401011566
0.40401011566
0.40401011566
1.13351402193
1.13351402193
1.13351402193
1.13351402193
1.13351402193
1.13351402193
1.13351402193
1.13351402193
1.13351402193
1.13351402193
1.13351402193
1.13351402193
0.367989075392
0.367989075392
0.367989075392
0.367989075392
0.367989075392
0.367989075392
0.367989075392
0.367989075392
0.367989075392
0.367989075392
0.367989075392
0.367989075392
1.62797866305
1.62797866305
1.62797866305
1.62797866305
1.62797866305
1.62797866305
1.62797866305
1.62797866305
1.62797866305
1.62797866305
1.62797866305
1.62797866305
0.204252141001
0.204252141001
0.204252141001
0.204252141001
0.204252141001
0.204252141001
0.204252141001
0.204252141001
0.204252141001
0.204252141001
0.204252141001
0.204252141001
1.3486524173
1.3486524173
1.3486524173
1.3486524173
1.3486524173
1.3486524173
1.3486524173
1.3486524173
1.3486524173
1.3486524173
1.3486524173
1.3486524173
0.383471860669
0.383471860669
0.383471860669
0.383471860669
0.383471860669
0.383471860669
0.383471860669
0.383471860669
0.383471860669
0.383471860669
0.383471860669
0.383471860669
0.946156608686
0.946156608686
0.946156608686
0.946156608686
0.946156608686
0.946156608686
0.946156608686
0.946156608686
0.946156608686
0.946156608686
0.946156608686
0.946156608686
0.384582764797
0.384582764797
0.384582764797
0.384582764797
0.384582764797
0.384582764797
0.384582764797
0.384582764797
0.384582764797
0.384582764797
0.384582764797
0.384582764797
0.682689276035
0.682689276035
0.682689276035
0.682689276035
0.682689276035
0.682689276035
0.682689276035
0.682689276035
0.682689276035
0.682689276035
0.682689276035
0.682689276035
0.360686998052
0.360686998052
0.360686998052
0.360686998052
0.360686998052
0.360686998052
0.360686998052
0.360686998052
0.360686998052
0.360686998052
0.360686998052
0.360686998052
0.682689276035
0.682689276035
0.682689276035
0.682689276035
0.682689276035
0.682689276035
0.682689276035
0.682689276035
0.682689276035
0.682689276035
0.682689276035
0.682689276035
0.396983023705
0.396983023705
0.396983023705
0.396983023705
0.396983023705
0.396983023705
0.396983023705
0.396983023705
0.396983023705
0.396983023705
0.396983023705
0.396983023705
0.946156608686
0.946156608686
0.946156608686
0.946156608686
0.946156608686
0.946156608686
0.946156608686
0.946156608686
0.946156608686
0.946156608686
0.946156608686
0.946156608686
0.369502489581
0.369502489581
0.369502489581
0.369502489581
0.369502489581
0.369502489581
0.369502489581
0.369502489581
0.369502489581
0.369502489581
0.369502489581
0.369502489581
1.3486524173
1.3486524173
1.3486524173
1.3486524173
1.3486524173
1.3486524173
1.3486524173
1.3486524173
1.3486524173
1.3486524173
1.3486524173
1.3486524173
0.204294218536
0.204294218536
0.204294218536
0.204294218536
0.204294218536
0.204294218536
0.204294218536
0.204294218536
0.204294218536
0.204294218536
0.204294218536
0.204294218536
1.62754980462
1.62754980462
1.62754980462
1.62754980462
1.62754980462
1.62754980462
1.62754980462
1.62754980462
1.62754980462
1.62754980462
1.62754980462
1.62754980462
0.383465333483
0.383465333483
0.383465333483
0.383465333483
0.383465333483
0.383465333483
0.383465333483
0.383465333483
0.383465333483
0.383465333483
0.383465333483
0.383465333483
1.1336006309
1.1336006309
1.1336006309
1.1336006309
1.1336006309
1.1336006309
1.1336006309
1.1336006309
1.1336006309
1.1336006309
1.1336006309
1.1336006309
0.384564788855
0.384564788855
0.384564788855
0.384564788855
0.384564788855
0.384564788855
0.384564788855
0.384564788855
0.384564788855
0.384564788855
0.384564788855
0.384564788855
0.830965313662
0.830965313662
0.830965313662
0.830965313662
0.830965313662
0.830965313662
0.830965313662
0.830965313662
0.830965313662
0.830965313662
0.830965313662
0.830965313662
0.370056947243
0.370056947243
0.370056947243
0.370056947243
0.370056947243
0.370056947243
0.370056947243
0.370056947243
0.370056947243
0.370056947243
0.370056947243
0.370056947243
0.830965313662
0.830965313662
0.830965313662
0.830965313662
0.830965313662
0.830965313662
0.830965313662
0.830965313662
0.830965313662
0.830965313662
0.830965313662
0.830965313662
0.406100195804
0.406100195804
0.406100195804
0.406100195804
0.406100195804
0.406100195804
0.406100195804
0.406100195804
0.406100195804
0.406100195804
0.406100195804
0.406100195804
1.1336006309
1.1336006309
1.1336006309
1.1336006309
1.1336006309
1.1336006309
1.1336006309
1.1336006309
1.1336006309
1.1336006309
1.1336006309
1.1336006309
0.369502489583
0.369502489583
0.369502489583
0.369502489583
0.369502489583
0.369502489583
0.369502489583
0.369502489583
0.369502489583
0.369502489583
0.369502489583
0.369502489583
1.62754980462
1.62754980462
1.62754980462
1.62754980462
1.62754980462
1.62754980462
1.62754980462
1.62754980462
1.62754980462
1.62754980462
1.62754980462
1.62754980462
0.204252141001
0.204252141001
0.204252141001
0.204252141001
0.204252141001
0.204252141001
0.204252141001
0.204252141001
0.204252141001
0.204252141001
0.204252141001
0.204252141001
1.34853429366
1.34853429366
1.34853429366
1.34853429366
1.34853429366
1.34853429366
1.34853429366
1.34853429366
1.34853429366
1.34853429366
1.34853429366
1.34853429366
0.383455596218
0.383455596218
0.383455596218
0.383455596218
0.383455596218
0.383455596218
0.383455596218
0.383455596218
0.383455596218
0.383455596218
0.383455596218
0.383455596218
0.946179951564
0.946179951564
0.946179951564
0.946179951564
0.946179951564
0.946179951564
0.946179951564
0.946179951564
0.946179951564
0.946179951564
0.946179951564
0.946179951564
0.38459999379
0.38459999379
0.38459999379
0.38459999379
0.38459999379
0.38459999379
0.38459999379
0.38459999379
0.38459999379
0.38459999379
0.38459999379
0.38459999379
0.659402369843
0.659402369843
0.659402369843
0.659402369843
0.659402369843
0.659402369843
0.659402369843
0.659402369843
0.659402369843
0.659402369843
0.659402369843
0.659402369843
0.379510161608
0.379510161608
0.379510161608
0.379510161608
0.379510161608
0.379510161608
0.379510161608
0.379510161608
0.379510161608
0.379510161608
0.379510161608
0.379510161608
0.659402369843
0.659402369843
0.659402369843
0.659402369843
0.659402369843
0.659402369843
0.659402369843
0.659402369843
0.659402369843
0.659402369843
0.659402369843
0.659402369843
0.417082228207
0.417082228207
0.417082228207
0.417082228207
0.417082228207
0.417082228207
0.417082228207
0.417082228207
0.417082228207
0.417082228207
0.417082228207
0.417082228207
0.946179951564
0.946179951564
0.946179951564
0.946179951564
0.946179951564
0.946179951564
0.946179951564
0.946179951564
0.946179951564
0.946179951564
0.946179951564
0.946179951564
0.367989075392
0.367989075392
0.367989075392
0.367989075392
0.367989075392
0.367989075392
0.367989075392
0.367989075392
0.367989075392
0.367989075392
0.367989075392
0.367989075392
1.34853429366
1.34853429366
1.34853429366
1.34853429366
1.34853429366
1.34853429366
1.34853429366
1.34853429366
1.34853429366
1.34853429366
1.34853429366
1.34853429366
0.204252141001
0.204252141001
0.204252141001
0.204252141001
0.204252141001
0.204252141001
0.204252141001
0.204252141001
0.204252141001
0.204252141001
0.204252141001
0.204252141001
1.62769280848
1.62769280848
1.62769280848
1.62769280848
1.62769280848
1.62769280848
1.62769280848
1.62769280848
1.62769280848
1.62769280848
1.62769280848
1.62769280848
0.383442584647
0.383442584647
0.383442584647
0.383442584647
0.383442584647
0.383442584647
0.383442584647
0.383442584647
0.383442584647
0.383442584647
0.383442584647
0.383442584647
1.13357172692
1.13357172692
1.13357172692
1.13357172692
1.13357172692
1.13357172692
1.13357172692
1.13357172692
1.13357172692
1.13357172692
1.13357172692
1.13357172692
0.384581196168
0.384581196168
0.384581196168
0.384581196168
0.384581196168
0.384581196168
0.384581196168
0.384581196168
0.384581196168
0.384581196168
0.384581196168
0.384581196168
0.832001080247
0.832001080247
0.832001080247
0.832001080247
0.832001080247
0.832001080247
0.832001080247
0.832001080247
0.832001080247
0.832001080247
0.832001080247
0.832001080247
0.366146125757
0.366146125757
0.366146125757
0.366146125757
0.366146125757
0.366146125757
0.366146125757
0.366146125757
0.366146125757
0.366146125757
0.366146125757
0.366146125757
0.832001080247
0.832001080247
0.832001080247
0.832001080247
0.832001080247
0.832001080247
0.832001080247
0.832001080247
0.832001080247
0.832001080247
0.832001080247
0.832001080247
0.405832912983
0.405832912983
0.405832912983
0.405832912983
0.405832912983
0.405832912983
0.405832912983
0.405832912983
0.405832912983
0.405832912983
0.405832912983
0.405832912983
1.13357172692
1.13357172692
1.13357172692
1.13357172692
1.13357172692
1.13357172692
1.13357172692
1.13357172692
1.13357172692
1.13357172692
1.13357172692
1.13357172692
0.36798907539
0.36798907539
0.36798907539
0.36798907539
0.36798907539
0.36798907539
0.36798907539
0.36798907539
0.36798907539
0.36798907539
0.36798907539
0.36798907539
1.62769280848
1.62769280848
1.62769280848
1.62769280848
1.62769280848
1.62769280848
1.62769280848
1.62769280848
1.62769280848
1.62769280848
1.62769280848
1.62769280848
0.204294218536
0.204294218536
0.204294218536
0.204294218536
0.204294218536
0.204294218536
0.204294218536
0.204294218536
0.204294218536
0.204294218536
0.204294218536
0.204294218536
1.34888869006
1.34888869006
1.34888869006
1.34888869006
1.34888869006
1.34888869006
1.34888869006
1.34888869006
1.34888869006
1.34888869006
1.34888869006
1.34888869006
0.383426234605
0.383426234605
0.383426234605
0.383426234605
0.383426234605
0.383426234605
0.383426234605
0.383426234605
0.383426234605
0.383426234605
0.383426234605
0.383426234605
0.946109905744
0.946109905744
0.946109905744
0.946109905744
0.946109905744
0.946109905744
0.946109905744
0.946109905744
0.946109905744
0.946109905744
0.946109905744
0.946109905744
0.38457705632
0.38457705632
0.38457705632
0.38457705632
0.38457705632
0.38457705632
0.38457705632
0.38457705632
0.38457705632
0.38457705632
0.38457705632
0.38457705632
0.678218361072
0.678218361072
0.678218361072
0.678218361072
0.678218361072
0.678218361072
0.678218361072
0.678218361072
0.678218361072
0.678218361072
0.678218361072
0.678218361072
0.362519875091
0.362519875091
0.362519875091
0.362519875091
0.362519875091
0.362519875091
0.362519875091
0.362519875091
0.362519875091
0.362519875091
0.362519875091
0.362519875091
0.678218361072
0.678218361072
0.678218361072
0.678218361072
0.678218361072
0.678218361072
0.678218361072
0.678218361072
0.678218361072
0.678218361072
0.678218361072
0.678218361072
0.400631171605
0.400631171605
0.400631171605
0.400631171605
0.400631171605
0.400631171605
0.400631171605
0.400631171605
0.400631171605
0.400631171605
0.400631171605
0.400631171605
0.946109905744
0.946109905744
0.946109905744
0.946109905744
0.946109905744
0.946109905744
0.946109905744
0.946109905744
0.946109905744
0.946109905744
0.946109905744
0.946109905744
0.369502489583
0.369502489583
0.369502489583
0.369502489583
0.369502489583
0.369502489583
0.369502489583
0.369502489583
0.369502489583
0.369502489583
0.369502489583
0.369502489583
1.34888869006
1.34888869006
1.34888869006
1.34888869006
1.34888869006
1.34888869006
1.34888869006
1.34888869006
1.34888869006
1.34888869006
1.34888869006
1.34888869006
0.204252141001
0.204252141001
0.204252141001
0.204252141001
0.204252141001
0.204252141001
0.204252141001
0.204252141001
0.204252141001
0.204252141001
0.204252141001
0.204252141001
-1
-1
-1
-1
-1
-1
-1
-1
-1
-1
-1
-1
-1
-1
-1
-1
-1
-1
-1
-1
-1
-1
-1
-1
-1
-1
-1
-1
-1
-1
-1
-1
-1
-1
-1
-1
-1
-1
-1
-1
-1
-1
-1
-1
-1
-1
-1
-1
-1
-1
-1
-1
-1
-1
-1
-1
-1
-1
-1
-1
-1
-1
-1
-1
-1
-1
-1
-1
-1
-1
-1
-1
-1
-1
-1
-1
-1
-1
-1
-1
-1
-1
-1
-1
-1
-1
-1
-1
-1
-1
-1
-1
-1
-1
-1
-1
-1
-1
-1
-1
-1
-1
-1
-1
-1
-1
-1
-1
-1
-1
-1
-1
-1
-1
-1
-1
-1
-1
-1
-1
-1
-1
-1
-1
-1
-1
-1
-1
-1
-1
-1
-1
-1
-1
-1
-1
-1
-1
-1
-1
-1
-1
-1
-1
-1
-1
-1
-1
-1
-1
-1
-1
-1
-1
-1
-1
-1
-1
-1
-1
-1
-1
-1
-1
-1
-1
-1
-1
-1
-1
-1
-1
-1
-1
-1
-1
-1
-1
-1
-1
-1
-1
-1
-1
-1
-1
-1
-1
-1
-1
-1
-1
-1
-1
-1
-1
-1
-1
-1
-1
-1
-1
-1
-1
-1
-1
-1
-1
-1
-1
-1
-1
-1
-1
-1
-1
-1
-1
-1
-1
-1
-1
-1
-1
-1
-1
-1
-1
-1
-1
-1
-1
-1
-1
-1
-1
-1
-1
-1
-1
-1
-1
-1
-1
-1
-1
-1
-1
-1
-1
-1
-1
-1
-1
-1
-1
-1
-1
-1
-1
-1
-1
-1
-1
-1
-1
-1
-1
-1
-1
-1
-1
-1
-1
-1
-1
-1
-1
-1
-1
-1
-1
-1
-1
-1
-1
-1
-1
-1
-1
-1
-1
-1
-1
-1
-1
-1
-1
-1
-1
-1
-1
-1
-1
-1
-1
-1
-1
-1
-1
-1
-1
-1
-1
-1
-1
-1
-1
-1
-1
-1
-1
-1
-1
-1
-1
-1
-1
-1
-1
-1
-1
-1
-1
-1
-1
-1
-1
-1
-1
-1
-1
-1
-1
-1
-1
-1
-1
-1
-1
-1
-1
-1
-1
-1
-1
-1
-1
-1
-1
-1
-1
-1
-1
-1
-1
-1
-1
-1
-1
-1
-1
-1
-1
-1
-1
-1
-1
-1
-1
-1
-1
-1
-1
-1
-1
-1
-1
-1
-1
-1
-1
-1
-1
-1
-1
-1
-1
-1
-1
-1
-1
-1
-1
-1
-1
-1
-1
-1
-1
-1
-1
-1
-1
-1
-1
-1
-1
-1
-1
-1
-1
-1
-1
-1
-1
-1
-1
-1
-1
-1
-1
-1
-1
-1
-1
-1
-1
-1
-1
-1
-1
-1
-1
-1
-1
-1
-1
-1
-1
-1
-1
-1
-1
-1
-1
-1
-1
-1
-1
-1
-1
-1
-1
-1
-1
-1
-1
-1
-1
-1
-1
-1
-1
-1
-1
-1
-1
-1
-1
-1
-1
-1
-1
-1
-1
-1
-1
-1
-1
-1
-1
-1
-1
-1
-1
-1
-1
-1
-1
-1
-1
-1
-1
-1
-1
-1
-1
-1
-1
-1
-1
-1
-1
-1
-1
-1
-1
-1
-1
-1
-1
-1
-1
-1
-1
-1
-1
-1
-1
-1
-1
-1
-1
-1
-1
-1
-1
-1
-1
-1
-1
-1
-1
-1
-1
-1
-1
-1
-1
-1
-1
-1
-1
-1
-1
-1
-1
-1
-1
-1
-1
-1
-1
-1
-1
-1
-1
-1
-1
-1
-1
-1
-1
-1
-1
-1
-1
-1
-1
-1
-1
-1
-1
-1
-1
-1
-1
-1
-1
-1
-1
-1
-1
-1
-1
-1
-1
-1
-1
-1
-1
-1
-1
-1
-1
-1
-1
-1
-1
-1
-1
-1
-1
-1
-1
-1
-1
-1
-1
-1
-1
-1
-1
-1
-1
-1
-1
-1
-1
-1
-1
-1
-1
-1
-1
-1
-1
-1
-1
-1
-1
-1
-1
-1
-1
-1
-1
-1
-1
-1
-1
-1
-1
-1
-1
-1
-1
-1
-1
-1
-1
-1
-1
-1
-1
-1
-1
-1
-1
-1
-1
-1
-1
-1
-1
-1
-1
-1
-1
-1
-1
-1
-1
-1
-1
-1
-1
-1
-1
-1
-1
-1
-1
-1
-1
-1
-1
-1
-1
-1
-1
-1
-1
-1
-1
-1
-1
-1
-1
-1
-1
-1
-1
-1
-1
-1
-1
-1
-1
-1
-1
-1
-1
-1
-1
-1
-1
-1
-1
-1
-1
-1
-1
-1
-1
-1
-1
-1
-1
-1
-1
-1
-1
-1
-1
-1
-1
-1
-1
-1
-1
-1
-1
-1
-1
-1
-1
-1
-1
-1
-1
-1
-1
-1
-1
-1
-1
-1
-1
-1
-1
-1
-1
-1
-1
-1
-1
-1
-1
-1
-1
-1
-1
-1
-1
-1
-1
-1
-1
-1
-1
-1
-1
-1
-1
-1
-1
-1
-1
-1
-1
-1
-1
-1
-1
-1
-1
-1
-1
-1
-1
-1
-1
-1
-1
-1
-1
-1
-1
-1
-1
-1
-1
-1
-1
-1
-1
-1
-1
-1
-1
-1
-1
-1
-1
-1
-1
-1
-1
-1
-1
-1
-1
-1
-1
-1
-1
-1
-1
-1
-1
-1
-1
-1
-1
-1
-1
-1
-1
-1
-1
-1
-1
-1
-1
-1
-1
-1
-1
-1
-1
-1
-1
-1
-1
-1
-1
-1
-1
-1
-1
-1
-1
-1
-1
-1
-1
-1
-1
-1
-1
-1
-1
-1
-1
-1
-1
-1
-1
-1
-1
-1
-1
-1
-1
-1
-1
-1
-1
-1
-1
-1
-1
-1
-1
-1
-1
-1
-1
-1
-1
-1
-1
-1
-1
-1
-1
-1
-1
-1
-1
-1
-1
-1
-1
-1
-1
-1
-1
-1
-1
-1
-1
-1
-1
-1
-1
-1
-1
-1
-1
-1
-1
-1
-1
-1
-1
-1
-1
-1
-1
-1
-1
-1
-1
-1
-1
-1
-1
-1
-1
-1
-1
-1
-1
-1
-1
-1
-1
-1
-1
-1
-1
-1
-1
-1
-1
-1
-1
-1
-1
-1
-1
-1
-1
-1
-1
-1
-1
-1
-1
-1
-1
-1
-1
-1
-1
-1
-1
-1
-1
-1
-1
-1
-1
-1
-1
-1
-1
-1
-1
-1
-1
-1
-1
-1
-1
-1
-1
-1
-1
-1
-1
-1
-1
-1
-1
-1
-1
-1
-1
-1
-1
-1
-1
-1
-1
-1
-1
-1
-1
-1
-1
-1
-1
-1
-1
-1
-1
-1
-1
-1
-1
-1
-1
-1
-1
-1
-1
-1
-1
-1
-1
-1
-1
-1
-1
-1
-1
-1
-1
-1
-1
-1
-1
-1
-1
-1
-1
-1
-1
-1
-1
-1
-1
-1
-1
-1
-1
-1
-1
-1
-1
-1
-1
-1
-1
-1
-1
-1
-1
-1
-1
-1
-1
-1
-1
-1
-1
-1
-1
-1
-1
-1
-1
-1
-1
-1
-1
-1
-1
-1
-1
-1
-1
-1
-1
-1
-1
-1
-1
-1
-1
-1
-1
-1
-1
-1
-1
-1
-1
-1
-1
-1
-1
-1
-1
-1
-1
-1
-1
-1
-1
-1
-1
-1
-1
-1
-1
-1
-1
-1
-1
-1
-1
-1
-1
-1
-1
-1
-1
-1
-1
-1
-1
-1
-1
-1
-1
-1
-1
-1
-1
-1
-1
-1
-1
-1
-1
-1
-1
-1
-1
-1
-1
-1
-1
-1
-1
-1
-1
-1
-1
-1
-1
-1
-1
-1
-1
-1
-1
-1
-1
-1
-1
-1
-1
-1
-1
-1
-1
-1
-1
-1
-1
-1
-1
-1
-1
-1
-1
-1
-1
-1
-1
-1
-1
-1
-1
-1
-1
-1
-1
-1
-1
-1
-1
-1
-1
-1
-1
-1
-1
-1
-1
-1
-1
-1
-1
-1
-1
-1
-1
-1
-1
-1
-1
-1
-1
-1
-1
-1
-1
-1
-1
-1
-1
-1
-1
-1
-1
-1
-1
-1
-1
-1
-1
-1
-1
-1
-1
-1
-1
-1
-1
-1
-1
-1
-1
-1
-1
-1
-1
-1
-1
-1
-1
-1
-1
-1
-1
-1
-1
-1
-1
-1
-1
-1
-1
-1
-1
-1
-1
-1
-1
-1
-1
-1
-1
-1
-1
-1
-1
-1
-1
-1
-1
-1
-1
-1
-1
-1
-1
-1
-1
-1
-1
-1
-1
-1
-1
-1
-1
-1
-1
-1
-1
-1
-1
-1
-1
-1
-1
-1
-1
-1
-1
-1
-1
-1
-1
-1
-1
-1
-1
-1
-1
-1
-1
-1
-1
-1
-1
-1
-1
-1
-1
-1
-1
-1
-1
-1
-1
-1
-1
-1
-1
-1
-1
-1
-1
-1
-1
-1
-1
-1
-1
-1
-1
-1
-1
-1
-1
-1
-1
-1
-1
-1
-1
-1
-1
-1
-1
-1
-1
-1
-1
-1
-1
-1
-1
-1
-1
-1
-1
-1
-1
-1
-1
-1
-1
-1
-1
-1
-1
-1
-1
-1
-1
-1
-1
-1
-1
-1
-1
-1
-1
-1
-1
-1
-1
-1
-1
-1
-1
-1
-1
-1
-1
-1
-1
-1
-1
-1
-1
-1
-1
-1
-1
-1
-1
-1
-1
-1
-1
-1
-1
-1
-1
-1
-1
-1
-1
-1
-1
-1
-1
-1
-1
-1
-1
-1
-1
-1
-1
-1
-1
-1
-1
-1
-1
-1
-1
-1
-1
-1
-1
-1
-1
-1
-1
-1
-1
-1
-1
-1
-1
-1
-1
-1
-1
-1
-1
-1
-1
-1
-1
-1
-1
-1
-1
-1
-1
-1
-1
-1
-1
-1
-1
-1
-1
-1
-1
-1
-1
-1
-1
-1
-1
-1
-1
-1
-1
-1
-1
-1
-1
-1
-1
-1
-1
-1
-1
-1
-1
-1
-1
-1
-1
-1
-1
-1
-1
-1
-1
-1
-1
-1
-1
-1
-1
-1
-1
-1
-1
-1
-1
-1
-1
-1
-1
-1
-1
-1
-1
-1
-1
-1
-1
-1
-1
-1
-1
-1
-1
-1
-1
-1
-1
-1
-1
-1
-1
-1
-1
-1
-1
-1
-1
-1
-1
-1
-1
-1
-1
-1
-1
-1
-1
-1
-1
-1
-1
-1
-1
-1
-1
-1
-1
-1
-1
-1
-1
-1
-1
-1
-1
-1
-1
-1
-1
-1
-1
-1
-1
-1
-1
-1
-1
-1
-1
-1
-1
-1
-1
-1
-1
-1
-1
-1
-1
-1
-1
-1
-1
-1
-1
-1
-1
-1
-1
-1
-1
-1
-1
-1
-1
-1
-1
-1
-1
-1
-1
-1
-1
-1
-1
-1
-1
-1
-1
-1
-1
-1
-1
-1
-1
-1
-1
-1
-1
-1
-1
-1
-1
-1
-1
-1
-1
-1
-1
-1
-1
-1
-1
-1
-1
-1
-1
-1
-1
-1
-1
-1
-1
-1
-1
-1
-1
-1
-1
-1
-1
-1
-1
-1
-1
-1
-1
-1
-1
-1
-1
-1
-1
-1
-1
-1
-1
-1
-1
-1
-1
-1
-1
-1
-1
-1
-1
-1
-1
-1
-1
-1
-1
-1
-1
-1
-1
-1
-1
-1
-1
-1
-1
-1
-1
-1
-1
-1
-1
-1
-1
-1
-1
-1
-1
-1
-1
-1
-1
-1
-1
-1
-1
-1
-1
-1
-1
-1
-1
-1
-1
-1
-1
-1
-1
-1
-1
-1
-1
-1
-1
-1
-1
-1
-1
-1
-1
-1
-1
-1
-1
-1
-1
-1
-1
-1
-1
-1
-1
-1
-1
-1
-1
-1
-1
-1
-1
-1
-1
-1
-1
-1
-1
-1
-1
-1
-1
-1
-1
-1
-1
-1
-1
-1
-1
-1
-1
-1
-1
-1
-1
-1
-1
-1
-1
-1
-1
-1
-1
-1
-1
-1
-1
-1
-1
-1
-1
-1
-1
-1
-1
-1
-1
-1
-1
-1
-1
-1
-1
-1
-1
-1
-1
-1
-1
-1
-1
-1
-1
-1
-1
-1
-1
-1
-1
-1
-1
-1
-1
-1
-1
-1
-1
-1
-1
-1
-1
-1
-1
-1
-1
-1
-1
-1
-1
-1
-1
-1
-1
-1
-1
-1
-1
-1
-1
-1
-1
-1
-1
-1
-1
-1
-1
-1
-1
-1
-1
-1
-1
-1
-1
-1
-1
-1
-1
-1
-1
-1
-1
-1
-1
-1
-1
-1
-1
-1
-1
-1
-1
-1
-1
-1
-1
-1
-1
-1
-1
-1
-1
-1
-1
-1
-1
-1
-1
-1
-1
-1
-1
-1
-1
-1
-1
-1
-1
-1
-1
-1
-1
-1
-1
-1
-1
-1
-1
-1
-1
-1
-1
-1
-1
-1
-1
-1
-1
-1
-1
-1
-1
-1
-1
-1
-1
-1
-1
-1
-1
-1
-1
-1
-1
-1
-1
-1
-1
-1
-1
-1
-1
-1
-1
-1
-1
-1
-1
-1
-1
-1
-1
-1
-1
-1
-1
-1
-1
-1
-1
-1
-1
-1
-1
-1
-1
-1
-1
-1
-1
-1
-1
-1
-1
-1
-1
-1
-1
-1
-1
-1
-1
-1
-1
-1
-1
-1
-1
-1
-1
-1
-1
-1
-1
-1
-1
-1
-1
-1
-1
-1
-1
-1
-1
-1
-1
-1
-1
-1
-1
-1
-1
-1
-1
-1
-1
-1
-1
-1
-1
-1
-1
-1
-1
-1
-1
-1
-1
-1
-1
-1
-1
-1
-1
-1
-1
-1
-1
-1
-1
-1
-1
-1
-1
-1
-1
-1
-1
-1
-1
-1
-1
-1
-1
-1
-1
-1
-1
-1
-1
-1
-1
-1
-1
-1
-1
-1
-1
-1
-1
-1
-1
-1
-1
-1
-1
-1
-1
-1
-1
-1
-1
-1
-1
-1
-1
-1
-1
-1
-1
-1
-1
-1
-1
-1
-1
-1
-1
-1
-1
-1
-1
-1
-1
-1
-1
-1
-1
-1
-1
-1
-1
-1
-1
-1
-1
-1
-1
-1
-1
-1
-1
-1
-1
-1
-1
-1
-1
-1
-1
-1
-1
-1
-1
-1
-1
-1
-1
-1
-1
-1
-1
-1
-1
