# vtk DataFile Version 3.0
embmesh host/fiber visualization
ASCII
DATASET POLYDATA
POINTS 5476 float
0 0 0
2.5 0 0
2.5 2.5 0
0 2.5 0
0 0 2.5
2.5 0 2.5
2.5 2.5 2.5
0 2.5 2.5
2.5 0 0
5 0 0
5 2.5 0
2.5 2.5 0
2.5 0 2.5
5 0 2.5
5 2.5 2.5
2.5 2.5 2.5
5 0 0
7.5 0 0
7.5 2.5 0
5 2.5 0
5 0 2.5
7.5 0 2.5
7.5 2.5 2.5
5 2.5 2.5
7.5 0 0
10 0 0
10 2.5 0
7.5 2.5 0
7.5 0 2.5
10 0 2.5
10 2.5 2.5
7.5 2.5 2.5
10 0 0
12.5 0 0
12.5 2.5 0
10 2.5 0
10 0 2.5
12.5 0 2.5
12.5 2.5 2.5
10 2.5 2.5
12.5 0 0
15 0 0
15 2.5 0
12.5 2.5 0
12.5 0 2.5
15 0 2.5
15 2.5 2.5
12.5 2.5 2.5
15 0 0
17.5 0 0
17.5 2.5 0
15 2.5 0
15 0 2.5
17.5 0 2.5
17.5 2.5 2.5
15 2.5 2.5
17.5 0 0
20 0 0
20 2.5 0
17.5 2.5 0
17.5 0 2.5
20 0 2.5
20 2.5 2.5
17.5 2.5 2.5
20 0 0
22.5 0 0
22.5 2.5 0
20 2.5 0
20 0 2.5
22.5 0 2.5
22.5 2.5 2.5
20 2.5 2.5
22.5 0 0
25 0 0
25 2.5 0
22.5 2.5 0
22.5 0 2.5
25 0 2.5
25 2.5 2.5
22.5 2.5 2.5
25 0 0
27.5 0 0
27.5 2.5 0
25 2.5 0
25 0 2.5
27.5 0 2.5
27.5 2.5 2.5
25 2.5 2.5
27.5 0 0
30 0 0
30 2.5 0
27.5 2.5 0
27.5 0 2.5
30 0 2.5
30 2.5 2.5
27.5 2.5 2.5
30 0 0
32.5 0 0
32.5 2.5 0
30 2.5 0
30 0 2.5
32.5 0 2.5
32.5 2.5 2.5
30 2.5 2.5
32.5 0 0
35 0 0
35 2.5 0
32.5 2.5 0
32.5 0 2.5
35 0 2.5
35 2.5 2.5
32.5 2.5 2.5
35 0 0
37.5 0 0
37.5 2.5 0
35 2.5 0
35 0 2.5
37.5 0 2.5
37.5 2.5 2.5
35 2.5 2.5
37.5 0 0
40 0 0
40 2.5 0
37.5 2.5 0
37.5 0 2.5
40 0 2.5
40 2.5 2.5
37.5 2.5 2.5
40 0 0
42.5 0 0
42.5 2.5 0
40 2.5 0
40 0 2.5
42.5 0 2.5
42.5 2.5 2.5
40 2.5 2.5
42.5 0 0
45 0 0
45 2.5 0
42.5 2.5 0
42.5 0 2.5
45 0 2.5
45 2.5 2.5
42.5 2.5 2.5
45 0 0
47.5 0 0
47.5 2.5 0
45 2.5 0
45 0 2.5
47.5 0 2.5
47.5 2.5 2.5
45 2.5 2.5
47.5 0 0
50 0 0
50 2.5 0
47.5 2.5 0
47.5 0 2.5
50 0 2.5
50 2.5 2.5
47.5 2.5 2.5
50 0 0
52.5 0 0
52.5 2.5 0
50 2.5 0
50 0 2.5
52.5 0 2.5
52.5 2.5 2.5
50 2.5 2.5
52.5 0 0
55 0 0
55 2.5 0
52.5 2.5 0
52.5 0 2.5
55 0 2.5
55 2.5 2.5
52.5 2.5 2.5
55 0 0
57.5 0 0
57.5 2.5 0
55 2.5 0
55 0 2.5
57.5 0 2.5
57.5 2.5 2.5
55 2.5 2.5
57.5 0 0
60 0 0
60 2.5 0
57.5 2.5 0
57.5 0 2.5
60 0 2.5
60 2.5 2.5
57.5 2.5 2.5
60 0 0
62.5 0 0
62.5 2.5 0
60 2.5 0
60 0 2.5
62.5 0 2.5
62.5 2.5 2.5
60 2.5 2.5
62.5 0 0
65 0 0
65 2.5 0
62.5 2.5 0
62.5 0 2.5
65 0 2.5
65 2.5 2.5
62.5 2.5 2.5
65 0 0
67.5 0 0
67.5 2.5 0
65 2.5 0
65 0 2.5
67.5 0 2.5
67.5 2.5 2.5
65 2.5 2.5
67.5 0 0
70 0 0
70 2.5 0
67.5 2.5 0
67.5 0 2.5
70 0 2.5
70 2.5 2.5
67.5 2.5 2.5
70 0 0
72.5 0 0
72.5 2.5 0
70 2.5 0
70 0 2.5
72.5 0 2.5
72.5 2.5 2.5
70 2.5 2.5
72.5 0 0
75 0 0
75 2.5 0
72.5 2.5 0
72.5 0 2.5
75 0 2.5
75 2.5 2.5
72.5 2.5 2.5
75 0 0
77.5 0 0
77.5 2.5 0
75 2.5 0
75 0 2.5
77.5 0 2.5
77.5 2.5 2.5
75 2.5 2.5
77.5 0 0
80 0 0
80 2.5 0
77.5 2.5 0
77.5 0 2.5
80 0 2.5
80 2.5 2.5
77.5 2.5 2.5
80 0 0
82.5 0 0
82.5 2.5 0
80 2.5 0
80 0 2.5
82.5 0 2.5
82.5 2.5 2.5
80 2.5 2.5
82.5 0 0
85 0 0
85 2.5 0
82.5 2.5 0
82.5 0 2.5
85 0 2.5
85 2.5 2.5
82.5 2.5 2.5
85 0 0
87.5 0 0
87.5 2.5 0
85 2.5 0
85 0 2.5
87.5 0 2.5
87.5 2.5 2.5
85 2.5 2.5
87.5 0 0
90 0 0
90 2.5 0
87.5 2.5 0
87.5 0 2.5
90 0 2.5
90 2.5 2.5
87.5 2.5 2.5
90 0 0
92.5 0 0
92.5 2.5 0
90 2.5 0
90 0 2.5
92.5 0 2.5
92.5 2.5 2.5
90 2.5 2.5
92.5 0 0
95 0 0
95 2.5 0
92.5 2.5 0
92.5 0 2.5
95 0 2.5
95 2.5 2.5
92.5 2.5 2.5
95 0 0
97.5 0 0
97.5 2.5 0
95 2.5 0
95 0 2.5
97.5 0 2.5
97.5 2.5 2.5
95 2.5 2.5
97.5 0 0
100 0 0
100 2.5 0
97.5 2.5 0
97.5 0 2.5
100 0 2.5
100 2.5 2.5
97.5 2.5 2.5
0 2.5 0
2.5 2.5 0
2.5 5 0
0 5 0
0 2.5 2.5
2.5 2.5 2.5
2.5 5 2.5
0 5 2.5
2.5 2.5 0
5 2.5 0
5 5 0
2.5 5 0
2.5 2.5 2.5
5 2.5 2.5
5 5 2.5
2.5 5 2.5
5 2.5 0
7.5 2.5 0
7.5 5 0
5 5 0
5 2.5 2.5
7.5 2.5 2.5
7.5 5 2.5
5 5 2.5
7.5 2.5 0
10 2.5 0
10 5 0
7.5 5 0
7.5 2.5 2.5
10 2.5 2.5
10 5 2.5
7.5 5 2.5
10 2.5 0
12.5 2.5 0
12.5 5 0
10 5 0
10 2.5 2.5
12.5 2.5 2.5
12.5 5 2.5
10 5 2.5
12.5 2.5 0
15 2.5 0
15 5 0
12.5 5 0
12.5 2.5 2.5
15 2.5 2.5
15 5 2.5
12.5 5 2.5
15 2.5 0
17.5 2.5 0
17.5 5 0
15 5 0
15 2.5 2.5
17.5 2.5 2.5
17.5 5 2.5
15 5 2.5
17.5 2.5 0
20 2.5 0
20 5 0
17.5 5 0
17.5 2.5 2.5
20 2.5 2.5
20 5 2.5
17.5 5 2.5
20 2.5 0
22.5 2.5 0
22.5 5 0
20 5 0
20 2.5 2.5
22.5 2.5 2.5
22.5 5 2.5
20 5 2.5
22.5 2.5 0
25 2.5 0
25 5 0
22.5 5 0
22.5 2.5 2.5
25 2.5 2.5
25 5 2.5
22.5 5 2.5
25 2.5 0
27.5 2.5 0
27.5 5 0
25 5 0
25 2.5 2.5
27.5 2.5 2.5
27.5 5 2.5
25 5 2.5
27.5 2.5 0
30 2.5 0
30 5 0
27.5 5 0
27.5 2.5 2.5
30 2.5 2.5
30 5 2.5
27.5 5 2.5
30 2.5 0
32.5 2.5 0
32.5 5 0
30 5 0
30 2.5 2.5
32.5 2.5 2.5
32.5 5 2.5
30 5 2.5
32.5 2.5 0
35 2.5 0
35 5 0
32.5 5 0
32.5 2.5 2.5
35 2.5 2.5
35 5 2.5
32.5 5 2.5
35 2.5 0
37.5 2.5 0
37.5 5 0
35 5 0
35 2.5 2.5
37.5 2.5 2.5
37.5 5 2.5
35 5 2.5
37.5 2.5 0
40 2.5 0
40 5 0
37.5 5 0
37.5 2.5 2.5
40 2.5 2.5
40 5 2.5
37.5 5 2.5
40 2.5 0
42.5 2.5 0
42.5 5 0
40 5 0
40 2.5 2.5
42.5 2.5 2.5
42.5 5 2.5
40 5 2.5
42.5 2.5 0
45 2.5 0
45 5 0
42.5 5 0
42.5 2.5 2.5
45 2.5 2.5
45 5 2.5
42.5 5 2.5
45 2.5 0
47.5 2.5 0
47.5 5 0
45 5 0
45 2.5 2.5
47.5 2.5 2.5
47.5 5 2.5
45 5 2.5
47.5 2.5 0
50 2.5 0
50 5 0
47.5 5 0
47.5 2.5 2.5
50 2.5 2.5
50 5 2.5
47.5 5 2.5
50 2.5 0
52.5 2.5 0
52.5 5 0
50 5 0
50 2.5 2.5
52.5 2.5 2.5
52.5 5 2.5
50 5 2.5
52.5 2.5 0
55 2.5 0
55 5 0
52.5 5 0
52.5 2.5 2.5
55 2.5 2.5
55 5 2.5
52.5 5 2.5
55 2.5 0
57.5 2.5 0
57.5 5 0
55 5 0
55 2.5 2.5
57.5 2.5 2.5
57.5 5 2.5
55 5 2.5
57.5 2.5 0
60 2.5 0
60 5 0
57.5 5 0
57.5 2.5 2.5
60 2.5 2.5
60 5 2.5
57.5 5 2.5
60 2.5 0
62.5 2.5 0
62.5 5 0
60 5 0
60 2.5 2.5
62.5 2.5 2.5
62.5 5 2.5
60 5 2.5
62.5 2.5 0
65 2.5 0
65 5 0
62.5 5 0
62.5 2.5 2.5
65 2.5 2.5
65 5 2.5
62.5 5 2.5
65 2.5 0
67.5 2.5 0
67.5 5 0
65 5 0
65 2.5 2.5
67.5 2.5 2.5
67.5 5 2.5
65 5 2.5
67.5 2.5 0
70 2.5 0
70 5 0
67.5 5 0
67.5 2.5 2.5
70 2.5 2.5
70 5 2.5
67.5 5 2.5
70 2.5 0
72.5 2.5 0
72.5 5 0
70 5 0
70 2.5 2.5
72.5 2.5 2.5
72.5 5 2.5
70 5 2.5
72.5 2.5 0
75 2.5 0
75 5 0
72.5 5 0
72.5 2.5 2.5
75 2.5 2.5
75 5 2.5
72.5 5 2.5
75 2.5 0
77.5 2.5 0
77.5 5 0
75 5 0
75 2.5 2.5
77.5 2.5 2.5
77.5 5 2.5
75 5 2.5
77.5 2.5 0
80 2.5 0
80 5 0
77.5 5 0
77.5 2.5 2.5
80 2.5 2.5
80 5 2.5
77.5 5 2.5
80 2.5 0
82.5 2.5 0
82.5 5 0
80 5 0
80 2.5 2.5
82.5 2.5 2.5
82.5 5 2.5
80 5 2.5
82.5 2.5 0
85 2.5 0
85 5 0
82.5 5 0
82.5 2.5 2.5
85 2.5 2.5
85 5 2.5
82.5 5 2.5
85 2.5 0
87.5 2.5 0
87.5 5 0
85 5 0
85 2.5 2.5
87.5 2.5 2.5
87.5 5 2.5
85 5 2.5
87.5 2.5 0
90 2.5 0
90 5 0
87.5 5 0
87.5 2.5 2.5
90 2.5 2.5
90 5 2.5
87.5 5 2.5
90 2.5 0
92.5 2.5 0
92.5 5 0
90 5 0
90 2.5 2.5
92.5 2.5 2.5
92.5 5 2.5
90 5 2.5
92.5 2.5 0
95 2.5 0
95 5 0
92.5 5 0
92.5 2.5 2.5
95 2.5 2.5
95 5 2.5
92.5 5 2.5
95 2.5 0
97.5 2.5 0
97.5 5 0
95 5 0
95 2.5 2.5
97.5 2.5 2.5
97.5 5 2.5
95 5 2.5
97.5 2.5 0
100 2.5 0
100 5 0
97.5 5 0
97.5 2.5 2.5
100 2.5 2.5
100 5 2.5
97.5 5 2.5
0 5 0
2.5 5 0
2.5 7.5 0
0 7.5 0
0 5 2.5
2.5 5 2.5
2.5 7.5 2.5
0 7.5 2.5
2.5 5 0
5 5 0
5 7.5 0
2.5 7.5 0
2.5 5 2.5
5 5 2.5
5 7.5 2.5
2.5 7.5 2.5
5 5 0
7.5 5 0
7.5 7.5 0
5 7.5 0
5 5 2.5
7.5 5 2.5
7.5 7.5 2.5
5 7.5 2.5
7.5 5 0
10 5 0
10 7.5 0
7.5 7.5 0
7.5 5 2.5
10 5 2.5
10 7.5 2.5
7.5 7.5 2.5
10 5 0
12.5 5 0
12.5 7.5 0
10 7.5 0
10 5 2.5
12.5 5 2.5
12.5 7.5 2.5
10 7.5 2.5
12.5 5 0
15 5 0
15 7.5 0
12.5 7.5 0
12.5 5 2.5
15 5 2.5
15 7.5 2.5
12.5 7.5 2.5
15 5 0
17.5 5 0
17.5 7.5 0
15 7.5 0
15 5 2.5
17.5 5 2.5
17.5 7.5 2.5
15 7.5 2.5
17.5 5 0
20 5 0
20 7.5 0
17.5 7.5 0
17.5 5 2.5
20 5 2.5
20 7.5 2.5
17.5 7.5 2.5
20 5 0
22.5 5 0
22.5 7.5 0
20 7.5 0
20 5 2.5
22.5 5 2.5
22.5 7.5 2.5
20 7.5 2.5
22.5 5 0
25 5 0
25 7.5 0
22.5 7.5 0
22.5 5 2.5
25 5 2.5
25 7.5 2.5
22.5 7.5 2.5
25 5 0
27.5 5 0
27.5 7.5 0
25 7.5 0
25 5 2.5
27.5 5 2.5
27.5 7.5 2.5
25 7.5 2.5
27.5 5 0
30 5 0
30 7.5 0
27.5 7.5 0
27.5 5 2.5
30 5 2.5
30 7.5 2.5
27.5 7.5 2.5
30 5 0
32.5 5 0
32.5 7.5 0
30 7.5 0
30 5 2.5
32.5 5 2.5
32.5 7.5 2.5
30 7.5 2.5
32.5 5 0
35 5 0
35 7.5 0
32.5 7.5 0
32.5 5 2.5
35 5 2.5
35 7.5 2.5
32.5 7.5 2.5
35 5 0
37.5 5 0
37.5 7.5 0
35 7.5 0
35 5 2.5
37.5 5 2.5
37.5 7.5 2.5
35 7.5 2.5
37.5 5 0
40 5 0
40 7.5 0
37.5 7.5 0
37.5 5 2.5
40 5 2.5
40 7.5 2.5
37.5 7.5 2.5
40 5 0
42.5 5 0
42.5 7.5 0
40 7.5 0
40 5 2.5
42.5 5 2.5
42.5 7.5 2.5
40 7.5 2.5
42.5 5 0
45 5 0
45 7.5 0
42.5 7.5 0
42.5 5 2.5
45 5 2.5
45 7.5 2.5
42.5 7.5 2.5
45 5 0
47.5 5 0
47.5 7.5 0
45 7.5 0
45 5 2.5
47.5 5 2.5
47.5 7.5 2.5
45 7.5 2.5
47.5 5 0
50 5 0
50 7.5 0
47.5 7.5 0
47.5 5 2.5
50 5 2.5
50 7.5 2.5
47.5 7.5 2.5
50 5 0
52.5 5 0
52.5 7.5 0
50 7.5 0
50 5 2.5
52.5 5 2.5
52.5 7.5 2.5
50 7.5 2.5
52.5 5 0
55 5 0
55 7.5 0
52.5 7.5 0
52.5 5 2.5
55 5 2.5
55 7.5 2.5
52.5 7.5 2.5
55 5 0
57.5 5 0
57.5 7.5 0
55 7.5 0
55 5 2.5
57.5 5 2.5
57.5 7.5 2.5
55 7.5 2.5
57.5 5 0
60 5 0
60 7.5 0
57.5 7.5 0
57.5 5 2.5
60 5 2.5
60 7.5 2.5
57.5 7.5 2.5
60 5 0
62.5 5 0
62.5 7.5 0
60 7.5 0
60 5 2.5
62.5 5 2.5
62.5 7.5 2.5
60 7.5 2.5
62.5 5 0
65 5 0
65 7.5 0
62.5 7.5 0
62.5 5 2.5
65 5 2.5
65 7.5 2.5
62.5 7.5 2.5
65 5 0
67.5 5 0
67.5 7.5 0
65 7.5 0
65 5 2.5
67.5 5 2.5
67.5 7.5 2.5
65 7.5 2.5
67.5 5 0
70 5 0
70 7.5 0
67.5 7.5 0
67.5 5 2.5
70 5 2.5
70 7.5 2.5
67.5 7.5 2.5
70 5 0
72.5 5 0
72.5 7.5 0
70 7.5 0
70 5 2.5
72.5 5 2.5
72.5 7.5 2.5
70 7.5 2.5
72.5 5 0
75 5 0
75 7.5 0
72.5 7.5 0
72.5 5 2.5
75 5 2.5
75 7.5 2.5
72.5 7.5 2.5
75 5 0
77.5 5 0
77.5 7.5 0
75 7.5 0
75 5 2.5
77.5 5 2.5
77.5 7.5 2.5
75 7.5 2.5
77.5 5 0
80 5 0
80 7.5 0
77.5 7.5 0
77.5 5 2.5
80 5 2.5
80 7.5 2.5
77.5 7.5 2.5
80 5 0
82.5 5 0
82.5 7.5 0
80 7.5 0
80 5 2.5
82.5 5 2.5
82.5 7.5 2.5
80 7.5 2.5
82.5 5 0
85 5 0
85 7.5 0
82.5 7.5 0
82.5 5 2.5
85 5 2.5
85 7.5 2.5
82.5 7.5 2.5
85 5 0
87.5 5 0
87.5 7.5 0
85 7.5 0
85 5 2.5
87.5 5 2.5
87.5 7.5 2.5
85 7.5 2.5
87.5 5 0
90 5 0
90 7.5 0
87.5 7.5 0
87.5 5 2.5
90 5 2.5
90 7.5 2.5
87.5 7.5 2.5
90 5 0
92.5 5 0
92.5 7.5 0
90 7.5 0
90 5 2.5
92.5 5 2.5
92.5 7.5 2.5
90 7.5 2.5
92.5 5 0
95 5 0
95 7.5 0
92.5 7.5 0
92.5 5 2.5
95 5 2.5
95 7.5 2.5
92.5 7.5 2.5
95 5 0
97.5 5 0
97.5 7.5 0
95 7.5 0
95 5 2.5
97.5 5 2.5
97.5 7.5 2.5
95 7.5 2.5
97.5 5 0
100 5 0
100 7.5 0
97.5 7.5 0
97.5 5 2.5
100 5 2.5
100 7.5 2.5
97.5 7.5 2.5
0 7.5 0
2.5 7.5 0
2.5 10 0
0 10 0
0 7.5 2.5
2.5 7.5 2.5
2.5 10 2.5
0 10 2.5
2.5 7.5 0
5 7.5 0
5 10 0
2.5 10 0
2.5 7.5 2.5
5 7.5 2.5
5 10 2.5
2.5 10 2.5
5 7.5 0
7.5 7.5 0
7.5 10 0
5 10 0
5 7.5 2.5
7.5 7.5 2.5
7.5 10 2.5
5 10 2.5
7.5 7.5 0
10 7.5 0
10 10 0
7.5 10 0
7.5 7.5 2.5
10 7.5 2.5
10 10 2.5
7.5 10 2.5
10 7.5 0
12.5 7.5 0
12.5 10 0
10 10 0
10 7.5 2.5
12.5 7.5 2.5
12.5 10 2.5
10 10 2.5
12.5 7.5 0
15 7.5 0
15 10 0
12.5 10 0
12.5 7.5 2.5
15 7.5 2.5
15 10 2.5
12.5 10 2.5
15 7.5 0
17.5 7.5 0
17.5 10 0
15 10 0
15 7.5 2.5
17.5 7.5 2.5
17.5 10 2.5
15 10 2.5
17.5 7.5 0
20 7.5 0
20 10 0
17.5 10 0
17.5 7.5 2.5
20 7.5 2.5
20 10 2.5
17.5 10 2.5
20 7.5 0
22.5 7.5 0
22.5 10 0
20 10 0
20 7.5 2.5
22.5 7.5 2.5
22.5 10 2.5
20 10 2.5
22.5 7.5 0
25 7.5 0
25 10 0
22.5 10 0
22.5 7.5 2.5
25 7.5 2.5
25 10 2.5
22.5 10 2.5
25 7.5 0
27.5 7.5 0
27.5 10 0
25 10 0
25 7.5 2.5
27.5 7.5 2.5
27.5 10 2.5
25 10 2.5
27.5 7.5 0
30 7.5 0
30 10 0
27.5 10 0
27.5 7.5 2.5
30 7.5 2.5
30 10 2.5
27.5 10 2.5
30 7.5 0
32.5 7.5 0
32.5 10 0
30 10 0
30 7.5 2.5
32.5 7.5 2.5
32.5 10 2.5
30 10 2.5
32.5 7.5 0
35 7.5 0
35 10 0
32.5 10 0
32.5 7.5 2.5
35 7.5 2.5
35 10 2.5
32.5 10 2.5
35 7.5 0
37.5 7.5 0
37.5 10 0
35 10 0
35 7.5 2.5
37.5 7.5 2.5
37.5 10 2.5
35 10 2.5
37.5 7.5 0
40 7.5 0
40 10 0
37.5 10 0
37.5 7.5 2.5
40 7.5 2.5
40 10 2.5
37.5 10 2.5
40 7.5 0
42.5 7.5 0
42.5 10 0
40 10 0
40 7.5 2.5
42.5 7.5 2.5
42.5 10 2.5
40 10 2.5
42.5 7.5 0
45 7.5 0
45 10 0
42.5 10 0
42.5 7.5 2.5
45 7.5 2.5
45 10 2.5
42.5 10 2.5
45 7.5 0
47.5 7.5 0
47.5 10 0
45 10 0
45 7.5 2.5
47.5 7.5 2.5
47.5 10 2.5
45 10 2.5
47.5 7.5 0
50 7.5 0
50 10 0
47.5 10 0
47.5 7.5 2.5
50 7.5 2.5
50 10 2.5
47.5 10 2.5
50 7.5 0
52.5 7.5 0
52.5 10 0
50 10 0
50 7.5 2.5
52.5 7.5 2.5
52.5 10 2.5
50 10 2.5
52.5 7.5 0
55 7.5 0
55 10 0
52.5 10 0
52.5 7.5 2.5
55 7.5 2.5
55 10 2.5
52.5 10 2.5
55 7.5 0
57.5 7.5 0
57.5 10 0
55 10 0
55 7.5 2.5
57.5 7.5 2.5
57.5 10 2.5
55 10 2.5
57.5 7.5 0
60 7.5 0
60 10 0
57.5 10 0
57.5 7.5 2.5
60 7.5 2.5
60 10 2.5
57.5 10 2.5
60 7.5 0
62.5 7.5 0
62.5 10 0
60 10 0
60 7.5 2.5
62.5 7.5 2.5
62.5 10 2.5
60 10 2.5
62.5 7.5 0
65 7.5 0
65 10 0
62.5 10 0
62.5 7.5 2.5
65 7.5 2.5
65 10 2.5
62.5 10 2.5
65 7.5 0
67.5 7.5 0
67.5 10 0
65 10 0
65 7.5 2.5
67.5 7.5 2.5
67.5 10 2.5
65 10 2.5
67.5 7.5 0
70 7.5 0
70 10 0
67.5 10 0
67.5 7.5 2.5
70 7.5 2.5
70 10 2.5
67.5 10 2.5
70 7.5 0
72.5 7.5 0
72.5 10 0
70 10 0
70 7.5 2.5
72.5 7.5 2.5
72.5 10 2.5
70 10 2.5
72.5 7.5 0
75 7.5 0
75 10 0
72.5 10 0
72.5 7.5 2.5
75 7.5 2.5
75 10 2.5
72.5 10 2.5
75 7.5 0
77.5 7.5 0
77.5 10 0
75 10 0
75 7.5 2.5
77.5 7.5 2.5
77.5 10 2.5
75 10 2.5
77.5 7.5 0
80 7.5 0
80 10 0
77.5 10 0
77.5 7.5 2.5
80 7.5 2.5
80 10 2.5
77.5 10 2.5
80 7.5 0
82.5 7.5 0
82.5 10 0
80 10 0
80 7.5 2.5
82.5 7.5 2.5
82.5 10 2.5
80 10 2.5
82.5 7.5 0
85 7.5 0
85 10 0
82.5 10 0
82.5 7.5 2.5
85 7.5 2.5
85 10 2.5
82.5 10 2.5
85 7.5 0
87.5 7.5 0
87.5 10 0
85 10 0
85 7.5 2.5
87.5 7.5 2.5
87.5 10 2.5
85 10 2.5
87.5 7.5 0
90 7.5 0
90 10 0
87.5 10 0
87.5 7.5 2.5
90 7.5 2.5
90 10 2.5
87.5 10 2.5
90 7.5 0
92.5 7.5 0
92.5 10 0
90 10 0
90 7.5 2.5
92.5 7.5 2.5
92.5 10 2.5
90 10 2.5
92.5 7.5 0
95 7.5 0
95 10 0
92.5 10 0
92.5 7.5 2.5
95 7.5 2.5
95 10 2.5
92.5 10 2.5
95 7.5 0
97.5 7.5 0
97.5 10 0
95 10 0
95 7.5 2.5
97.5 7.5 2.5
97.5 10 2.5
95 10 2.5
97.5 7.5 0
100 7.5 0
100 10 0
97.5 10 0
97.5 7.5 2.5
100 7.5 2.5
100 10 2.5
97.5 10 2.5
0 0 2.5
2.5 0 2.5
2.5 2.5 2.5
0 2.5 2.5
0 0 5
2.5 0 5
2.5 2.5 5
0 2.5 5
2.5 0 2.5
5 0 2.5
5 2.5 2.5
2.5 2.5 2.5
2.5 0 5
5 0 5
5 2.5 5
2.5 2.5 5
5 0 2.5
7.5 0 2.5
7.5 2.5 2.5
5 2.5 2.5
5 0 5
7.5 0 5
7.5 2.5 5
5 2.5 5
7.5 0 2.5
10 0 2.5
10 2.5 2.5
7.5 2.5 2.5
7.5 0 5
10 0 5
10 2.5 5
7.5 2.5 5
10 0 2.5
12.5 0 2.5
12.5 2.5 2.5
10 2.5 2.5
10 0 5
12.5 0 5
12.5 2.5 5
10 2.5 5
12.5 0 2.5
15 0 2.5
15 2.5 2.5
12.5 2.5 2.5
12.5 0 5
15 0 5
15 2.5 5
12.5 2.5 5
15 0 2.5
17.5 0 2.5
17.5 2.5 2.5
15 2.5 2.5
15 0 5
17.5 0 5
17.5 2.5 5
15 2.5 5
17.5 0 2.5
20 0 2.5
20 2.5 2.5
17.5 2.5 2.5
17.5 0 5
20 0 5
20 2.5 5
17.5 2.5 5
20 0 2.5
22.5 0 2.5
22.5 2.5 2.5
20 2.5 2.5
20 0 5
22.5 0 5
22.5 2.5 5
20 2.5 5
22.5 0 2.5
25 0 2.5
25 2.5 2.5
22.5 2.5 2.5
22.5 0 5
25 0 5
25 2.5 5
22.5 2.5 5
25 0 2.5
27.5 0 2.5
27.5 2.5 2.5
25 2.5 2.5
25 0 5
27.5 0 5
27.5 2.5 5
25 2.5 5
27.5 0 2.5
30 0 2.5
30 2.5 2.5
27.5 2.5 2.5
27.5 0 5
30 0 5
30 2.5 5
27.5 2.5 5
30 0 2.5
32.5 0 2.5
32.5 2.5 2.5
30 2.5 2.5
30 0 5
32.5 0 5
32.5 2.5 5
30 2.5 5
32.5 0 2.5
35 0 2.5
35 2.5 2.5
32.5 2.5 2.5
32.5 0 5
35 0 5
35 2.5 5
32.5 2.5 5
35 0 2.5
37.5 0 2.5
37.5 2.5 2.5
35 2.5 2.5
35 0 5
37.5 0 5
37.5 2.5 5
35 2.5 5
37.5 0 2.5
40 0 2.5
40 2.5 2.5
37.5 2.5 2.5
37.5 0 5
40 0 5
40 2.5 5
37.5 2.5 5
40 0 2.5
42.5 0 2.5
42.5 2.5 2.5
40 2.5 2.5
40 0 5
42.5 0 5
42.5 2.5 5
40 2.5 5
42.5 0 2.5
45 0 2.5
45 2.5 2.5
42.5 2.5 2.5
42.5 0 5
45 0 5
45 2.5 5
42.5 2.5 5
45 0 2.5
47.5 0 2.5
47.5 2.5 2.5
45 2.5 2.5
45 0 5
47.5 0 5
47.5 2.5 5
45 2.5 5
47.5 0 2.5
50 0 2.5
50 2.5 2.5
47.5 2.5 2.5
47.5 0 5
50 0 5
50 2.5 5
47.5 2.5 5
50 0 2.5
52.5 0 2.5
52.5 2.5 2.5
50 2.5 2.5
50 0 5
52.5 0 5
52.5 2.5 5
50 2.5 5
52.5 0 2.5
55 0 2.5
55 2.5 2.5
52.5 2.5 2.5
52.5 0 5
55 0 5
55 2.5 5
52.5 2.5 5
55 0 2.5
57.5 0 2.5
57.5 2.5 2.5
55 2.5 2.5
55 0 5
57.5 0 5
57.5 2.5 5
55 2.5 5
57.5 0 2.5
60 0 2.5
60 2.5 2.5
57.5 2.5 2.5
57.5 0 5
60 0 5
60 2.5 5
57.5 2.5 5
60 0 2.5
62.5 0 2.5
62.5 2.5 2.5
60 2.5 2.5
60 0 5
62.5 0 5
62.5 2.5 5
60 2.5 5
62.5 0 2.5
65 0 2.5
65 2.5 2.5
62.5 2.5 2.5
62.5 0 5
65 0 5
65 2.5 5
62.5 2.5 5
65 0 2.5
67.5 0 2.5
67.5 2.5 2.5
65 2.5 2.5
65 0 5
67.5 0 5
67.5 2.5 5
65 2.5 5
67.5 0 2.5
70 0 2.5
70 2.5 2.5
67.5 2.5 2.5
67.5 0 5
70 0 5
70 2.5 5
67.5 2.5 5
70 0 2.5
72.5 0 2.5
72.5 2.5 2.5
70 2.5 2.5
70 0 5
72.5 0 5
72.5 2.5 5
70 2.5 5
72.5 0 2.5
75 0 2.5
75 2.5 2.5
72.5 2.5 2.5
72.5 0 5
75 0 5
75 2.5 5
72.5 2.5 5
75 0 2.5
77.5 0 2.5
77.5 2.5 2.5
75 2.5 2.5
75 0 5
77.5 0 5
77.5 2.5 5
75 2.5 5
77.5 0 2.5
80 0 2.5
80 2.5 2.5
77.5 2.5 2.5
77.5 0 5
80 0 5
80 2.5 5
77.5 2.5 5
80 0 2.5
82.5 0 2.5
82.5 2.5 2.5
80 2.5 2.5
80 0 5
82.5 0 5
82.5 2.5 5
80 2.5 5
82.5 0 2.5
85 0 2.5
85 2.5 2.5
82.5 2.5 2.5
82.5 0 5
85 0 5
85 2.5 5
82.5 2.5 5
85 0 2.5
87.5 0 2.5
87.5 2.5 2.5
85 2.5 2.5
85 0 5
87.5 0 5
87.5 2.5 5
85 2.5 5
87.5 0 2.5
90 0 2.5
90 2.5 2.5
87.5 2.5 2.5
87.5 0 5
90 0 5
90 2.5 5
87.5 2.5 5
90 0 2.5
92.5 0 2.5
92.5 2.5 2.5
90 2.5 2.5
90 0 5
92.5 0 5
92.5 2.5 5
90 2.5 5
92.5 0 2.5
95 0 2.5
95 2.5 2.5
92.5 2.5 2.5
92.5 0 5
95 0 5
95 2.5 5
92.5 2.5 5
95 0 2.5
97.5 0 2.5
97.5 2.5 2.5
95 2.5 2.5
95 0 5
97.5 0 5
97.5 2.5 5
95 2.5 5
97.5 0 2.5
100 0 2.5
100 2.5 2.5
97.5 2.5 2.5
97.5 0 5
100 0 5
100 2.5 5
97.5 2.5 5
0 2.5 2.5
2.5 2.5 2.5
2.5 5 2.5
0 5 2.5
0 2.5 5
2.5 2.5 5
2.5 5 5
0 5 5
2.5 2.5 2.5
5 2.5 2.5
5 5 2.5
2.5 5 2.5
2.5 2.5 5
5 2.5 5
5 5 5
2.5 5 5
5 2.5 2.5
7.5 2.5 2.5
7.5 5 2.5
5 5 2.5
5 2.5 5
7.5 2.5 5
7.5 5 5
5 5 5
7.5 2.5 2.5
10 2.5 2.5
10 5 2.5
7.5 5 2.5
7.5 2.5 5
10 2.5 5
10 5 5
7.5 5 5
10 2.5 2.5
12.5 2.5 2.5
12.5 5 2.5
10 5 2.5
10 2.5 5
12.5 2.5 5
12.5 5 5
10 5 5
12.5 2.5 2.5
15 2.5 2.5
15 5 2.5
12.5 5 2.5
12.5 2.5 5
15 2.5 5
15 5 5
12.5 5 5
15 2.5 2.5
17.5 2.5 2.5
17.5 5 2.5
15 5 2.5
15 2.5 5
17.5 2.5 5
17.5 5 5
15 5 5
17.5 2.5 2.5
20 2.5 2.5
20 5 2.5
17.5 5 2.5
17.5 2.5 5
20 2.5 5
20 5 5
17.5 5 5
20 2.5 2.5
22.5 2.5 2.5
22.5 5 2.5
20 5 2.5
20 2.5 5
22.5 2.5 5
22.5 5 5
20 5 5
22.5 2.5 2.5
25 2.5 2.5
25 5 2.5
22.5 5 2.5
22.5 2.5 5
25 2.5 5
25 5 5
22.5 5 5
25 2.5 2.5
27.5 2.5 2.5
27.5 5 2.5
25 5 2.5
25 2.5 5
27.5 2.5 5
27.5 5 5
25 5 5
27.5 2.5 2.5
30 2.5 2.5
30 5 2.5
27.5 5 2.5
27.5 2.5 5
30 2.5 5
30 5 5
27.5 5 5
30 2.5 2.5
32.5 2.5 2.5
32.5 5 2.5
30 5 2.5
30 2.5 5
32.5 2.5 5
32.5 5 5
30 5 5
32.5 2.5 2.5
35 2.5 2.5
35 5 2.5
32.5 5 2.5
32.5 2.5 5
35 2.5 5
35 5 5
32.5 5 5
35 2.5 2.5
37.5 2.5 2.5
37.5 5 2.5
35 5 2.5
35 2.5 5
37.5 2.5 5
37.5 5 5
35 5 5
37.5 2.5 2.5
40 2.5 2.5
40 5 2.5
37.5 5 2.5
37.5 2.5 5
40 2.5 5
40 5 5
37.5 5 5
40 2.5 2.5
42.5 2.5 2.5
42.5 5 2.5
40 5 2.5
40 2.5 5
42.5 2.5 5
42.5 5 5
40 5 5
42.5 2.5 2.5
45 2.5 2.5
45 5 2.5
42.5 5 2.5
42.5 2.5 5
45 2.5 5
45 5 5
42.5 5 5
45 2.5 2.5
47.5 2.5 2.5
47.5 5 2.5
45 5 2.5
45 2.5 5
47.5 2.5 5
47.5 5 5
45 5 5
47.5 2.5 2.5
50 2.5 2.5
50 5 2.5
47.5 5 2.5
47.5 2.5 5
50 2.5 5
50 5 5
47.5 5 5
50 2.5 2.5
52.5 2.5 2.5
52.5 5 2.5
50 5 2.5
50 2.5 5
52.5 2.5 5
52.5 5 5
50 5 5
52.5 2.5 2.5
55 2.5 2.5
55 5 2.5
52.5 5 2.5
52.5 2.5 5
55 2.5 5
55 5 5
52.5 5 5
55 2.5 2.5
57.5 2.5 2.5
57.5 5 2.5
55 5 2.5
55 2.5 5
57.5 2.5 5
57.5 5 5
55 5 5
57.5 2.5 2.5
60 2.5 2.5
60 5 2.5
57.5 5 2.5
57.5 2.5 5
60 2.5 5
60 5 5
57.5 5 5
60 2.5 2.5
62.5 2.5 2.5
62.5 5 2.5
60 5 2.5
60 2.5 5
62.5 2.5 5
62.5 5 5
60 5 5
62.5 2.5 2.5
65 2.5 2.5
65 5 2.5
62.5 5 2.5
62.5 2.5 5
65 2.5 5
65 5 5
62.5 5 5
65 2.5 2.5
67.5 2.5 2.5
67.5 5 2.5
65 5 2.5
65 2.5 5
67.5 2.5 5
67.5 5 5
65 5 5
67.5 2.5 2.5
70 2.5 2.5
70 5 2.5
67.5 5 2.5
67.5 2.5 5
70 2.5 5
70 5 5
67.5 5 5
70 2.5 2.5
72.5 2.5 2.5
72.5 5 2.5
70 5 2.5
70 2.5 5
72.5 2.5 5
72.5 5 5
70 5 5
72.5 2.5 2.5
75 2.5 2.5
75 5 2.5
72.5 5 2.5
72.5 2.5 5
75 2.5 5
75 5 5
72.5 5 5
75 2.5 2.5
77.5 2.5 2.5
77.5 5 2.5
75 5 2.5
75 2.5 5
77.5 2.5 5
77.5 5 5
75 5 5
77.5 2.5 2.5
80 2.5 2.5
80 5 2.5
77.5 5 2.5
77.5 2.5 5
80 2.5 5
80 5 5
77.5 5 5
80 2.5 2.5
82.5 2.5 2.5
82.5 5 2.5
80 5 2.5
80 2.5 5
82.5 2.5 5
82.5 5 5
80 5 5
82.5 2.5 2.5
85 2.5 2.5
85 5 2.5
82.5 5 2.5
82.5 2.5 5
85 2.5 5
85 5 5
82.5 5 5
85 2.5 2.5
87.5 2.5 2.5
87.5 5 2.5
85 5 2.5
85 2.5 5
87.5 2.5 5
87.5 5 5
85 5 5
87.5 2.5 2.5
90 2.5 2.5
90 5 2.5
87.5 5 2.5
87.5 2.5 5
90 2.5 5
90 5 5
87.5 5 5
90 2.5 2.5
92.5 2.5 2.5
92.5 5 2.5
90 5 2.5
90 2.5 5
92.5 2.5 5
92.5 5 5
90 5 5
92.5 2.5 2.5
95 2.5 2.5
95 5 2.5
92.5 5 2.5
92.5 2.5 5
95 2.5 5
95 5 5
92.5 5 5
95 2.5 2.5
97.5 2.5 2.5
97.5 5 2.5
95 5 2.5
95 2.5 5
97.5 2.5 5
97.5 5 5
95 5 5
97.5 2.5 2.5
100 2.5 2.5
100 5 2.5
97.5 5 2.5
97.5 2.5 5
100 2.5 5
100 5 5
97.5 5 5
0 5 2.5
2.5 5 2.5
2.5 7.5 2.5
0 7.5 2.5
0 5 5
2.5 5 5
2.5 7.5 5
0 7.5 5
2.5 5 2.5
5 5 2.5
5 7.5 2.5
2.5 7.5 2.5
2.5 5 5
5 5 5
5 7.5 5
2.5 7.5 5
5 5 2.5
7.5 5 2.5
7.5 7.5 2.5
5 7.5 2.5
5 5 5
7.5 5 5
7.5 7.5 5
5 7.5 5
7.5 5 2.5
10 5 2.5
10 7.5 2.5
7.5 7.5 2.5
7.5 5 5
10 5 5
10 7.5 5
7.5 7.5 5
10 5 2.5
12.5 5 2.5
12.5 7.5 2.5
10 7.5 2.5
10 5 5
12.5 5 5
12.5 7.5 5
10 7.5 5
12.5 5 2.5
15 5 2.5
15 7.5 2.5
12.5 7.5 2.5
12.5 5 5
15 5 5
15 7.5 5
12.5 7.5 5
15 5 2.5
17.5 5 2.5
17.5 7.5 2.5
15 7.5 2.5
15 5 5
17.5 5 5
17.5 7.5 5
15 7.5 5
17.5 5 2.5
20 5 2.5
20 7.5 2.5
17.5 7.5 2.5
17.5 5 5
20 5 5
20 7.5 5
17.5 7.5 5
20 5 2.5
22.5 5 2.5
22.5 7.5 2.5
20 7.5 2.5
20 5 5
22.5 5 5
22.5 7.5 5
20 7.5 5
22.5 5 2.5
25 5 2.5
25 7.5 2.5
22.5 7.5 2.5
22.5 5 5
25 5 5
25 7.5 5
22.5 7.5 5
25 5 2.5
27.5 5 2.5
27.5 7.5 2.5
25 7.5 2.5
25 5 5
27.5 5 5
27.5 7.5 5
25 7.5 5
27.5 5 2.5
30 5 2.5
30 7.5 2.5
27.5 7.5 2.5
27.5 5 5
30 5 5
30 7.5 5
27.5 7.5 5
30 5 2.5
32.5 5 2.5
32.5 7.5 2.5
30 7.5 2.5
30 5 5
32.5 5 5
32.5 7.5 5
30 7.5 5
32.5 5 2.5
35 5 2.5
35 7.5 2.5
32.5 7.5 2.5
32.5 5 5
35 5 5
35 7.5 5
32.5 7.5 5
35 5 2.5
37.5 5 2.5
37.5 7.5 2.5
35 7.5 2.5
35 5 5
37.5 5 5
37.5 7.5 5
35 7.5 5
37.5 5 2.5
40 5 2.5
40 7.5 2.5
37.5 7.5 2.5
37.5 5 5
40 5 5
40 7.5 5
37.5 7.5 5
40 5 2.5
42.5 5 2.5
42.5 7.5 2.5
40 7.5 2.5
40 5 5
42.5 5 5
42.5 7.5 5
40 7.5 5
42.5 5 2.5
45 5 2.5
45 7.5 2.5
42.5 7.5 2.5
42.5 5 5
45 5 5
45 7.5 5
42.5 7.5 5
45 5 2.5
47.5 5 2.5
47.5 7.5 2.5
45 7.5 2.5
45 5 5
47.5 5 5
47.5 7.5 5
45 7.5 5
47.5 5 2.5
50 5 2.5
50 7.5 2.5
47.5 7.5 2.5
47.5 5 5
50 5 5
50 7.5 5
47.5 7.5 5
50 5 2.5
52.5 5 2.5
52.5 7.5 2.5
50 7.5 2.5
50 5 5
52.5 5 5
52.5 7.5 5
50 7.5 5
52.5 5 2.5
55 5 2.5
55 7.5 2.5
52.5 7.5 2.5
52.5 5 5
55 5 5
55 7.5 5
52.5 7.5 5
55 5 2.5
57.5 5 2.5
57.5 7.5 2.5
55 7.5 2.5
55 5 5
57.5 5 5
57.5 7.5 5
55 7.5 5
57.5 5 2.5
60 5 2.5
60 7.5 2.5
57.5 7.5 2.5
57.5 5 5
60 5 5
60 7.5 5
57.5 7.5 5
60 5 2.5
62.5 5 2.5
62.5 7.5 2.5
60 7.5 2.5
60 5 5
62.5 5 5
62.5 7.5 5
60 7.5 5
62.5 5 2.5
65 5 2.5
65 7.5 2.5
62.5 7.5 2.5
62.5 5 5
65 5 5
65 7.5 5
62.5 7.5 5
65 5 2.5
67.5 5 2.5
67.5 7.5 2.5
65 7.5 2.5
65 5 5
67.5 5 5
67.5 7.5 5
65 7.5 5
67.5 5 2.5
70 5 2.5
70 7.5 2.5
67.5 7.5 2.5
67.5 5 5
70 5 5
70 7.5 5
67.5 7.5 5
70 5 2.5
72.5 5 2.5
72.5 7.5 2.5
70 7.5 2.5
70 5 5
72.5 5 5
72.5 7.5 5
70 7.5 5
72.5 5 2.5
75 5 2.5
75 7.5 2.5
72.5 7.5 2.5
72.5 5 5
75 5 5
75 7.5 5
72.5 7.5 5
75 5 2.5
77.5 5 2.5
77.5 7.5 2.5
75 7.5 2.5
75 5 5
77.5 5 5
77.5 7.5 5
75 7.5 5
77.5 5 2.5
80 5 2.5
80 7.5 2.5
77.5 7.5 2.5
77.5 5 5
80 5 5
80 7.5 5
77.5 7.5 5
80 5 2.5
82.5 5 2.5
82.5 7.5 2.5
80 7.5 2.5
80 5 5
82.5 5 5
82.5 7.5 5
80 7.5 5
82.5 5 2.5
85 5 2.5
85 7.5 2.5
82.5 7.5 2.5
82.5 5 5
85 5 5
85 7.5 5
82.5 7.5 5
85 5 2.5
87.5 5 2.5
87.5 7.5 2.5
85 7.5 2.5
85 5 5
87.5 5 5
87.5 7.5 5
85 7.5 5
87.5 5 2.5
90 5 2.5
90 7.5 2.5
87.5 7.5 2.5
87.5 5 5
90 5 5
90 7.5 5
87.5 7.5 5
90 5 2.5
92.5 5 2.5
92.5 7.5 2.5
90 7.5 2.5
90 5 5
92.5 5 5
92.5 7.5 5
90 7.5 5
92.5 5 2.5
95 5 2.5
95 7.5 2.5
92.5 7.5 2.5
92.5 5 5
95 5 5
95 7.5 5
92.5 7.5 5
95 5 2.5
97.5 5 2.5
97.5 7.5 2.5
95 7.5 2.5
95 5 5
97.5 5 5
97.5 7.5 5
95 7.5 5
97.5 5 2.5
100 5 2.5
100 7.5 2.5
97.5 7.5 2.5
97.5 5 5
100 5 5
100 7.5 5
97.5 7.5 5
0 7.5 2.5
2.5 7.5 2.5
2.5 10 2.5
0 10 2.5
0 7.5 5
2.5 7.5 5
2.5 10 5
0 10 5
2.5 7.5 2.5
5 7.5 2.5
5 10 2.5
2.5 10 2.5
2.5 7.5 5
5 7.5 5
5 10 5
2.5 10 5
5 7.5 2.5
7.5 7.5 2.5
7.5 10 2.5
5 10 2.5
5 7.5 5
7.5 7.5 5
7.5 10 5
5 10 5
7.5 7.5 2.5
10 7.5 2.5
10 10 2.5
7.5 10 2.5
7.5 7.5 5
10 7.5 5
10 10 5
7.5 10 5
10 7.5 2.5
12.5 7.5 2.5
12.5 10 2.5
10 10 2.5
10 7.5 5
12.5 7.5 5
12.5 10 5
10 10 5
12.5 7.5 2.5
15 7.5 2.5
15 10 2.5
12.5 10 2.5
12.5 7.5 5
15 7.5 5
15 10 5
12.5 10 5
15 7.5 2.5
17.5 7.5 2.5
17.5 10 2.5
15 10 2.5
15 7.5 5
17.5 7.5 5
17.5 10 5
15 10 5
17.5 7.5 2.5
20 7.5 2.5
20 10 2.5
17.5 10 2.5
17.5 7.5 5
20 7.5 5
20 10 5
17.5 10 5
20 7.5 2.5
22.5 7.5 2.5
22.5 10 2.5
20 10 2.5
20 7.5 5
22.5 7.5 5
22.5 10 5
20 10 5
22.5 7.5 2.5
25 7.5 2.5
25 10 2.5
22.5 10 2.5
22.5 7.5 5
25 7.5 5
25 10 5
22.5 10 5
25 7.5 2.5
27.5 7.5 2.5
27.5 10 2.5
25 10 2.5
25 7.5 5
27.5 7.5 5
27.5 10 5
25 10 5
27.5 7.5 2.5
30 7.5 2.5
30 10 2.5
27.5 10 2.5
27.5 7.5 5
30 7.5 5
30 10 5
27.5 10 5
30 7.5 2.5
32.5 7.5 2.5
32.5 10 2.5
30 10 2.5
30 7.5 5
32.5 7.5 5
32.5 10 5
30 10 5
32.5 7.5 2.5
35 7.5 2.5
35 10 2.5
32.5 10 2.5
32.5 7.5 5
35 7.5 5
35 10 5
32.5 10 5
35 7.5 2.5
37.5 7.5 2.5
37.5 10 2.5
35 10 2.5
35 7.5 5
37.5 7.5 5
37.5 10 5
35 10 5
37.5 7.5 2.5
40 7.5 2.5
40 10 2.5
37.5 10 2.5
37.5 7.5 5
40 7.5 5
40 10 5
37.5 10 5
40 7.5 2.5
42.5 7.5 2.5
42.5 10 2.5
40 10 2.5
40 7.5 5
42.5 7.5 5
42.5 10 5
40 10 5
42.5 7.5 2.5
45 7.5 2.5
45 10 2.5
42.5 10 2.5
42.5 7.5 5
45 7.5 5
45 10 5
42.5 10 5
45 7.5 2.5
47.5 7.5 2.5
47.5 10 2.5
45 10 2.5
45 7.5 5
47.5 7.5 5
47.5 10 5
45 10 5
47.5 7.5 2.5
50 7.5 2.5
50 10 2.5
47.5 10 2.5
47.5 7.5 5
50 7.5 5
50 10 5
47.5 10 5
50 7.5 2.5
52.5 7.5 2.5
52.5 10 2.5
50 10 2.5
50 7.5 5
52.5 7.5 5
52.5 10 5
50 10 5
52.5 7.5 2.5
55 7.5 2.5
55 10 2.5
52.5 10 2.5
52.5 7.5 5
55 7.5 5
55 10 5
52.5 10 5
55 7.5 2.5
57.5 7.5 2.5
57.5 10 2.5
55 10 2.5
55 7.5 5
57.5 7.5 5
57.5 10 5
55 10 5
57.5 7.5 2.5
60 7.5 2.5
60 10 2.5
57.5 10 2.5
57.5 7.5 5
60 7.5 5
60 10 5
57.5 10 5
60 7.5 2.5
62.5 7.5 2.5
62.5 10 2.5
60 10 2.5
60 7.5 5
62.5 7.5 5
62.5 10 5
60 10 5
62.5 7.5 2.5
65 7.5 2.5
65 10 2.5
62.5 10 2.5
62.5 7.5 5
65 7.5 5
65 10 5
62.5 10 5
65 7.5 2.5
67.5 7.5 2.5
67.5 10 2.5
65 10 2.5
65 7.5 5
67.5 7.5 5
67.5 10 5
65 10 5
67.5 7.5 2.5
70 7.5 2.5
70 10 2.5
67.5 10 2.5
67.5 7.5 5
70 7.5 5
70 10 5
67.5 10 5
70 7.5 2.5
72.5 7.5 2.5
72.5 10 2.5
70 10 2.5
70 7.5 5
72.5 7.5 5
72.5 10 5
70 10 5
72.5 7.5 2.5
75 7.5 2.5
75 10 2.5
72.5 10 2.5
72.5 7.5 5
75 7.5 5
75 10 5
72.5 10 5
75 7.5 2.5
77.5 7.5 2.5
77.5 10 2.5
75 10 2.5
75 7.5 5
77.5 7.5 5
77.5 10 5
75 10 5
77.5 7.5 2.5
80 7.5 2.5
80 10 2.5
77.5 10 2.5
77.5 7.5 5
80 7.5 5
80 10 5
77.5 10 5
80 7.5 2.5
82.5 7.5 2.5
82.5 10 2.5
80 10 2.5
80 7.5 5
82.5 7.5 5
82.5 10 5
80 10 5
82.5 7.5 2.5
85 7.5 2.5
85 10 2.5
82.5 10 2.5
82.5 7.5 5
85 7.5 5
85 10 5
82.5 10 5
85 7.5 2.5
87.5 7.5 2.5
87.5 10 2.5
85 10 2.5
85 7.5 5
87.5 7.5 5
87.5 10 5
85 10 5
87.5 7.5 2.5
90 7.5 2.5
90 10 2.5
87.5 10 2.5
87.5 7.5 5
90 7.5 5
90 10 5
87.5 10 5
90 7.5 2.5
92.5 7.5 2.5
92.5 10 2.5
90 10 2.5
90 7.5 5
92.5 7.5 5
92.5 10 5
90 10 5
92.5 7.5 2.5
95 7.5 2.5
95 10 2.5
92.5 10 2.5
92.5 7.5 5
95 7.5 5
95 10 5
92.5 10 5
95 7.5 2.5
97.5 7.5 2.5
97.5 10 2.5
95 10 2.5
95 7.5 5
97.5 7.5 5
97.5 10 5
95 10 5
97.5 7.5 2.5
100 7.5 2.5
100 10 2.5
97.5 10 2.5
97.5 7.5 5
100 7.5 5
100 10 5
97.5 10 5
0 0 5
2.5 0 5
2.5 2.5 5
0 2.5 5
0 0 7.5
2.5 0 7.5
2.5 2.5 7.5
0 2.5 7.5
2.5 0 5
5 0 5
5 2.5 5
2.5 2.5 5
2.5 0 7.5
5 0 7.5
5 2.5 7.5
2.5 2.5 7.5
5 0 5
7.5 0 5
7.5 2.5 5
5 2.5 5
5 0 7.5
7.5 0 7.5
7.5 2.5 7.5
5 2.5 7.5
7.5 0 5
10 0 5
10 2.5 5
7.5 2.5 5
7.5 0 7.5
10 0 7.5
10 2.5 7.5
7.5 2.5 7.5
10 0 5
12.5 0 5
12.5 2.5 5
10 2.5 5
10 0 7.5
12.5 0 7.5
12.5 2.5 7.5
10 2.5 7.5
12.5 0 5
15 0 5
15 2.5 5
12.5 2.5 5
12.5 0 7.5
15 0 7.5
15 2.5 7.5
12.5 2.5 7.5
15 0 5
17.5 0 5
17.5 2.5 5
15 2.5 5
15 0 7.5
17.5 0 7.5
17.5 2.5 7.5
15 2.5 7.5
17.5 0 5
20 0 5
20 2.5 5
17.5 2.5 5
17.5 0 7.5
20 0 7.5
20 2.5 7.5
17.5 2.5 7.5
20 0 5
22.5 0 5
22.5 2.5 5
20 2.5 5
20 0 7.5
22.5 0 7.5
22.5 2.5 7.5
20 2.5 7.5
22.5 0 5
25 0 5
25 2.5 5
22.5 2.5 5
22.5 0 7.5
25 0 7.5
25 2.5 7.5
22.5 2.5 7.5
25 0 5
27.5 0 5
27.5 2.5 5
25 2.5 5
25 0 7.5
27.5 0 7.5
27.5 2.5 7.5
25 2.5 7.5
27.5 0 5
30 0 5
30 2.5 5
27.5 2.5 5
27.5 0 7.5
30 0 7.5
30 2.5 7.5
27.5 2.5 7.5
30 0 5
32.5 0 5
32.5 2.5 5
30 2.5 5
30 0 7.5
32.5 0 7.5
32.5 2.5 7.5
30 2.5 7.5
32.5 0 5
35 0 5
35 2.5 5
32.5 2.5 5
32.5 0 7.5
35 0 7.5
35 2.5 7.5
32.5 2.5 7.5
35 0 5
37.5 0 5
37.5 2.5 5
35 2.5 5
35 0 7.5
37.5 0 7.5
37.5 2.5 7.5
35 2.5 7.5
37.5 0 5
40 0 5
40 2.5 5
37.5 2.5 5
37.5 0 7.5
40 0 7.5
40 2.5 7.5
37.5 2.5 7.5
40 0 5
42.5 0 5
42.5 2.5 5
40 2.5 5
40 0 7.5
42.5 0 7.5
42.5 2.5 7.5
40 2.5 7.5
42.5 0 5
45 0 5
45 2.5 5
42.5 2.5 5
42.5 0 7.5
45 0 7.5
45 2.5 7.5
42.5 2.5 7.5
45 0 5
47.5 0 5
47.5 2.5 5
45 2.5 5
45 0 7.5
47.5 0 7.5
47.5 2.5 7.5
45 2.5 7.5
47.5 0 5
50 0 5
50 2.5 5
47.5 2.5 5
47.5 0 7.5
50 0 7.5
50 2.5 7.5
47.5 2.5 7.5
50 0 5
52.5 0 5
52.5 2.5 5
50 2.5 5
50 0 7.5
52.5 0 7.5
52.5 2.5 7.5
50 2.5 7.5
52.5 0 5
55 0 5
55 2.5 5
52.5 2.5 5
52.5 0 7.5
55 0 7.5
55 2.5 7.5
52.5 2.5 7.5
55 0 5
57.5 0 5
57.5 2.5 5
55 2.5 5
55 0 7.5
57.5 0 7.5
57.5 2.5 7.5
55 2.5 7.5
57.5 0 5
60 0 5
60 2.5 5
57.5 2.5 5
57.5 0 7.5
60 0 7.5
60 2.5 7.5
57.5 2.5 7.5
60 0 5
62.5 0 5
62.5 2.5 5
60 2.5 5
60 0 7.5
62.5 0 7.5
62.5 2.5 7.5
60 2.5 7.5
62.5 0 5
65 0 5
65 2.5 5
62.5 2.5 5
62.5 0 7.5
65 0 7.5
65 2.5 7.5
62.5 2.5 7.5
65 0 5
67.5 0 5
67.5 2.5 5
65 2.5 5
65 0 7.5
67.5 0 7.5
67.5 2.5 7.5
65 2.5 7.5
67.5 0 5
70 0 5
70 2.5 5
67.5 2.5 5
67.5 0 7.5
70 0 7.5
70 2.5 7.5
67.5 2.5 7.5
70 0 5
72.5 0 5
72.5 2.5 5
70 2.5 5
70 0 7.5
72.5 0 7.5
72.5 2.5 7.5
70 2.5 7.5
72.5 0 5
75 0 5
75 2.5 5
72.5 2.5 5
72.5 0 7.5
75 0 7.5
75 2.5 7.5
72.5 2.5 7.5
75 0 5
77.5 0 5
77.5 2.5 5
75 2.5 5
75 0 7.5
77.5 0 7.5
77.5 2.5 7.5
75 2.5 7.5
77.5 0 5
80 0 5
80 2.5 5
77.5 2.5 5
77.5 0 7.5
80 0 7.5
80 2.5 7.5
77.5 2.5 7.5
80 0 5
82.5 0 5
82.5 2.5 5
80 2.5 5
80 0 7.5
82.5 0 7.5
82.5 2.5 7.5
80 2.5 7.5
82.5 0 5
85 0 5
85 2.5 5
82.5 2.5 5
82.5 0 7.5
85 0 7.5
85 2.5 7.5
82.5 2.5 7.5
85 0 5
87.5 0 5
87.5 2.5 5
85 2.5 5
85 0 7.5
87.5 0 7.5
87.5 2.5 7.5
85 2.5 7.5
87.5 0 5
90 0 5
90 2.5 5
87.5 2.5 5
87.5 0 7.5
90 0 7.5
90 2.5 7.5
87.5 2.5 7.5
90 0 5
92.5 0 5
92.5 2.5 5
90 2.5 5
90 0 7.5
92.5 0 7.5
92.5 2.5 7.5
90 2.5 7.5
92.5 0 5
95 0 5
95 2.5 5
92.5 2.5 5
92.5 0 7.5
95 0 7.5
95 2.5 7.5
92.5 2.5 7.5
95 0 5
97.5 0 5
97.5 2.5 5
95 2.5 5
95 0 7.5
97.5 0 7.5
97.5 2.5 7.5
95 2.5 7.5
97.5 0 5
100 0 5
100 2.5 5
97.5 2.5 5
97.5 0 7.5
100 0 7.5
100 2.5 7.5
97.5 2.5 7.5
0 2.5 5
2.5 2.5 5
2.5 5 5
0 5 5
0 2.5 7.5
2.5 2.5 7.5
2.5 5 7.5
0 5 7.5
2.5 2.5 5
5 2.5 5
5 5 5
2.5 5 5
2.5 2.5 7.5
5 2.5 7.5
5 5 7.5
2.5 5 7.5
5 2.5 5
7.5 2.5 5
7.5 5 5
5 5 5
5 2.5 7.5
7.5 2.5 7.5
7.5 5 7.5
5 5 7.5
7.5 2.5 5
10 2.5 5
10 5 5
7.5 5 5
7.5 2.5 7.5
10 2.5 7.5
10 5 7.5
7.5 5 7.5
10 2.5 5
12.5 2.5 5
12.5 5 5
10 5 5
10 2.5 7.5
12.5 2.5 7.5
12.5 5 7.5
10 5 7.5
12.5 2.5 5
15 2.5 5
15 5 5
12.5 5 5
12.5 2.5 7.5
15 2.5 7.5
15 5 7.5
12.5 5 7.5
15 2.5 5
17.5 2.5 5
17.5 5 5
15 5 5
15 2.5 7.5
17.5 2.5 7.5
17.5 5 7.5
15 5 7.5
17.5 2.5 5
20 2.5 5
20 5 5
17.5 5 5
17.5 2.5 7.5
20 2.5 7.5
20 5 7.5
17.5 5 7.5
20 2.5 5
22.5 2.5 5
22.5 5 5
20 5 5
20 2.5 7.5
22.5 2.5 7.5
22.5 5 7.5
20 5 7.5
22.5 2.5 5
25 2.5 5
25 5 5
22.5 5 5
22.5 2.5 7.5
25 2.5 7.5
25 5 7.5
22.5 5 7.5
25 2.5 5
27.5 2.5 5
27.5 5 5
25 5 5
25 2.5 7.5
27.5 2.5 7.5
27.5 5 7.5
25 5 7.5
27.5 2.5 5
30 2.5 5
30 5 5
27.5 5 5
27.5 2.5 7.5
30 2.5 7.5
30 5 7.5
27.5 5 7.5
30 2.5 5
32.5 2.5 5
32.5 5 5
30 5 5
30 2.5 7.5
32.5 2.5 7.5
32.5 5 7.5
30 5 7.5
32.5 2.5 5
35 2.5 5
35 5 5
32.5 5 5
32.5 2.5 7.5
35 2.5 7.5
35 5 7.5
32.5 5 7.5
35 2.5 5
37.5 2.5 5
37.5 5 5
35 5 5
35 2.5 7.5
37.5 2.5 7.5
37.5 5 7.5
35 5 7.5
37.5 2.5 5
40 2.5 5
40 5 5
37.5 5 5
37.5 2.5 7.5
40 2.5 7.5
40 5 7.5
37.5 5 7.5
40 2.5 5
42.5 2.5 5
42.5 5 5
40 5 5
40 2.5 7.5
42.5 2.5 7.5
42.5 5 7.5
40 5 7.5
42.5 2.5 5
45 2.5 5
45 5 5
42.5 5 5
42.5 2.5 7.5
45 2.5 7.5
45 5 7.5
42.5 5 7.5
45 2.5 5
47.5 2.5 5
47.5 5 5
45 5 5
45 2.5 7.5
47.5 2.5 7.5
47.5 5 7.5
45 5 7.5
47.5 2.5 5
50 2.5 5
50 5 5
47.5 5 5
47.5 2.5 7.5
50 2.5 7.5
50 5 7.5
47.5 5 7.5
50 2.5 5
52.5 2.5 5
52.5 5 5
50 5 5
50 2.5 7.5
52.5 2.5 7.5
52.5 5 7.5
50 5 7.5
52.5 2.5 5
55 2.5 5
55 5 5
52.5 5 5
52.5 2.5 7.5
55 2.5 7.5
55 5 7.5
52.5 5 7.5
55 2.5 5
57.5 2.5 5
57.5 5 5
55 5 5
55 2.5 7.5
57.5 2.5 7.5
57.5 5 7.5
55 5 7.5
57.5 2.5 5
60 2.5 5
60 5 5
57.5 5 5
57.5 2.5 7.5
60 2.5 7.5
60 5 7.5
57.5 5 7.5
60 2.5 5
62.5 2.5 5
62.5 5 5
60 5 5
60 2.5 7.5
62.5 2.5 7.5
62.5 5 7.5
60 5 7.5
62.5 2.5 5
65 2.5 5
65 5 5
62.5 5 5
62.5 2.5 7.5
65 2.5 7.5
65 5 7.5
62.5 5 7.5
65 2.5 5
67.5 2.5 5
67.5 5 5
65 5 5
65 2.5 7.5
67.5 2.5 7.5
67.5 5 7.5
65 5 7.5
67.5 2.5 5
70 2.5 5
70 5 5
67.5 5 5
67.5 2.5 7.5
70 2.5 7.5
70 5 7.5
67.5 5 7.5
70 2.5 5
72.5 2.5 5
72.5 5 5
70 5 5
70 2.5 7.5
72.5 2.5 7.5
72.5 5 7.5
70 5 7.5
72.5 2.5 5
75 2.5 5
75 5 5
72.5 5 5
72.5 2.5 7.5
75 2.5 7.5
75 5 7.5
72.5 5 7.5
75 2.5 5
77.5 2.5 5
77.5 5 5
75 5 5
75 2.5 7.5
77.5 2.5 7.5
77.5 5 7.5
75 5 7.5
77.5 2.5 5
80 2.5 5
80 5 5
77.5 5 5
77.5 2.5 7.5
80 2.5 7.5
80 5 7.5
77.5 5 7.5
80 2.5 5
82.5 2.5 5
82.5 5 5
80 5 5
80 2.5 7.5
82.5 2.5 7.5
82.5 5 7.5
80 5 7.5
82.5 2.5 5
85 2.5 5
85 5 5
82.5 5 5
82.5 2.5 7.5
85 2.5 7.5
85 5 7.5
82.5 5 7.5
85 2.5 5
87.5 2.5 5
87.5 5 5
85 5 5
85 2.5 7.5
87.5 2.5 7.5
87.5 5 7.5
85 5 7.5
87.5 2.5 5
90 2.5 5
90 5 5
87.5 5 5
87.5 2.5 7.5
90 2.5 7.5
90 5 7.5
87.5 5 7.5
90 2.5 5
92.5 2.5 5
92.5 5 5
90 5 5
90 2.5 7.5
92.5 2.5 7.5
92.5 5 7.5
90 5 7.5
92.5 2.5 5
95 2.5 5
95 5 5
92.5 5 5
92.5 2.5 7.5
95 2.5 7.5
95 5 7.5
92.5 5 7.5
95 2.5 5
97.5 2.5 5
97.5 5 5
95 5 5
95 2.5 7.5
97.5 2.5 7.5
97.5 5 7.5
95 5 7.5
97.5 2.5 5
100 2.5 5
100 5 5
97.5 5 5
97.5 2.5 7.5
100 2.5 7.5
100 5 7.5
97.5 5 7.5
0 5 5
2.5 5 5
2.5 7.5 5
0 7.5 5
0 5 7.5
2.5 5 7.5
2.5 7.5 7.5
0 7.5 7.5
2.5 5 5
5 5 5
5 7.5 5
2.5 7.5 5
2.5 5 7.5
5 5 7.5
5 7.5 7.5
2.5 7.5 7.5
5 5 5
7.5 5 5
7.5 7.5 5
5 7.5 5
5 5 7.5
7.5 5 7.5
7.5 7.5 7.5
5 7.5 7.5
7.5 5 5
10 5 5
10 7.5 5
7.5 7.5 5
7.5 5 7.5
10 5 7.5
10 7.5 7.5
7.5 7.5 7.5
10 5 5
12.5 5 5
12.5 7.5 5
10 7.5 5
10 5 7.5
12.5 5 7.5
12.5 7.5 7.5
10 7.5 7.5
12.5 5 5
15 5 5
15 7.5 5
12.5 7.5 5
12.5 5 7.5
15 5 7.5
15 7.5 7.5
12.5 7.5 7.5
15 5 5
17.5 5 5
17.5 7.5 5
15 7.5 5
15 5 7.5
17.5 5 7.5
17.5 7.5 7.5
15 7.5 7.5
17.5 5 5
20 5 5
20 7.5 5
17.5 7.5 5
17.5 5 7.5
20 5 7.5
20 7.5 7.5
17.5 7.5 7.5
20 5 5
22.5 5 5
22.5 7.5 5
20 7.5 5
20 5 7.5
22.5 5 7.5
22.5 7.5 7.5
20 7.5 7.5
22.5 5 5
25 5 5
25 7.5 5
22.5 7.5 5
22.5 5 7.5
25 5 7.5
25 7.5 7.5
22.5 7.5 7.5
25 5 5
27.5 5 5
27.5 7.5 5
25 7.5 5
25 5 7.5
27.5 5 7.5
27.5 7.5 7.5
25 7.5 7.5
27.5 5 5
30 5 5
30 7.5 5
27.5 7.5 5
27.5 5 7.5
30 5 7.5
30 7.5 7.5
27.5 7.5 7.5
30 5 5
32.5 5 5
32.5 7.5 5
30 7.5 5
30 5 7.5
32.5 5 7.5
32.5 7.5 7.5
30 7.5 7.5
32.5 5 5
35 5 5
35 7.5 5
32.5 7.5 5
32.5 5 7.5
35 5 7.5
35 7.5 7.5
32.5 7.5 7.5
35 5 5
37.5 5 5
37.5 7.5 5
35 7.5 5
35 5 7.5
37.5 5 7.5
37.5 7.5 7.5
35 7.5 7.5
37.5 5 5
40 5 5
40 7.5 5
37.5 7.5 5
37.5 5 7.5
40 5 7.5
40 7.5 7.5
37.5 7.5 7.5
40 5 5
42.5 5 5
42.5 7.5 5
40 7.5 5
40 5 7.5
42.5 5 7.5
42.5 7.5 7.5
40 7.5 7.5
42.5 5 5
45 5 5
45 7.5 5
42.5 7.5 5
42.5 5 7.5
45 5 7.5
45 7.5 7.5
42.5 7.5 7.5
45 5 5
47.5 5 5
47.5 7.5 5
45 7.5 5
45 5 7.5
47.5 5 7.5
47.5 7.5 7.5
45 7.5 7.5
47.5 5 5
50 5 5
50 7.5 5
47.5 7.5 5
47.5 5 7.5
50 5 7.5
50 7.5 7.5
47.5 7.5 7.5
50 5 5
52.5 5 5
52.5 7.5 5
50 7.5 5
50 5 7.5
52.5 5 7.5
52.5 7.5 7.5
50 7.5 7.5
52.5 5 5
55 5 5
55 7.5 5
52.5 7.5 5
52.5 5 7.5
55 5 7.5
55 7.5 7.5
52.5 7.5 7.5
55 5 5
57.5 5 5
57.5 7.5 5
55 7.5 5
55 5 7.5
57.5 5 7.5
57.5 7.5 7.5
55 7.5 7.5
57.5 5 5
60 5 5
60 7.5 5
57.5 7.5 5
57.5 5 7.5
60 5 7.5
60 7.5 7.5
57.5 7.5 7.5
60 5 5
62.5 5 5
62.5 7.5 5
60 7.5 5
60 5 7.5
62.5 5 7.5
62.5 7.5 7.5
60 7.5 7.5
62.5 5 5
65 5 5
65 7.5 5
62.5 7.5 5
62.5 5 7.5
65 5 7.5
65 7.5 7.5
62.5 7.5 7.5
65 5 5
67.5 5 5
67.5 7.5 5
65 7.5 5
65 5 7.5
67.5 5 7.5
67.5 7.5 7.5
65 7.5 7.5
67.5 5 5
70 5 5
70 7.5 5
67.5 7.5 5
67.5 5 7.5
70 5 7.5
70 7.5 7.5
67.5 7.5 7.5
70 5 5
72.5 5 5
72.5 7.5 5
70 7.5 5
70 5 7.5
72.5 5 7.5
72.5 7.5 7.5
70 7.5 7.5
72.5 5 5
75 5 5
75 7.5 5
72.5 7.5 5
72.5 5 7.5
75 5 7.5
75 7.5 7.5
72.5 7.5 7.5
75 5 5
77.5 5 5
77.5 7.5 5
75 7.5 5
75 5 7.5
77.5 5 7.5
77.5 7.5 7.5
75 7.5 7.5
77.5 5 5
80 5 5
80 7.5 5
77.5 7.5 5
77.5 5 7.5
80 5 7.5
80 7.5 7.5
77.5 7.5 7.5
80 5 5
82.5 5 5
82.5 7.5 5
80 7.5 5
80 5 7.5
82.5 5 7.5
82.5 7.5 7.5
80 7.5 7.5
82.5 5 5
85 5 5
85 7.5 5
82.5 7.5 5
82.5 5 7.5
85 5 7.5
85 7.5 7.5
82.5 7.5 7.5
85 5 5
87.5 5 5
87.5 7.5 5
85 7.5 5
85 5 7.5
87.5 5 7.5
87.5 7.5 7.5
85 7.5 7.5
87.5 5 5
90 5 5
90 7.5 5
87.5 7.5 5
87.5 5 7.5
90 5 7.5
90 7.5 7.5
87.5 7.5 7.5
90 5 5
92.5 5 5
92.5 7.5 5
90 7.5 5
90 5 7.5
92.5 5 7.5
92.5 7.5 7.5
90 7.5 7.5
92.5 5 5
95 5 5
95 7.5 5
92.5 7.5 5
92.5 5 7.5
95 5 7.5
95 7.5 7.5
92.5 7.5 7.5
95 5 5
97.5 5 5
97.5 7.5 5
95 7.5 5
95 5 7.5
97.5 5 7.5
97.5 7.5 7.5
95 7.5 7.5
97.5 5 5
100 5 5
100 7.5 5
97.5 7.5 5
97.5 5 7.5
100 5 7.5
100 7.5 7.5
97.5 7.5 7.5
0 7.5 5
2.5 7.5 5
2.5 10 5
0 10 5
0 7.5 7.5
2.5 7.5 7.5
2.5 10 7.5
0 10 7.5
2.5 7.5 5
5 7.5 5
5 10 5
2.5 10 5
2.5 7.5 7.5
5 7.5 7.5
5 10 7.5
2.5 10 7.5
5 7.5 5
7.5 7.5 5
7.5 10 5
5 10 5
5 7.5 7.5
7.5 7.5 7.5
7.5 10 7.5
5 10 7.5
7.5 7.5 5
10 7.5 5
10 10 5
7.5 10 5
7.5 7.5 7.5
10 7.5 7.5
10 10 7.5
7.5 10 7.5
10 7.5 5
12.5 7.5 5
12.5 10 5
10 10 5
10 7.5 7.5
12.5 7.5 7.5
12.5 10 7.5
10 10 7.5
12.5 7.5 5
15 7.5 5
15 10 5
12.5 10 5
12.5 7.5 7.5
15 7.5 7.5
15 10 7.5
12.5 10 7.5
15 7.5 5
17.5 7.5 5
17.5 10 5
15 10 5
15 7.5 7.5
17.5 7.5 7.5
17.5 10 7.5
15 10 7.5
17.5 7.5 5
20 7.5 5
20 10 5
17.5 10 5
17.5 7.5 7.5
20 7.5 7.5
20 10 7.5
17.5 10 7.5
20 7.5 5
22.5 7.5 5
22.5 10 5
20 10 5
20 7.5 7.5
22.5 7.5 7.5
22.5 10 7.5
20 10 7.5
22.5 7.5 5
25 7.5 5
25 10 5
22.5 10 5
22.5 7.5 7.5
25 7.5 7.5
25 10 7.5
22.5 10 7.5
25 7.5 5
27.5 7.5 5
27.5 10 5
25 10 5
25 7.5 7.5
27.5 7.5 7.5
27.5 10 7.5
25 10 7.5
27.5 7.5 5
30 7.5 5
30 10 5
27.5 10 5
27.5 7.5 7.5
30 7.5 7.5
30 10 7.5
27.5 10 7.5
30 7.5 5
32.5 7.5 5
32.5 10 5
30 10 5
30 7.5 7.5
32.5 7.5 7.5
32.5 10 7.5
30 10 7.5
32.5 7.5 5
35 7.5 5
35 10 5
32.5 10 5
32.5 7.5 7.5
35 7.5 7.5
35 10 7.5
32.5 10 7.5
35 7.5 5
37.5 7.5 5
37.5 10 5
35 10 5
35 7.5 7.5
37.5 7.5 7.5
37.5 10 7.5
35 10 7.5
37.5 7.5 5
40 7.5 5
40 10 5
37.5 10 5
37.5 7.5 7.5
40 7.5 7.5
40 10 7.5
37.5 10 7.5
40 7.5 5
42.5 7.5 5
42.5 10 5
40 10 5
40 7.5 7.5
42.5 7.5 7.5
42.5 10 7.5
40 10 7.5
42.5 7.5 5
45 7.5 5
45 10 5
42.5 10 5
42.5 7.5 7.5
45 7.5 7.5
45 10 7.5
42.5 10 7.5
45 7.5 5
47.5 7.5 5
47.5 10 5
45 10 5
45 7.5 7.5
47.5 7.5 7.5
47.5 10 7.5
45 10 7.5
47.5 7.5 5
50 7.5 5
50 10 5
47.5 10 5
47.5 7.5 7.5
50 7.5 7.5
50 10 7.5
47.5 10 7.5
50 7.5 5
52.5 7.5 5
52.5 10 5
50 10 5
50 7.5 7.5
52.5 7.5 7.5
52.5 10 7.5
50 10 7.5
52.5 7.5 5
55 7.5 5
55 10 5
52.5 10 5
52.5 7.5 7.5
55 7.5 7.5
55 10 7.5
52.5 10 7.5
55 7.5 5
57.5 7.5 5
57.5 10 5
55 10 5
55 7.5 7.5
57.5 7.5 7.5
57.5 10 7.5
55 10 7.5
57.5 7.5 5
60 7.5 5
60 10 5
57.5 10 5
57.5 7.5 7.5
60 7.5 7.5
60 10 7.5
57.5 10 7.5
60 7.5 5
62.5 7.5 5
62.5 10 5
60 10 5
60 7.5 7.5
62.5 7.5 7.5
62.5 10 7.5
60 10 7.5
62.5 7.5 5
65 7.5 5
65 10 5
62.5 10 5
62.5 7.5 7.5
65 7.5 7.5
65 10 7.5
62.5 10 7.5
65 7.5 5
67.5 7.5 5
67.5 10 5
65 10 5
65 7.5 7.5
67.5 7.5 7.5
67.5 10 7.5
65 10 7.5
67.5 7.5 5
70 7.5 5
70 10 5
67.5 10 5
67.5 7.5 7.5
70 7.5 7.5
70 10 7.5
67.5 10 7.5
70 7.5 5
72.5 7.5 5
72.5 10 5
70 10 5
70 7.5 7.5
72.5 7.5 7.5
72.5 10 7.5
70 10 7.5
72.5 7.5 5
75 7.5 5
75 10 5
72.5 10 5
72.5 7.5 7.5
75 7.5 7.5
75 10 7.5
72.5 10 7.5
75 7.5 5
77.5 7.5 5
77.5 10 5
75 10 5
75 7.5 7.5
77.5 7.5 7.5
77.5 10 7.5
75 10 7.5
77.5 7.5 5
80 7.5 5
80 10 5
77.5 10 5
77.5 7.5 7.5
80 7.5 7.5
80 10 7.5
77.5 10 7.5
80 7.5 5
82.5 7.5 5
82.5 10 5
80 10 5
80 7.5 7.5
82.5 7.5 7.5
82.5 10 7.5
80 10 7.5
82.5 7.5 5
85 7.5 5
85 10 5
82.5 10 5
82.5 7.5 7.5
85 7.5 7.5
85 10 7.5
82.5 10 7.5
85 7.5 5
87.5 7.5 5
87.5 10 5
85 10 5
85 7.5 7.5
87.5 7.5 7.5
87.5 10 7.5
85 10 7.5
87.5 7.5 5
90 7.5 5
90 10 5
87.5 10 5
87.5 7.5 7.5
90 7.5 7.5
90 10 7.5
87.5 10 7.5
90 7.5 5
92.5 7.5 5
92.5 10 5
90 10 5
90 7.5 7.5
92.5 7.5 7.5
92.5 10 7.5
90 10 7.5
92.5 7.5 5
95 7.5 5
95 10 5
92.5 10 5
92.5 7.5 7.5
95 7.5 7.5
95 10 7.5
92.5 10 7.5
95 7.5 5
97.5 7.5 5
97.5 10 5
95 10 5
95 7.5 7.5
97.5 7.5 7.5
97.5 10 7.5
95 10 7.5
97.5 7.5 5
100 7.5 5
100 10 5
97.5 10 5
97.5 7.5 7.5
100 7.5 7.5
100 10 7.5
97.5 10 7.5
0 0 7.5
2.5 0 7.5
2.5 2.5 7.5
0 2.5 7.5
0 0 10
2.5 0 10
2.5 2.5 10
0 2.5 10
2.5 0 7.5
5 0 7.5
5 2.5 7.5
2.5 2.5 7.5
2.5 0 10
5 0 10
5 2.5 10
2.5 2.5 10
5 0 7.5
7.5 0 7.5
7.5 2.5 7.5
5 2.5 7.5
5 0 10
7.5 0 10
7.5 2.5 10
5 2.5 10
7.5 0 7.5
10 0 7.5
10 2.5 7.5
7.5 2.5 7.5
7.5 0 10
10 0 10
10 2.5 10
7.5 2.5 10
10 0 7.5
12.5 0 7.5
12.5 2.5 7.5
10 2.5 7.5
10 0 10
12.5 0 10
12.5 2.5 10
10 2.5 10
12.5 0 7.5
15 0 7.5
15 2.5 7.5
12.5 2.5 7.5
12.5 0 10
15 0 10
15 2.5 10
12.5 2.5 10
15 0 7.5
17.5 0 7.5
17.5 2.5 7.5
15 2.5 7.5
15 0 10
17.5 0 10
17.5 2.5 10
15 2.5 10
17.5 0 7.5
20 0 7.5
20 2.5 7.5
17.5 2.5 7.5
17.5 0 10
20 0 10
20 2.5 10
17.5 2.5 10
20 0 7.5
22.5 0 7.5
22.5 2.5 7.5
20 2.5 7.5
20 0 10
22.5 0 10
22.5 2.5 10
20 2.5 10
22.5 0 7.5
25 0 7.5
25 2.5 7.5
22.5 2.5 7.5
22.5 0 10
25 0 10
25 2.5 10
22.5 2.5 10
25 0 7.5
27.5 0 7.5
27.5 2.5 7.5
25 2.5 7.5
25 0 10
27.5 0 10
27.5 2.5 10
25 2.5 10
27.5 0 7.5
30 0 7.5
30 2.5 7.5
27.5 2.5 7.5
27.5 0 10
30 0 10
30 2.5 10
27.5 2.5 10
30 0 7.5
32.5 0 7.5
32.5 2.5 7.5
30 2.5 7.5
30 0 10
32.5 0 10
32.5 2.5 10
30 2.5 10
32.5 0 7.5
35 0 7.5
35 2.5 7.5
32.5 2.5 7.5
32.5 0 10
35 0 10
35 2.5 10
32.5 2.5 10
35 0 7.5
37.5 0 7.5
37.5 2.5 7.5
35 2.5 7.5
35 0 10
37.5 0 10
37.5 2.5 10
35 2.5 10
37.5 0 7.5
40 0 7.5
40 2.5 7.5
37.5 2.5 7.5
37.5 0 10
40 0 10
40 2.5 10
37.5 2.5 10
40 0 7.5
42.5 0 7.5
42.5 2.5 7.5
40 2.5 7.5
40 0 10
42.5 0 10
42.5 2.5 10
40 2.5 10
42.5 0 7.5
45 0 7.5
45 2.5 7.5
42.5 2.5 7.5
42.5 0 10
45 0 10
45 2.5 10
42.5 2.5 10
45 0 7.5
47.5 0 7.5
47.5 2.5 7.5
45 2.5 7.5
45 0 10
47.5 0 10
47.5 2.5 10
45 2.5 10
47.5 0 7.5
50 0 7.5
50 2.5 7.5
47.5 2.5 7.5
47.5 0 10
50 0 10
50 2.5 10
47.5 2.5 10
50 0 7.5
52.5 0 7.5
52.5 2.5 7.5
50 2.5 7.5
50 0 10
52.5 0 10
52.5 2.5 10
50 2.5 10
52.5 0 7.5
55 0 7.5
55 2.5 7.5
52.5 2.5 7.5
52.5 0 10
55 0 10
55 2.5 10
52.5 2.5 10
55 0 7.5
57.5 0 7.5
57.5 2.5 7.5
55 2.5 7.5
55 0 10
57.5 0 10
57.5 2.5 10
55 2.5 10
57.5 0 7.5
60 0 7.5
60 2.5 7.5
57.5 2.5 7.5
57.5 0 10
60 0 10
60 2.5 10
57.5 2.5 10
60 0 7.5
62.5 0 7.5
62.5 2.5 7.5
60 2.5 7.5
60 0 10
62.5 0 10
62.5 2.5 10
60 2.5 10
62.5 0 7.5
65 0 7.5
65 2.5 7.5
62.5 2.5 7.5
62.5 0 10
65 0 10
65 2.5 10
62.5 2.5 10
65 0 7.5
67.5 0 7.5
67.5 2.5 7.5
65 2.5 7.5
65 0 10
67.5 0 10
67.5 2.5 10
65 2.5 10
67.5 0 7.5
70 0 7.5
70 2.5 7.5
67.5 2.5 7.5
67.5 0 10
70 0 10
70 2.5 10
67.5 2.5 10
70 0 7.5
72.5 0 7.5
72.5 2.5 7.5
70 2.5 7.5
70 0 10
72.5 0 10
72.5 2.5 10
70 2.5 10
72.5 0 7.5
75 0 7.5
75 2.5 7.5
72.5 2.5 7.5
72.5 0 10
75 0 10
75 2.5 10
72.5 2.5 10
75 0 7.5
77.5 0 7.5
77.5 2.5 7.5
75 2.5 7.5
75 0 10
77.5 0 10
77.5 2.5 10
75 2.5 10
77.5 0 7.5
80 0 7.5
80 2.5 7.5
77.5 2.5 7.5
77.5 0 10
80 0 10
80 2.5 10
77.5 2.5 10
80 0 7.5
82.5 0 7.5
82.5 2.5 7.5
80 2.5 7.5
80 0 10
82.5 0 10
82.5 2.5 10
80 2.5 10
82.5 0 7.5
85 0 7.5
85 2.5 7.5
82.5 2.5 7.5
82.5 0 10
85 0 10
85 2.5 10
82.5 2.5 10
85 0 7.5
87.5 0 7.5
87.5 2.5 7.5
85 2.5 7.5
85 0 10
87.5 0 10
87.5 2.5 10
85 2.5 10
87.5 0 7.5
90 0 7.5
90 2.5 7.5
87.5 2.5 7.5
87.5 0 10
90 0 10
90 2.5 10
87.5 2.5 10
90 0 7.5
92.5 0 7.5
92.5 2.5 7.5
90 2.5 7.5
90 0 10
92.5 0 10
92.5 2.5 10
90 2.5 10
92.5 0 7.5
95 0 7.5
95 2.5 7.5
92.5 2.5 7.5
92.5 0 10
95 0 10
95 2.5 10
92.5 2.5 10
95 0 7.5
97.5 0 7.5
97.5 2.5 7.5
95 2.5 7.5
95 0 10
97.5 0 10
97.5 2.5 10
95 2.5 10
97.5 0 7.5
100 0 7.5
100 2.5 7.5
97.5 2.5 7.5
97.5 0 10
100 0 10
100 2.5 10
97.5 2.5 10
0 2.5 7.5
2.5 2.5 7.5
2.5 5 7.5
0 5 7.5
0 2.5 10
2.5 2.5 10
2.5 5 10
0 5 10
2.5 2.5 7.5
5 2.5 7.5
5 5 7.5
2.5 5 7.5
2.5 2.5 10
5 2.5 10
5 5 10
2.5 5 10
5 2.5 7.5
7.5 2.5 7.5
7.5 5 7.5
5 5 7.5
5 2.5 10
7.5 2.5 10
7.5 5 10
5 5 10
7.5 2.5 7.5
10 2.5 7.5
10 5 7.5
7.5 5 7.5
7.5 2.5 10
10 2.5 10
10 5 10
7.5 5 10
10 2.5 7.5
12.5 2.5 7.5
12.5 5 7.5
10 5 7.5
10 2.5 10
12.5 2.5 10
12.5 5 10
10 5 10
12.5 2.5 7.5
15 2.5 7.5
15 5 7.5
12.5 5 7.5
12.5 2.5 10
15 2.5 10
15 5 10
12.5 5 10
15 2.5 7.5
17.5 2.5 7.5
17.5 5 7.5
15 5 7.5
15 2.5 10
17.5 2.5 10
17.5 5 10
15 5 10
17.5 2.5 7.5
20 2.5 7.5
20 5 7.5
17.5 5 7.5
17.5 2.5 10
20 2.5 10
20 5 10
17.5 5 10
20 2.5 7.5
22.5 2.5 7.5
22.5 5 7.5
20 5 7.5
20 2.5 10
22.5 2.5 10
22.5 5 10
20 5 10
22.5 2.5 7.5
25 2.5 7.5
25 5 7.5
22.5 5 7.5
22.5 2.5 10
25 2.5 10
25 5 10
22.5 5 10
25 2.5 7.5
27.5 2.5 7.5
27.5 5 7.5
25 5 7.5
25 2.5 10
27.5 2.5 10
27.5 5 10
25 5 10
27.5 2.5 7.5
30 2.5 7.5
30 5 7.5
27.5 5 7.5
27.5 2.5 10
30 2.5 10
30 5 10
27.5 5 10
30 2.5 7.5
32.5 2.5 7.5
32.5 5 7.5
30 5 7.5
30 2.5 10
32.5 2.5 10
32.5 5 10
30 5 10
32.5 2.5 7.5
35 2.5 7.5
35 5 7.5
32.5 5 7.5
32.5 2.5 10
35 2.5 10
35 5 10
32.5 5 10
35 2.5 7.5
37.5 2.5 7.5
37.5 5 7.5
35 5 7.5
35 2.5 10
37.5 2.5 10
37.5 5 10
35 5 10
37.5 2.5 7.5
40 2.5 7.5
40 5 7.5
37.5 5 7.5
37.5 2.5 10
40 2.5 10
40 5 10
37.5 5 10
40 2.5 7.5
42.5 2.5 7.5
42.5 5 7.5
40 5 7.5
40 2.5 10
42.5 2.5 10
42.5 5 10
40 5 10
42.5 2.5 7.5
45 2.5 7.5
45 5 7.5
42.5 5 7.5
42.5 2.5 10
45 2.5 10
45 5 10
42.5 5 10
45 2.5 7.5
47.5 2.5 7.5
47.5 5 7.5
45 5 7.5
45 2.5 10
47.5 2.5 10
47.5 5 10
45 5 10
47.5 2.5 7.5
50 2.5 7.5
50 5 7.5
47.5 5 7.5
47.5 2.5 10
50 2.5 10
50 5 10
47.5 5 10
50 2.5 7.5
52.5 2.5 7.5
52.5 5 7.5
50 5 7.5
50 2.5 10
52.5 2.5 10
52.5 5 10
50 5 10
52.5 2.5 7.5
55 2.5 7.5
55 5 7.5
52.5 5 7.5
52.5 2.5 10
55 2.5 10
55 5 10
52.5 5 10
55 2.5 7.5
57.5 2.5 7.5
57.5 5 7.5
55 5 7.5
55 2.5 10
57.5 2.5 10
57.5 5 10
55 5 10
57.5 2.5 7.5
60 2.5 7.5
60 5 7.5
57.5 5 7.5
57.5 2.5 10
60 2.5 10
60 5 10
57.5 5 10
60 2.5 7.5
62.5 2.5 7.5
62.5 5 7.5
60 5 7.5
60 2.5 10
62.5 2.5 10
62.5 5 10
60 5 10
62.5 2.5 7.5
65 2.5 7.5
65 5 7.5
62.5 5 7.5
62.5 2.5 10
65 2.5 10
65 5 10
62.5 5 10
65 2.5 7.5
67.5 2.5 7.5
67.5 5 7.5
65 5 7.5
65 2.5 10
67.5 2.5 10
67.5 5 10
65 5 10
67.5 2.5 7.5
70 2.5 7.5
70 5 7.5
67.5 5 7.5
67.5 2.5 10
70 2.5 10
70 5 10
67.5 5 10
70 2.5 7.5
72.5 2.5 7.5
72.5 5 7.5
70 5 7.5
70 2.5 10
72.5 2.5 10
72.5 5 10
70 5 10
72.5 2.5 7.5
75 2.5 7.5
75 5 7.5
72.5 5 7.5
72.5 2.5 10
75 2.5 10
75 5 10
72.5 5 10
75 2.5 7.5
77.5 2.5 7.5
77.5 5 7.5
75 5 7.5
75 2.5 10
77.5 2.5 10
77.5 5 10
75 5 10
77.5 2.5 7.5
80 2.5 7.5
80 5 7.5
77.5 5 7.5
77.5 2.5 10
80 2.5 10
80 5 10
77.5 5 10
80 2.5 7.5
82.5 2.5 7.5
82.5 5 7.5
80 5 7.5
80 2.5 10
82.5 2.5 10
82.5 5 10
80 5 10
82.5 2.5 7.5
85 2.5 7.5
85 5 7.5
82.5 5 7.5
82.5 2.5 10
85 2.5 10
85 5 10
82.5 5 10
85 2.5 7.5
87.5 2.5 7.5
87.5 5 7.5
85 5 7.5
85 2.5 10
87.5 2.5 10
87.5 5 10
85 5 10
87.5 2.5 7.5
90 2.5 7.5
90 5 7.5
87.5 5 7.5
87.5 2.5 10
90 2.5 10
90 5 10
87.5 5 10
90 2.5 7.5
92.5 2.5 7.5
92.5 5 7.5
90 5 7.5
90 2.5 10
92.5 2.5 10
92.5 5 10
90 5 10
92.5 2.5 7.5
95 2.5 7.5
95 5 7.5
92.5 5 7.5
92.5 2.5 10
95 2.5 10
95 5 10
92.5 5 10
95 2.5 7.5
97.5 2.5 7.5
97.5 5 7.5
95 5 7.5
95 2.5 10
97.5 2.5 10
97.5 5 10
95 5 10
97.5 2.5 7.5
100 2.5 7.5
100 5 7.5
97.5 5 7.5
97.5 2.5 10
100 2.5 10
100 5 10
97.5 5 10
0 5 7.5
2.5 5 7.5
2.5 7.5 7.5
0 7.5 7.5
0 5 10
2.5 5 10
2.5 7.5 10
0 7.5 10
2.5 5 7.5
5 5 7.5
5 7.5 7.5
2.5 7.5 7.5
2.5 5 10
5 5 10
5 7.5 10
2.5 7.5 10
5 5 7.5
7.5 5 7.5
7.5 7.5 7.5
5 7.5 7.5
5 5 10
7.5 5 10
7.5 7.5 10
5 7.5 10
7.5 5 7.5
10 5 7.5
10 7.5 7.5
7.5 7.5 7.5
7.5 5 10
10 5 10
10 7.5 10
7.5 7.5 10
10 5 7.5
12.5 5 7.5
12.5 7.5 7.5
10 7.5 7.5
10 5 10
12.5 5 10
12.5 7.5 10
10 7.5 10
12.5 5 7.5
15 5 7.5
15 7.5 7.5
12.5 7.5 7.5
12.5 5 10
15 5 10
15 7.5 10
12.5 7.5 10
15 5 7.5
17.5 5 7.5
17.5 7.5 7.5
15 7.5 7.5
15 5 10
17.5 5 10
17.5 7.5 10
15 7.5 10
17.5 5 7.5
20 5 7.5
20 7.5 7.5
17.5 7.5 7.5
17.5 5 10
20 5 10
20 7.5 10
17.5 7.5 10
20 5 7.5
22.5 5 7.5
22.5 7.5 7.5
20 7.5 7.5
20 5 10
22.5 5 10
22.5 7.5 10
20 7.5 10
22.5 5 7.5
25 5 7.5
25 7.5 7.5
22.5 7.5 7.5
22.5 5 10
25 5 10
25 7.5 10
22.5 7.5 10
25 5 7.5
27.5 5 7.5
27.5 7.5 7.5
25 7.5 7.5
25 5 10
27.5 5 10
27.5 7.5 10
25 7.5 10
27.5 5 7.5
30 5 7.5
30 7.5 7.5
27.5 7.5 7.5
27.5 5 10
30 5 10
30 7.5 10
27.5 7.5 10
30 5 7.5
32.5 5 7.5
32.5 7.5 7.5
30 7.5 7.5
30 5 10
32.5 5 10
32.5 7.5 10
30 7.5 10
32.5 5 7.5
35 5 7.5
35 7.5 7.5
32.5 7.5 7.5
32.5 5 10
35 5 10
35 7.5 10
32.5 7.5 10
35 5 7.5
37.5 5 7.5
37.5 7.5 7.5
35 7.5 7.5
35 5 10
37.5 5 10
37.5 7.5 10
35 7.5 10
37.5 5 7.5
40 5 7.5
40 7.5 7.5
37.5 7.5 7.5
37.5 5 10
40 5 10
40 7.5 10
37.5 7.5 10
40 5 7.5
42.5 5 7.5
42.5 7.5 7.5
40 7.5 7.5
40 5 10
42.5 5 10
42.5 7.5 10
40 7.5 10
42.5 5 7.5
45 5 7.5
45 7.5 7.5
42.5 7.5 7.5
42.5 5 10
45 5 10
45 7.5 10
42.5 7.5 10
45 5 7.5
47.5 5 7.5
47.5 7.5 7.5
45 7.5 7.5
45 5 10
47.5 5 10
47.5 7.5 10
45 7.5 10
47.5 5 7.5
50 5 7.5
50 7.5 7.5
47.5 7.5 7.5
47.5 5 10
50 5 10
50 7.5 10
47.5 7.5 10
50 5 7.5
52.5 5 7.5
52.5 7.5 7.5
50 7.5 7.5
50 5 10
52.5 5 10
52.5 7.5 10
50 7.5 10
52.5 5 7.5
55 5 7.5
55 7.5 7.5
52.5 7.5 7.5
52.5 5 10
55 5 10
55 7.5 10
52.5 7.5 10
55 5 7.5
57.5 5 7.5
57.5 7.5 7.5
55 7.5 7.5
55 5 10
57.5 5 10
57.5 7.5 10
55 7.5 10
57.5 5 7.5
60 5 7.5
60 7.5 7.5
57.5 7.5 7.5
57.5 5 10
60 5 10
60 7.5 10
57.5 7.5 10
60 5 7.5
62.5 5 7.5
62.5 7.5 7.5
60 7.5 7.5
60 5 10
62.5 5 10
62.5 7.5 10
60 7.5 10
62.5 5 7.5
65 5 7.5
65 7.5 7.5
62.5 7.5 7.5
62.5 5 10
65 5 10
65 7.5 10
62.5 7.5 10
65 5 7.5
67.5 5 7.5
67.5 7.5 7.5
65 7.5 7.5
65 5 10
67.5 5 10
67.5 7.5 10
65 7.5 10
67.5 5 7.5
70 5 7.5
70 7.5 7.5
67.5 7.5 7.5
67.5 5 10
70 5 10
70 7.5 10
67.5 7.5 10
70 5 7.5
72.5 5 7.5
72.5 7.5 7.5
70 7.5 7.5
70 5 10
72.5 5 10
72.5 7.5 10
70 7.5 10
72.5 5 7.5
75 5 7.5
75 7.5 7.5
72.5 7.5 7.5
72.5 5 10
75 5 10
75 7.5 10
72.5 7.5 10
75 5 7.5
77.5 5 7.5
77.5 7.5 7.5
75 7.5 7.5
75 5 10
77.5 5 10
77.5 7.5 10
75 7.5 10
77.5 5 7.5
80 5 7.5
80 7.5 7.5
77.5 7.5 7.5
77.5 5 10
80 5 10
80 7.5 10
77.5 7.5 10
80 5 7.5
82.5 5 7.5
82.5 7.5 7.5
80 7.5 7.5
80 5 10
82.5 5 10
82.5 7.5 10
80 7.5 10
82.5 5 7.5
85 5 7.5
85 7.5 7.5
82.5 7.5 7.5
82.5 5 10
85 5 10
85 7.5 10
82.5 7.5 10
85 5 7.5
87.5 5 7.5
87.5 7.5 7.5
85 7.5 7.5
85 5 10
87.5 5 10
87.5 7.5 10
85 7.5 10
87.5 5 7.5
90 5 7.5
90 7.5 7.5
87.5 7.5 7.5
87.5 5 10
90 5 10
90 7.5 10
87.5 7.5 10
90 5 7.5
92.5 5 7.5
92.5 7.5 7.5
90 7.5 7.5
90 5 10
92.5 5 10
92.5 7.5 10
90 7.5 10
92.5 5 7.5
95 5 7.5
95 7.5 7.5
92.5 7.5 7.5
92.5 5 10
95 5 10
95 7.5 10
92.5 7.5 10
95 5 7.5
97.5 5 7.5
97.5 7.5 7.5
95 7.5 7.5
95 5 10
97.5 5 10
97.5 7.5 10
95 7.5 10
97.5 5 7.5
100 5 7.5
100 7.5 7.5
97.5 7.5 7.5
97.5 5 10
100 5 10
100 7.5 10
97.5 7.5 10
0 7.5 7.5
2.5 7.5 7.5
2.5 10 7.5
0 10 7.5
0 7.5 10
2.5 7.5 10
2.5 10 10
0 10 10
2.5 7.5 7.5
5 7.5 7.5
5 10 7.5
2.5 10 7.5
2.5 7.5 10
5 7.5 10
5 10 10
2.5 10 10
5 7.5 7.5
7.5 7.5 7.5
7.5 10 7.5
5 10 7.5
5 7.5 10
7.5 7.5 10
7.5 10 10
5 10 10
7.5 7.5 7.5
10 7.5 7.5
10 10 7.5
7.5 10 7.5
7.5 7.5 10
10 7.5 10
10 10 10
7.5 10 10
10 7.5 7.5
12.5 7.5 7.5
12.5 10 7.5
10 10 7.5
10 7.5 10
12.5 7.5 10
12.5 10 10
10 10 10
12.5 7.5 7.5
15 7.5 7.5
15 10 7.5
12.5 10 7.5
12.5 7.5 10
15 7.5 10
15 10 10
12.5 10 10
15 7.5 7.5
17.5 7.5 7.5
17.5 10 7.5
15 10 7.5
15 7.5 10
17.5 7.5 10
17.5 10 10
15 10 10
17.5 7.5 7.5
20 7.5 7.5
20 10 7.5
17.5 10 7.5
17.5 7.5 10
20 7.5 10
20 10 10
17.5 10 10
20 7.5 7.5
22.5 7.5 7.5
22.5 10 7.5
20 10 7.5
20 7.5 10
22.5 7.5 10
22.5 10 10
20 10 10
22.5 7.5 7.5
25 7.5 7.5
25 10 7.5
22.5 10 7.5
22.5 7.5 10
25 7.5 10
25 10 10
22.5 10 10
25 7.5 7.5
27.5 7.5 7.5
27.5 10 7.5
25 10 7.5
25 7.5 10
27.5 7.5 10
27.5 10 10
25 10 10
27.5 7.5 7.5
30 7.5 7.5
30 10 7.5
27.5 10 7.5
27.5 7.5 10
30 7.5 10
30 10 10
27.5 10 10
30 7.5 7.5
32.5 7.5 7.5
32.5 10 7.5
30 10 7.5
30 7.5 10
32.5 7.5 10
32.5 10 10
30 10 10
32.5 7.5 7.5
35 7.5 7.5
35 10 7.5
32.5 10 7.5
32.5 7.5 10
35 7.5 10
35 10 10
32.5 10 10
35 7.5 7.5
37.5 7.5 7.5
37.5 10 7.5
35 10 7.5
35 7.5 10
37.5 7.5 10
37.5 10 10
35 10 10
37.5 7.5 7.5
40 7.5 7.5
40 10 7.5
37.5 10 7.5
37.5 7.5 10
40 7.5 10
40 10 10
37.5 10 10
40 7.5 7.5
42.5 7.5 7.5
42.5 10 7.5
40 10 7.5
40 7.5 10
42.5 7.5 10
42.5 10 10
40 10 10
42.5 7.5 7.5
45 7.5 7.5
45 10 7.5
42.5 10 7.5
42.5 7.5 10
45 7.5 10
45 10 10
42.5 10 10
45 7.5 7.5
47.5 7.5 7.5
47.5 10 7.5
45 10 7.5
45 7.5 10
47.5 7.5 10
47.5 10 10
45 10 10
47.5 7.5 7.5
50 7.5 7.5
50 10 7.5
47.5 10 7.5
47.5 7.5 10
50 7.5 10
50 10 10
47.5 10 10
50 7.5 7.5
52.5 7.5 7.5
52.5 10 7.5
50 10 7.5
50 7.5 10
52.5 7.5 10
52.5 10 10
50 10 10
52.5 7.5 7.5
55 7.5 7.5
55 10 7.5
52.5 10 7.5
52.5 7.5 10
55 7.5 10
55 10 10
52.5 10 10
55 7.5 7.5
57.5 7.5 7.5
57.5 10 7.5
55 10 7.5
55 7.5 10
57.5 7.5 10
57.5 10 10
55 10 10
57.5 7.5 7.5
60 7.5 7.5
60 10 7.5
57.5 10 7.5
57.5 7.5 10
60 7.5 10
60 10 10
57.5 10 10
60 7.5 7.5
62.5 7.5 7.5
62.5 10 7.5
60 10 7.5
60 7.5 10
62.5 7.5 10
62.5 10 10
60 10 10
62.5 7.5 7.5
65 7.5 7.5
65 10 7.5
62.5 10 7.5
62.5 7.5 10
65 7.5 10
65 10 10
62.5 10 10
65 7.5 7.5
67.5 7.5 7.5
67.5 10 7.5
65 10 7.5
65 7.5 10
67.5 7.5 10
67.5 10 10
65 10 10
67.5 7.5 7.5
70 7.5 7.5
70 10 7.5
67.5 10 7.5
67.5 7.5 10
70 7.5 10
70 10 10
67.5 10 10
70 7.5 7.5
72.5 7.5 7.5
72.5 10 7.5
70 10 7.5
70 7.5 10
72.5 7.5 10
72.5 10 10
70 10 10
72.5 7.5 7.5
75 7.5 7.5
75 10 7.5
72.5 10 7.5
72.5 7.5 10
75 7.5 10
75 10 10
72.5 10 10
75 7.5 7.5
77.5 7.5 7.5
77.5 10 7.5
75 10 7.5
75 7.5 10
77.5 7.5 10
77.5 10 10
75 10 10
77.5 7.5 7.5
80 7.5 7.5
80 10 7.5
77.5 10 7.5
77.5 7.5 10
80 7.5 10
80 10 10
77.5 10 10
80 7.5 7.5
82.5 7.5 7.5
82.5 10 7.5
80 10 7.5
80 7.5 10
82.5 7.5 10
82.5 10 10
80 10 10
82.5 7.5 7.5
85 7.5 7.5
85 10 7.5
82.5 10 7.5
82.5 7.5 10
85 7.5 10
85 10 10
82.5 10 10
85 7.5 7.5
87.5 7.5 7.5
87.5 10 7.5
85 10 7.5
85 7.5 10
87.5 7.5 10
87.5 10 10
85 10 10
87.5 7.5 7.5
90 7.5 7.5
90 10 7.5
87.5 10 7.5
87.5 7.5 10
90 7.5 10
90 10 10
87.5 10 10
90 7.5 7.5
92.5 7.5 7.5
92.5 10 7.5
90 10 7.5
90 7.5 10
92.5 7.5 10
92.5 10 10
90 10 10
92.5 7.5 7.5
95 7.5 7.5
95 10 7.5
92.5 10 7.5
92.5 7.5 10
95 7.5 10
95 10 10
92.5 10 10
95 7.5 7.5
97.5 7.5 7.5
97.5 10 7.5
95 10 7.5
95 7.5 10
97.5 7.5 10
97.5 10 10
95 10 10
97.5 7.5 7.5
100 7.5 7.5
100 10 7.5
97.5 10 7.5
97.5 7.5 10
100 7.5 10
100 10 10
97.5 10 10
0 13.5857864376 5
100 13.5857864376 5
0 12.1715728753 6.41421356237
100 12.1715728753 6.41421356237
0 10.7573593129 7.82842712475
100 10.7573593129 7.82842712475
0 9.34314575051 9.24264068712
100 9.34314575051 9.24264068712
0 7.92893218813 10.6568542495
100 7.92893218813 10.6568542495
0 6.51471862576 12.0710678119
100 6.51471862576 12.0710678119
0 5.10050506339 13.4852813742
100 5.10050506339 13.4852813742
1 12.8786796564 2.87867965644
1 2.87867965644 12.8786796564
3 12.8786796564 2.87867965644
3 2.87867965644 12.8786796564
5 12.8786796564 2.87867965644
5 2.87867965644 12.8786796564
7 12.8786796564 2.87867965644
7 2.87867965644 12.8786796564
9 12.8786796564 2.87867965644
9 2.87867965644 12.8786796564
11 12.8786796564 2.87867965644
11 2.87867965644 12.8786796564
13 12.8786796564 2.87867965644
13 2.87867965644 12.8786796564
15 12.8786796564 2.87867965644
15 2.87867965644 12.8786796564
17 12.8786796564 2.87867965644
17 2.87867965644 12.8786796564
19 12.8786796564 2.87867965644
19 2.87867965644 12.8786796564
21 12.8786796564 2.87867965644
21 2.87867965644 12.8786796564
23 12.8786796564 2.87867965644
23 2.87867965644 12.8786796564
25 12.8786796564 2.87867965644
25 2.87867965644 12.8786796564
27 12.8786796564 2.87867965644
27 2.87867965644 12.8786796564
29 12.8786796564 2.87867965644
29 2.87867965644 12.8786796564
31 12.8786796564 2.87867965644
31 2.87867965644 12.8786796564
33 12.8786796564 2.87867965644
33 2.87867965644 12.8786796564
35 12.8786796564 2.87867965644
35 2.87867965644 12.8786796564
37 12.8786796564 2.87867965644
37 2.87867965644 12.8786796564
39 12.8786796564 2.87867965644
39 2.87867965644 12.8786796564
41 12.8786796564 2.87867965644
41 2.87867965644 12.8786796564
43 12.8786796564 2.87867965644
43 2.87867965644 12.8786796564
45 12.8786796564 2.87867965644
45 2.87867965644 12.8786796564
47 12.8786796564 2.87867965644
47 2.87867965644 12.8786796564
49 12.8786796564 2.87867965644
49 2.87867965644 12.8786796564
51 12.8786796564 2.87867965644
51 2.87867965644 12.8786796564
53 12.8786796564 2.87867965644
53 2.87867965644 12.8786796564
55 12.8786796564 2.87867965644
55 2.87867965644 12.8786796564
57 12.8786796564 2.87867965644
57 2.87867965644 12.8786796564
59 12.8786796564 2.87867965644
59 2.87867965644 12.8786796564
61 12.8786796564 2.87867965644
61 2.87867965644 12.8786796564
63 12.8786796564 2.87867965644
63 2.87867965644 12.8786796564
65 12.8786796564 2.87867965644
65 2.87867965644 12.8786796564
67 12.8786796564 2.87867965644
67 2.87867965644 12.8786796564
69 12.8786796564 2.87867965644
69 2.87867965644 12.8786796564
71 12.8786796564 2.87867965644
71 2.87867965644 12.8786796564
73 12.8786796564 2.87867965644
73 2.87867965644 12.8786796564
75 12.8786796564 2.87867965644
75 2.87867965644 12.8786796564
77 12.8786796564 2.87867965644
77 2.87867965644 12.8786796564
79 12.8786796564 2.87867965644
79 2.87867965644 12.8786796564
81 12.8786796564 2.87867965644
81 2.87867965644 12.8786796564
83 12.8786796564 2.87867965644
83 2.87867965644 12.8786796564
85 12.8786796564 2.87867965644
85 2.87867965644 12.8786796564
87 12.8786796564 2.87867965644
87 2.87867965644 12.8786796564
89 12.8786796564 2.87867965644
89 2.87867965644 12.8786796564
91 12.8786796564 2.87867965644
91 2.87867965644 12.8786796564
93 12.8786796564 2.87867965644
93 2.87867965644 12.8786796564
95 12.8786796564 2.87867965644
95 2.87867965644 12.8786796564
97 12.8786796564 2.87867965644
97 2.87867965644 12.8786796564
99 12.8786796564 2.87867965644
99 2.87867965644 12.8786796564
0 10.7573593129 2.17157287525
100 10.7573593129 2.17157287525
0 9.34314575051 3.58578643763
100 9.34314575051 3.58578643763
0 7.92893218813 5
100 7.92893218813 5
0 6.51471862576 6.41421356237
100 6.51471862576 6.41421356237
0 5.10050506339 7.82842712475
100 5.10050506339 7.82842712475
0 3.68629150102 9.24264068712
100 3.68629150102 9.24264068712
0 2.27207793864 10.6568542495
100 2.27207793864 10.6568542495
1 10.0502525317 0.0502525316942
1 0.0502525316942 10.0502525317
3 10.0502525317 0.0502525316942
3 0.0502525316942 10.0502525317
5 10.0502525317 0.0502525316942
5 0.0502525316942 10.0502525317
7 10.0502525317 0.0502525316942
7 0.0502525316942 10.0502525317
9 10.0502525317 0.0502525316942
9 0.0502525316942 10.0502525317
11 10.0502525317 0.0502525316942
11 0.0502525316942 10.0502525317
13 10.0502525317 0.0502525316942
13 0.0502525316942 10.0502525317
15 10.0502525317 0.0502525316942
15 0.0502525316942 10.0502525317
17 10.0502525317 0.0502525316942
17 0.0502525316942 10.0502525317
19 10.0502525317 0.0502525316942
19 0.0502525316942 10.0502525317
21 10.0502525317 0.0502525316942
21 0.0502525316942 10.0502525317
23 10.0502525317 0.0502525316942
23 0.0502525316942 10.0502525317
25 10.0502525317 0.0502525316942
25 0.0502525316942 10.0502525317
27 10.0502525317 0.0502525316942
27 0.0502525316942 10.0502525317
29 10.0502525317 0.0502525316942
29 0.0502525316942 10.0502525317
31 10.0502525317 0.0502525316942
31 0.0502525316942 10.0502525317
33 10.0502525317 0.0502525316942
33 0.0502525316942 10.0502525317
35 10.0502525317 0.0502525316942
35 0.0502525316942 10.0502525317
37 10.0502525317 0.0502525316942
37 0.0502525316942 10.0502525317
39 10.0502525317 0.0502525316942
39 0.0502525316942 10.0502525317
41 10.0502525317 0.0502525316942
41 0.0502525316942 10.0502525317
43 10.0502525317 0.0502525316942
43 0.0502525316942 10.0502525317
45 10.0502525317 0.0502525316942
45 0.0502525316942 10.0502525317
47 10.0502525317 0.0502525316942
47 0.0502525316942 10.0502525317
49 10.0502525317 0.0502525316942
49 0.0502525316942 10.0502525317
51 10.0502525317 0.0502525316942
51 0.0502525316942 10.0502525317
53 10.0502525317 0.0502525316942
53 0.0502525316942 10.0502525317
55 10.0502525317 0.0502525316942
55 0.0502525316942 10.0502525317
57 10.0502525317 0.0502525316942
57 0.0502525316942 10.0502525317
59 10.0502525317 0.0502525316942
59 0.0502525316942 10.0502525317
61 10.0502525317 0.0502525316942
61 0.0502525316942 10.0502525317
63 10.0502525317 0.0502525316942
63 0.0502525316942 10.0502525317
65 10.0502525317 0.0502525316942
65 0.0502525316942 10.0502525317
67 10.0502525317 0.0502525316942
67 0.0502525316942 10.0502525317
69 10.0502525317 0.0502525316942
69 0.0502525316942 10.0502525317
71 10.0502525317 0.0502525316942
71 0.0502525316942 10.0502525317
73 10.0502525317 0.0502525316942
73 0.0502525316942 10.0502525317
75 10.0502525317 0.0502525316942
75 0.0502525316942 10.0502525317
77 10.0502525317 0.0502525316942
77 0.0502525316942 10.0502525317
79 10.0502525317 0.0502525316942
79 0.0502525316942 10.0502525317
81 10.0502525317 0.0502525316942
81 0.0502525316942 10.0502525317
83 10.0502525317 0.0502525316942
83 0.0502525316942 10.0502525317
85 10.0502525317 0.0502525316942
85 0.0502525316942 10.0502525317
87 10.0502525317 0.0502525316942
87 0.0502525316942 10.0502525317
89 10.0502525317 0.0502525316942
89 0.0502525316942 10.0502525317
91 10.0502525317 0.0502525316942
91 0.0502525316942 10.0502525317
93 10.0502525317 0.0502525316942
93 0.0502525316942 10.0502525317
95 10.0502525317 0.0502525316942
95 0.0502525316942 10.0502525317
97 10.0502525317 0.0502525316942
97 0.0502525316942 10.0502525317
99 10.0502525317 0.0502525316942
99 0.0502525316942 10.0502525317
0 7.92893218813 -0.656854249492
100 7.92893218813 -0.656854249492
0 6.51471862576 0.757359312881
100 6.51471862576 0.757359312881
0 5.10050506339 2.17157287525
100 5.10050506339 2.17157287525
0 3.68629150102 3.58578643763
100 3.68629150102 3.58578643763
0 2.27207793864 5
100 2.27207793864 5
0 0.857864376269 6.41421356237
100 0.857864376269 6.41421356237
0 -0.556349186104 7.82842712475
100 -0.556349186104 7.82842712475
1 7.22182540695 -2.77817459305
1 -2.77817459305 7.22182540695
3 7.22182540695 -2.77817459305
3 -2.77817459305 7.22182540695
5 7.22182540695 -2.77817459305
5 -2.77817459305 7.22182540695
7 7.22182540695 -2.77817459305
7 -2.77817459305 7.22182540695
9 7.22182540695 -2.77817459305
9 -2.77817459305 7.22182540695
11 7.22182540695 -2.77817459305
11 -2.77817459305 7.22182540695
13 7.22182540695 -2.77817459305
13 -2.77817459305 7.22182540695
15 7.22182540695 -2.77817459305
15 -2.77817459305 7.22182540695
17 7.22182540695 -2.77817459305
17 -2.77817459305 7.22182540695
19 7.22182540695 -2.77817459305
19 -2.77817459305 7.22182540695
21 7.22182540695 -2.77817459305
21 -2.77817459305 7.22182540695
23 7.22182540695 -2.77817459305
23 -2.77817459305 7.22182540695
25 7.22182540695 -2.77817459305
25 -2.77817459305 7.22182540695
27 7.22182540695 -2.77817459305
27 -2.77817459305 7.22182540695
29 7.22182540695 -2.77817459305
29 -2.77817459305 7.22182540695
31 7.22182540695 -2.77817459305
31 -2.77817459305 7.22182540695
33 7.22182540695 -2.77817459305
33 -2.77817459305 7.22182540695
35 7.22182540695 -2.77817459305
35 -2.77817459305 7.22182540695
37 7.22182540695 -2.77817459305
37 -2.77817459305 7.22182540695
39 7.22182540695 -2.77817459305
39 -2.77817459305 7.22182540695
41 7.22182540695 -2.77817459305
41 -2.77817459305 7.22182540695
43 7.22182540695 -2.77817459305
43 -2.77817459305 7.22182540695
45 7.22182540695 -2.77817459305
45 -2.77817459305 7.22182540695
47 7.22182540695 -2.77817459305
47 -2.77817459305 7.22182540695
49 7.22182540695 -2.77817459305
49 -2.77817459305 7.22182540695
51 7.22182540695 -2.77817459305
51 -2.77817459305 7.22182540695
53 7.22182540695 -2.77817459305
53 -2.77817459305 7.22182540695
55 7.22182540695 -2.77817459305
55 -2.77817459305 7.22182540695
57 7.22182540695 -2.77817459305
57 -2.77817459305 7.22182540695
59 7.22182540695 -2.77817459305
59 -2.77817459305 7.22182540695
61 7.22182540695 -2.77817459305
61 -2.77817459305 7.22182540695
63 7.22182540695 -2.77817459305
63 -2.77817459305 7.22182540695
65 7.22182540695 -2.77817459305
65 -2.77817459305 7.22182540695
67 7.22182540695 -2.77817459305
67 -2.77817459305 7.22182540695
69 7.22182540695 -2.77817459305
69 -2.77817459305 7.22182540695
71 7.22182540695 -2.77817459305
71 -2.77817459305 7.22182540695
73 7.22182540695 -2.77817459305
73 -2.77817459305 7.22182540695
75 7.22182540695 -2.77817459305
75 -2.77817459305 7.22182540695
77 7.22182540695 -2.77817459305
77 -2.77817459305 7.22182540695
79 7.22182540695 -2.77817459305
79 -2.77817459305 7.22182540695
81 7.22182540695 -2.77817459305
81 -2.77817459305 7.22182540695
83 7.22182540695 -2.77817459305
83 -2.77817459305 7.22182540695
85 7.22182540695 -2.77817459305
85 -2.77817459305 7.22182540695
87 7.22182540695 -2.77817459305
87 -2.77817459305 7.22182540695
89 7.22182540695 -2.77817459305
89 -2.77817459305 7.22182540695
91 7.22182540695 -2.77817459305
91 -2.77817459305 7.22182540695
93 7.22182540695 -2.77817459305
93 -2.77817459305 7.22182540695
95 7.22182540695 -2.77817459305
95 -2.77817459305 7.22182540695
97 7.22182540695 -2.77817459305
97 -2.77817459305 7.22182540695
99 7.22182540695 -2.77817459305
99 -2.77817459305 7.22182540695
0 5.10050506339 -3.48528137424
100 5.10050506339 -3.48528137424
0 3.68629150102 -2.07106781187
100 3.68629150102 -2.07106781187
0 2.27207793864 -0.656854249492
100 2.27207793864 -0.656854249492
0 0.857864376269 0.757359312881
100 0.857864376269 0.757359312881
0 -0.556349186104 2.17157287525
100 -0.556349186104 2.17157287525
0 -1.97056274848 3.58578643763
100 -1.97056274848 3.58578643763
0 -3.38477631085 5
100 -3.38477631085 5
LINES 7858 23574
2 0 1
2 1 2
2 2 3
2 3 0
2 4 5
2 5 6
2 6 7
2 7 4
2 0 4
2 1 5
2 2 6
2 3 7
2 8 9
2 9 10
2 10 11
2 11 8
2 12 13
2 13 14
2 14 15
2 15 12
2 8 12
2 9 13
2 10 14
2 11 15
2 16 17
2 17 18
2 18 19
2 19 16
2 20 21
2 21 22
2 22 23
2 23 20
2 16 20
2 17 21
2 18 22
2 19 23
2 24 25
2 25 26
2 26 27
2 27 24
2 28 29
2 29 30
2 30 31
2 31 28
2 24 28
2 25 29
2 26 30
2 27 31
2 32 33
2 33 34
2 34 35
2 35 32
2 36 37
2 37 38
2 38 39
2 39 36
2 32 36
2 33 37
2 34 38
2 35 39
2 40 41
2 41 42
2 42 43
2 43 40
2 44 45
2 45 46
2 46 47
2 47 44
2 40 44
2 41 45
2 42 46
2 43 47
2 48 49
2 49 50
2 50 51
2 51 48
2 52 53
2 53 54
2 54 55
2 55 52
2 48 52
2 49 53
2 50 54
2 51 55
2 56 57
2 57 58
2 58 59
2 59 56
2 60 61
2 61 62
2 62 63
2 63 60
2 56 60
2 57 61
2 58 62
2 59 63
2 64 65
2 65 66
2 66 67
2 67 64
2 68 69
2 69 70
2 70 71
2 71 68
2 64 68
2 65 69
2 66 70
2 67 71
2 72 73
2 73 74
2 74 75
2 75 72
2 76 77
2 77 78
2 78 79
2 79 76
2 72 76
2 73 77
2 74 78
2 75 79
2 80 81
2 81 82
2 82 83
2 83 80
2 84 85
2 85 86
2 86 87
2 87 84
2 80 84
2 81 85
2 82 86
2 83 87
2 88 89
2 89 90
2 90 91
2 91 88
2 92 93
2 93 94
2 94 95
2 95 92
2 88 92
2 89 93
2 90 94
2 91 95
2 96 97
2 97 98
2 98 99
2 99 96
2 100 101
2 101 102
2 102 103
2 103 100
2 96 100
2 97 101
2 98 102
2 99 103
2 104 105
2 105 106
2 106 107
2 107 104
2 108 109
2 109 110
2 110 111
2 111 108
2 104 108
2 105 109
2 106 110
2 107 111
2 112 113
2 113 114
2 114 115
2 115 112
2 116 117
2 117 118
2 118 119
2 119 116
2 112 116
2 113 117
2 114 118
2 115 119
2 120 121
2 121 122
2 122 123
2 123 120
2 124 125
2 125 126
2 126 127
2 127 124
2 120 124
2 121 125
2 122 126
2 123 127
2 128 129
2 129 130
2 130 131
2 131 128
2 132 133
2 133 134
2 134 135
2 135 132
2 128 132
2 129 133
2 130 134
2 131 135
2 136 137
2 137 138
2 138 139
2 139 136
2 140 141
2 141 142
2 142 143
2 143 140
2 136 140
2 137 141
2 138 142
2 139 143
2 144 145
2 145 146
2 146 147
2 147 144
2 148 149
2 149 150
2 150 151
2 151 148
2 144 148
2 145 149
2 146 150
2 147 151
2 152 153
2 153 154
2 154 155
2 155 152
2 156 157
2 157 158
2 158 159
2 159 156
2 152 156
2 153 157
2 154 158
2 155 159
2 160 161
2 161 162
2 162 163
2 163 160
2 164 165
2 165 166
2 166 167
2 167 164
2 160 164
2 161 165
2 162 166
2 163 167
2 168 169
2 169 170
2 170 171
2 171 168
2 172 173
2 173 174
2 174 175
2 175 172
2 168 172
2 169 173
2 170 174
2 171 175
2 176 177
2 177 178
2 178 179
2 179 176
2 180 181
2 181 182
2 182 183
2 183 180
2 176 180
2 177 181
2 178 182
2 179 183
2 184 185
2 185 186
2 186 187
2 187 184
2 188 189
2 189 190
2 190 191
2 191 188
2 184 188
2 185 189
2 186 190
2 187 191
2 192 193
2 193 194
2 194 195
2 195 192
2 196 197
2 197 198
2 198 199
2 199 196
2 192 196
2 193 197
2 194 198
2 195 199
2 200 201
2 201 202
2 202 203
2 203 200
2 204 205
2 205 206
2 206 207
2 207 204
2 200 204
2 201 205
2 202 206
2 203 207
2 208 209
2 209 210
2 210 211
2 211 208
2 212 213
2 213 214
2 214 215
2 215 212
2 208 212
2 209 213
2 210 214
2 211 215
2 216 217
2 217 218
2 218 219
2 219 216
2 220 221
2 221 222
2 222 223
2 223 220
2 216 220
2 217 221
2 218 222
2 219 223
2 224 225
2 225 226
2 226 227
2 227 224
2 228 229
2 229 230
2 230 231
2 231 228
2 224 228
2 225 229
2 226 230
2 227 231
2 232 233
2 233 234
2 234 235
2 235 232
2 236 237
2 237 238
2 238 239
2 239 236
2 232 236
2 233 237
2 234 238
2 235 239
2 240 241
2 241 242
2 242 243
2 243 240
2 244 245
2 245 246
2 246 247
2 247 244
2 240 244
2 241 245
2 242 246
2 243 247
2 248 249
2 249 250
2 250 251
2 251 248
2 252 253
2 253 254
2 254 255
2 255 252
2 248 252
2 249 253
2 250 254
2 251 255
2 256 257
2 257 258
2 258 259
2 259 256
2 260 261
2 261 262
2 262 263
2 263 260
2 256 260
2 257 261
2 258 262
2 259 263
2 264 265
2 265 266
2 266 267
2 267 264
2 268 269
2 269 270
2 270 271
2 271 268
2 264 268
2 265 269
2 266 270
2 267 271
2 272 273
2 273 274
2 274 275
2 275 272
2 276 277
2 277 278
2 278 279
2 279 276
2 272 276
2 273 277
2 274 278
2 275 279
2 280 281
2 281 282
2 282 283
2 283 280
2 284 285
2 285 286
2 286 287
2 287 284
2 280 284
2 281 285
2 282 286
2 283 287
2 288 289
2 289 290
2 290 291
2 291 288
2 292 293
2 293 294
2 294 295
2 295 292
2 288 292
2 289 293
2 290 294
2 291 295
2 296 297
2 297 298
2 298 299
2 299 296
2 300 301
2 301 302
2 302 303
2 303 300
2 296 300
2 297 301
2 298 302
2 299 303
2 304 305
2 305 306
2 306 307
2 307 304
2 308 309
2 309 310
2 310 311
2 311 308
2 304 308
2 305 309
2 306 310
2 307 311
2 312 313
2 313 314
2 314 315
2 315 312
2 316 317
2 317 318
2 318 319
2 319 316
2 312 316
2 313 317
2 314 318
2 315 319
2 320 321
2 321 322
2 322 323
2 323 320
2 324 325
2 325 326
2 326 327
2 327 324
2 320 324
2 321 325
2 322 326
2 323 327
2 328 329
2 329 330
2 330 331
2 331 328
2 332 333
2 333 334
2 334 335
2 335 332
2 328 332
2 329 333
2 330 334
2 331 335
2 336 337
2 337 338
2 338 339
2 339 336
2 340 341
2 341 342
2 342 343
2 343 340
2 336 340
2 337 341
2 338 342
2 339 343
2 344 345
2 345 346
2 346 347
2 347 344
2 348 349
2 349 350
2 350 351
2 351 348
2 344 348
2 345 349
2 346 350
2 347 351
2 352 353
2 353 354
2 354 355
2 355 352
2 356 357
2 357 358
2 358 359
2 359 356
2 352 356
2 353 357
2 354 358
2 355 359
2 360 361
2 361 362
2 362 363
2 363 360
2 364 365
2 365 366
2 366 367
2 367 364
2 360 364
2 361 365
2 362 366
2 363 367
2 368 369
2 369 370
2 370 371
2 371 368
2 372 373
2 373 374
2 374 375
2 375 372
2 368 372
2 369 373
2 370 374
2 371 375
2 376 377
2 377 378
2 378 379
2 379 376
2 380 381
2 381 382
2 382 383
2 383 380
2 376 380
2 377 381
2 378 382
2 379 383
2 384 385
2 385 386
2 386 387
2 387 384
2 388 389
2 389 390
2 390 391
2 391 388
2 384 388
2 385 389
2 386 390
2 387 391
2 392 393
2 393 394
2 394 395
2 395 392
2 396 397
2 397 398
2 398 399
2 399 396
2 392 396
2 393 397
2 394 398
2 395 399
2 400 401
2 401 402
2 402 403
2 403 400
2 404 405
2 405 406
2 406 407
2 407 404
2 400 404
2 401 405
2 402 406
2 403 407
2 408 409
2 409 410
2 410 411
2 411 408
2 412 413
2 413 414
2 414 415
2 415 412
2 408 412
2 409 413
2 410 414
2 411 415
2 416 417
2 417 418
2 418 419
2 419 416
2 420 421
2 421 422
2 422 423
2 423 420
2 416 420
2 417 421
2 418 422
2 419 423
2 424 425
2 425 426
2 426 427
2 427 424
2 428 429
2 429 430
2 430 431
2 431 428
2 424 428
2 425 429
2 426 430
2 427 431
2 432 433
2 433 434
2 434 435
2 435 432
2 436 437
2 437 438
2 438 439
2 439 436
2 432 436
2 433 437
2 434 438
2 435 439
2 440 441
2 441 442
2 442 443
2 443 440
2 444 445
2 445 446
2 446 447
2 447 444
2 440 444
2 441 445
2 442 446
2 443 447
2 448 449
2 449 450
2 450 451
2 451 448
2 452 453
2 453 454
2 454 455
2 455 452
2 448 452
2 449 453
2 450 454
2 451 455
2 456 457
2 457 458
2 458 459
2 459 456
2 460 461
2 461 462
2 462 463
2 463 460
2 456 460
2 457 461
2 458 462
2 459 463
2 464 465
2 465 466
2 466 467
2 467 464
2 468 469
2 469 470
2 470 471
2 471 468
2 464 468
2 465 469
2 466 470
2 467 471
2 472 473
2 473 474
2 474 475
2 475 472
2 476 477
2 477 478
2 478 479
2 479 476
2 472 476
2 473 477
2 474 478
2 475 479
2 480 481
2 481 482
2 482 483
2 483 480
2 484 485
2 485 486
2 486 487
2 487 484
2 480 484
2 481 485
2 482 486
2 483 487
2 488 489
2 489 490
2 490 491
2 491 488
2 492 493
2 493 494
2 494 495
2 495 492
2 488 492
2 489 493
2 490 494
2 491 495
2 496 497
2 497 498
2 498 499
2 499 496
2 500 501
2 501 502
2 502 503
2 503 500
2 496 500
2 497 501
2 498 502
2 499 503
2 504 505
2 505 506
2 506 507
2 507 504
2 508 509
2 509 510
2 510 511
2 511 508
2 504 508
2 505 509
2 506 510
2 507 511
2 512 513
2 513 514
2 514 515
2 515 512
2 516 517
2 517 518
2 518 519
2 519 516
2 512 516
2 513 517
2 514 518
2 515 519
2 520 521
2 521 522
2 522 523
2 523 520
2 524 525
2 525 526
2 526 527
2 527 524
2 520 524
2 521 525
2 522 526
2 523 527
2 528 529
2 529 530
2 530 531
2 531 528
2 532 533
2 533 534
2 534 535
2 535 532
2 528 532
2 529 533
2 530 534
2 531 535
2 536 537
2 537 538
2 538 539
2 539 536
2 540 541
2 541 542
2 542 543
2 543 540
2 536 540
2 537 541
2 538 542
2 539 543
2 544 545
2 545 546
2 546 547
2 547 544
2 548 549
2 549 550
2 550 551
2 551 548
2 544 548
2 545 549
2 546 550
2 547 551
2 552 553
2 553 554
2 554 555
2 555 552
2 556 557
2 557 558
2 558 559
2 559 556
2 552 556
2 553 557
2 554 558
2 555 559
2 560 561
2 561 562
2 562 563
2 563 560
2 564 565
2 565 566
2 566 567
2 567 564
2 560 564
2 561 565
2 562 566
2 563 567
2 568 569
2 569 570
2 570 571
2 571 568
2 572 573
2 573 574
2 574 575
2 575 572
2 568 572
2 569 573
2 570 574
2 571 575
2 576 577
2 577 578
2 578 579
2 579 576
2 580 581
2 581 582
2 582 583
2 583 580
2 576 580
2 577 581
2 578 582
2 579 583
2 584 585
2 585 586
2 586 587
2 587 584
2 588 589
2 589 590
2 590 591
2 591 588
2 584 588
2 585 589
2 586 590
2 587 591
2 592 593
2 593 594
2 594 595
2 595 592
2 596 597
2 597 598
2 598 599
2 599 596
2 592 596
2 593 597
2 594 598
2 595 599
2 600 601
2 601 602
2 602 603
2 603 600
2 604 605
2 605 606
2 606 607
2 607 604
2 600 604
2 601 605
2 602 606
2 603 607
2 608 609
2 609 610
2 610 611
2 611 608
2 612 613
2 613 614
2 614 615
2 615 612
2 608 612
2 609 613
2 610 614
2 611 615
2 616 617
2 617 618
2 618 619
2 619 616
2 620 621
2 621 622
2 622 623
2 623 620
2 616 620
2 617 621
2 618 622
2 619 623
2 624 625
2 625 626
2 626 627
2 627 624
2 628 629
2 629 630
2 630 631
2 631 628
2 624 628
2 625 629
2 626 630
2 627 631
2 632 633
2 633 634
2 634 635
2 635 632
2 636 637
2 637 638
2 638 639
2 639 636
2 632 636
2 633 637
2 634 638
2 635 639
2 640 641
2 641 642
2 642 643
2 643 640
2 644 645
2 645 646
2 646 647
2 647 644
2 640 644
2 641 645
2 642 646
2 643 647
2 648 649
2 649 650
2 650 651
2 651 648
2 652 653
2 653 654
2 654 655
2 655 652
2 648 652
2 649 653
2 650 654
2 651 655
2 656 657
2 657 658
2 658 659
2 659 656
2 660 661
2 661 662
2 662 663
2 663 660
2 656 660
2 657 661
2 658 662
2 659 663
2 664 665
2 665 666
2 666 667
2 667 664
2 668 669
2 669 670
2 670 671
2 671 668
2 664 668
2 665 669
2 666 670
2 667 671
2 672 673
2 673 674
2 674 675
2 675 672
2 676 677
2 677 678
2 678 679
2 679 676
2 672 676
2 673 677
2 674 678
2 675 679
2 680 681
2 681 682
2 682 683
2 683 680
2 684 685
2 685 686
2 686 687
2 687 684
2 680 684
2 681 685
2 682 686
2 683 687
2 688 689
2 689 690
2 690 691
2 691 688
2 692 693
2 693 694
2 694 695
2 695 692
2 688 692
2 689 693
2 690 694
2 691 695
2 696 697
2 697 698
2 698 699
2 699 696
2 700 701
2 701 702
2 702 703
2 703 700
2 696 700
2 697 701
2 698 702
2 699 703
2 704 705
2 705 706
2 706 707
2 707 704
2 708 709
2 709 710
2 710 711
2 711 708
2 704 708
2 705 709
2 706 710
2 707 711
2 712 713
2 713 714
2 714 715
2 715 712
2 716 717
2 717 718
2 718 719
2 719 716
2 712 716
2 713 717
2 714 718
2 715 719
2 720 721
2 721 722
2 722 723
2 723 720
2 724 725
2 725 726
2 726 727
2 727 724
2 720 724
2 721 725
2 722 726
2 723 727
2 728 729
2 729 730
2 730 731
2 731 728
2 732 733
2 733 734
2 734 735
2 735 732
2 728 732
2 729 733
2 730 734
2 731 735
2 736 737
2 737 738
2 738 739
2 739 736
2 740 741
2 741 742
2 742 743
2 743 740
2 736 740
2 737 741
2 738 742
2 739 743
2 744 745
2 745 746
2 746 747
2 747 744
2 748 749
2 749 750
2 750 751
2 751 748
2 744 748
2 745 749
2 746 750
2 747 751
2 752 753
2 753 754
2 754 755
2 755 752
2 756 757
2 757 758
2 758 759
2 759 756
2 752 756
2 753 757
2 754 758
2 755 759
2 760 761
2 761 762
2 762 763
2 763 760
2 764 765
2 765 766
2 766 767
2 767 764
2 760 764
2 761 765
2 762 766
2 763 767
2 768 769
2 769 770
2 770 771
2 771 768
2 772 773
2 773 774
2 774 775
2 775 772
2 768 772
2 769 773
2 770 774
2 771 775
2 776 777
2 777 778
2 778 779
2 779 776
2 780 781
2 781 782
2 782 783
2 783 780
2 776 780
2 777 781
2 778 782
2 779 783
2 784 785
2 785 786
2 786 787
2 787 784
2 788 789
2 789 790
2 790 791
2 791 788
2 784 788
2 785 789
2 786 790
2 787 791
2 792 793
2 793 794
2 794 795
2 795 792
2 796 797
2 797 798
2 798 799
2 799 796
2 792 796
2 793 797
2 794 798
2 795 799
2 800 801
2 801 802
2 802 803
2 803 800
2 804 805
2 805 806
2 806 807
2 807 804
2 800 804
2 801 805
2 802 806
2 803 807
2 808 809
2 809 810
2 810 811
2 811 808
2 812 813
2 813 814
2 814 815
2 815 812
2 808 812
2 809 813
2 810 814
2 811 815
2 816 817
2 817 818
2 818 819
2 819 816
2 820 821
2 821 822
2 822 823
2 823 820
2 816 820
2 817 821
2 818 822
2 819 823
2 824 825
2 825 826
2 826 827
2 827 824
2 828 829
2 829 830
2 830 831
2 831 828
2 824 828
2 825 829
2 826 830
2 827 831
2 832 833
2 833 834
2 834 835
2 835 832
2 836 837
2 837 838
2 838 839
2 839 836
2 832 836
2 833 837
2 834 838
2 835 839
2 840 841
2 841 842
2 842 843
2 843 840
2 844 845
2 845 846
2 846 847
2 847 844
2 840 844
2 841 845
2 842 846
2 843 847
2 848 849
2 849 850
2 850 851
2 851 848
2 852 853
2 853 854
2 854 855
2 855 852
2 848 852
2 849 853
2 850 854
2 851 855
2 856 857
2 857 858
2 858 859
2 859 856
2 860 861
2 861 862
2 862 863
2 863 860
2 856 860
2 857 861
2 858 862
2 859 863
2 864 865
2 865 866
2 866 867
2 867 864
2 868 869
2 869 870
2 870 871
2 871 868
2 864 868
2 865 869
2 866 870
2 867 871
2 872 873
2 873 874
2 874 875
2 875 872
2 876 877
2 877 878
2 878 879
2 879 876
2 872 876
2 873 877
2 874 878
2 875 879
2 880 881
2 881 882
2 882 883
2 883 880
2 884 885
2 885 886
2 886 887
2 887 884
2 880 884
2 881 885
2 882 886
2 883 887
2 888 889
2 889 890
2 890 891
2 891 888
2 892 893
2 893 894
2 894 895
2 895 892
2 888 892
2 889 893
2 890 894
2 891 895
2 896 897
2 897 898
2 898 899
2 899 896
2 900 901
2 901 902
2 902 903
2 903 900
2 896 900
2 897 901
2 898 902
2 899 903
2 904 905
2 905 906
2 906 907
2 907 904
2 908 909
2 909 910
2 910 911
2 911 908
2 904 908
2 905 909
2 906 910
2 907 911
2 912 913
2 913 914
2 914 915
2 915 912
2 916 917
2 917 918
2 918 919
2 919 916
2 912 916
2 913 917
2 914 918
2 915 919
2 920 921
2 921 922
2 922 923
2 923 920
2 924 925
2 925 926
2 926 927
2 927 924
2 920 924
2 921 925
2 922 926
2 923 927
2 928 929
2 929 930
2 930 931
2 931 928
2 932 933
2 933 934
2 934 935
2 935 932
2 928 932
2 929 933
2 930 934
2 931 935
2 936 937
2 937 938
2 938 939
2 939 936
2 940 941
2 941 942
2 942 943
2 943 940
2 936 940
2 937 941
2 938 942
2 939 943
2 944 945
2 945 946
2 946 947
2 947 944
2 948 949
2 949 950
2 950 951
2 951 948
2 944 948
2 945 949
2 946 950
2 947 951
2 952 953
2 953 954
2 954 955
2 955 952
2 956 957
2 957 958
2 958 959
2 959 956
2 952 956
2 953 957
2 954 958
2 955 959
2 960 961
2 961 962
2 962 963
2 963 960
2 964 965
2 965 966
2 966 967
2 967 964
2 960 964
2 961 965
2 962 966
2 963 967
2 968 969
2 969 970
2 970 971
2 971 968
2 972 973
2 973 974
2 974 975
2 975 972
2 968 972
2 969 973
2 970 974
2 971 975
2 976 977
2 977 978
2 978 979
2 979 976
2 980 981
2 981 982
2 982 983
2 983 980
2 976 980
2 977 981
2 978 982
2 979 983
2 984 985
2 985 986
2 986 987
2 987 984
2 988 989
2 989 990
2 990 991
2 991 988
2 984 988
2 985 989
2 986 990
2 987 991
2 992 993
2 993 994
2 994 995
2 995 992
2 996 997
2 997 998
2 998 999
2 999 996
2 992 996
2 993 997
2 994 998
2 995 999
2 1000 1001
2 1001 1002
2 1002 1003
2 1003 1000
2 1004 1005
2 1005 1006
2 1006 1007
2 1007 1004
2 1000 1004
2 1001 1005
2 1002 1006
2 1003 1007
2 1008 1009
2 1009 1010
2 1010 1011
2 1011 1008
2 1012 1013
2 1013 1014
2 1014 1015
2 1015 1012
2 1008 1012
2 1009 1013
2 1010 1014
2 1011 1015
2 1016 1017
2 1017 1018
2 1018 1019
2 1019 1016
2 1020 1021
2 1021 1022
2 1022 1023
2 1023 1020
2 1016 1020
2 1017 1021
2 1018 1022
2 1019 1023
2 1024 1025
2 1025 1026
2 1026 1027
2 1027 1024
2 1028 1029
2 1029 1030
2 1030 1031
2 1031 1028
2 1024 1028
2 1025 1029
2 1026 1030
2 1027 1031
2 1032 1033
2 1033 1034
2 1034 1035
2 1035 1032
2 1036 1037
2 1037 1038
2 1038 1039
2 1039 1036
2 1032 1036
2 1033 1037
2 1034 1038
2 1035 1039
2 1040 1041
2 1041 1042
2 1042 1043
2 1043 1040
2 1044 1045
2 1045 1046
2 1046 1047
2 1047 1044
2 1040 1044
2 1041 1045
2 1042 1046
2 1043 1047
2 1048 1049
2 1049 1050
2 1050 1051
2 1051 1048
2 1052 1053
2 1053 1054
2 1054 1055
2 1055 1052
2 1048 1052
2 1049 1053
2 1050 1054
2 1051 1055
2 1056 1057
2 1057 1058
2 1058 1059
2 1059 1056
2 1060 1061
2 1061 1062
2 1062 1063
2 1063 1060
2 1056 1060
2 1057 1061
2 1058 1062
2 1059 1063
2 1064 1065
2 1065 1066
2 1066 1067
2 1067 1064
2 1068 1069
2 1069 1070
2 1070 1071
2 1071 1068
2 1064 1068
2 1065 1069
2 1066 1070
2 1067 1071
2 1072 1073
2 1073 1074
2 1074 1075
2 1075 1072
2 1076 1077
2 1077 1078
2 1078 1079
2 1079 1076
2 1072 1076
2 1073 1077
2 1074 1078
2 1075 1079
2 1080 1081
2 1081 1082
2 1082 1083
2 1083 1080
2 1084 1085
2 1085 1086
2 1086 1087
2 1087 1084
2 1080 1084
2 1081 1085
2 1082 1086
2 1083 1087
2 1088 1089
2 1089 1090
2 1090 1091
2 1091 1088
2 1092 1093
2 1093 1094
2 1094 1095
2 1095 1092
2 1088 1092
2 1089 1093
2 1090 1094
2 1091 1095
2 1096 1097
2 1097 1098
2 1098 1099
2 1099 1096
2 1100 1101
2 1101 1102
2 1102 1103
2 1103 1100
2 1096 1100
2 1097 1101
2 1098 1102
2 1099 1103
2 1104 1105
2 1105 1106
2 1106 1107
2 1107 1104
2 1108 1109
2 1109 1110
2 1110 1111
2 1111 1108
2 1104 1108
2 1105 1109
2 1106 1110
2 1107 1111
2 1112 1113
2 1113 1114
2 1114 1115
2 1115 1112
2 1116 1117
2 1117 1118
2 1118 1119
2 1119 1116
2 1112 1116
2 1113 1117
2 1114 1118
2 1115 1119
2 1120 1121
2 1121 1122
2 1122 1123
2 1123 1120
2 1124 1125
2 1125 1126
2 1126 1127
2 1127 1124
2 1120 1124
2 1121 1125
2 1122 1126
2 1123 1127
2 1128 1129
2 1129 1130
2 1130 1131
2 1131 1128
2 1132 1133
2 1133 1134
2 1134 1135
2 1135 1132
2 1128 1132
2 1129 1133
2 1130 1134
2 1131 1135
2 1136 1137
2 1137 1138
2 1138 1139
2 1139 1136
2 1140 1141
2 1141 1142
2 1142 1143
2 1143 1140
2 1136 1140
2 1137 1141
2 1138 1142
2 1139 1143
2 1144 1145
2 1145 1146
2 1146 1147
2 1147 1144
2 1148 1149
2 1149 1150
2 1150 1151
2 1151 1148
2 1144 1148
2 1145 1149
2 1146 1150
2 1147 1151
2 1152 1153
2 1153 1154
2 1154 1155
2 1155 1152
2 1156 1157
2 1157 1158
2 1158 1159
2 1159 1156
2 1152 1156
2 1153 1157
2 1154 1158
2 1155 1159
2 1160 1161
2 1161 1162
2 1162 1163
2 1163 1160
2 1164 1165
2 1165 1166
2 1166 1167
2 1167 1164
2 1160 1164
2 1161 1165
2 1162 1166
2 1163 1167
2 1168 1169
2 1169 1170
2 1170 1171
2 1171 1168
2 1172 1173
2 1173 1174
2 1174 1175
2 1175 1172
2 1168 1172
2 1169 1173
2 1170 1174
2 1171 1175
2 1176 1177
2 1177 1178
2 1178 1179
2 1179 1176
2 1180 1181
2 1181 1182
2 1182 1183
2 1183 1180
2 1176 1180
2 1177 1181
2 1178 1182
2 1179 1183
2 1184 1185
2 1185 1186
2 1186 1187
2 1187 1184
2 1188 1189
2 1189 1190
2 1190 1191
2 1191 1188
2 1184 1188
2 1185 1189
2 1186 1190
2 1187 1191
2 1192 1193
2 1193 1194
2 1194 1195
2 1195 1192
2 1196 1197
2 1197 1198
2 1198 1199
2 1199 1196
2 1192 1196
2 1193 1197
2 1194 1198
2 1195 1199
2 1200 1201
2 1201 1202
2 1202 1203
2 1203 1200
2 1204 1205
2 1205 1206
2 1206 1207
2 1207 1204
2 1200 1204
2 1201 1205
2 1202 1206
2 1203 1207
2 1208 1209
2 1209 1210
2 1210 1211
2 1211 1208
2 1212 1213
2 1213 1214
2 1214 1215
2 1215 1212
2 1208 1212
2 1209 1213
2 1210 1214
2 1211 1215
2 1216 1217
2 1217 1218
2 1218 1219
2 1219 1216
2 1220 1221
2 1221 1222
2 1222 1223
2 1223 1220
2 1216 1220
2 1217 1221
2 1218 1222
2 1219 1223
2 1224 1225
2 1225 1226
2 1226 1227
2 1227 1224
2 1228 1229
2 1229 1230
2 1230 1231
2 1231 1228
2 1224 1228
2 1225 1229
2 1226 1230
2 1227 1231
2 1232 1233
2 1233 1234
2 1234 1235
2 1235 1232
2 1236 1237
2 1237 1238
2 1238 1239
2 1239 1236
2 1232 1236
2 1233 1237
2 1234 1238
2 1235 1239
2 1240 1241
2 1241 1242
2 1242 1243
2 1243 1240
2 1244 1245
2 1245 1246
2 1246 1247
2 1247 1244
2 1240 1244
2 1241 1245
2 1242 1246
2 1243 1247
2 1248 1249
2 1249 1250
2 1250 1251
2 1251 1248
2 1252 1253
2 1253 1254
2 1254 1255
2 1255 1252
2 1248 1252
2 1249 1253
2 1250 1254
2 1251 1255
2 1256 1257
2 1257 1258
2 1258 1259
2 1259 1256
2 1260 1261
2 1261 1262
2 1262 1263
2 1263 1260
2 1256 1260
2 1257 1261
2 1258 1262
2 1259 1263
2 1264 1265
2 1265 1266
2 1266 1267
2 1267 1264
2 1268 1269
2 1269 1270
2 1270 1271
2 1271 1268
2 1264 1268
2 1265 1269
2 1266 1270
2 1267 1271
2 1272 1273
2 1273 1274
2 1274 1275
2 1275 1272
2 1276 1277
2 1277 1278
2 1278 1279
2 1279 1276
2 1272 1276
2 1273 1277
2 1274 1278
2 1275 1279
2 1280 1281
2 1281 1282
2 1282 1283
2 1283 1280
2 1284 1285
2 1285 1286
2 1286 1287
2 1287 1284
2 1280 1284
2 1281 1285
2 1282 1286
2 1283 1287
2 1288 1289
2 1289 1290
2 1290 1291
2 1291 1288
2 1292 1293
2 1293 1294
2 1294 1295
2 1295 1292
2 1288 1292
2 1289 1293
2 1290 1294
2 1291 1295
2 1296 1297
2 1297 1298
2 1298 1299
2 1299 1296
2 1300 1301
2 1301 1302
2 1302 1303
2 1303 1300
2 1296 1300
2 1297 1301
2 1298 1302
2 1299 1303
2 1304 1305
2 1305 1306
2 1306 1307
2 1307 1304
2 1308 1309
2 1309 1310
2 1310 1311
2 1311 1308
2 1304 1308
2 1305 1309
2 1306 1310
2 1307 1311
2 1312 1313
2 1313 1314
2 1314 1315
2 1315 1312
2 1316 1317
2 1317 1318
2 1318 1319
2 1319 1316
2 1312 1316
2 1313 1317
2 1314 1318
2 1315 1319
2 1320 1321
2 1321 1322
2 1322 1323
2 1323 1320
2 1324 1325
2 1325 1326
2 1326 1327
2 1327 1324
2 1320 1324
2 1321 1325
2 1322 1326
2 1323 1327
2 1328 1329
2 1329 1330
2 1330 1331
2 1331 1328
2 1332 1333
2 1333 1334
2 1334 1335
2 1335 1332
2 1328 1332
2 1329 1333
2 1330 1334
2 1331 1335
2 1336 1337
2 1337 1338
2 1338 1339
2 1339 1336
2 1340 1341
2 1341 1342
2 1342 1343
2 1343 1340
2 1336 1340
2 1337 1341
2 1338 1342
2 1339 1343
2 1344 1345
2 1345 1346
2 1346 1347
2 1347 1344
2 1348 1349
2 1349 1350
2 1350 1351
2 1351 1348
2 1344 1348
2 1345 1349
2 1346 1350
2 1347 1351
2 1352 1353
2 1353 1354
2 1354 1355
2 1355 1352
2 1356 1357
2 1357 1358
2 1358 1359
2 1359 1356
2 1352 1356
2 1353 1357
2 1354 1358
2 1355 1359
2 1360 1361
2 1361 1362
2 1362 1363
2 1363 1360
2 1364 1365
2 1365 1366
2 1366 1367
2 1367 1364
2 1360 1364
2 1361 1365
2 1362 1366
2 1363 1367
2 1368 1369
2 1369 1370
2 1370 1371
2 1371 1368
2 1372 1373
2 1373 1374
2 1374 1375
2 1375 1372
2 1368 1372
2 1369 1373
2 1370 1374
2 1371 1375
2 1376 1377
2 1377 1378
2 1378 1379
2 1379 1376
2 1380 1381
2 1381 1382
2 1382 1383
2 1383 1380
2 1376 1380
2 1377 1381
2 1378 1382
2 1379 1383
2 1384 1385
2 1385 1386
2 1386 1387
2 1387 1384
2 1388 1389
2 1389 1390
2 1390 1391
2 1391 1388
2 1384 1388
2 1385 1389
2 1386 1390
2 1387 1391
2 1392 1393
2 1393 1394
2 1394 1395
2 1395 1392
2 1396 1397
2 1397 1398
2 1398 1399
2 1399 1396
2 1392 1396
2 1393 1397
2 1394 1398
2 1395 1399
2 1400 1401
2 1401 1402
2 1402 1403
2 1403 1400
2 1404 1405
2 1405 1406
2 1406 1407
2 1407 1404
2 1400 1404
2 1401 1405
2 1402 1406
2 1403 1407
2 1408 1409
2 1409 1410
2 1410 1411
2 1411 1408
2 1412 1413
2 1413 1414
2 1414 1415
2 1415 1412
2 1408 1412
2 1409 1413
2 1410 1414
2 1411 1415
2 1416 1417
2 1417 1418
2 1418 1419
2 1419 1416
2 1420 1421
2 1421 1422
2 1422 1423
2 1423 1420
2 1416 1420
2 1417 1421
2 1418 1422
2 1419 1423
2 1424 1425
2 1425 1426
2 1426 1427
2 1427 1424
2 1428 1429
2 1429 1430
2 1430 1431
2 1431 1428
2 1424 1428
2 1425 1429
2 1426 1430
2 1427 1431
2 1432 1433
2 1433 1434
2 1434 1435
2 1435 1432
2 1436 1437
2 1437 1438
2 1438 1439
2 1439 1436
2 1432 1436
2 1433 1437
2 1434 1438
2 1435 1439
2 1440 1441
2 1441 1442
2 1442 1443
2 1443 1440
2 1444 1445
2 1445 1446
2 1446 1447
2 1447 1444
2 1440 1444
2 1441 1445
2 1442 1446
2 1443 1447
2 1448 1449
2 1449 1450
2 1450 1451
2 1451 1448
2 1452 1453
2 1453 1454
2 1454 1455
2 1455 1452
2 1448 1452
2 1449 1453
2 1450 1454
2 1451 1455
2 1456 1457
2 1457 1458
2 1458 1459
2 1459 1456
2 1460 1461
2 1461 1462
2 1462 1463
2 1463 1460
2 1456 1460
2 1457 1461
2 1458 1462
2 1459 1463
2 1464 1465
2 1465 1466
2 1466 1467
2 1467 1464
2 1468 1469
2 1469 1470
2 1470 1471
2 1471 1468
2 1464 1468
2 1465 1469
2 1466 1470
2 1467 1471
2 1472 1473
2 1473 1474
2 1474 1475
2 1475 1472
2 1476 1477
2 1477 1478
2 1478 1479
2 1479 1476
2 1472 1476
2 1473 1477
2 1474 1478
2 1475 1479
2 1480 1481
2 1481 1482
2 1482 1483
2 1483 1480
2 1484 1485
2 1485 1486
2 1486 1487
2 1487 1484
2 1480 1484
2 1481 1485
2 1482 1486
2 1483 1487
2 1488 1489
2 1489 1490
2 1490 1491
2 1491 1488
2 1492 1493
2 1493 1494
2 1494 1495
2 1495 1492
2 1488 1492
2 1489 1493
2 1490 1494
2 1491 1495
2 1496 1497
2 1497 1498
2 1498 1499
2 1499 1496
2 1500 1501
2 1501 1502
2 1502 1503
2 1503 1500
2 1496 1500
2 1497 1501
2 1498 1502
2 1499 1503
2 1504 1505
2 1505 1506
2 1506 1507
2 1507 1504
2 1508 1509
2 1509 1510
2 1510 1511
2 1511 1508
2 1504 1508
2 1505 1509
2 1506 1510
2 1507 1511
2 1512 1513
2 1513 1514
2 1514 1515
2 1515 1512
2 1516 1517
2 1517 1518
2 1518 1519
2 1519 1516
2 1512 1516
2 1513 1517
2 1514 1518
2 1515 1519
2 1520 1521
2 1521 1522
2 1522 1523
2 1523 1520
2 1524 1525
2 1525 1526
2 1526 1527
2 1527 1524
2 1520 1524
2 1521 1525
2 1522 1526
2 1523 1527
2 1528 1529
2 1529 1530
2 1530 1531
2 1531 1528
2 1532 1533
2 1533 1534
2 1534 1535
2 1535 1532
2 1528 1532
2 1529 1533
2 1530 1534
2 1531 1535
2 1536 1537
2 1537 1538
2 1538 1539
2 1539 1536
2 1540 1541
2 1541 1542
2 1542 1543
2 1543 1540
2 1536 1540
2 1537 1541
2 1538 1542
2 1539 1543
2 1544 1545
2 1545 1546
2 1546 1547
2 1547 1544
2 1548 1549
2 1549 1550
2 1550 1551
2 1551 1548
2 1544 1548
2 1545 1549
2 1546 1550
2 1547 1551
2 1552 1553
2 1553 1554
2 1554 1555
2 1555 1552
2 1556 1557
2 1557 1558
2 1558 1559
2 1559 1556
2 1552 1556
2 1553 1557
2 1554 1558
2 1555 1559
2 1560 1561
2 1561 1562
2 1562 1563
2 1563 1560
2 1564 1565
2 1565 1566
2 1566 1567
2 1567 1564
2 1560 1564
2 1561 1565
2 1562 1566
2 1563 1567
2 1568 1569
2 1569 1570
2 1570 1571
2 1571 1568
2 1572 1573
2 1573 1574
2 1574 1575
2 1575 1572
2 1568 1572
2 1569 1573
2 1570 1574
2 1571 1575
2 1576 1577
2 1577 1578
2 1578 1579
2 1579 1576
2 1580 1581
2 1581 1582
2 1582 1583
2 1583 1580
2 1576 1580
2 1577 1581
2 1578 1582
2 1579 1583
2 1584 1585
2 1585 1586
2 1586 1587
2 1587 1584
2 1588 1589
2 1589 1590
2 1590 1591
2 1591 1588
2 1584 1588
2 1585 1589
2 1586 1590
2 1587 1591
2 1592 1593
2 1593 1594
2 1594 1595
2 1595 1592
2 1596 1597
2 1597 1598
2 1598 1599
2 1599 1596
2 1592 1596
2 1593 1597
2 1594 1598
2 1595 1599
2 1600 1601
2 1601 1602
2 1602 1603
2 1603 1600
2 1604 1605
2 1605 1606
2 1606 1607
2 1607 1604
2 1600 1604
2 1601 1605
2 1602 1606
2 1603 1607
2 1608 1609
2 1609 1610
2 1610 1611
2 1611 1608
2 1612 1613
2 1613 1614
2 1614 1615
2 1615 1612
2 1608 1612
2 1609 1613
2 1610 1614
2 1611 1615
2 1616 1617
2 1617 1618
2 1618 1619
2 1619 1616
2 1620 1621
2 1621 1622
2 1622 1623
2 1623 1620
2 1616 1620
2 1617 1621
2 1618 1622
2 1619 1623
2 1624 1625
2 1625 1626
2 1626 1627
2 1627 1624
2 1628 1629
2 1629 1630
2 1630 1631
2 1631 1628
2 1624 1628
2 1625 1629
2 1626 1630
2 1627 1631
2 1632 1633
2 1633 1634
2 1634 1635
2 1635 1632
2 1636 1637
2 1637 1638
2 1638 1639
2 1639 1636
2 1632 1636
2 1633 1637
2 1634 1638
2 1635 1639
2 1640 1641
2 1641 1642
2 1642 1643
2 1643 1640
2 1644 1645
2 1645 1646
2 1646 1647
2 1647 1644
2 1640 1644
2 1641 1645
2 1642 1646
2 1643 1647
2 1648 1649
2 1649 1650
2 1650 1651
2 1651 1648
2 1652 1653
2 1653 1654
2 1654 1655
2 1655 1652
2 1648 1652
2 1649 1653
2 1650 1654
2 1651 1655
2 1656 1657
2 1657 1658
2 1658 1659
2 1659 1656
2 1660 1661
2 1661 1662
2 1662 1663
2 1663 1660
2 1656 1660
2 1657 1661
2 1658 1662
2 1659 1663
2 1664 1665
2 1665 1666
2 1666 1667
2 1667 1664
2 1668 1669
2 1669 1670
2 1670 1671
2 1671 1668
2 1664 1668
2 1665 1669
2 1666 1670
2 1667 1671
2 1672 1673
2 1673 1674
2 1674 1675
2 1675 1672
2 1676 1677
2 1677 1678
2 1678 1679
2 1679 1676
2 1672 1676
2 1673 1677
2 1674 1678
2 1675 1679
2 1680 1681
2 1681 1682
2 1682 1683
2 1683 1680
2 1684 1685
2 1685 1686
2 1686 1687
2 1687 1684
2 1680 1684
2 1681 1685
2 1682 1686
2 1683 1687
2 1688 1689
2 1689 1690
2 1690 1691
2 1691 1688
2 1692 1693
2 1693 1694
2 1694 1695
2 1695 1692
2 1688 1692
2 1689 1693
2 1690 1694
2 1691 1695
2 1696 1697
2 1697 1698
2 1698 1699
2 1699 1696
2 1700 1701
2 1701 1702
2 1702 1703
2 1703 1700
2 1696 1700
2 1697 1701
2 1698 1702
2 1699 1703
2 1704 1705
2 1705 1706
2 1706 1707
2 1707 1704
2 1708 1709
2 1709 1710
2 1710 1711
2 1711 1708
2 1704 1708
2 1705 1709
2 1706 1710
2 1707 1711
2 1712 1713
2 1713 1714
2 1714 1715
2 1715 1712
2 1716 1717
2 1717 1718
2 1718 1719
2 1719 1716
2 1712 1716
2 1713 1717
2 1714 1718
2 1715 1719
2 1720 1721
2 1721 1722
2 1722 1723
2 1723 1720
2 1724 1725
2 1725 1726
2 1726 1727
2 1727 1724
2 1720 1724
2 1721 1725
2 1722 1726
2 1723 1727
2 1728 1729
2 1729 1730
2 1730 1731
2 1731 1728
2 1732 1733
2 1733 1734
2 1734 1735
2 1735 1732
2 1728 1732
2 1729 1733
2 1730 1734
2 1731 1735
2 1736 1737
2 1737 1738
2 1738 1739
2 1739 1736
2 1740 1741
2 1741 1742
2 1742 1743
2 1743 1740
2 1736 1740
2 1737 1741
2 1738 1742
2 1739 1743
2 1744 1745
2 1745 1746
2 1746 1747
2 1747 1744
2 1748 1749
2 1749 1750
2 1750 1751
2 1751 1748
2 1744 1748
2 1745 1749
2 1746 1750
2 1747 1751
2 1752 1753
2 1753 1754
2 1754 1755
2 1755 1752
2 1756 1757
2 1757 1758
2 1758 1759
2 1759 1756
2 1752 1756
2 1753 1757
2 1754 1758
2 1755 1759
2 1760 1761
2 1761 1762
2 1762 1763
2 1763 1760
2 1764 1765
2 1765 1766
2 1766 1767
2 1767 1764
2 1760 1764
2 1761 1765
2 1762 1766
2 1763 1767
2 1768 1769
2 1769 1770
2 1770 1771
2 1771 1768
2 1772 1773
2 1773 1774
2 1774 1775
2 1775 1772
2 1768 1772
2 1769 1773
2 1770 1774
2 1771 1775
2 1776 1777
2 1777 1778
2 1778 1779
2 1779 1776
2 1780 1781
2 1781 1782
2 1782 1783
2 1783 1780
2 1776 1780
2 1777 1781
2 1778 1782
2 1779 1783
2 1784 1785
2 1785 1786
2 1786 1787
2 1787 1784
2 1788 1789
2 1789 1790
2 1790 1791
2 1791 1788
2 1784 1788
2 1785 1789
2 1786 1790
2 1787 1791
2 1792 1793
2 1793 1794
2 1794 1795
2 1795 1792
2 1796 1797
2 1797 1798
2 1798 1799
2 1799 1796
2 1792 1796
2 1793 1797
2 1794 1798
2 1795 1799
2 1800 1801
2 1801 1802
2 1802 1803
2 1803 1800
2 1804 1805
2 1805 1806
2 1806 1807
2 1807 1804
2 1800 1804
2 1801 1805
2 1802 1806
2 1803 1807
2 1808 1809
2 1809 1810
2 1810 1811
2 1811 1808
2 1812 1813
2 1813 1814
2 1814 1815
2 1815 1812
2 1808 1812
2 1809 1813
2 1810 1814
2 1811 1815
2 1816 1817
2 1817 1818
2 1818 1819
2 1819 1816
2 1820 1821
2 1821 1822
2 1822 1823
2 1823 1820
2 1816 1820
2 1817 1821
2 1818 1822
2 1819 1823
2 1824 1825
2 1825 1826
2 1826 1827
2 1827 1824
2 1828 1829
2 1829 1830
2 1830 1831
2 1831 1828
2 1824 1828
2 1825 1829
2 1826 1830
2 1827 1831
2 1832 1833
2 1833 1834
2 1834 1835
2 1835 1832
2 1836 1837
2 1837 1838
2 1838 1839
2 1839 1836
2 1832 1836
2 1833 1837
2 1834 1838
2 1835 1839
2 1840 1841
2 1841 1842
2 1842 1843
2 1843 1840
2 1844 1845
2 1845 1846
2 1846 1847
2 1847 1844
2 1840 1844
2 1841 1845
2 1842 1846
2 1843 1847
2 1848 1849
2 1849 1850
2 1850 1851
2 1851 1848
2 1852 1853
2 1853 1854
2 1854 1855
2 1855 1852
2 1848 1852
2 1849 1853
2 1850 1854
2 1851 1855
2 1856 1857
2 1857 1858
2 1858 1859
2 1859 1856
2 1860 1861
2 1861 1862
2 1862 1863
2 1863 1860
2 1856 1860
2 1857 1861
2 1858 1862
2 1859 1863
2 1864 1865
2 1865 1866
2 1866 1867
2 1867 1864
2 1868 1869
2 1869 1870
2 1870 1871
2 1871 1868
2 1864 1868
2 1865 1869
2 1866 1870
2 1867 1871
2 1872 1873
2 1873 1874
2 1874 1875
2 1875 1872
2 1876 1877
2 1877 1878
2 1878 1879
2 1879 1876
2 1872 1876
2 1873 1877
2 1874 1878
2 1875 1879
2 1880 1881
2 1881 1882
2 1882 1883
2 1883 1880
2 1884 1885
2 1885 1886
2 1886 1887
2 1887 1884
2 1880 1884
2 1881 1885
2 1882 1886
2 1883 1887
2 1888 1889
2 1889 1890
2 1890 1891
2 1891 1888
2 1892 1893
2 1893 1894
2 1894 1895
2 1895 1892
2 1888 1892
2 1889 1893
2 1890 1894
2 1891 1895
2 1896 1897
2 1897 1898
2 1898 1899
2 1899 1896
2 1900 1901
2 1901 1902
2 1902 1903
2 1903 1900
2 1896 1900
2 1897 1901
2 1898 1902
2 1899 1903
2 1904 1905
2 1905 1906
2 1906 1907
2 1907 1904
2 1908 1909
2 1909 1910
2 1910 1911
2 1911 1908
2 1904 1908
2 1905 1909
2 1906 1910
2 1907 1911
2 1912 1913
2 1913 1914
2 1914 1915
2 1915 1912
2 1916 1917
2 1917 1918
2 1918 1919
2 1919 1916
2 1912 1916
2 1913 1917
2 1914 1918
2 1915 1919
2 1920 1921
2 1921 1922
2 1922 1923
2 1923 1920
2 1924 1925
2 1925 1926
2 1926 1927
2 1927 1924
2 1920 1924
2 1921 1925
2 1922 1926
2 1923 1927
2 1928 1929
2 1929 1930
2 1930 1931
2 1931 1928
2 1932 1933
2 1933 1934
2 1934 1935
2 1935 1932
2 1928 1932
2 1929 1933
2 1930 1934
2 1931 1935
2 1936 1937
2 1937 1938
2 1938 1939
2 1939 1936
2 1940 1941
2 1941 1942
2 1942 1943
2 1943 1940
2 1936 1940
2 1937 1941
2 1938 1942
2 1939 1943
2 1944 1945
2 1945 1946
2 1946 1947
2 1947 1944
2 1948 1949
2 1949 1950
2 1950 1951
2 1951 1948
2 1944 1948
2 1945 1949
2 1946 1950
2 1947 1951
2 1952 1953
2 1953 1954
2 1954 1955
2 1955 1952
2 1956 1957
2 1957 1958
2 1958 1959
2 1959 1956
2 1952 1956
2 1953 1957
2 1954 1958
2 1955 1959
2 1960 1961
2 1961 1962
2 1962 1963
2 1963 1960
2 1964 1965
2 1965 1966
2 1966 1967
2 1967 1964
2 1960 1964
2 1961 1965
2 1962 1966
2 1963 1967
2 1968 1969
2 1969 1970
2 1970 1971
2 1971 1968
2 1972 1973
2 1973 1974
2 1974 1975
2 1975 1972
2 1968 1972
2 1969 1973
2 1970 1974
2 1971 1975
2 1976 1977
2 1977 1978
2 1978 1979
2 1979 1976
2 1980 1981
2 1981 1982
2 1982 1983
2 1983 1980
2 1976 1980
2 1977 1981
2 1978 1982
2 1979 1983
2 1984 1985
2 1985 1986
2 1986 1987
2 1987 1984
2 1988 1989
2 1989 1990
2 1990 1991
2 1991 1988
2 1984 1988
2 1985 1989
2 1986 1990
2 1987 1991
2 1992 1993
2 1993 1994
2 1994 1995
2 1995 1992
2 1996 1997
2 1997 1998
2 1998 1999
2 1999 1996
2 1992 1996
2 1993 1997
2 1994 1998
2 1995 1999
2 2000 2001
2 2001 2002
2 2002 2003
2 2003 2000
2 2004 2005
2 2005 2006
2 2006 2007
2 2007 2004
2 2000 2004
2 2001 2005
2 2002 2006
2 2003 2007
2 2008 2009
2 2009 2010
2 2010 2011
2 2011 2008
2 2012 2013
2 2013 2014
2 2014 2015
2 2015 2012
2 2008 2012
2 2009 2013
2 2010 2014
2 2011 2015
2 2016 2017
2 2017 2018
2 2018 2019
2 2019 2016
2 2020 2021
2 2021 2022
2 2022 2023
2 2023 2020
2 2016 2020
2 2017 2021
2 2018 2022
2 2019 2023
2 2024 2025
2 2025 2026
2 2026 2027
2 2027 2024
2 2028 2029
2 2029 2030
2 2030 2031
2 2031 2028
2 2024 2028
2 2025 2029
2 2026 2030
2 2027 2031
2 2032 2033
2 2033 2034
2 2034 2035
2 2035 2032
2 2036 2037
2 2037 2038
2 2038 2039
2 2039 2036
2 2032 2036
2 2033 2037
2 2034 2038
2 2035 2039
2 2040 2041
2 2041 2042
2 2042 2043
2 2043 2040
2 2044 2045
2 2045 2046
2 2046 2047
2 2047 2044
2 2040 2044
2 2041 2045
2 2042 2046
2 2043 2047
2 2048 2049
2 2049 2050
2 2050 2051
2 2051 2048
2 2052 2053
2 2053 2054
2 2054 2055
2 2055 2052
2 2048 2052
2 2049 2053
2 2050 2054
2 2051 2055
2 2056 2057
2 2057 2058
2 2058 2059
2 2059 2056
2 2060 2061
2 2061 2062
2 2062 2063
2 2063 2060
2 2056 2060
2 2057 2061
2 2058 2062
2 2059 2063
2 2064 2065
2 2065 2066
2 2066 2067
2 2067 2064
2 2068 2069
2 2069 2070
2 2070 2071
2 2071 2068
2 2064 2068
2 2065 2069
2 2066 2070
2 2067 2071
2 2072 2073
2 2073 2074
2 2074 2075
2 2075 2072
2 2076 2077
2 2077 2078
2 2078 2079
2 2079 2076
2 2072 2076
2 2073 2077
2 2074 2078
2 2075 2079
2 2080 2081
2 2081 2082
2 2082 2083
2 2083 2080
2 2084 2085
2 2085 2086
2 2086 2087
2 2087 2084
2 2080 2084
2 2081 2085
2 2082 2086
2 2083 2087
2 2088 2089
2 2089 2090
2 2090 2091
2 2091 2088
2 2092 2093
2 2093 2094
2 2094 2095
2 2095 2092
2 2088 2092
2 2089 2093
2 2090 2094
2 2091 2095
2 2096 2097
2 2097 2098
2 2098 2099
2 2099 2096
2 2100 2101
2 2101 2102
2 2102 2103
2 2103 2100
2 2096 2100
2 2097 2101
2 2098 2102
2 2099 2103
2 2104 2105
2 2105 2106
2 2106 2107
2 2107 2104
2 2108 2109
2 2109 2110
2 2110 2111
2 2111 2108
2 2104 2108
2 2105 2109
2 2106 2110
2 2107 2111
2 2112 2113
2 2113 2114
2 2114 2115
2 2115 2112
2 2116 2117
2 2117 2118
2 2118 2119
2 2119 2116
2 2112 2116
2 2113 2117
2 2114 2118
2 2115 2119
2 2120 2121
2 2121 2122
2 2122 2123
2 2123 2120
2 2124 2125
2 2125 2126
2 2126 2127
2 2127 2124
2 2120 2124
2 2121 2125
2 2122 2126
2 2123 2127
2 2128 2129
2 2129 2130
2 2130 2131
2 2131 2128
2 2132 2133
2 2133 2134
2 2134 2135
2 2135 2132
2 2128 2132
2 2129 2133
2 2130 2134
2 2131 2135
2 2136 2137
2 2137 2138
2 2138 2139
2 2139 2136
2 2140 2141
2 2141 2142
2 2142 2143
2 2143 2140
2 2136 2140
2 2137 2141
2 2138 2142
2 2139 2143
2 2144 2145
2 2145 2146
2 2146 2147
2 2147 2144
2 2148 2149
2 2149 2150
2 2150 2151
2 2151 2148
2 2144 2148
2 2145 2149
2 2146 2150
2 2147 2151
2 2152 2153
2 2153 2154
2 2154 2155
2 2155 2152
2 2156 2157
2 2157 2158
2 2158 2159
2 2159 2156
2 2152 2156
2 2153 2157
2 2154 2158
2 2155 2159
2 2160 2161
2 2161 2162
2 2162 2163
2 2163 2160
2 2164 2165
2 2165 2166
2 2166 2167
2 2167 2164
2 2160 2164
2 2161 2165
2 2162 2166
2 2163 2167
2 2168 2169
2 2169 2170
2 2170 2171
2 2171 2168
2 2172 2173
2 2173 2174
2 2174 2175
2 2175 2172
2 2168 2172
2 2169 2173
2 2170 2174
2 2171 2175
2 2176 2177
2 2177 2178
2 2178 2179
2 2179 2176
2 2180 2181
2 2181 2182
2 2182 2183
2 2183 2180
2 2176 2180
2 2177 2181
2 2178 2182
2 2179 2183
2 2184 2185
2 2185 2186
2 2186 2187
2 2187 2184
2 2188 2189
2 2189 2190
2 2190 2191
2 2191 2188
2 2184 2188
2 2185 2189
2 2186 2190
2 2187 2191
2 2192 2193
2 2193 2194
2 2194 2195
2 2195 2192
2 2196 2197
2 2197 2198
2 2198 2199
2 2199 2196
2 2192 2196
2 2193 2197
2 2194 2198
2 2195 2199
2 2200 2201
2 2201 2202
2 2202 2203
2 2203 2200
2 2204 2205
2 2205 2206
2 2206 2207
2 2207 2204
2 2200 2204
2 2201 2205
2 2202 2206
2 2203 2207
2 2208 2209
2 2209 2210
2 2210 2211
2 2211 2208
2 2212 2213
2 2213 2214
2 2214 2215
2 2215 2212
2 2208 2212
2 2209 2213
2 2210 2214
2 2211 2215
2 2216 2217
2 2217 2218
2 2218 2219
2 2219 2216
2 2220 2221
2 2221 2222
2 2222 2223
2 2223 2220
2 2216 2220
2 2217 2221
2 2218 2222
2 2219 2223
2 2224 2225
2 2225 2226
2 2226 2227
2 2227 2224
2 2228 2229
2 2229 2230
2 2230 2231
2 2231 2228
2 2224 2228
2 2225 2229
2 2226 2230
2 2227 2231
2 2232 2233
2 2233 2234
2 2234 2235
2 2235 2232
2 2236 2237
2 2237 2238
2 2238 2239
2 2239 2236
2 2232 2236
2 2233 2237
2 2234 2238
2 2235 2239
2 2240 2241
2 2241 2242
2 2242 2243
2 2243 2240
2 2244 2245
2 2245 2246
2 2246 2247
2 2247 2244
2 2240 2244
2 2241 2245
2 2242 2246
2 2243 2247
2 2248 2249
2 2249 2250
2 2250 2251
2 2251 2248
2 2252 2253
2 2253 2254
2 2254 2255
2 2255 2252
2 2248 2252
2 2249 2253
2 2250 2254
2 2251 2255
2 2256 2257
2 2257 2258
2 2258 2259
2 2259 2256
2 2260 2261
2 2261 2262
2 2262 2263
2 2263 2260
2 2256 2260
2 2257 2261
2 2258 2262
2 2259 2263
2 2264 2265
2 2265 2266
2 2266 2267
2 2267 2264
2 2268 2269
2 2269 2270
2 2270 2271
2 2271 2268
2 2264 2268
2 2265 2269
2 2266 2270
2 2267 2271
2 2272 2273
2 2273 2274
2 2274 2275
2 2275 2272
2 2276 2277
2 2277 2278
2 2278 2279
2 2279 2276
2 2272 2276
2 2273 2277
2 2274 2278
2 2275 2279
2 2280 2281
2 2281 2282
2 2282 2283
2 2283 2280
2 2284 2285
2 2285 2286
2 2286 2287
2 2287 2284
2 2280 2284
2 2281 2285
2 2282 2286
2 2283 2287
2 2288 2289
2 2289 2290
2 2290 2291
2 2291 2288
2 2292 2293
2 2293 2294
2 2294 2295
2 2295 2292
2 2288 2292
2 2289 2293
2 2290 2294
2 2291 2295
2 2296 2297
2 2297 2298
2 2298 2299
2 2299 2296
2 2300 2301
2 2301 2302
2 2302 2303
2 2303 2300
2 2296 2300
2 2297 2301
2 2298 2302
2 2299 2303
2 2304 2305
2 2305 2306
2 2306 2307
2 2307 2304
2 2308 2309
2 2309 2310
2 2310 2311
2 2311 2308
2 2304 2308
2 2305 2309
2 2306 2310
2 2307 2311
2 2312 2313
2 2313 2314
2 2314 2315
2 2315 2312
2 2316 2317
2 2317 2318
2 2318 2319
2 2319 2316
2 2312 2316
2 2313 2317
2 2314 2318
2 2315 2319
2 2320 2321
2 2321 2322
2 2322 2323
2 2323 2320
2 2324 2325
2 2325 2326
2 2326 2327
2 2327 2324
2 2320 2324
2 2321 2325
2 2322 2326
2 2323 2327
2 2328 2329
2 2329 2330
2 2330 2331
2 2331 2328
2 2332 2333
2 2333 2334
2 2334 2335
2 2335 2332
2 2328 2332
2 2329 2333
2 2330 2334
2 2331 2335
2 2336 2337
2 2337 2338
2 2338 2339
2 2339 2336
2 2340 2341
2 2341 2342
2 2342 2343
2 2343 2340
2 2336 2340
2 2337 2341
2 2338 2342
2 2339 2343
2 2344 2345
2 2345 2346
2 2346 2347
2 2347 2344
2 2348 2349
2 2349 2350
2 2350 2351
2 2351 2348
2 2344 2348
2 2345 2349
2 2346 2350
2 2347 2351
2 2352 2353
2 2353 2354
2 2354 2355
2 2355 2352
2 2356 2357
2 2357 2358
2 2358 2359
2 2359 2356
2 2352 2356
2 2353 2357
2 2354 2358
2 2355 2359
2 2360 2361
2 2361 2362
2 2362 2363
2 2363 2360
2 2364 2365
2 2365 2366
2 2366 2367
2 2367 2364
2 2360 2364
2 2361 2365
2 2362 2366
2 2363 2367
2 2368 2369
2 2369 2370
2 2370 2371
2 2371 2368
2 2372 2373
2 2373 2374
2 2374 2375
2 2375 2372
2 2368 2372
2 2369 2373
2 2370 2374
2 2371 2375
2 2376 2377
2 2377 2378
2 2378 2379
2 2379 2376
2 2380 2381
2 2381 2382
2 2382 2383
2 2383 2380
2 2376 2380
2 2377 2381
2 2378 2382
2 2379 2383
2 2384 2385
2 2385 2386
2 2386 2387
2 2387 2384
2 2388 2389
2 2389 2390
2 2390 2391
2 2391 2388
2 2384 2388
2 2385 2389
2 2386 2390
2 2387 2391
2 2392 2393
2 2393 2394
2 2394 2395
2 2395 2392
2 2396 2397
2 2397 2398
2 2398 2399
2 2399 2396
2 2392 2396
2 2393 2397
2 2394 2398
2 2395 2399
2 2400 2401
2 2401 2402
2 2402 2403
2 2403 2400
2 2404 2405
2 2405 2406
2 2406 2407
2 2407 2404
2 2400 2404
2 2401 2405
2 2402 2406
2 2403 2407
2 2408 2409
2 2409 2410
2 2410 2411
2 2411 2408
2 2412 2413
2 2413 2414
2 2414 2415
2 2415 2412
2 2408 2412
2 2409 2413
2 2410 2414
2 2411 2415
2 2416 2417
2 2417 2418
2 2418 2419
2 2419 2416
2 2420 2421
2 2421 2422
2 2422 2423
2 2423 2420
2 2416 2420
2 2417 2421
2 2418 2422
2 2419 2423
2 2424 2425
2 2425 2426
2 2426 2427
2 2427 2424
2 2428 2429
2 2429 2430
2 2430 2431
2 2431 2428
2 2424 2428
2 2425 2429
2 2426 2430
2 2427 2431
2 2432 2433
2 2433 2434
2 2434 2435
2 2435 2432
2 2436 2437
2 2437 2438
2 2438 2439
2 2439 2436
2 2432 2436
2 2433 2437
2 2434 2438
2 2435 2439
2 2440 2441
2 2441 2442
2 2442 2443
2 2443 2440
2 2444 2445
2 2445 2446
2 2446 2447
2 2447 2444
2 2440 2444
2 2441 2445
2 2442 2446
2 2443 2447
2 2448 2449
2 2449 2450
2 2450 2451
2 2451 2448
2 2452 2453
2 2453 2454
2 2454 2455
2 2455 2452
2 2448 2452
2 2449 2453
2 2450 2454
2 2451 2455
2 2456 2457
2 2457 2458
2 2458 2459
2 2459 2456
2 2460 2461
2 2461 2462
2 2462 2463
2 2463 2460
2 2456 2460
2 2457 2461
2 2458 2462
2 2459 2463
2 2464 2465
2 2465 2466
2 2466 2467
2 2467 2464
2 2468 2469
2 2469 2470
2 2470 2471
2 2471 2468
2 2464 2468
2 2465 2469
2 2466 2470
2 2467 2471
2 2472 2473
2 2473 2474
2 2474 2475
2 2475 2472
2 2476 2477
2 2477 2478
2 2478 2479
2 2479 2476
2 2472 2476
2 2473 2477
2 2474 2478
2 2475 2479
2 2480 2481
2 2481 2482
2 2482 2483
2 2483 2480
2 2484 2485
2 2485 2486
2 2486 2487
2 2487 2484
2 2480 2484
2 2481 2485
2 2482 2486
2 2483 2487
2 2488 2489
2 2489 2490
2 2490 2491
2 2491 2488
2 2492 2493
2 2493 2494
2 2494 2495
2 2495 2492
2 2488 2492
2 2489 2493
2 2490 2494
2 2491 2495
2 2496 2497
2 2497 2498
2 2498 2499
2 2499 2496
2 2500 2501
2 2501 2502
2 2502 2503
2 2503 2500
2 2496 2500
2 2497 2501
2 2498 2502
2 2499 2503
2 2504 2505
2 2505 2506
2 2506 2507
2 2507 2504
2 2508 2509
2 2509 2510
2 2510 2511
2 2511 2508
2 2504 2508
2 2505 2509
2 2506 2510
2 2507 2511
2 2512 2513
2 2513 2514
2 2514 2515
2 2515 2512
2 2516 2517
2 2517 2518
2 2518 2519
2 2519 2516
2 2512 2516
2 2513 2517
2 2514 2518
2 2515 2519
2 2520 2521
2 2521 2522
2 2522 2523
2 2523 2520
2 2524 2525
2 2525 2526
2 2526 2527
2 2527 2524
2 2520 2524
2 2521 2525
2 2522 2526
2 2523 2527
2 2528 2529
2 2529 2530
2 2530 2531
2 2531 2528
2 2532 2533
2 2533 2534
2 2534 2535
2 2535 2532
2 2528 2532
2 2529 2533
2 2530 2534
2 2531 2535
2 2536 2537
2 2537 2538
2 2538 2539
2 2539 2536
2 2540 2541
2 2541 2542
2 2542 2543
2 2543 2540
2 2536 2540
2 2537 2541
2 2538 2542
2 2539 2543
2 2544 2545
2 2545 2546
2 2546 2547
2 2547 2544
2 2548 2549
2 2549 2550
2 2550 2551
2 2551 2548
2 2544 2548
2 2545 2549
2 2546 2550
2 2547 2551
2 2552 2553
2 2553 2554
2 2554 2555
2 2555 2552
2 2556 2557
2 2557 2558
2 2558 2559
2 2559 2556
2 2552 2556
2 2553 2557
2 2554 2558
2 2555 2559
2 2560 2561
2 2561 2562
2 2562 2563
2 2563 2560
2 2564 2565
2 2565 2566
2 2566 2567
2 2567 2564
2 2560 2564
2 2561 2565
2 2562 2566
2 2563 2567
2 2568 2569
2 2569 2570
2 2570 2571
2 2571 2568
2 2572 2573
2 2573 2574
2 2574 2575
2 2575 2572
2 2568 2572
2 2569 2573
2 2570 2574
2 2571 2575
2 2576 2577
2 2577 2578
2 2578 2579
2 2579 2576
2 2580 2581
2 2581 2582
2 2582 2583
2 2583 2580
2 2576 2580
2 2577 2581
2 2578 2582
2 2579 2583
2 2584 2585
2 2585 2586
2 2586 2587
2 2587 2584
2 2588 2589
2 2589 2590
2 2590 2591
2 2591 2588
2 2584 2588
2 2585 2589
2 2586 2590
2 2587 2591
2 2592 2593
2 2593 2594
2 2594 2595
2 2595 2592
2 2596 2597
2 2597 2598
2 2598 2599
2 2599 2596
2 2592 2596
2 2593 2597
2 2594 2598
2 2595 2599
2 2600 2601
2 2601 2602
2 2602 2603
2 2603 2600
2 2604 2605
2 2605 2606
2 2606 2607
2 2607 2604
2 2600 2604
2 2601 2605
2 2602 2606
2 2603 2607
2 2608 2609
2 2609 2610
2 2610 2611
2 2611 2608
2 2612 2613
2 2613 2614
2 2614 2615
2 2615 2612
2 2608 2612
2 2609 2613
2 2610 2614
2 2611 2615
2 2616 2617
2 2617 2618
2 2618 2619
2 2619 2616
2 2620 2621
2 2621 2622
2 2622 2623
2 2623 2620
2 2616 2620
2 2617 2621
2 2618 2622
2 2619 2623
2 2624 2625
2 2625 2626
2 2626 2627
2 2627 2624
2 2628 2629
2 2629 2630
2 2630 2631
2 2631 2628
2 2624 2628
2 2625 2629
2 2626 2630
2 2627 2631
2 2632 2633
2 2633 2634
2 2634 2635
2 2635 2632
2 2636 2637
2 2637 2638
2 2638 2639
2 2639 2636
2 2632 2636
2 2633 2637
2 2634 2638
2 2635 2639
2 2640 2641
2 2641 2642
2 2642 2643
2 2643 2640
2 2644 2645
2 2645 2646
2 2646 2647
2 2647 2644
2 2640 2644
2 2641 2645
2 2642 2646
2 2643 2647
2 2648 2649
2 2649 2650
2 2650 2651
2 2651 2648
2 2652 2653
2 2653 2654
2 2654 2655
2 2655 2652
2 2648 2652
2 2649 2653
2 2650 2654
2 2651 2655
2 2656 2657
2 2657 2658
2 2658 2659
2 2659 2656
2 2660 2661
2 2661 2662
2 2662 2663
2 2663 2660
2 2656 2660
2 2657 2661
2 2658 2662
2 2659 2663
2 2664 2665
2 2665 2666
2 2666 2667
2 2667 2664
2 2668 2669
2 2669 2670
2 2670 2671
2 2671 2668
2 2664 2668
2 2665 2669
2 2666 2670
2 2667 2671
2 2672 2673
2 2673 2674
2 2674 2675
2 2675 2672
2 2676 2677
2 2677 2678
2 2678 2679
2 2679 2676
2 2672 2676
2 2673 2677
2 2674 2678
2 2675 2679
2 2680 2681
2 2681 2682
2 2682 2683
2 2683 2680
2 2684 2685
2 2685 2686
2 2686 2687
2 2687 2684
2 2680 2684
2 2681 2685
2 2682 2686
2 2683 2687
2 2688 2689
2 2689 2690
2 2690 2691
2 2691 2688
2 2692 2693
2 2693 2694
2 2694 2695
2 2695 2692
2 2688 2692
2 2689 2693
2 2690 2694
2 2691 2695
2 2696 2697
2 2697 2698
2 2698 2699
2 2699 2696
2 2700 2701
2 2701 2702
2 2702 2703
2 2703 2700
2 2696 2700
2 2697 2701
2 2698 2702
2 2699 2703
2 2704 2705
2 2705 2706
2 2706 2707
2 2707 2704
2 2708 2709
2 2709 2710
2 2710 2711
2 2711 2708
2 2704 2708
2 2705 2709
2 2706 2710
2 2707 2711
2 2712 2713
2 2713 2714
2 2714 2715
2 2715 2712
2 2716 2717
2 2717 2718
2 2718 2719
2 2719 2716
2 2712 2716
2 2713 2717
2 2714 2718
2 2715 2719
2 2720 2721
2 2721 2722
2 2722 2723
2 2723 2720
2 2724 2725
2 2725 2726
2 2726 2727
2 2727 2724
2 2720 2724
2 2721 2725
2 2722 2726
2 2723 2727
2 2728 2729
2 2729 2730
2 2730 2731
2 2731 2728
2 2732 2733
2 2733 2734
2 2734 2735
2 2735 2732
2 2728 2732
2 2729 2733
2 2730 2734
2 2731 2735
2 2736 2737
2 2737 2738
2 2738 2739
2 2739 2736
2 2740 2741
2 2741 2742
2 2742 2743
2 2743 2740
2 2736 2740
2 2737 2741
2 2738 2742
2 2739 2743
2 2744 2745
2 2745 2746
2 2746 2747
2 2747 2744
2 2748 2749
2 2749 2750
2 2750 2751
2 2751 2748
2 2744 2748
2 2745 2749
2 2746 2750
2 2747 2751
2 2752 2753
2 2753 2754
2 2754 2755
2 2755 2752
2 2756 2757
2 2757 2758
2 2758 2759
2 2759 2756
2 2752 2756
2 2753 2757
2 2754 2758
2 2755 2759
2 2760 2761
2 2761 2762
2 2762 2763
2 2763 2760
2 2764 2765
2 2765 2766
2 2766 2767
2 2767 2764
2 2760 2764
2 2761 2765
2 2762 2766
2 2763 2767
2 2768 2769
2 2769 2770
2 2770 2771
2 2771 2768
2 2772 2773
2 2773 2774
2 2774 2775
2 2775 2772
2 2768 2772
2 2769 2773
2 2770 2774
2 2771 2775
2 2776 2777
2 2777 2778
2 2778 2779
2 2779 2776
2 2780 2781
2 2781 2782
2 2782 2783
2 2783 2780
2 2776 2780
2 2777 2781
2 2778 2782
2 2779 2783
2 2784 2785
2 2785 2786
2 2786 2787
2 2787 2784
2 2788 2789
2 2789 2790
2 2790 2791
2 2791 2788
2 2784 2788
2 2785 2789
2 2786 2790
2 2787 2791
2 2792 2793
2 2793 2794
2 2794 2795
2 2795 2792
2 2796 2797
2 2797 2798
2 2798 2799
2 2799 2796
2 2792 2796
2 2793 2797
2 2794 2798
2 2795 2799
2 2800 2801
2 2801 2802
2 2802 2803
2 2803 2800
2 2804 2805
2 2805 2806
2 2806 2807
2 2807 2804
2 2800 2804
2 2801 2805
2 2802 2806
2 2803 2807
2 2808 2809
2 2809 2810
2 2810 2811
2 2811 2808
2 2812 2813
2 2813 2814
2 2814 2815
2 2815 2812
2 2808 2812
2 2809 2813
2 2810 2814
2 2811 2815
2 2816 2817
2 2817 2818
2 2818 2819
2 2819 2816
2 2820 2821
2 2821 2822
2 2822 2823
2 2823 2820
2 2816 2820
2 2817 2821
2 2818 2822
2 2819 2823
2 2824 2825
2 2825 2826
2 2826 2827
2 2827 2824
2 2828 2829
2 2829 2830
2 2830 2831
2 2831 2828
2 2824 2828
2 2825 2829
2 2826 2830
2 2827 2831
2 2832 2833
2 2833 2834
2 2834 2835
2 2835 2832
2 2836 2837
2 2837 2838
2 2838 2839
2 2839 2836
2 2832 2836
2 2833 2837
2 2834 2838
2 2835 2839
2 2840 2841
2 2841 2842
2 2842 2843
2 2843 2840
2 2844 2845
2 2845 2846
2 2846 2847
2 2847 2844
2 2840 2844
2 2841 2845
2 2842 2846
2 2843 2847
2 2848 2849
2 2849 2850
2 2850 2851
2 2851 2848
2 2852 2853
2 2853 2854
2 2854 2855
2 2855 2852
2 2848 2852
2 2849 2853
2 2850 2854
2 2851 2855
2 2856 2857
2 2857 2858
2 2858 2859
2 2859 2856
2 2860 2861
2 2861 2862
2 2862 2863
2 2863 2860
2 2856 2860
2 2857 2861
2 2858 2862
2 2859 2863
2 2864 2865
2 2865 2866
2 2866 2867
2 2867 2864
2 2868 2869
2 2869 2870
2 2870 2871
2 2871 2868
2 2864 2868
2 2865 2869
2 2866 2870
2 2867 2871
2 2872 2873
2 2873 2874
2 2874 2875
2 2875 2872
2 2876 2877
2 2877 2878
2 2878 2879
2 2879 2876
2 2872 2876
2 2873 2877
2 2874 2878
2 2875 2879
2 2880 2881
2 2881 2882
2 2882 2883
2 2883 2880
2 2884 2885
2 2885 2886
2 2886 2887
2 2887 2884
2 2880 2884
2 2881 2885
2 2882 2886
2 2883 2887
2 2888 2889
2 2889 2890
2 2890 2891
2 2891 2888
2 2892 2893
2 2893 2894
2 2894 2895
2 2895 2892
2 2888 2892
2 2889 2893
2 2890 2894
2 2891 2895
2 2896 2897
2 2897 2898
2 2898 2899
2 2899 2896
2 2900 2901
2 2901 2902
2 2902 2903
2 2903 2900
2 2896 2900
2 2897 2901
2 2898 2902
2 2899 2903
2 2904 2905
2 2905 2906
2 2906 2907
2 2907 2904
2 2908 2909
2 2909 2910
2 2910 2911
2 2911 2908
2 2904 2908
2 2905 2909
2 2906 2910
2 2907 2911
2 2912 2913
2 2913 2914
2 2914 2915
2 2915 2912
2 2916 2917
2 2917 2918
2 2918 2919
2 2919 2916
2 2912 2916
2 2913 2917
2 2914 2918
2 2915 2919
2 2920 2921
2 2921 2922
2 2922 2923
2 2923 2920
2 2924 2925
2 2925 2926
2 2926 2927
2 2927 2924
2 2920 2924
2 2921 2925
2 2922 2926
2 2923 2927
2 2928 2929
2 2929 2930
2 2930 2931
2 2931 2928
2 2932 2933
2 2933 2934
2 2934 2935
2 2935 2932
2 2928 2932
2 2929 2933
2 2930 2934
2 2931 2935
2 2936 2937
2 2937 2938
2 2938 2939
2 2939 2936
2 2940 2941
2 2941 2942
2 2942 2943
2 2943 2940
2 2936 2940
2 2937 2941
2 2938 2942
2 2939 2943
2 2944 2945
2 2945 2946
2 2946 2947
2 2947 2944
2 2948 2949
2 2949 2950
2 2950 2951
2 2951 2948
2 2944 2948
2 2945 2949
2 2946 2950
2 2947 2951
2 2952 2953
2 2953 2954
2 2954 2955
2 2955 2952
2 2956 2957
2 2957 2958
2 2958 2959
2 2959 2956
2 2952 2956
2 2953 2957
2 2954 2958
2 2955 2959
2 2960 2961
2 2961 2962
2 2962 2963
2 2963 2960
2 2964 2965
2 2965 2966
2 2966 2967
2 2967 2964
2 2960 2964
2 2961 2965
2 2962 2966
2 2963 2967
2 2968 2969
2 2969 2970
2 2970 2971
2 2971 2968
2 2972 2973
2 2973 2974
2 2974 2975
2 2975 2972
2 2968 2972
2 2969 2973
2 2970 2974
2 2971 2975
2 2976 2977
2 2977 2978
2 2978 2979
2 2979 2976
2 2980 2981
2 2981 2982
2 2982 2983
2 2983 2980
2 2976 2980
2 2977 2981
2 2978 2982
2 2979 2983
2 2984 2985
2 2985 2986
2 2986 2987
2 2987 2984
2 2988 2989
2 2989 2990
2 2990 2991
2 2991 2988
2 2984 2988
2 2985 2989
2 2986 2990
2 2987 2991
2 2992 2993
2 2993 2994
2 2994 2995
2 2995 2992
2 2996 2997
2 2997 2998
2 2998 2999
2 2999 2996
2 2992 2996
2 2993 2997
2 2994 2998
2 2995 2999
2 3000 3001
2 3001 3002
2 3002 3003
2 3003 3000
2 3004 3005
2 3005 3006
2 3006 3007
2 3007 3004
2 3000 3004
2 3001 3005
2 3002 3006
2 3003 3007
2 3008 3009
2 3009 3010
2 3010 3011
2 3011 3008
2 3012 3013
2 3013 3014
2 3014 3015
2 3015 3012
2 3008 3012
2 3009 3013
2 3010 3014
2 3011 3015
2 3016 3017
2 3017 3018
2 3018 3019
2 3019 3016
2 3020 3021
2 3021 3022
2 3022 3023
2 3023 3020
2 3016 3020
2 3017 3021
2 3018 3022
2 3019 3023
2 3024 3025
2 3025 3026
2 3026 3027
2 3027 3024
2 3028 3029
2 3029 3030
2 3030 3031
2 3031 3028
2 3024 3028
2 3025 3029
2 3026 3030
2 3027 3031
2 3032 3033
2 3033 3034
2 3034 3035
2 3035 3032
2 3036 3037
2 3037 3038
2 3038 3039
2 3039 3036
2 3032 3036
2 3033 3037
2 3034 3038
2 3035 3039
2 3040 3041
2 3041 3042
2 3042 3043
2 3043 3040
2 3044 3045
2 3045 3046
2 3046 3047
2 3047 3044
2 3040 3044
2 3041 3045
2 3042 3046
2 3043 3047
2 3048 3049
2 3049 3050
2 3050 3051
2 3051 3048
2 3052 3053
2 3053 3054
2 3054 3055
2 3055 3052
2 3048 3052
2 3049 3053
2 3050 3054
2 3051 3055
2 3056 3057
2 3057 3058
2 3058 3059
2 3059 3056
2 3060 3061
2 3061 3062
2 3062 3063
2 3063 3060
2 3056 3060
2 3057 3061
2 3058 3062
2 3059 3063
2 3064 3065
2 3065 3066
2 3066 3067
2 3067 3064
2 3068 3069
2 3069 3070
2 3070 3071
2 3071 3068
2 3064 3068
2 3065 3069
2 3066 3070
2 3067 3071
2 3072 3073
2 3073 3074
2 3074 3075
2 3075 3072
2 3076 3077
2 3077 3078
2 3078 3079
2 3079 3076
2 3072 3076
2 3073 3077
2 3074 3078
2 3075 3079
2 3080 3081
2 3081 3082
2 3082 3083
2 3083 3080
2 3084 3085
2 3085 3086
2 3086 3087
2 3087 3084
2 3080 3084
2 3081 3085
2 3082 3086
2 3083 3087
2 3088 3089
2 3089 3090
2 3090 3091
2 3091 3088
2 3092 3093
2 3093 3094
2 3094 3095
2 3095 3092
2 3088 3092
2 3089 3093
2 3090 3094
2 3091 3095
2 3096 3097
2 3097 3098
2 3098 3099
2 3099 3096
2 3100 3101
2 3101 3102
2 3102 3103
2 3103 3100
2 3096 3100
2 3097 3101
2 3098 3102
2 3099 3103
2 3104 3105
2 3105 3106
2 3106 3107
2 3107 3104
2 3108 3109
2 3109 3110
2 3110 3111
2 3111 3108
2 3104 3108
2 3105 3109
2 3106 3110
2 3107 3111
2 3112 3113
2 3113 3114
2 3114 3115
2 3115 3112
2 3116 3117
2 3117 3118
2 3118 3119
2 3119 3116
2 3112 3116
2 3113 3117
2 3114 3118
2 3115 3119
2 3120 3121
2 3121 3122
2 3122 3123
2 3123 3120
2 3124 3125
2 3125 3126
2 3126 3127
2 3127 3124
2 3120 3124
2 3121 3125
2 3122 3126
2 3123 3127
2 3128 3129
2 3129 3130
2 3130 3131
2 3131 3128
2 3132 3133
2 3133 3134
2 3134 3135
2 3135 3132
2 3128 3132
2 3129 3133
2 3130 3134
2 3131 3135
2 3136 3137
2 3137 3138
2 3138 3139
2 3139 3136
2 3140 3141
2 3141 3142
2 3142 3143
2 3143 3140
2 3136 3140
2 3137 3141
2 3138 3142
2 3139 3143
2 3144 3145
2 3145 3146
2 3146 3147
2 3147 3144
2 3148 3149
2 3149 3150
2 3150 3151
2 3151 3148
2 3144 3148
2 3145 3149
2 3146 3150
2 3147 3151
2 3152 3153
2 3153 3154
2 3154 3155
2 3155 3152
2 3156 3157
2 3157 3158
2 3158 3159
2 3159 3156
2 3152 3156
2 3153 3157
2 3154 3158
2 3155 3159
2 3160 3161
2 3161 3162
2 3162 3163
2 3163 3160
2 3164 3165
2 3165 3166
2 3166 3167
2 3167 3164
2 3160 3164
2 3161 3165
2 3162 3166
2 3163 3167
2 3168 3169
2 3169 3170
2 3170 3171
2 3171 3168
2 3172 3173
2 3173 3174
2 3174 3175
2 3175 3172
2 3168 3172
2 3169 3173
2 3170 3174
2 3171 3175
2 3176 3177
2 3177 3178
2 3178 3179
2 3179 3176
2 3180 3181
2 3181 3182
2 3182 3183
2 3183 3180
2 3176 3180
2 3177 3181
2 3178 3182
2 3179 3183
2 3184 3185
2 3185 3186
2 3186 3187
2 3187 3184
2 3188 3189
2 3189 3190
2 3190 3191
2 3191 3188
2 3184 3188
2 3185 3189
2 3186 3190
2 3187 3191
2 3192 3193
2 3193 3194
2 3194 3195
2 3195 3192
2 3196 3197
2 3197 3198
2 3198 3199
2 3199 3196
2 3192 3196
2 3193 3197
2 3194 3198
2 3195 3199
2 3200 3201
2 3201 3202
2 3202 3203
2 3203 3200
2 3204 3205
2 3205 3206
2 3206 3207
2 3207 3204
2 3200 3204
2 3201 3205
2 3202 3206
2 3203 3207
2 3208 3209
2 3209 3210
2 3210 3211
2 3211 3208
2 3212 3213
2 3213 3214
2 3214 3215
2 3215 3212
2 3208 3212
2 3209 3213
2 3210 3214
2 3211 3215
2 3216 3217
2 3217 3218
2 3218 3219
2 3219 3216
2 3220 3221
2 3221 3222
2 3222 3223
2 3223 3220
2 3216 3220
2 3217 3221
2 3218 3222
2 3219 3223
2 3224 3225
2 3225 3226
2 3226 3227
2 3227 3224
2 3228 3229
2 3229 3230
2 3230 3231
2 3231 3228
2 3224 3228
2 3225 3229
2 3226 3230
2 3227 3231
2 3232 3233
2 3233 3234
2 3234 3235
2 3235 3232
2 3236 3237
2 3237 3238
2 3238 3239
2 3239 3236
2 3232 3236
2 3233 3237
2 3234 3238
2 3235 3239
2 3240 3241
2 3241 3242
2 3242 3243
2 3243 3240
2 3244 3245
2 3245 3246
2 3246 3247
2 3247 3244
2 3240 3244
2 3241 3245
2 3242 3246
2 3243 3247
2 3248 3249
2 3249 3250
2 3250 3251
2 3251 3248
2 3252 3253
2 3253 3254
2 3254 3255
2 3255 3252
2 3248 3252
2 3249 3253
2 3250 3254
2 3251 3255
2 3256 3257
2 3257 3258
2 3258 3259
2 3259 3256
2 3260 3261
2 3261 3262
2 3262 3263
2 3263 3260
2 3256 3260
2 3257 3261
2 3258 3262
2 3259 3263
2 3264 3265
2 3265 3266
2 3266 3267
2 3267 3264
2 3268 3269
2 3269 3270
2 3270 3271
2 3271 3268
2 3264 3268
2 3265 3269
2 3266 3270
2 3267 3271
2 3272 3273
2 3273 3274
2 3274 3275
2 3275 3272
2 3276 3277
2 3277 3278
2 3278 3279
2 3279 3276
2 3272 3276
2 3273 3277
2 3274 3278
2 3275 3279
2 3280 3281
2 3281 3282
2 3282 3283
2 3283 3280
2 3284 3285
2 3285 3286
2 3286 3287
2 3287 3284
2 3280 3284
2 3281 3285
2 3282 3286
2 3283 3287
2 3288 3289
2 3289 3290
2 3290 3291
2 3291 3288
2 3292 3293
2 3293 3294
2 3294 3295
2 3295 3292
2 3288 3292
2 3289 3293
2 3290 3294
2 3291 3295
2 3296 3297
2 3297 3298
2 3298 3299
2 3299 3296
2 3300 3301
2 3301 3302
2 3302 3303
2 3303 3300
2 3296 3300
2 3297 3301
2 3298 3302
2 3299 3303
2 3304 3305
2 3305 3306
2 3306 3307
2 3307 3304
2 3308 3309
2 3309 3310
2 3310 3311
2 3311 3308
2 3304 3308
2 3305 3309
2 3306 3310
2 3307 3311
2 3312 3313
2 3313 3314
2 3314 3315
2 3315 3312
2 3316 3317
2 3317 3318
2 3318 3319
2 3319 3316
2 3312 3316
2 3313 3317
2 3314 3318
2 3315 3319
2 3320 3321
2 3321 3322
2 3322 3323
2 3323 3320
2 3324 3325
2 3325 3326
2 3326 3327
2 3327 3324
2 3320 3324
2 3321 3325
2 3322 3326
2 3323 3327
2 3328 3329
2 3329 3330
2 3330 3331
2 3331 3328
2 3332 3333
2 3333 3334
2 3334 3335
2 3335 3332
2 3328 3332
2 3329 3333
2 3330 3334
2 3331 3335
2 3336 3337
2 3337 3338
2 3338 3339
2 3339 3336
2 3340 3341
2 3341 3342
2 3342 3343
2 3343 3340
2 3336 3340
2 3337 3341
2 3338 3342
2 3339 3343
2 3344 3345
2 3345 3346
2 3346 3347
2 3347 3344
2 3348 3349
2 3349 3350
2 3350 3351
2 3351 3348
2 3344 3348
2 3345 3349
2 3346 3350
2 3347 3351
2 3352 3353
2 3353 3354
2 3354 3355
2 3355 3352
2 3356 3357
2 3357 3358
2 3358 3359
2 3359 3356
2 3352 3356
2 3353 3357
2 3354 3358
2 3355 3359
2 3360 3361
2 3361 3362
2 3362 3363
2 3363 3360
2 3364 3365
2 3365 3366
2 3366 3367
2 3367 3364
2 3360 3364
2 3361 3365
2 3362 3366
2 3363 3367
2 3368 3369
2 3369 3370
2 3370 3371
2 3371 3368
2 3372 3373
2 3373 3374
2 3374 3375
2 3375 3372
2 3368 3372
2 3369 3373
2 3370 3374
2 3371 3375
2 3376 3377
2 3377 3378
2 3378 3379
2 3379 3376
2 3380 3381
2 3381 3382
2 3382 3383
2 3383 3380
2 3376 3380
2 3377 3381
2 3378 3382
2 3379 3383
2 3384 3385
2 3385 3386
2 3386 3387
2 3387 3384
2 3388 3389
2 3389 3390
2 3390 3391
2 3391 3388
2 3384 3388
2 3385 3389
2 3386 3390
2 3387 3391
2 3392 3393
2 3393 3394
2 3394 3395
2 3395 3392
2 3396 3397
2 3397 3398
2 3398 3399
2 3399 3396
2 3392 3396
2 3393 3397
2 3394 3398
2 3395 3399
2 3400 3401
2 3401 3402
2 3402 3403
2 3403 3400
2 3404 3405
2 3405 3406
2 3406 3407
2 3407 3404
2 3400 3404
2 3401 3405
2 3402 3406
2 3403 3407
2 3408 3409
2 3409 3410
2 3410 3411
2 3411 3408
2 3412 3413
2 3413 3414
2 3414 3415
2 3415 3412
2 3408 3412
2 3409 3413
2 3410 3414
2 3411 3415
2 3416 3417
2 3417 3418
2 3418 3419
2 3419 3416
2 3420 3421
2 3421 3422
2 3422 3423
2 3423 3420
2 3416 3420
2 3417 3421
2 3418 3422
2 3419 3423
2 3424 3425
2 3425 3426
2 3426 3427
2 3427 3424
2 3428 3429
2 3429 3430
2 3430 3431
2 3431 3428
2 3424 3428
2 3425 3429
2 3426 3430
2 3427 3431
2 3432 3433
2 3433 3434
2 3434 3435
2 3435 3432
2 3436 3437
2 3437 3438
2 3438 3439
2 3439 3436
2 3432 3436
2 3433 3437
2 3434 3438
2 3435 3439
2 3440 3441
2 3441 3442
2 3442 3443
2 3443 3440
2 3444 3445
2 3445 3446
2 3446 3447
2 3447 3444
2 3440 3444
2 3441 3445
2 3442 3446
2 3443 3447
2 3448 3449
2 3449 3450
2 3450 3451
2 3451 3448
2 3452 3453
2 3453 3454
2 3454 3455
2 3455 3452
2 3448 3452
2 3449 3453
2 3450 3454
2 3451 3455
2 3456 3457
2 3457 3458
2 3458 3459
2 3459 3456
2 3460 3461
2 3461 3462
2 3462 3463
2 3463 3460
2 3456 3460
2 3457 3461
2 3458 3462
2 3459 3463
2 3464 3465
2 3465 3466
2 3466 3467
2 3467 3464
2 3468 3469
2 3469 3470
2 3470 3471
2 3471 3468
2 3464 3468
2 3465 3469
2 3466 3470
2 3467 3471
2 3472 3473
2 3473 3474
2 3474 3475
2 3475 3472
2 3476 3477
2 3477 3478
2 3478 3479
2 3479 3476
2 3472 3476
2 3473 3477
2 3474 3478
2 3475 3479
2 3480 3481
2 3481 3482
2 3482 3483
2 3483 3480
2 3484 3485
2 3485 3486
2 3486 3487
2 3487 3484
2 3480 3484
2 3481 3485
2 3482 3486
2 3483 3487
2 3488 3489
2 3489 3490
2 3490 3491
2 3491 3488
2 3492 3493
2 3493 3494
2 3494 3495
2 3495 3492
2 3488 3492
2 3489 3493
2 3490 3494
2 3491 3495
2 3496 3497
2 3497 3498
2 3498 3499
2 3499 3496
2 3500 3501
2 3501 3502
2 3502 3503
2 3503 3500
2 3496 3500
2 3497 3501
2 3498 3502
2 3499 3503
2 3504 3505
2 3505 3506
2 3506 3507
2 3507 3504
2 3508 3509
2 3509 3510
2 3510 3511
2 3511 3508
2 3504 3508
2 3505 3509
2 3506 3510
2 3507 3511
2 3512 3513
2 3513 3514
2 3514 3515
2 3515 3512
2 3516 3517
2 3517 3518
2 3518 3519
2 3519 3516
2 3512 3516
2 3513 3517
2 3514 3518
2 3515 3519
2 3520 3521
2 3521 3522
2 3522 3523
2 3523 3520
2 3524 3525
2 3525 3526
2 3526 3527
2 3527 3524
2 3520 3524
2 3521 3525
2 3522 3526
2 3523 3527
2 3528 3529
2 3529 3530
2 3530 3531
2 3531 3528
2 3532 3533
2 3533 3534
2 3534 3535
2 3535 3532
2 3528 3532
2 3529 3533
2 3530 3534
2 3531 3535
2 3536 3537
2 3537 3538
2 3538 3539
2 3539 3536
2 3540 3541
2 3541 3542
2 3542 3543
2 3543 3540
2 3536 3540
2 3537 3541
2 3538 3542
2 3539 3543
2 3544 3545
2 3545 3546
2 3546 3547
2 3547 3544
2 3548 3549
2 3549 3550
2 3550 3551
2 3551 3548
2 3544 3548
2 3545 3549
2 3546 3550
2 3547 3551
2 3552 3553
2 3553 3554
2 3554 3555
2 3555 3552
2 3556 3557
2 3557 3558
2 3558 3559
2 3559 3556
2 3552 3556
2 3553 3557
2 3554 3558
2 3555 3559
2 3560 3561
2 3561 3562
2 3562 3563
2 3563 3560
2 3564 3565
2 3565 3566
2 3566 3567
2 3567 3564
2 3560 3564
2 3561 3565
2 3562 3566
2 3563 3567
2 3568 3569
2 3569 3570
2 3570 3571
2 3571 3568
2 3572 3573
2 3573 3574
2 3574 3575
2 3575 3572
2 3568 3572
2 3569 3573
2 3570 3574
2 3571 3575
2 3576 3577
2 3577 3578
2 3578 3579
2 3579 3576
2 3580 3581
2 3581 3582
2 3582 3583
2 3583 3580
2 3576 3580
2 3577 3581
2 3578 3582
2 3579 3583
2 3584 3585
2 3585 3586
2 3586 3587
2 3587 3584
2 3588 3589
2 3589 3590
2 3590 3591
2 3591 3588
2 3584 3588
2 3585 3589
2 3586 3590
2 3587 3591
2 3592 3593
2 3593 3594
2 3594 3595
2 3595 3592
2 3596 3597
2 3597 3598
2 3598 3599
2 3599 3596
2 3592 3596
2 3593 3597
2 3594 3598
2 3595 3599
2 3600 3601
2 3601 3602
2 3602 3603
2 3603 3600
2 3604 3605
2 3605 3606
2 3606 3607
2 3607 3604
2 3600 3604
2 3601 3605
2 3602 3606
2 3603 3607
2 3608 3609
2 3609 3610
2 3610 3611
2 3611 3608
2 3612 3613
2 3613 3614
2 3614 3615
2 3615 3612
2 3608 3612
2 3609 3613
2 3610 3614
2 3611 3615
2 3616 3617
2 3617 3618
2 3618 3619
2 3619 3616
2 3620 3621
2 3621 3622
2 3622 3623
2 3623 3620
2 3616 3620
2 3617 3621
2 3618 3622
2 3619 3623
2 3624 3625
2 3625 3626
2 3626 3627
2 3627 3624
2 3628 3629
2 3629 3630
2 3630 3631
2 3631 3628
2 3624 3628
2 3625 3629
2 3626 3630
2 3627 3631
2 3632 3633
2 3633 3634
2 3634 3635
2 3635 3632
2 3636 3637
2 3637 3638
2 3638 3639
2 3639 3636
2 3632 3636
2 3633 3637
2 3634 3638
2 3635 3639
2 3640 3641
2 3641 3642
2 3642 3643
2 3643 3640
2 3644 3645
2 3645 3646
2 3646 3647
2 3647 3644
2 3640 3644
2 3641 3645
2 3642 3646
2 3643 3647
2 3648 3649
2 3649 3650
2 3650 3651
2 3651 3648
2 3652 3653
2 3653 3654
2 3654 3655
2 3655 3652
2 3648 3652
2 3649 3653
2 3650 3654
2 3651 3655
2 3656 3657
2 3657 3658
2 3658 3659
2 3659 3656
2 3660 3661
2 3661 3662
2 3662 3663
2 3663 3660
2 3656 3660
2 3657 3661
2 3658 3662
2 3659 3663
2 3664 3665
2 3665 3666
2 3666 3667
2 3667 3664
2 3668 3669
2 3669 3670
2 3670 3671
2 3671 3668
2 3664 3668
2 3665 3669
2 3666 3670
2 3667 3671
2 3672 3673
2 3673 3674
2 3674 3675
2 3675 3672
2 3676 3677
2 3677 3678
2 3678 3679
2 3679 3676
2 3672 3676
2 3673 3677
2 3674 3678
2 3675 3679
2 3680 3681
2 3681 3682
2 3682 3683
2 3683 3680
2 3684 3685
2 3685 3686
2 3686 3687
2 3687 3684
2 3680 3684
2 3681 3685
2 3682 3686
2 3683 3687
2 3688 3689
2 3689 3690
2 3690 3691
2 3691 3688
2 3692 3693
2 3693 3694
2 3694 3695
2 3695 3692
2 3688 3692
2 3689 3693
2 3690 3694
2 3691 3695
2 3696 3697
2 3697 3698
2 3698 3699
2 3699 3696
2 3700 3701
2 3701 3702
2 3702 3703
2 3703 3700
2 3696 3700
2 3697 3701
2 3698 3702
2 3699 3703
2 3704 3705
2 3705 3706
2 3706 3707
2 3707 3704
2 3708 3709
2 3709 3710
2 3710 3711
2 3711 3708
2 3704 3708
2 3705 3709
2 3706 3710
2 3707 3711
2 3712 3713
2 3713 3714
2 3714 3715
2 3715 3712
2 3716 3717
2 3717 3718
2 3718 3719
2 3719 3716
2 3712 3716
2 3713 3717
2 3714 3718
2 3715 3719
2 3720 3721
2 3721 3722
2 3722 3723
2 3723 3720
2 3724 3725
2 3725 3726
2 3726 3727
2 3727 3724
2 3720 3724
2 3721 3725
2 3722 3726
2 3723 3727
2 3728 3729
2 3729 3730
2 3730 3731
2 3731 3728
2 3732 3733
2 3733 3734
2 3734 3735
2 3735 3732
2 3728 3732
2 3729 3733
2 3730 3734
2 3731 3735
2 3736 3737
2 3737 3738
2 3738 3739
2 3739 3736
2 3740 3741
2 3741 3742
2 3742 3743
2 3743 3740
2 3736 3740
2 3737 3741
2 3738 3742
2 3739 3743
2 3744 3745
2 3745 3746
2 3746 3747
2 3747 3744
2 3748 3749
2 3749 3750
2 3750 3751
2 3751 3748
2 3744 3748
2 3745 3749
2 3746 3750
2 3747 3751
2 3752 3753
2 3753 3754
2 3754 3755
2 3755 3752
2 3756 3757
2 3757 3758
2 3758 3759
2 3759 3756
2 3752 3756
2 3753 3757
2 3754 3758
2 3755 3759
2 3760 3761
2 3761 3762
2 3762 3763
2 3763 3760
2 3764 3765
2 3765 3766
2 3766 3767
2 3767 3764
2 3760 3764
2 3761 3765
2 3762 3766
2 3763 3767
2 3768 3769
2 3769 3770
2 3770 3771
2 3771 3768
2 3772 3773
2 3773 3774
2 3774 3775
2 3775 3772
2 3768 3772
2 3769 3773
2 3770 3774
2 3771 3775
2 3776 3777
2 3777 3778
2 3778 3779
2 3779 3776
2 3780 3781
2 3781 3782
2 3782 3783
2 3783 3780
2 3776 3780
2 3777 3781
2 3778 3782
2 3779 3783
2 3784 3785
2 3785 3786
2 3786 3787
2 3787 3784
2 3788 3789
2 3789 3790
2 3790 3791
2 3791 3788
2 3784 3788
2 3785 3789
2 3786 3790
2 3787 3791
2 3792 3793
2 3793 3794
2 3794 3795
2 3795 3792
2 3796 3797
2 3797 3798
2 3798 3799
2 3799 3796
2 3792 3796
2 3793 3797
2 3794 3798
2 3795 3799
2 3800 3801
2 3801 3802
2 3802 3803
2 3803 3800
2 3804 3805
2 3805 3806
2 3806 3807
2 3807 3804
2 3800 3804
2 3801 3805
2 3802 3806
2 3803 3807
2 3808 3809
2 3809 3810
2 3810 3811
2 3811 3808
2 3812 3813
2 3813 3814
2 3814 3815
2 3815 3812
2 3808 3812
2 3809 3813
2 3810 3814
2 3811 3815
2 3816 3817
2 3817 3818
2 3818 3819
2 3819 3816
2 3820 3821
2 3821 3822
2 3822 3823
2 3823 3820
2 3816 3820
2 3817 3821
2 3818 3822
2 3819 3823
2 3824 3825
2 3825 3826
2 3826 3827
2 3827 3824
2 3828 3829
2 3829 3830
2 3830 3831
2 3831 3828
2 3824 3828
2 3825 3829
2 3826 3830
2 3827 3831
2 3832 3833
2 3833 3834
2 3834 3835
2 3835 3832
2 3836 3837
2 3837 3838
2 3838 3839
2 3839 3836
2 3832 3836
2 3833 3837
2 3834 3838
2 3835 3839
2 3840 3841
2 3841 3842
2 3842 3843
2 3843 3840
2 3844 3845
2 3845 3846
2 3846 3847
2 3847 3844
2 3840 3844
2 3841 3845
2 3842 3846
2 3843 3847
2 3848 3849
2 3849 3850
2 3850 3851
2 3851 3848
2 3852 3853
2 3853 3854
2 3854 3855
2 3855 3852
2 3848 3852
2 3849 3853
2 3850 3854
2 3851 3855
2 3856 3857
2 3857 3858
2 3858 3859
2 3859 3856
2 3860 3861
2 3861 3862
2 3862 3863
2 3863 3860
2 3856 3860
2 3857 3861
2 3858 3862
2 3859 3863
2 3864 3865
2 3865 3866
2 3866 3867
2 3867 3864
2 3868 3869
2 3869 3870
2 3870 3871
2 3871 3868
2 3864 3868
2 3865 3869
2 3866 3870
2 3867 3871
2 3872 3873
2 3873 3874
2 3874 3875
2 3875 3872
2 3876 3877
2 3877 3878
2 3878 3879
2 3879 3876
2 3872 3876
2 3873 3877
2 3874 3878
2 3875 3879
2 3880 3881
2 3881 3882
2 3882 3883
2 3883 3880
2 3884 3885
2 3885 3886
2 3886 3887
2 3887 3884
2 3880 3884
2 3881 3885
2 3882 3886
2 3883 3887
2 3888 3889
2 3889 3890
2 3890 3891
2 3891 3888
2 3892 3893
2 3893 3894
2 3894 3895
2 3895 3892
2 3888 3892
2 3889 3893
2 3890 3894
2 3891 3895
2 3896 3897
2 3897 3898
2 3898 3899
2 3899 3896
2 3900 3901
2 3901 3902
2 3902 3903
2 3903 3900
2 3896 3900
2 3897 3901
2 3898 3902
2 3899 3903
2 3904 3905
2 3905 3906
2 3906 3907
2 3907 3904
2 3908 3909
2 3909 3910
2 3910 3911
2 3911 3908
2 3904 3908
2 3905 3909
2 3906 3910
2 3907 3911
2 3912 3913
2 3913 3914
2 3914 3915
2 3915 3912
2 3916 3917
2 3917 3918
2 3918 3919
2 3919 3916
2 3912 3916
2 3913 3917
2 3914 3918
2 3915 3919
2 3920 3921
2 3921 3922
2 3922 3923
2 3923 3920
2 3924 3925
2 3925 3926
2 3926 3927
2 3927 3924
2 3920 3924
2 3921 3925
2 3922 3926
2 3923 3927
2 3928 3929
2 3929 3930
2 3930 3931
2 3931 3928
2 3932 3933
2 3933 3934
2 3934 3935
2 3935 3932
2 3928 3932
2 3929 3933
2 3930 3934
2 3931 3935
2 3936 3937
2 3937 3938
2 3938 3939
2 3939 3936
2 3940 3941
2 3941 3942
2 3942 3943
2 3943 3940
2 3936 3940
2 3937 3941
2 3938 3942
2 3939 3943
2 3944 3945
2 3945 3946
2 3946 3947
2 3947 3944
2 3948 3949
2 3949 3950
2 3950 3951
2 3951 3948
2 3944 3948
2 3945 3949
2 3946 3950
2 3947 3951
2 3952 3953
2 3953 3954
2 3954 3955
2 3955 3952
2 3956 3957
2 3957 3958
2 3958 3959
2 3959 3956
2 3952 3956
2 3953 3957
2 3954 3958
2 3955 3959
2 3960 3961
2 3961 3962
2 3962 3963
2 3963 3960
2 3964 3965
2 3965 3966
2 3966 3967
2 3967 3964
2 3960 3964
2 3961 3965
2 3962 3966
2 3963 3967
2 3968 3969
2 3969 3970
2 3970 3971
2 3971 3968
2 3972 3973
2 3973 3974
2 3974 3975
2 3975 3972
2 3968 3972
2 3969 3973
2 3970 3974
2 3971 3975
2 3976 3977
2 3977 3978
2 3978 3979
2 3979 3976
2 3980 3981
2 3981 3982
2 3982 3983
2 3983 3980
2 3976 3980
2 3977 3981
2 3978 3982
2 3979 3983
2 3984 3985
2 3985 3986
2 3986 3987
2 3987 3984
2 3988 3989
2 3989 3990
2 3990 3991
2 3991 3988
2 3984 3988
2 3985 3989
2 3986 3990
2 3987 3991
2 3992 3993
2 3993 3994
2 3994 3995
2 3995 3992
2 3996 3997
2 3997 3998
2 3998 3999
2 3999 3996
2 3992 3996
2 3993 3997
2 3994 3998
2 3995 3999
2 4000 4001
2 4001 4002
2 4002 4003
2 4003 4000
2 4004 4005
2 4005 4006
2 4006 4007
2 4007 4004
2 4000 4004
2 4001 4005
2 4002 4006
2 4003 4007
2 4008 4009
2 4009 4010
2 4010 4011
2 4011 4008
2 4012 4013
2 4013 4014
2 4014 4015
2 4015 4012
2 4008 4012
2 4009 4013
2 4010 4014
2 4011 4015
2 4016 4017
2 4017 4018
2 4018 4019
2 4019 4016
2 4020 4021
2 4021 4022
2 4022 4023
2 4023 4020
2 4016 4020
2 4017 4021
2 4018 4022
2 4019 4023
2 4024 4025
2 4025 4026
2 4026 4027
2 4027 4024
2 4028 4029
2 4029 4030
2 4030 4031
2 4031 4028
2 4024 4028
2 4025 4029
2 4026 4030
2 4027 4031
2 4032 4033
2 4033 4034
2 4034 4035
2 4035 4032
2 4036 4037
2 4037 4038
2 4038 4039
2 4039 4036
2 4032 4036
2 4033 4037
2 4034 4038
2 4035 4039
2 4040 4041
2 4041 4042
2 4042 4043
2 4043 4040
2 4044 4045
2 4045 4046
2 4046 4047
2 4047 4044
2 4040 4044
2 4041 4045
2 4042 4046
2 4043 4047
2 4048 4049
2 4049 4050
2 4050 4051
2 4051 4048
2 4052 4053
2 4053 4054
2 4054 4055
2 4055 4052
2 4048 4052
2 4049 4053
2 4050 4054
2 4051 4055
2 4056 4057
2 4057 4058
2 4058 4059
2 4059 4056
2 4060 4061
2 4061 4062
2 4062 4063
2 4063 4060
2 4056 4060
2 4057 4061
2 4058 4062
2 4059 4063
2 4064 4065
2 4065 4066
2 4066 4067
2 4067 4064
2 4068 4069
2 4069 4070
2 4070 4071
2 4071 4068
2 4064 4068
2 4065 4069
2 4066 4070
2 4067 4071
2 4072 4073
2 4073 4074
2 4074 4075
2 4075 4072
2 4076 4077
2 4077 4078
2 4078 4079
2 4079 4076
2 4072 4076
2 4073 4077
2 4074 4078
2 4075 4079
2 4080 4081
2 4081 4082
2 4082 4083
2 4083 4080
2 4084 4085
2 4085 4086
2 4086 4087
2 4087 4084
2 4080 4084
2 4081 4085
2 4082 4086
2 4083 4087
2 4088 4089
2 4089 4090
2 4090 4091
2 4091 4088
2 4092 4093
2 4093 4094
2 4094 4095
2 4095 4092
2 4088 4092
2 4089 4093
2 4090 4094
2 4091 4095
2 4096 4097
2 4097 4098
2 4098 4099
2 4099 4096
2 4100 4101
2 4101 4102
2 4102 4103
2 4103 4100
2 4096 4100
2 4097 4101
2 4098 4102
2 4099 4103
2 4104 4105
2 4105 4106
2 4106 4107
2 4107 4104
2 4108 4109
2 4109 4110
2 4110 4111
2 4111 4108
2 4104 4108
2 4105 4109
2 4106 4110
2 4107 4111
2 4112 4113
2 4113 4114
2 4114 4115
2 4115 4112
2 4116 4117
2 4117 4118
2 4118 4119
2 4119 4116
2 4112 4116
2 4113 4117
2 4114 4118
2 4115 4119
2 4120 4121
2 4121 4122
2 4122 4123
2 4123 4120
2 4124 4125
2 4125 4126
2 4126 4127
2 4127 4124
2 4120 4124
2 4121 4125
2 4122 4126
2 4123 4127
2 4128 4129
2 4129 4130
2 4130 4131
2 4131 4128
2 4132 4133
2 4133 4134
2 4134 4135
2 4135 4132
2 4128 4132
2 4129 4133
2 4130 4134
2 4131 4135
2 4136 4137
2 4137 4138
2 4138 4139
2 4139 4136
2 4140 4141
2 4141 4142
2 4142 4143
2 4143 4140
2 4136 4140
2 4137 4141
2 4138 4142
2 4139 4143
2 4144 4145
2 4145 4146
2 4146 4147
2 4147 4144
2 4148 4149
2 4149 4150
2 4150 4151
2 4151 4148
2 4144 4148
2 4145 4149
2 4146 4150
2 4147 4151
2 4152 4153
2 4153 4154
2 4154 4155
2 4155 4152
2 4156 4157
2 4157 4158
2 4158 4159
2 4159 4156
2 4152 4156
2 4153 4157
2 4154 4158
2 4155 4159
2 4160 4161
2 4161 4162
2 4162 4163
2 4163 4160
2 4164 4165
2 4165 4166
2 4166 4167
2 4167 4164
2 4160 4164
2 4161 4165
2 4162 4166
2 4163 4167
2 4168 4169
2 4169 4170
2 4170 4171
2 4171 4168
2 4172 4173
2 4173 4174
2 4174 4175
2 4175 4172
2 4168 4172
2 4169 4173
2 4170 4174
2 4171 4175
2 4176 4177
2 4177 4178
2 4178 4179
2 4179 4176
2 4180 4181
2 4181 4182
2 4182 4183
2 4183 4180
2 4176 4180
2 4177 4181
2 4178 4182
2 4179 4183
2 4184 4185
2 4185 4186
2 4186 4187
2 4187 4184
2 4188 4189
2 4189 4190
2 4190 4191
2 4191 4188
2 4184 4188
2 4185 4189
2 4186 4190
2 4187 4191
2 4192 4193
2 4193 4194
2 4194 4195
2 4195 4192
2 4196 4197
2 4197 4198
2 4198 4199
2 4199 4196
2 4192 4196
2 4193 4197
2 4194 4198
2 4195 4199
2 4200 4201
2 4201 4202
2 4202 4203
2 4203 4200
2 4204 4205
2 4205 4206
2 4206 4207
2 4207 4204
2 4200 4204
2 4201 4205
2 4202 4206
2 4203 4207
2 4208 4209
2 4209 4210
2 4210 4211
2 4211 4208
2 4212 4213
2 4213 4214
2 4214 4215
2 4215 4212
2 4208 4212
2 4209 4213
2 4210 4214
2 4211 4215
2 4216 4217
2 4217 4218
2 4218 4219
2 4219 4216
2 4220 4221
2 4221 4222
2 4222 4223
2 4223 4220
2 4216 4220
2 4217 4221
2 4218 4222
2 4219 4223
2 4224 4225
2 4225 4226
2 4226 4227
2 4227 4224
2 4228 4229
2 4229 4230
2 4230 4231
2 4231 4228
2 4224 4228
2 4225 4229
2 4226 4230
2 4227 4231
2 4232 4233
2 4233 4234
2 4234 4235
2 4235 4232
2 4236 4237
2 4237 4238
2 4238 4239
2 4239 4236
2 4232 4236
2 4233 4237
2 4234 4238
2 4235 4239
2 4240 4241
2 4241 4242
2 4242 4243
2 4243 4240
2 4244 4245
2 4245 4246
2 4246 4247
2 4247 4244
2 4240 4244
2 4241 4245
2 4242 4246
2 4243 4247
2 4248 4249
2 4249 4250
2 4250 4251
2 4251 4248
2 4252 4253
2 4253 4254
2 4254 4255
2 4255 4252
2 4248 4252
2 4249 4253
2 4250 4254
2 4251 4255
2 4256 4257
2 4257 4258
2 4258 4259
2 4259 4256
2 4260 4261
2 4261 4262
2 4262 4263
2 4263 4260
2 4256 4260
2 4257 4261
2 4258 4262
2 4259 4263
2 4264 4265
2 4265 4266
2 4266 4267
2 4267 4264
2 4268 4269
2 4269 4270
2 4270 4271
2 4271 4268
2 4264 4268
2 4265 4269
2 4266 4270
2 4267 4271
2 4272 4273
2 4273 4274
2 4274 4275
2 4275 4272
2 4276 4277
2 4277 4278
2 4278 4279
2 4279 4276
2 4272 4276
2 4273 4277
2 4274 4278
2 4275 4279
2 4280 4281
2 4281 4282
2 4282 4283
2 4283 4280
2 4284 4285
2 4285 4286
2 4286 4287
2 4287 4284
2 4280 4284
2 4281 4285
2 4282 4286
2 4283 4287
2 4288 4289
2 4289 4290
2 4290 4291
2 4291 4288
2 4292 4293
2 4293 4294
2 4294 4295
2 4295 4292
2 4288 4292
2 4289 4293
2 4290 4294
2 4291 4295
2 4296 4297
2 4297 4298
2 4298 4299
2 4299 4296
2 4300 4301
2 4301 4302
2 4302 4303
2 4303 4300
2 4296 4300
2 4297 4301
2 4298 4302
2 4299 4303
2 4304 4305
2 4305 4306
2 4306 4307
2 4307 4304
2 4308 4309
2 4309 4310
2 4310 4311
2 4311 4308
2 4304 4308
2 4305 4309
2 4306 4310
2 4307 4311
2 4312 4313
2 4313 4314
2 4314 4315
2 4315 4312
2 4316 4317
2 4317 4318
2 4318 4319
2 4319 4316
2 4312 4316
2 4313 4317
2 4314 4318
2 4315 4319
2 4320 4321
2 4321 4322
2 4322 4323
2 4323 4320
2 4324 4325
2 4325 4326
2 4326 4327
2 4327 4324
2 4320 4324
2 4321 4325
2 4322 4326
2 4323 4327
2 4328 4329
2 4329 4330
2 4330 4331
2 4331 4328
2 4332 4333
2 4333 4334
2 4334 4335
2 4335 4332
2 4328 4332
2 4329 4333
2 4330 4334
2 4331 4335
2 4336 4337
2 4337 4338
2 4338 4339
2 4339 4336
2 4340 4341
2 4341 4342
2 4342 4343
2 4343 4340
2 4336 4340
2 4337 4341
2 4338 4342
2 4339 4343
2 4344 4345
2 4345 4346
2 4346 4347
2 4347 4344
2 4348 4349
2 4349 4350
2 4350 4351
2 4351 4348
2 4344 4348
2 4345 4349
2 4346 4350
2 4347 4351
2 4352 4353
2 4353 4354
2 4354 4355
2 4355 4352
2 4356 4357
2 4357 4358
2 4358 4359
2 4359 4356
2 4352 4356
2 4353 4357
2 4354 4358
2 4355 4359
2 4360 4361
2 4361 4362
2 4362 4363
2 4363 4360
2 4364 4365
2 4365 4366
2 4366 4367
2 4367 4364
2 4360 4364
2 4361 4365
2 4362 4366
2 4363 4367
2 4368 4369
2 4369 4370
2 4370 4371
2 4371 4368
2 4372 4373
2 4373 4374
2 4374 4375
2 4375 4372
2 4368 4372
2 4369 4373
2 4370 4374
2 4371 4375
2 4376 4377
2 4377 4378
2 4378 4379
2 4379 4376
2 4380 4381
2 4381 4382
2 4382 4383
2 4383 4380
2 4376 4380
2 4377 4381
2 4378 4382
2 4379 4383
2 4384 4385
2 4385 4386
2 4386 4387
2 4387 4384
2 4388 4389
2 4389 4390
2 4390 4391
2 4391 4388
2 4384 4388
2 4385 4389
2 4386 4390
2 4387 4391
2 4392 4393
2 4393 4394
2 4394 4395
2 4395 4392
2 4396 4397
2 4397 4398
2 4398 4399
2 4399 4396
2 4392 4396
2 4393 4397
2 4394 4398
2 4395 4399
2 4400 4401
2 4401 4402
2 4402 4403
2 4403 4400
2 4404 4405
2 4405 4406
2 4406 4407
2 4407 4404
2 4400 4404
2 4401 4405
2 4402 4406
2 4403 4407
2 4408 4409
2 4409 4410
2 4410 4411
2 4411 4408
2 4412 4413
2 4413 4414
2 4414 4415
2 4415 4412
2 4408 4412
2 4409 4413
2 4410 4414
2 4411 4415
2 4416 4417
2 4417 4418
2 4418 4419
2 4419 4416
2 4420 4421
2 4421 4422
2 4422 4423
2 4423 4420
2 4416 4420
2 4417 4421
2 4418 4422
2 4419 4423
2 4424 4425
2 4425 4426
2 4426 4427
2 4427 4424
2 4428 4429
2 4429 4430
2 4430 4431
2 4431 4428
2 4424 4428
2 4425 4429
2 4426 4430
2 4427 4431
2 4432 4433
2 4433 4434
2 4434 4435
2 4435 4432
2 4436 4437
2 4437 4438
2 4438 4439
2 4439 4436
2 4432 4436
2 4433 4437
2 4434 4438
2 4435 4439
2 4440 4441
2 4441 4442
2 4442 4443
2 4443 4440
2 4444 4445
2 4445 4446
2 4446 4447
2 4447 4444
2 4440 4444
2 4441 4445
2 4442 4446
2 4443 4447
2 4448 4449
2 4449 4450
2 4450 4451
2 4451 4448
2 4452 4453
2 4453 4454
2 4454 4455
2 4455 4452
2 4448 4452
2 4449 4453
2 4450 4454
2 4451 4455
2 4456 4457
2 4457 4458
2 4458 4459
2 4459 4456
2 4460 4461
2 4461 4462
2 4462 4463
2 4463 4460
2 4456 4460
2 4457 4461
2 4458 4462
2 4459 4463
2 4464 4465
2 4465 4466
2 4466 4467
2 4467 4464
2 4468 4469
2 4469 4470
2 4470 4471
2 4471 4468
2 4464 4468
2 4465 4469
2 4466 4470
2 4467 4471
2 4472 4473
2 4473 4474
2 4474 4475
2 4475 4472
2 4476 4477
2 4477 4478
2 4478 4479
2 4479 4476
2 4472 4476
2 4473 4477
2 4474 4478
2 4475 4479
2 4480 4481
2 4481 4482
2 4482 4483
2 4483 4480
2 4484 4485
2 4485 4486
2 4486 4487
2 4487 4484
2 4480 4484
2 4481 4485
2 4482 4486
2 4483 4487
2 4488 4489
2 4489 4490
2 4490 4491
2 4491 4488
2 4492 4493
2 4493 4494
2 4494 4495
2 4495 4492
2 4488 4492
2 4489 4493
2 4490 4494
2 4491 4495
2 4496 4497
2 4497 4498
2 4498 4499
2 4499 4496
2 4500 4501
2 4501 4502
2 4502 4503
2 4503 4500
2 4496 4500
2 4497 4501
2 4498 4502
2 4499 4503
2 4504 4505
2 4505 4506
2 4506 4507
2 4507 4504
2 4508 4509
2 4509 4510
2 4510 4511
2 4511 4508
2 4504 4508
2 4505 4509
2 4506 4510
2 4507 4511
2 4512 4513
2 4513 4514
2 4514 4515
2 4515 4512
2 4516 4517
2 4517 4518
2 4518 4519
2 4519 4516
2 4512 4516
2 4513 4517
2 4514 4518
2 4515 4519
2 4520 4521
2 4521 4522
2 4522 4523
2 4523 4520
2 4524 4525
2 4525 4526
2 4526 4527
2 4527 4524
2 4520 4524
2 4521 4525
2 4522 4526
2 4523 4527
2 4528 4529
2 4529 4530
2 4530 4531
2 4531 4528
2 4532 4533
2 4533 4534
2 4534 4535
2 4535 4532
2 4528 4532
2 4529 4533
2 4530 4534
2 4531 4535
2 4536 4537
2 4537 4538
2 4538 4539
2 4539 4536
2 4540 4541
2 4541 4542
2 4542 4543
2 4543 4540
2 4536 4540
2 4537 4541
2 4538 4542
2 4539 4543
2 4544 4545
2 4545 4546
2 4546 4547
2 4547 4544
2 4548 4549
2 4549 4550
2 4550 4551
2 4551 4548
2 4544 4548
2 4545 4549
2 4546 4550
2 4547 4551
2 4552 4553
2 4553 4554
2 4554 4555
2 4555 4552
2 4556 4557
2 4557 4558
2 4558 4559
2 4559 4556
2 4552 4556
2 4553 4557
2 4554 4558
2 4555 4559
2 4560 4561
2 4561 4562
2 4562 4563
2 4563 4560
2 4564 4565
2 4565 4566
2 4566 4567
2 4567 4564
2 4560 4564
2 4561 4565
2 4562 4566
2 4563 4567
2 4568 4569
2 4569 4570
2 4570 4571
2 4571 4568
2 4572 4573
2 4573 4574
2 4574 4575
2 4575 4572
2 4568 4572
2 4569 4573
2 4570 4574
2 4571 4575
2 4576 4577
2 4577 4578
2 4578 4579
2 4579 4576
2 4580 4581
2 4581 4582
2 4582 4583
2 4583 4580
2 4576 4580
2 4577 4581
2 4578 4582
2 4579 4583
2 4584 4585
2 4585 4586
2 4586 4587
2 4587 4584
2 4588 4589
2 4589 4590
2 4590 4591
2 4591 4588
2 4584 4588
2 4585 4589
2 4586 4590
2 4587 4591
2 4592 4593
2 4593 4594
2 4594 4595
2 4595 4592
2 4596 4597
2 4597 4598
2 4598 4599
2 4599 4596
2 4592 4596
2 4593 4597
2 4594 4598
2 4595 4599
2 4600 4601
2 4601 4602
2 4602 4603
2 4603 4600
2 4604 4605
2 4605 4606
2 4606 4607
2 4607 4604
2 4600 4604
2 4601 4605
2 4602 4606
2 4603 4607
2 4608 4609
2 4609 4610
2 4610 4611
2 4611 4608
2 4612 4613
2 4613 4614
2 4614 4615
2 4615 4612
2 4608 4612
2 4609 4613
2 4610 4614
2 4611 4615
2 4616 4617
2 4617 4618
2 4618 4619
2 4619 4616
2 4620 4621
2 4621 4622
2 4622 4623
2 4623 4620
2 4616 4620
2 4617 4621
2 4618 4622
2 4619 4623
2 4624 4625
2 4625 4626
2 4626 4627
2 4627 4624
2 4628 4629
2 4629 4630
2 4630 4631
2 4631 4628
2 4624 4628
2 4625 4629
2 4626 4630
2 4627 4631
2 4632 4633
2 4633 4634
2 4634 4635
2 4635 4632
2 4636 4637
2 4637 4638
2 4638 4639
2 4639 4636
2 4632 4636
2 4633 4637
2 4634 4638
2 4635 4639
2 4640 4641
2 4641 4642
2 4642 4643
2 4643 4640
2 4644 4645
2 4645 4646
2 4646 4647
2 4647 4644
2 4640 4644
2 4641 4645
2 4642 4646
2 4643 4647
2 4648 4649
2 4649 4650
2 4650 4651
2 4651 4648
2 4652 4653
2 4653 4654
2 4654 4655
2 4655 4652
2 4648 4652
2 4649 4653
2 4650 4654
2 4651 4655
2 4656 4657
2 4657 4658
2 4658 4659
2 4659 4656
2 4660 4661
2 4661 4662
2 4662 4663
2 4663 4660
2 4656 4660
2 4657 4661
2 4658 4662
2 4659 4663
2 4664 4665
2 4665 4666
2 4666 4667
2 4667 4664
2 4668 4669
2 4669 4670
2 4670 4671
2 4671 4668
2 4664 4668
2 4665 4669
2 4666 4670
2 4667 4671
2 4672 4673
2 4673 4674
2 4674 4675
2 4675 4672
2 4676 4677
2 4677 4678
2 4678 4679
2 4679 4676
2 4672 4676
2 4673 4677
2 4674 4678
2 4675 4679
2 4680 4681
2 4681 4682
2 4682 4683
2 4683 4680
2 4684 4685
2 4685 4686
2 4686 4687
2 4687 4684
2 4680 4684
2 4681 4685
2 4682 4686
2 4683 4687
2 4688 4689
2 4689 4690
2 4690 4691
2 4691 4688
2 4692 4693
2 4693 4694
2 4694 4695
2 4695 4692
2 4688 4692
2 4689 4693
2 4690 4694
2 4691 4695
2 4696 4697
2 4697 4698
2 4698 4699
2 4699 4696
2 4700 4701
2 4701 4702
2 4702 4703
2 4703 4700
2 4696 4700
2 4697 4701
2 4698 4702
2 4699 4703
2 4704 4705
2 4705 4706
2 4706 4707
2 4707 4704
2 4708 4709
2 4709 4710
2 4710 4711
2 4711 4708
2 4704 4708
2 4705 4709
2 4706 4710
2 4707 4711
2 4712 4713
2 4713 4714
2 4714 4715
2 4715 4712
2 4716 4717
2 4717 4718
2 4718 4719
2 4719 4716
2 4712 4716
2 4713 4717
2 4714 4718
2 4715 4719
2 4720 4721
2 4721 4722
2 4722 4723
2 4723 4720
2 4724 4725
2 4725 4726
2 4726 4727
2 4727 4724
2 4720 4724
2 4721 4725
2 4722 4726
2 4723 4727
2 4728 4729
2 4729 4730
2 4730 4731
2 4731 4728
2 4732 4733
2 4733 4734
2 4734 4735
2 4735 4732
2 4728 4732
2 4729 4733
2 4730 4734
2 4731 4735
2 4736 4737
2 4737 4738
2 4738 4739
2 4739 4736
2 4740 4741
2 4741 4742
2 4742 4743
2 4743 4740
2 4736 4740
2 4737 4741
2 4738 4742
2 4739 4743
2 4744 4745
2 4745 4746
2 4746 4747
2 4747 4744
2 4748 4749
2 4749 4750
2 4750 4751
2 4751 4748
2 4744 4748
2 4745 4749
2 4746 4750
2 4747 4751
2 4752 4753
2 4753 4754
2 4754 4755
2 4755 4752
2 4756 4757
2 4757 4758
2 4758 4759
2 4759 4756
2 4752 4756
2 4753 4757
2 4754 4758
2 4755 4759
2 4760 4761
2 4761 4762
2 4762 4763
2 4763 4760
2 4764 4765
2 4765 4766
2 4766 4767
2 4767 4764
2 4760 4764
2 4761 4765
2 4762 4766
2 4763 4767
2 4768 4769
2 4769 4770
2 4770 4771
2 4771 4768
2 4772 4773
2 4773 4774
2 4774 4775
2 4775 4772
2 4768 4772
2 4769 4773
2 4770 4774
2 4771 4775
2 4776 4777
2 4777 4778
2 4778 4779
2 4779 4776
2 4780 4781
2 4781 4782
2 4782 4783
2 4783 4780
2 4776 4780
2 4777 4781
2 4778 4782
2 4779 4783
2 4784 4785
2 4785 4786
2 4786 4787
2 4787 4784
2 4788 4789
2 4789 4790
2 4790 4791
2 4791 4788
2 4784 4788
2 4785 4789
2 4786 4790
2 4787 4791
2 4792 4793
2 4793 4794
2 4794 4795
2 4795 4792
2 4796 4797
2 4797 4798
2 4798 4799
2 4799 4796
2 4792 4796
2 4793 4797
2 4794 4798
2 4795 4799
2 4800 4801
2 4801 4802
2 4802 4803
2 4803 4800
2 4804 4805
2 4805 4806
2 4806 4807
2 4807 4804
2 4800 4804
2 4801 4805
2 4802 4806
2 4803 4807
2 4808 4809
2 4809 4810
2 4810 4811
2 4811 4808
2 4812 4813
2 4813 4814
2 4814 4815
2 4815 4812
2 4808 4812
2 4809 4813
2 4810 4814
2 4811 4815
2 4816 4817
2 4817 4818
2 4818 4819
2 4819 4816
2 4820 4821
2 4821 4822
2 4822 4823
2 4823 4820
2 4816 4820
2 4817 4821
2 4818 4822
2 4819 4823
2 4824 4825
2 4825 4826
2 4826 4827
2 4827 4824
2 4828 4829
2 4829 4830
2 4830 4831
2 4831 4828
2 4824 4828
2 4825 4829
2 4826 4830
2 4827 4831
2 4832 4833
2 4833 4834
2 4834 4835
2 4835 4832
2 4836 4837
2 4837 4838
2 4838 4839
2 4839 4836
2 4832 4836
2 4833 4837
2 4834 4838
2 4835 4839
2 4840 4841
2 4841 4842
2 4842 4843
2 4843 4840
2 4844 4845
2 4845 4846
2 4846 4847
2 4847 4844
2 4840 4844
2 4841 4845
2 4842 4846
2 4843 4847
2 4848 4849
2 4849 4850
2 4850 4851
2 4851 4848
2 4852 4853
2 4853 4854
2 4854 4855
2 4855 4852
2 4848 4852
2 4849 4853
2 4850 4854
2 4851 4855
2 4856 4857
2 4857 4858
2 4858 4859
2 4859 4856
2 4860 4861
2 4861 4862
2 4862 4863
2 4863 4860
2 4856 4860
2 4857 4861
2 4858 4862
2 4859 4863
2 4864 4865
2 4865 4866
2 4866 4867
2 4867 4864
2 4868 4869
2 4869 4870
2 4870 4871
2 4871 4868
2 4864 4868
2 4865 4869
2 4866 4870
2 4867 4871
2 4872 4873
2 4873 4874
2 4874 4875
2 4875 4872
2 4876 4877
2 4877 4878
2 4878 4879
2 4879 4876
2 4872 4876
2 4873 4877
2 4874 4878
2 4875 4879
2 4880 4881
2 4881 4882
2 4882 4883
2 4883 4880
2 4884 4885
2 4885 4886
2 4886 4887
2 4887 4884
2 4880 4884
2 4881 4885
2 4882 4886
2 4883 4887
2 4888 4889
2 4889 4890
2 4890 4891
2 4891 4888
2 4892 4893
2 4893 4894
2 4894 4895
2 4895 4892
2 4888 4892
2 4889 4893
2 4890 4894
2 4891 4895
2 4896 4897
2 4897 4898
2 4898 4899
2 4899 4896
2 4900 4901
2 4901 4902
2 4902 4903
2 4903 4900
2 4896 4900
2 4897 4901
2 4898 4902
2 4899 4903
2 4904 4905
2 4905 4906
2 4906 4907
2 4907 4904
2 4908 4909
2 4909 4910
2 4910 4911
2 4911 4908
2 4904 4908
2 4905 4909
2 4906 4910
2 4907 4911
2 4912 4913
2 4913 4914
2 4914 4915
2 4915 4912
2 4916 4917
2 4917 4918
2 4918 4919
2 4919 4916
2 4912 4916
2 4913 4917
2 4914 4918
2 4915 4919
2 4920 4921
2 4921 4922
2 4922 4923
2 4923 4920
2 4924 4925
2 4925 4926
2 4926 4927
2 4927 4924
2 4920 4924
2 4921 4925
2 4922 4926
2 4923 4927
2 4928 4929
2 4929 4930
2 4930 4931
2 4931 4928
2 4932 4933
2 4933 4934
2 4934 4935
2 4935 4932
2 4928 4932
2 4929 4933
2 4930 4934
2 4931 4935
2 4936 4937
2 4937 4938
2 4938 4939
2 4939 4936
2 4940 4941
2 4941 4942
2 4942 4943
2 4943 4940
2 4936 4940
2 4937 4941
2 4938 4942
2 4939 4943
2 4944 4945
2 4945 4946
2 4946 4947
2 4947 4944
2 4948 4949
2 4949 4950
2 4950 4951
2 4951 4948
2 4944 4948
2 4945 4949
2 4946 4950
2 4947 4951
2 4952 4953
2 4953 4954
2 4954 4955
2 4955 4952
2 4956 4957
2 4957 4958
2 4958 4959
2 4959 4956
2 4952 4956
2 4953 4957
2 4954 4958
2 4955 4959
2 4960 4961
2 4961 4962
2 4962 4963
2 4963 4960
2 4964 4965
2 4965 4966
2 4966 4967
2 4967 4964
2 4960 4964
2 4961 4965
2 4962 4966
2 4963 4967
2 4968 4969
2 4969 4970
2 4970 4971
2 4971 4968
2 4972 4973
2 4973 4974
2 4974 4975
2 4975 4972
2 4968 4972
2 4969 4973
2 4970 4974
2 4971 4975
2 4976 4977
2 4977 4978
2 4978 4979
2 4979 4976
2 4980 4981
2 4981 4982
2 4982 4983
2 4983 4980
2 4976 4980
2 4977 4981
2 4978 4982
2 4979 4983
2 4984 4985
2 4985 4986
2 4986 4987
2 4987 4984
2 4988 4989
2 4989 4990
2 4990 4991
2 4991 4988
2 4984 4988
2 4985 4989
2 4986 4990
2 4987 4991
2 4992 4993
2 4993 4994
2 4994 4995
2 4995 4992
2 4996 4997
2 4997 4998
2 4998 4999
2 4999 4996
2 4992 4996
2 4993 4997
2 4994 4998
2 4995 4999
2 5000 5001
2 5001 5002
2 5002 5003
2 5003 5000
2 5004 5005
2 5005 5006
2 5006 5007
2 5007 5004
2 5000 5004
2 5001 5005
2 5002 5006
2 5003 5007
2 5008 5009
2 5009 5010
2 5010 5011
2 5011 5008
2 5012 5013
2 5013 5014
2 5014 5015
2 5015 5012
2 5008 5012
2 5009 5013
2 5010 5014
2 5011 5015
2 5016 5017
2 5017 5018
2 5018 5019
2 5019 5016
2 5020 5021
2 5021 5022
2 5022 5023
2 5023 5020
2 5016 5020
2 5017 5021
2 5018 5022
2 5019 5023
2 5024 5025
2 5025 5026
2 5026 5027
2 5027 5024
2 5028 5029
2 5029 5030
2 5030 5031
2 5031 5028
2 5024 5028
2 5025 5029
2 5026 5030
2 5027 5031
2 5032 5033
2 5033 5034
2 5034 5035
2 5035 5032
2 5036 5037
2 5037 5038
2 5038 5039
2 5039 5036
2 5032 5036
2 5033 5037
2 5034 5038
2 5035 5039
2 5040 5041
2 5041 5042
2 5042 5043
2 5043 5040
2 5044 5045
2 5045 5046
2 5046 5047
2 5047 5044
2 5040 5044
2 5041 5045
2 5042 5046
2 5043 5047
2 5048 5049
2 5049 5050
2 5050 5051
2 5051 5048
2 5052 5053
2 5053 5054
2 5054 5055
2 5055 5052
2 5048 5052
2 5049 5053
2 5050 5054
2 5051 5055
2 5056 5057
2 5057 5058
2 5058 5059
2 5059 5056
2 5060 5061
2 5061 5062
2 5062 5063
2 5063 5060
2 5056 5060
2 5057 5061
2 5058 5062
2 5059 5063
2 5064 5065
2 5065 5066
2 5066 5067
2 5067 5064
2 5068 5069
2 5069 5070
2 5070 5071
2 5071 5068
2 5064 5068
2 5065 5069
2 5066 5070
2 5067 5071
2 5072 5073
2 5073 5074
2 5074 5075
2 5075 5072
2 5076 5077
2 5077 5078
2 5078 5079
2 5079 5076
2 5072 5076
2 5073 5077
2 5074 5078
2 5075 5079
2 5080 5081
2 5081 5082
2 5082 5083
2 5083 5080
2 5084 5085
2 5085 5086
2 5086 5087
2 5087 5084
2 5080 5084
2 5081 5085
2 5082 5086
2 5083 5087
2 5088 5089
2 5089 5090
2 5090 5091
2 5091 5088
2 5092 5093
2 5093 5094
2 5094 5095
2 5095 5092
2 5088 5092
2 5089 5093
2 5090 5094
2 5091 5095
2 5096 5097
2 5097 5098
2 5098 5099
2 5099 5096
2 5100 5101
2 5101 5102
2 5102 5103
2 5103 5100
2 5096 5100
2 5097 5101
2 5098 5102
2 5099 5103
2 5104 5105
2 5105 5106
2 5106 5107
2 5107 5104
2 5108 5109
2 5109 5110
2 5110 5111
2 5111 5108
2 5104 5108
2 5105 5109
2 5106 5110
2 5107 5111
2 5112 5113
2 5113 5114
2 5114 5115
2 5115 5112
2 5116 5117
2 5117 5118
2 5118 5119
2 5119 5116
2 5112 5116
2 5113 5117
2 5114 5118
2 5115 5119
2 5120 5121
2 5122 5123
2 5124 5125
2 5126 5127
2 5128 5129
2 5130 5131
2 5132 5133
2 5134 5135
2 5136 5137
2 5138 5139
2 5140 5141
2 5142 5143
2 5144 5145
2 5146 5147
2 5148 5149
2 5150 5151
2 5152 5153
2 5154 5155
2 5156 5157
2 5158 5159
2 5160 5161
2 5162 5163
2 5164 5165
2 5166 5167
2 5168 5169
2 5170 5171
2 5172 5173
2 5174 5175
2 5176 5177
2 5178 5179
2 5180 5181
2 5182 5183
2 5184 5185
2 5186 5187
2 5188 5189
2 5190 5191
2 5192 5193
2 5194 5195
2 5196 5197
2 5198 5199
2 5200 5201
2 5202 5203
2 5204 5205
2 5206 5207
2 5208 5209
2 5210 5211
2 5212 5213
2 5214 5215
2 5216 5217
2 5218 5219
2 5220 5221
2 5222 5223
2 5224 5225
2 5226 5227
2 5228 5229
2 5230 5231
2 5232 5233
2 5234 5235
2 5236 5237
2 5238 5239
2 5240 5241
2 5242 5243
2 5244 5245
2 5246 5247
2 5248 5249
2 5250 5251
2 5252 5253
2 5254 5255
2 5256 5257
2 5258 5259
2 5260 5261
2 5262 5263
2 5264 5265
2 5266 5267
2 5268 5269
2 5270 5271
2 5272 5273
2 5274 5275
2 5276 5277
2 5278 5279
2 5280 5281
2 5282 5283
2 5284 5285
2 5286 5287
2 5288 5289
2 5290 5291
2 5292 5293
2 5294 5295
2 5296 5297
2 5298 5299
2 5300 5301
2 5302 5303
2 5304 5305
2 5306 5307
2 5308 5309
2 5310 5311
2 5312 5313
2 5314 5315
2 5316 5317
2 5318 5319
2 5320 5321
2 5322 5323
2 5324 5325
2 5326 5327
2 5328 5329
2 5330 5331
2 5332 5333
2 5334 5335
2 5336 5337
2 5338 5339
2 5340 5341
2 5342 5343
2 5344 5345
2 5346 5347
2 5348 5349
2 5350 5351
2 5352 5353
2 5354 5355
2 5356 5357
2 5358 5359
2 5360 5361
2 5362 5363
2 5364 5365
2 5366 5367
2 5368 5369
2 5370 5371
2 5372 5373
2 5374 5375
2 5376 5377
2 5378 5379
2 5380 5381
2 5382 5383
2 5384 5385
2 5386 5387
2 5388 5389
2 5390 5391
2 5392 5393
2 5394 5395
2 5396 5397
2 5398 5399
2 5400 5401
2 5402 5403
2 5404 5405
2 5406 5407
2 5408 5409
2 5410 5411
2 5412 5413
2 5414 5415
2 5416 5417
2 5418 5419
2 5420 5421
2 5422 5423
2 5424 5425
2 5426 5427
2 5428 5429
2 5430 5431
2 5432 5433
2 5434 5435
2 5436 5437
2 5438 5439
2 5440 5441
2 5442 5443
2 5444 5445
2 5446 5447
2 5448 5449
2 5450 5451
2 5452 5453
2 5454 5455
2 5456 5457
2 5458 5459
2 5460 5461
2 5462 5463
2 5464 5465
2 5466 5467
2 5468 5469
2 5470 5471
2 5472 5473
2 5474 5475
CELL_DATA 7858
SCALARS host_volume_fraction float 1
LOOKUP_TABLE default
0.660849661159
0.660849661159
0.660849661159
0.660849661159
0.660849661159
0.660849661159
0.660849661159
0.660849661159
0.660849661159
0.660849661159
0.660849661159
0.660849661159
0.819044497744
0.819044497744
0.819044497744
0.819044497744
0.819044497744
0.819044497744
0.819044497744
0.819044497744
0.819044497744
0.819044497744
0.819044497744
0.819044497744
0.819044497744
0.819044497744
0.819044497744
0.819044497744
0.819044497744
0.819044497744
0.819044497744
0.819044497744
0.819044497744
0.819044497744
0.819044497744
0.819044497744
0.66084966141
0.66084966141
0.66084966141
0.66084966141
0.66084966141
0.66084966141
0.66084966141
0.66084966141
0.66084966141
0.66084966141
0.66084966141
0.66084966141
0.66084966141
0.66084966141
0.66084966141
0.66084966141
0.66084966141
0.66084966141
0.66084966141
0.66084966141
0.66084966141
0.66084966141
0.66084966141
0.66084966141
0.819044497744
0.819044497744
0.819044497744
0.819044497744
0.819044497744
0.819044497744
0.819044497744
0.819044497744
0.819044497744
0.819044497744
0.819044497744
0.819044497744
0.819044497744
0.819044497744
0.819044497744
0.819044497744
0.819044497744
0.819044497744
0.819044497744
0.819044497744
0.819044497744
0.819044497744
0.819044497744
0.819044497744
0.66084966141
0.66084966141
0.66084966141
0.66084966141
0.66084966141
0.66084966141
0.66084966141
0.66084966141
0.66084966141
0.66084966141
0.66084966141
0.66084966141
0.66084966141
0.66084966141
0.66084966141
0.66084966141
0.66084966141
0.66084966141
0.66084966141
0.66084966141
0.66084966141
0.66084966141
0.66084966141
0.66084966141
0.819044497744
0.819044497744
0.819044497744
0.819044497744
0.819044497744
0.819044497744
0.819044497744
0.819044497744
0.819044497744
0.819044497744
0.819044497744
0.819044497744
0.819044497744
0.819044497744
0.819044497744
0.819044497744
0.819044497744
0.819044497744
0.819044497744
0.819044497744
0.819044497744
0.819044497744
0.819044497744
0.819044497744
0.66084966141
0.66084966141
0.66084966141
0.66084966141
0.66084966141
0.66084966141
0.66084966141
0.66084966141
0.66084966141
0.66084966141
0.66084966141
0.66084966141
0.66084966141
0.66084966141
0.66084966141
0.66084966141
0.66084966141
0.66084966141
0.66084966141
0.66084966141
0.66084966141
0.66084966141
0.66084966141
0.66084966141
0.819044497744
0.819044497744
0.819044497744
0.819044497744
0.819044497744
0.819044497744
0.819044497744
0.819044497744
0.819044497744
0.819044497744
0.819044497744
0.819044497744
0.819044497744
0.819044497744
0.819044497744
0.819044497744
0.819044497744
0.819044497744
0.819044497744
0.819044497744
0.819044497744
0.819044497744
0.819044497744
0.819044497744
0.66084966141
0.66084966141
0.66084966141
0.66084966141
0.66084966141
0.66084966141
0.66084966141
0.66084966141
0.66084966141
0.66084966141
0.66084966141
0.66084966141
0.66084966141
0.66084966141
0.66084966141
0.66084966141
0.66084966141
0.66084966141
0.66084966141
0.66084966141
0.66084966141
0.66084966141
0.66084966141
0.66084966141
0.819044497744
0.819044497744
0.819044497744
0.819044497744
0.819044497744
0.819044497744
0.819044497744
0.819044497744
0.819044497744
0.819044497744
0.819044497744
0.819044497744
0.819044497744
0.819044497744
0.819044497744
0.819044497744
0.819044497744
0.819044497744
0.819044497744
0.819044497744
0.819044497744
0.819044497744
0.819044497744
0.819044497744
0.66084966141
0.66084966141
0.66084966141
0.66084966141
0.66084966141
0.66084966141
0.66084966141
0.66084966141
0.66084966141
0.66084966141
0.66084966141
0.66084966141
0.66084966141
0.66084966141
0.66084966141
0.66084966141
0.66084966141
0.66084966141
0.66084966141
0.66084966141
0.66084966141
0.66084966141
0.66084966141
0.66084966141
0.819044497744
0.819044497744
0.819044497744
0.819044497744
0.819044497744
0.819044497744
0.819044497744
0.819044497744
0.819044497744
0.819044497744
0.819044497744
0.819044497744
0.819044497744
0.819044497744
0.819044497744
0.819044497744
0.819044497744
0.819044497744
0.819044497744
0.819044497744
0.819044497744
0.819044497744
0.819044497744
0.819044497744
0.66084966141
0.66084966141
0.66084966141
0.66084966141
0.66084966141
0.66084966141
0.66084966141
0.66084966141
0.66084966141
0.66084966141
0.66084966141
0.66084966141
0.66084966141
0.66084966141
0.66084966141
0.66084966141
0.66084966141
0.66084966141
0.66084966141
0.66084966141
0.66084966141
0.66084966141
0.66084966141
0.66084966141
0.819044497744
0.819044497744
0.819044497744
0.819044497744
0.819044497744
0.819044497744
0.819044497744
0.819044497744
0.819044497744
0.819044497744
0.819044497744
0.819044497744
0.819044497744
0.819044497744
0.819044497744
0.819044497744
0.819044497744
0.819044497744
0.819044497744
0.819044497744
0.819044497744
0.819044497744
0.819044497744
0.819044497744
0.66084966141
0.66084966141
0.66084966141
0.66084966141
0.66084966141
0.66084966141
0.66084966141
0.66084966141
0.66084966141
0.66084966141
0.66084966141
0.66084966141
0.66084966141
0.66084966141
0.66084966141
0.66084966141
0.66084966141
0.66084966141
0.66084966141
0.66084966141
0.66084966141
0.66084966141
0.66084966141
0.66084966141
0.819044497744
0.819044497744
0.819044497744
0.819044497744
0.819044497744
0.819044497744
0.819044497744
0.819044497744
0.819044497744
0.819044497744
0.819044497744
0.819044497744
0.819044497744
0.819044497744
0.819044497744
0.819044497744
0.819044497744
0.819044497744
0.819044497744
0.819044497744
0.819044497744
0.819044497744
0.819044497744
0.819044497744
0.66084966141
0.66084966141
0.66084966141
0.66084966141
0.66084966141
0.66084966141
0.66084966141
0.66084966141
0.66084966141
0.66084966141
0.66084966141
0.66084966141
0.66084966141
0.66084966141
0.66084966141
0.66084966141
0.66084966141
0.66084966141
0.66084966141
0.66084966141
0.66084966141
0.66084966141
0.66084966141
0.66084966141
0.819044497744
0.819044497744
0.819044497744
0.819044497744
0.819044497744
0.819044497744
0.819044497744
0.819044497744
0.819044497744
0.819044497744
0.819044497744
0.819044497744
0.819044497744
0.819044497744
0.819044497744
0.819044497744
0.819044497744
0.819044497744
0.819044497744
0.819044497744
0.819044497744
0.819044497744
0.819044497744
0.819044497744
0.66084966141
0.66084966141
0.66084966141
0.66084966141
0.66084966141
0.66084966141
0.66084966141
0.66084966141
0.66084966141
0.66084966141
0.66084966141
0.66084966141
0.66084966141
0.66084966141
0.66084966141
0.66084966141
0.66084966141
0.66084966141
0.66084966141
0.66084966141
0.66084966141
0.66084966141
0.66084966141
0.66084966141
0.819044497744
0.819044497744
0.819044497744
0.819044497744
0.819044497744
0.819044497744
0.819044497744
0.819044497744
0.819044497744
0.819044497744
0.819044497744
0.819044497744
0.819044497744
0.819044497744
0.819044497744
0.819044497744
0.819044497744
0.819044497744
0.819044497744
0.819044497744
0.819044497744
0.819044497744
0.819044497744
0.819044497744
0.660849661159
0.660849661159
0.660849661159
0.660849661159
0.660849661159
0.660849661159
0.660849661159
0.660849661159
0.660849661159
0.660849661159
0.660849661159
0.660849661159
0.552666435194
0.552666435194
0.552666435194
0.552666435194
0.552666435194
0.552666435194
0.552666435194
0.552666435194
0.552666435194
0.552666435194
0.552666435194
0.552666435194
1.10533287039
1.10533287039
1.10533287039
1.10533287039
1.10533287039
1.10533287039
1.10533287039
1.10533287039
1.10533287039
1.10533287039
1.10533287039
1.10533287039
1.10533287039
1.10533287039
1.10533287039
1.10533287039
1.10533287039
1.10533287039
1.10533287039
1.10533287039
1.10533287039
1.10533287039
1.10533287039
1.10533287039
0.552666435194
0.552666435194
0.552666435194
0.552666435194
0.552666435194
0.552666435194
0.552666435194
0.552666435194
0.552666435194
0.552666435194
0.552666435194
0.552666435194
0.552666435194
0.552666435194
0.552666435194
0.552666435194
0.552666435194
0.552666435194
0.552666435194
0.552666435194
0.552666435194
0.552666435194
0.552666435194
0.552666435194
1.10533287039
1.10533287039
1.10533287039
1.10533287039
1.10533287039
1.10533287039
1.10533287039
1.10533287039
1.10533287039
1.10533287039
1.10533287039
1.10533287039
1.10533287039
1.10533287039
1.10533287039
1.10533287039
1.10533287039
1.10533287039
1.10533287039
1.10533287039
1.10533287039
1.10533287039
1.10533287039
1.10533287039
0.552666435194
0.552666435194
0.552666435194
0.552666435194
0.552666435194
0.552666435194
0.552666435194
0.552666435194
0.552666435194
0.552666435194
0.552666435194
0.552666435194
0.552666435194
0.552666435194
0.552666435194
0.552666435194
0.552666435194
0.552666435194
0.552666435194
0.552666435194
0.552666435194
0.552666435194
0.552666435194
0.552666435194
1.10533287039
1.10533287039
1.10533287039
1.10533287039
1.10533287039
1.10533287039
1.10533287039
1.10533287039
1.10533287039
1.10533287039
1.10533287039
1.10533287039
1.10533287039
1.10533287039
1.10533287039
1.10533287039
1.10533287039
1.10533287039
1.10533287039
1.10533287039
1.10533287039
1.10533287039
1.10533287039
1.10533287039
0.552666435194
0.552666435194
0.552666435194
0.552666435194
0.552666435194
0.552666435194
0.552666435194
0.552666435194
0.552666435194
0.552666435194
0.552666435194
0.552666435194
0.552666435194
0.552666435194
0.552666435194
0.552666435194
0.552666435194
0.552666435194
0.552666435194
0.552666435194
0.552666435194
0.552666435194
0.552666435194
0.552666435194
1.10533287039
1.10533287039
1.10533287039
1.10533287039
1.10533287039
1.10533287039
1.10533287039
1.10533287039
1.10533287039
1.10533287039
1.10533287039
1.10533287039
1.10533287039
1.10533287039
1.10533287039
1.10533287039
1.10533287039
1.10533287039
1.10533287039
1.10533287039
1.10533287039
1.10533287039
1.10533287039
1.10533287039
0.552666435194
0.552666435194
0.552666435194
0.552666435194
0.552666435194
0.552666435194
0.552666435194
0.552666435194
0.552666435194
0.552666435194
0.552666435194
0.552666435194
0.552666435194
0.552666435194
0.552666435194
0.552666435194
0.552666435194
0.552666435194
0.552666435194
0.552666435194
0.552666435194
0.552666435194
0.552666435194
0.552666435194
1.10533287039
1.10533287039
1.10533287039
1.10533287039
1.10533287039
1.10533287039
1.10533287039
1.10533287039
1.10533287039
1.10533287039
1.10533287039
1.10533287039
1.10533287039
1.10533287039
1.10533287039
1.10533287039
1.10533287039
1.10533287039
1.10533287039
1.10533287039
1.10533287039
1.10533287039
1.10533287039
1.10533287039
0.552666435194
0.552666435194
0.552666435194
0.552666435194
0.552666435194
0.552666435194
0.552666435194
0.552666435194
0.552666435194
0.552666435194
0.552666435194
0.552666435194
0.552666435194
0.552666435194
0.552666435194
0.552666435194
0.552666435194
0.552666435194
0.552666435194
0.552666435194
0.552666435194
0.552666435194
0.552666435194
0.552666435194
1.10533287039
1.10533287039
1.10533287039
1.10533287039
1.10533287039
1.10533287039
1.10533287039
1.10533287039
1.10533287039
1.10533287039
1.10533287039
1.10533287039
1.10533287039
1.10533287039
1.10533287039
1.10533287039
1.10533287039
1.10533287039
1.10533287039
1.10533287039
1.10533287039
1.10533287039
1.10533287039
1.10533287039
0.552666435194
0.552666435194
0.552666435194
0.552666435194
0.552666435194
0.552666435194
0.552666435194
0.552666435194
0.552666435194
0.552666435194
0.552666435194
0.552666435194
0.552666435194
0.552666435194
0.552666435194
0.552666435194
0.552666435194
0.552666435194
0.552666435194
0.552666435194
0.552666435194
0.552666435194
0.552666435194
0.552666435194
1.10533287039
1.10533287039
1.10533287039
1.10533287039
1.10533287039
1.10533287039
1.10533287039
1.10533287039
1.10533287039
1.10533287039
1.10533287039
1.10533287039
1.10533287039
1.10533287039
1.10533287039
1.10533287039
1.10533287039
1.10533287039
1.10533287039
1.10533287039
1.10533287039
1.10533287039
1.10533287039
1.10533287039
0.552666435194
0.552666435194
0.552666435194
0.552666435194
0.552666435194
0.552666435194
0.552666435194
0.552666435194
0.552666435194
0.552666435194
0.552666435194
0.552666435194
0.552666435194
0.552666435194
0.552666435194
0.552666435194
0.552666435194
0.552666435194
0.552666435194
0.552666435194
0.552666435194
0.552666435194
0.552666435194
0.552666435194
1.10533287039
1.10533287039
1.10533287039
1.10533287039
1.10533287039
1.10533287039
1.10533287039
1.10533287039
1.10533287039
1.10533287039
1.10533287039
1.10533287039
1.10533287039
1.10533287039
1.10533287039
1.10533287039
1.10533287039
1.10533287039
1.10533287039
1.10533287039
1.10533287039
1.10533287039
1.10533287039
1.10533287039
0.552666435194
0.552666435194
0.552666435194
0.552666435194
0.552666435194
0.552666435194
0.552666435194
0.552666435194
0.552666435194
0.552666435194
0.552666435194
0.552666435194
0.552666435194
0.552666435194
0.552666435194
0.552666435194
0.552666435194
0.552666435194
0.552666435194
0.552666435194
0.552666435194
0.552666435194
0.552666435194
0.552666435194
1.10533287039
1.10533287039
1.10533287039
1.10533287039
1.10533287039
1.10533287039
1.10533287039
1.10533287039
1.10533287039
1.10533287039
1.10533287039
1.10533287039
1.10533287039
1.10533287039
1.10533287039
1.10533287039
1.10533287039
1.10533287039
1.10533287039
1.10533287039
1.10533287039
1.10533287039
1.10533287039
1.10533287039
0.552666435194
0.552666435194
0.552666435194
0.552666435194
0.552666435194
0.552666435194
0.552666435194
0.552666435194
0.552666435194
0.552666435194
0.552666435194
0.552666435194
0.552666435194
0.552666435194
0.552666435194
0.552666435194
0.552666435194
0.552666435194
0.552666435194
0.552666435194
0.552666435194
0.552666435194
0.552666435194
0.552666435194
1.10533287039
1.10533287039
1.10533287039
1.10533287039
1.10533287039
1.10533287039
1.10533287039
1.10533287039
1.10533287039
1.10533287039
1.10533287039
1.10533287039
1.10533287039
1.10533287039
1.10533287039
1.10533287039
1.10533287039
1.10533287039
1.10533287039
1.10533287039
1.10533287039
1.10533287039
1.10533287039
1.10533287039
0.552666435194
0.552666435194
0.552666435194
0.552666435194
0.552666435194
0.552666435194
0.552666435194
0.552666435194
0.552666435194
0.552666435194
0.552666435194
0.552666435194
1.00530964965
1.00530964965
1.00530964965
1.00530964965
1.00530964965
1.00530964965
1.00530964965
1.00530964965
1.00530964965
1.00530964965
1.00530964965
1.00530964965
1.00530965015
1.00530965015
1.00530965015
1.00530965015
1.00530965015
1.00530965015
1.00530965015
1.00530965015
1.00530965015
1.00530965015
1.00530965015
1.00530965015
1.00530965015
1.00530965015
1.00530965015
1.00530965015
1.00530965015
1.00530965015
1.00530965015
1.00530965015
1.00530965015
1.00530965015
1.00530965015
1.00530965015
1.00530965015
1.00530965015
1.00530965015
1.00530965015
1.00530965015
1.00530965015
1.00530965015
1.00530965015
1.00530965015
1.00530965015
1.00530965015
1.00530965015
1.00530965015
1.00530965015
1.00530965015
1.00530965015
1.00530965015
1.00530965015
1.00530965015
1.00530965015
1.00530965015
1.00530965015
1.00530965015
1.00530965015
1.00530965015
1.00530965015
1.00530965015
1.00530965015
1.00530965015
1.00530965015
1.00530965015
1.00530965015
1.00530965015
1.00530965015
1.00530965015
1.00530965015
1.00530965015
1.00530965015
1.00530965015
1.00530965015
1.00530965015
1.00530965015
1.00530965015
1.00530965015
1.00530965015
1.00530965015
1.00530965015
1.00530965015
1.00530965015
1.00530965015
1.00530965015
1.00530965015
1.00530965015
1.00530965015
1.00530965015
1.00530965015
1.00530965015
1.00530965015
1.00530965015
1.00530965015
1.00530965015
1.00530965015
1.00530965015
1.00530965015
1.00530965015
1.00530965015
1.00530965015
1.00530965015
1.00530965015
1.00530965015
1.00530965015
1.00530965015
1.00530965015
1.00530965015
1.00530965015
1.00530965015
1.00530965015
1.00530965015
1.00530965015
1.00530965015
1.00530965015
1.00530965015
1.00530965015
1.00530965015
1.00530965015
1.00530965015
1.00530965015
1.00530965015
1.00530965015
1.00530965015
1.00530965015
1.00530965015
1.00530965015
1.00530965015
1.00530965015
1.00530965015
1.00530965015
1.00530965015
1.00530965015
1.00530965015
1.00530965015
1.00530965015
1.00530965015
1.00530965015
1.00530965015
1.00530965015
1.00530965015
1.00530965015
1.00530965015
1.00530965015
1.00530965015
1.00530965015
1.00530965015
1.00530965015
1.00530965015
1.00530965015
1.00530965015
1.00530965015
1.00530965015
1.00530965015
1.00530965015
1.00530965015
1.00530965015
1.00530965015
1.00530965015
1.00530965015
1.00530965015
1.00530965015
1.00530965015
1.00530965015
1.00530965015
1.00530965015
1.00530965015
1.00530965015
1.00530965015
1.00530965015
1.00530965015
1.00530965015
1.00530965015
1.00530965015
1.00530965015
1.00530965015
1.00530965015
1.00530965015
1.00530965015
1.00530965015
1.00530965015
1.00530965015
1.00530965015
1.00530965015
1.00530965015
1.00530965015
1.00530965015
1.00530965015
1.00530965015
1.00530965015
1.00530965015
1.00530965015
1.00530965015
1.00530965015
1.00530965015
1.00530965015
1.00530965015
1.00530965015
1.00530965015
1.00530965015
1.00530965015
1.00530965015
1.00530965015
1.00530965015
1.00530965015
1.00530965015
1.00530965015
1.00530965015
1.00530965015
1.00530965015
1.00530965015
1.00530965015
1.00530965015
1.00530965015
1.00530965015
1.00530965015
1.00530965015
1.00530965015
1.00530965015
1.00530965015
1.00530965015
1.00530965015
1.00530965015
1.00530965015
1.00530965015
1.00530965015
1.00530965015
1.00530965015
1.00530965015
1.00530965015
1.00530965015
1.00530965015
1.00530965015
1.00530965015
1.00530965015
1.00530965015
1.00530965015
1.00530965015
1.00530965015
1.00530965015
1.00530965015
1.00530965015
1.00530965015
1.00530965015
1.00530965015
1.00530965015
1.00530965015
1.00530965015
1.00530965015
1.00530965015
1.00530965015
1.00530965015
1.00530965015
1.00530965015
1.00530965015
1.00530965015
1.00530965015
1.00530965015
1.00530965015
1.00530965015
1.00530965015
1.00530965015
1.00530965015
1.00530965015
1.00530965015
1.00530965015
1.00530965015
1.00530965015
1.00530965015
1.00530965015
1.00530965015
1.00530965015
1.00530965015
1.00530965015
1.00530965015
1.00530965015
1.00530965015
1.00530965015
1.00530965015
1.00530965015
1.00530965015
1.00530965015
1.00530965015
1.00530965015
1.00530965015
1.00530965015
1.00530965015
1.00530965015
1.00530965015
1.00530965015
1.00530965015
1.00530965015
1.00530965015
1.00530965015
1.00530965015
1.00530965015
1.00530965015
1.00530965015
1.00530965015
1.00530965015
1.00530965015
1.00530965015
1.00530965015
1.00530965015
1.00530965015
1.00530965015
1.00530965015
1.00530965015
1.00530965015
1.00530965015
1.00530965015
1.00530965015
1.00530965015
1.00530965015
1.00530965015
1.00530965015
1.00530965015
1.00530965015
1.00530965015
1.00530965015
1.00530965015
1.00530965015
1.00530965015
1.00530965015
1.00530965015
1.00530965015
1.00530965015
1.00530965015
1.00530965015
1.00530965015
1.00530965015
1.00530965015
1.00530965015
1.00530965015
1.00530965015
1.00530965015
1.00530965015
1.00530965015
1.00530965015
1.00530965015
1.00530965015
1.00530965015
1.00530965015
1.00530965015
1.00530965015
1.00530965015
1.00530965015
1.00530965015
1.00530965015
1.00530965015
1.00530965015
1.00530965015
1.00530965015
1.00530965015
1.00530965015
1.00530965015
1.00530965015
1.00530965015
1.00530965015
1.00530965015
1.00530965015
1.00530965015
1.00530965015
1.00530965015
1.00530965015
1.00530965015
1.00530965015
1.00530965015
1.00530965015
1.00530965015
1.00530965015
1.00530965015
1.00530965015
1.00530965015
1.00530965015
1.00530965015
1.00530965015
1.00530965015
1.00530965015
1.00530965015
1.00530965015
1.00530965015
1.00530965015
1.00530965015
1.00530965015
1.00530965015
1.00530965015
1.00530965015
1.00530965015
1.00530965015
1.00530965015
1.00530965015
1.00530965015
1.00530965015
1.00530965015
1.00530965015
1.00530965015
1.00530965015
1.00530965015
1.00530965015
1.00530965015
1.00530965015
1.00530965015
1.00530965015
1.00530965015
1.00530965015
1.00530965015
1.00530965015
1.00530965015
1.00530965015
1.00530965015
1.00530965015
1.00530965015
1.00530965015
1.00530965015
1.00530965015
1.00530965015
1.00530965015
1.00530965015
1.00530965015
1.00530965015
1.00530965015
1.00530965015
1.00530965015
1.00530965015
1.00530965015
1.00530965015
1.00530965015
1.00530965015
1.00530965015
1.00530965015
1.00530965015
1.00530965015
1.00530965015
1.00530965015
1.00530965015
1.00530965015
1.00530965015
1.00530965015
1.00530965015
1.00530965015
1.00530965015
1.00530965015
1.00530965015
1.00530965015
1.00530965015
1.00530965015
1.00530965015
1.00530965015
1.00530965015
1.00530965015
1.00530965015
1.00530965015
1.00530965015
1.00530965015
1.00530965015
1.00530965015
1.00530965015
1.00530965015
1.00530965015
1.00530965015
1.00530965015
1.00530965015
1.00530965015
1.00530965015
1.00530965015
1.00530964965
1.00530964965
1.00530964965
1.00530964965
1.00530964965
1.00530964965
1.00530964965
1.00530964965
1.00530964965
1.00530964965
1.00530964965
1.00530964965
0.682283208011
0.682283208011
0.682283208011
0.682283208011
0.682283208011
0.682283208011
0.682283208011
0.682283208011
0.682283208011
0.682283208011
0.682283208011
0.682283208011
1.36456641602
1.36456641602
1.36456641602
1.36456641602
1.36456641602
1.36456641602
1.36456641602
1.36456641602
1.36456641602
1.36456641602
1.36456641602
1.36456641602
1.36456641602
1.36456641602
1.36456641602
1.36456641602
1.36456641602
1.36456641602
1.36456641602
1.36456641602
1.36456641602
1.36456641602
1.36456641602
1.36456641602
0.682283208011
0.682283208011
0.682283208011
0.682283208011
0.682283208011
0.682283208011
0.682283208011
0.682283208011
0.682283208011
0.682283208011
0.682283208011
0.682283208011
0.682283208011
0.682283208011
0.682283208011
0.682283208011
0.682283208011
0.682283208011
0.682283208011
0.682283208011
0.682283208011
0.682283208011
0.682283208011
0.682283208011
1.36456641602
1.36456641602
1.36456641602
1.36456641602
1.36456641602
1.36456641602
1.36456641602
1.36456641602
1.36456641602
1.36456641602
1.36456641602
1.36456641602
1.36456641602
1.36456641602
1.36456641602
1.36456641602
1.36456641602
1.36456641602
1.36456641602
1.36456641602
1.36456641602
1.36456641602
1.36456641602
1.36456641602
0.682283208011
0.682283208011
0.682283208011
0.682283208011
0.682283208011
0.682283208011
0.682283208011
0.682283208011
0.682283208011
0.682283208011
0.682283208011
0.682283208011
0.682283208011
0.682283208011
0.682283208011
0.682283208011
0.682283208011
0.682283208011
0.682283208011
0.682283208011
0.682283208011
0.682283208011
0.682283208011
0.682283208011
1.36456641602
1.36456641602
1.36456641602
1.36456641602
1.36456641602
1.36456641602
1.36456641602
1.36456641602
1.36456641602
1.36456641602
1.36456641602
1.36456641602
1.36456641602
1.36456641602
1.36456641602
1.36456641602
1.36456641602
1.36456641602
1.36456641602
1.36456641602
1.36456641602
1.36456641602
1.36456641602
1.36456641602
0.682283208011
0.682283208011
0.682283208011
0.682283208011
0.682283208011
0.682283208011
0.682283208011
0.682283208011
0.682283208011
0.682283208011
0.682283208011
0.682283208011
0.682283208011
0.682283208011
0.682283208011
0.682283208011
0.682283208011
0.682283208011
0.682283208011
0.682283208011
0.682283208011
0.682283208011
0.682283208011
0.682283208011
1.36456641602
1.36456641602
1.36456641602
1.36456641602
1.36456641602
1.36456641602
1.36456641602
1.36456641602
1.36456641602
1.36456641602
1.36456641602
1.36456641602
1.36456641602
1.36456641602
1.36456641602
1.36456641602
1.36456641602
1.36456641602
1.36456641602
1.36456641602
1.36456641602
1.36456641602
1.36456641602
1.36456641602
0.682283208011
0.682283208011
0.682283208011
0.682283208011
0.682283208011
0.682283208011
0.682283208011
0.682283208011
0.682283208011
0.682283208011
0.682283208011
0.682283208011
0.682283208011
0.682283208011
0.682283208011
0.682283208011
0.682283208011
0.682283208011
0.682283208011
0.682283208011
0.682283208011
0.682283208011
0.682283208011
0.682283208011
1.36456641602
1.36456641602
1.36456641602
1.36456641602
1.36456641602
1.36456641602
1.36456641602
1.36456641602
1.36456641602
1.36456641602
1.36456641602
1.36456641602
1.36456641602
1.36456641602
1.36456641602
1.36456641602
1.36456641602
1.36456641602
1.36456641602
1.36456641602
1.36456641602
1.36456641602
1.36456641602
1.36456641602
0.682283208011
0.682283208011
0.682283208011
0.682283208011
0.682283208011
0.682283208011
0.682283208011
0.682283208011
0.682283208011
0.682283208011
0.682283208011
0.682283208011
0.682283208011
0.682283208011
0.682283208011
0.682283208011
0.682283208011
0.682283208011
0.682283208011
0.682283208011
0.682283208011
0.682283208011
0.682283208011
0.682283208011
1.36456641602
1.36456641602
1.36456641602
1.36456641602
1.36456641602
1.36456641602
1.36456641602
1.36456641602
1.36456641602
1.36456641602
1.36456641602
1.36456641602
1.36456641602
1.36456641602
1.36456641602
1.36456641602
1.36456641602
1.36456641602
1.36456641602
1.36456641602
1.36456641602
1.36456641602
1.36456641602
1.36456641602
0.682283208011
0.682283208011
0.682283208011
0.682283208011
0.682283208011
0.682283208011
0.682283208011
0.682283208011
0.682283208011
0.682283208011
0.682283208011
0.682283208011
0.682283208011
0.682283208011
0.682283208011
0.682283208011
0.682283208011
0.682283208011
0.682283208011
0.682283208011
0.682283208011
0.682283208011
0.682283208011
0.682283208011
1.36456641602
1.36456641602
1.36456641602
1.36456641602
1.36456641602
1.36456641602
1.36456641602
1.36456641602
1.36456641602
1.36456641602
1.36456641602
1.36456641602
1.36456641602
1.36456641602
1.36456641602
1.36456641602
1.36456641602
1.36456641602
1.36456641602
1.36456641602
1.36456641602
1.36456641602
1.36456641602
1.36456641602
0.682283208011
0.682283208011
0.682283208011
0.682283208011
0.682283208011
0.682283208011
0.682283208011
0.682283208011
0.682283208011
0.682283208011
0.682283208011
0.682283208011
0.682283208011
0.682283208011
0.682283208011
0.682283208011
0.682283208011
0.682283208011
0.682283208011
0.682283208011
0.682283208011
0.682283208011
0.682283208011
0.682283208011
1.36456641602
1.36456641602
1.36456641602
1.36456641602
1.36456641602
1.36456641602
1.36456641602
1.36456641602
1.36456641602
1.36456641602
1.36456641602
1.36456641602
1.36456641602
1.36456641602
1.36456641602
1.36456641602
1.36456641602
1.36456641602
1.36456641602
1.36456641602
1.36456641602
1.36456641602
1.36456641602
1.36456641602
0.682283208011
0.682283208011
0.682283208011
0.682283208011
0.682283208011
0.682283208011
0.682283208011
0.682283208011
0.682283208011
0.682283208011
0.682283208011
0.682283208011
0.682283208011
0.682283208011
0.682283208011
0.682283208011
0.682283208011
0.682283208011
0.682283208011
0.682283208011
0.682283208011
0.682283208011
0.682283208011
0.682283208011
1.36456641602
1.36456641602
1.36456641602
1.36456641602
1.36456641602
1.36456641602
1.36456641602
1.36456641602
1.36456641602
1.36456641602
1.36456641602
1.36456641602
1.36456641602
1.36456641602
1.36456641602
1.36456641602
1.36456641602
1.36456641602
1.36456641602
1.36456641602
1.36456641602
1.36456641602
1.36456641602
1.36456641602
0.682283208011
0.682283208011
0.682283208011
0.682283208011
0.682283208011
0.682283208011
0.682283208011
0.682283208011
0.682283208011
0.682283208011
0.682283208011
0.682283208011
0.682283208011
0.682283208011
0.682283208011
0.682283208011
0.682283208011
0.682283208011
0.682283208011
0.682283208011
0.682283208011
0.682283208011
0.682283208011
0.682283208011
1.36456641602
1.36456641602
1.36456641602
1.36456641602
1.36456641602
1.36456641602
1.36456641602
1.36456641602
1.36456641602
1.36456641602
1.36456641602
1.36456641602
1.36456641602
1.36456641602
1.36456641602
1.36456641602
1.36456641602
1.36456641602
1.36456641602
1.36456641602
1.36456641602
1.36456641602
1.36456641602
1.36456641602
0.682283208011
0.682283208011
0.682283208011
0.682283208011
0.682283208011
0.682283208011
0.682283208011
0.682283208011
0.682283208011
0.682283208011
0.682283208011
0.682283208011
1.05532126002
1.05532126002
1.05532126002
1.05532126002
1.05532126002
1.05532126002
1.05532126002
1.05532126002
1.05532126002
1.05532126002
1.05532126002
1.05532126002
1.60798769546
1.60798769546
1.60798769546
1.60798769546
1.60798769546
1.60798769546
1.60798769546
1.60798769546
1.60798769546
1.60798769546
1.60798769546
1.60798769546
1.60798769546
1.60798769546
1.60798769546
1.60798769546
1.60798769546
1.60798769546
1.60798769546
1.60798769546
1.60798769546
1.60798769546
1.60798769546
1.60798769546
1.05532126027
1.05532126027
1.05532126027
1.05532126027
1.05532126027
1.05532126027
1.05532126027
1.05532126027
1.05532126027
1.05532126027
1.05532126027
1.05532126027
1.05532126027
1.05532126027
1.05532126027
1.05532126027
1.05532126027
1.05532126027
1.05532126027
1.05532126027
1.05532126027
1.05532126027
1.05532126027
1.05532126027
1.60798769546
1.60798769546
1.60798769546
1.60798769546
1.60798769546
1.60798769546
1.60798769546
1.60798769546
1.60798769546
1.60798769546
1.60798769546
1.60798769546
1.60798769546
1.60798769546
1.60798769546
1.60798769546
1.60798769546
1.60798769546
1.60798769546
1.60798769546
1.60798769546
1.60798769546
1.60798769546
1.60798769546
1.05532126027
1.05532126027
1.05532126027
1.05532126027
1.05532126027
1.05532126027
1.05532126027
1.05532126027
1.05532126027
1.05532126027
1.05532126027
1.05532126027
1.05532126027
1.05532126027
1.05532126027
1.05532126027
1.05532126027
1.05532126027
1.05532126027
1.05532126027
1.05532126027
1.05532126027
1.05532126027
1.05532126027
1.60798769546
1.60798769546
1.60798769546
1.60798769546
1.60798769546
1.60798769546
1.60798769546
1.60798769546
1.60798769546
1.60798769546
1.60798769546
1.60798769546
1.60798769546
1.60798769546
1.60798769546
1.60798769546
1.60798769546
1.60798769546
1.60798769546
1.60798769546
1.60798769546
1.60798769546
1.60798769546
1.60798769546
1.05532126027
1.05532126027
1.05532126027
1.05532126027
1.05532126027
1.05532126027
1.05532126027
1.05532126027
1.05532126027
1.05532126027
1.05532126027
1.05532126027
1.05532126027
1.05532126027
1.05532126027
1.05532126027
1.05532126027
1.05532126027
1.05532126027
1.05532126027
1.05532126027
1.05532126027
1.05532126027
1.05532126027
1.60798769546
1.60798769546
1.60798769546
1.60798769546
1.60798769546
1.60798769546
1.60798769546
1.60798769546
1.60798769546
1.60798769546
1.60798769546
1.60798769546
1.60798769546
1.60798769546
1.60798769546
1.60798769546
1.60798769546
1.60798769546
1.60798769546
1.60798769546
1.60798769546
1.60798769546
1.60798769546
1.60798769546
1.05532126027
1.05532126027
1.05532126027
1.05532126027
1.05532126027
1.05532126027
1.05532126027
1.05532126027
1.05532126027
1.05532126027
1.05532126027
1.05532126027
1.05532126027
1.05532126027
1.05532126027
1.05532126027
1.05532126027
1.05532126027
1.05532126027
1.05532126027
1.05532126027
1.05532126027
1.05532126027
1.05532126027
1.60798769546
1.60798769546
1.60798769546
1.60798769546
1.60798769546
1.60798769546
1.60798769546
1.60798769546
1.60798769546
1.60798769546
1.60798769546
1.60798769546
1.60798769546
1.60798769546
1.60798769546
1.60798769546
1.60798769546
1.60798769546
1.60798769546
1.60798769546
1.60798769546
1.60798769546
1.60798769546
1.60798769546
1.05532126027
1.05532126027
1.05532126027
1.05532126027
1.05532126027
1.05532126027
1.05532126027
1.05532126027
1.05532126027
1.05532126027
1.05532126027
1.05532126027
1.05532126027
1.05532126027
1.05532126027
1.05532126027
1.05532126027
1.05532126027
1.05532126027
1.05532126027
1.05532126027
1.05532126027
1.05532126027
1.05532126027
1.60798769546
1.60798769546
1.60798769546
1.60798769546
1.60798769546
1.60798769546
1.60798769546
1.60798769546
1.60798769546
1.60798769546
1.60798769546
1.60798769546
1.60798769546
1.60798769546
1.60798769546
1.60798769546
1.60798769546
1.60798769546
1.60798769546
1.60798769546
1.60798769546
1.60798769546
1.60798769546
1.60798769546
1.05532126027
1.05532126027
1.05532126027
1.05532126027
1.05532126027
1.05532126027
1.05532126027
1.05532126027
1.05532126027
1.05532126027
1.05532126027
1.05532126027
1.05532126027
1.05532126027
1.05532126027
1.05532126027
1.05532126027
1.05532126027
1.05532126027
1.05532126027
1.05532126027
1.05532126027
1.05532126027
1.05532126027
1.60798769546
1.60798769546
1.60798769546
1.60798769546
1.60798769546
1.60798769546
1.60798769546
1.60798769546
1.60798769546
1.60798769546
1.60798769546
1.60798769546
1.60798769546
1.60798769546
1.60798769546
1.60798769546
1.60798769546
1.60798769546
1.60798769546
1.60798769546
1.60798769546
1.60798769546
1.60798769546
1.60798769546
1.05532126027
1.05532126027
1.05532126027
1.05532126027
1.05532126027
1.05532126027
1.05532126027
1.05532126027
1.05532126027
1.05532126027
1.05532126027
1.05532126027
1.05532126027
1.05532126027
1.05532126027
1.05532126027
1.05532126027
1.05532126027
1.05532126027
1.05532126027
1.05532126027
1.05532126027
1.05532126027
1.05532126027
1.60798769546
1.60798769546
1.60798769546
1.60798769546
1.60798769546
1.60798769546
1.60798769546
1.60798769546
1.60798769546
1.60798769546
1.60798769546
1.60798769546
1.60798769546
1.60798769546
1.60798769546
1.60798769546
1.60798769546
1.60798769546
1.60798769546
1.60798769546
1.60798769546
1.60798769546
1.60798769546
1.60798769546
1.05532126027
1.05532126027
1.05532126027
1.05532126027
1.05532126027
1.05532126027
1.05532126027
1.05532126027
1.05532126027
1.05532126027
1.05532126027
1.05532126027
1.05532126027
1.05532126027
1.05532126027
1.05532126027
1.05532126027
1.05532126027
1.05532126027
1.05532126027
1.05532126027
1.05532126027
1.05532126027
1.05532126027
1.60798769546
1.60798769546
1.60798769546
1.60798769546
1.60798769546
1.60798769546
1.60798769546
1.60798769546
1.60798769546
1.60798769546
1.60798769546
1.60798769546
1.60798769546
1.60798769546
1.60798769546
1.60798769546
1.60798769546
1.60798769546
1.60798769546
1.60798769546
1.60798769546
1.60798769546
1.60798769546
1.60798769546
1.05532126027
1.05532126027
1.05532126027
1.05532126027
1.05532126027
1.05532126027
1.05532126027
1.05532126027
1.05532126027
1.05532126027
1.05532126027
1.05532126027
1.05532126027
1.05532126027
1.05532126027
1.05532126027
1.05532126027
1.05532126027
1.05532126027
1.05532126027
1.05532126027
1.05532126027
1.05532126027
1.05532126027
1.60798769546
1.60798769546
1.60798769546
1.60798769546
1.60798769546
1.60798769546
1.60798769546
1.60798769546
1.60798769546
1.60798769546
1.60798769546
1.60798769546
1.60798769546
1.60798769546
1.60798769546
1.60798769546
1.60798769546
1.60798769546
1.60798769546
1.60798769546
1.60798769546
1.60798769546
1.60798769546
1.60798769546
1.05532126002
1.05532126002
1.05532126002
1.05532126002
1.05532126002
1.05532126002
1.05532126002
1.05532126002
1.05532126002
1.05532126002
1.05532126002
1.05532126002
0.502654824826
0.502654824826
0.502654824826
0.502654824826
0.502654824826
0.502654824826
0.502654824826
0.502654824826
0.502654824826
0.502654824826
0.502654824826
0.502654824826
0.502654825077
0.502654825077
0.502654825077
0.502654825077
0.502654825077
0.502654825077
0.502654825077
0.502654825077
0.502654825077
0.502654825077
0.502654825077
0.502654825077
0.502654825077
0.502654825077
0.502654825077
0.502654825077
0.502654825077
0.502654825077
0.502654825077
0.502654825077
0.502654825077
0.502654825077
0.502654825077
0.502654825077
0.502654825077
0.502654825077
0.502654825077
0.502654825077
0.502654825077
0.502654825077
0.502654825077
0.502654825077
0.502654825077
0.502654825077
0.502654825077
0.502654825077
0.502654825077
0.502654825077
0.502654825077
0.502654825077
0.502654825077
0.502654825077
0.502654825077
0.502654825077
0.502654825077
0.502654825077
0.502654825077
0.502654825077
0.502654825077
0.502654825077
0.502654825077
0.502654825077
0.502654825077
0.502654825077
0.502654825077
0.502654825077
0.502654825077
0.502654825077
0.502654825077
0.502654825077
0.502654825077
0.502654825077
0.502654825077
0.502654825077
0.502654825077
0.502654825077
0.502654825077
0.502654825077
0.502654825077
0.502654825077
0.502654825077
0.502654825077
0.502654825077
0.502654825077
0.502654825077
0.502654825077
0.502654825077
0.502654825077
0.502654825077
0.502654825077
0.502654825077
0.502654825077
0.502654825077
0.502654825077
0.502654825077
0.502654825077
0.502654825077
0.502654825077
0.502654825077
0.502654825077
0.502654825077
0.502654825077
0.502654825077
0.502654825077
0.502654825077
0.502654825077
0.502654825077
0.502654825077
0.502654825077
0.502654825077
0.502654825077
0.502654825077
0.502654825077
0.502654825077
0.502654825077
0.502654825077
0.502654825077
0.502654825077
0.502654825077
0.502654825077
0.502654825077
0.502654825077
0.502654825077
0.502654825077
0.502654825077
0.502654825077
0.502654825077
0.502654825077
0.502654825077
0.502654825077
0.502654825077
0.502654825077
0.502654825077
0.502654825077
0.502654825077
0.502654825077
0.502654825077
0.502654825077
0.502654825077
0.502654825077
0.502654825077
0.502654825077
0.502654825077
0.502654825077
0.502654825077
0.502654825077
0.502654825077
0.502654825077
0.502654825077
0.502654825077
0.502654825077
0.502654825077
0.502654825077
0.502654825077
0.502654825077
0.502654825077
0.502654825077
0.502654825077
0.502654825077
0.502654825077
0.502654825077
0.502654825077
0.502654825077
0.502654825077
0.502654825077
0.502654825077
0.502654825077
0.502654825077
0.502654825077
0.502654825077
0.502654825077
0.502654825077
0.502654825077
0.502654825077
0.502654825077
0.502654825077
0.502654825077
0.502654825077
0.502654825077
0.502654825077
0.502654825077
0.502654825077
0.502654825077
0.502654825077
0.502654825077
0.502654825077
0.502654825077
0.502654825077
0.502654825077
0.502654825077
0.502654825077
0.502654825077
0.502654825077
0.502654825077
0.502654825077
0.502654825077
0.502654825077
0.502654825077
0.502654825077
0.502654825077
0.502654825077
0.502654825077
0.502654825077
0.502654825077
0.502654825077
0.502654825077
0.502654825077
0.502654825077
0.502654825077
0.502654825077
0.502654825077
0.502654825077
0.502654825077
0.502654825077
0.502654825077
0.502654825077
0.502654825077
0.502654825077
0.502654825077
0.502654825077
0.502654825077
0.502654825077
0.502654825077
0.502654825077
0.502654825077
0.502654825077
0.502654825077
0.502654825077
0.502654825077
0.502654825077
0.502654825077
0.502654825077
0.502654825077
0.502654825077
0.502654825077
0.502654825077
0.502654825077
0.502654825077
0.502654825077
0.502654825077
0.502654825077
0.502654825077
0.502654825077
0.502654825077
0.502654825077
0.502654825077
0.502654825077
0.502654825077
0.502654825077
0.502654825077
0.502654825077
0.502654825077
0.502654825077
0.502654825077
0.502654825077
0.502654825077
0.502654825077
0.502654825077
0.502654825077
0.502654825077
0.502654825077
0.502654825077
0.502654825077
0.502654825077
0.502654825077
0.502654825077
0.502654825077
0.502654825077
0.502654825077
0.502654825077
0.502654825077
0.502654825077
0.502654825077
0.502654825077
0.502654825077
0.502654825077
0.502654825077
0.502654825077
0.502654825077
0.502654825077
0.502654825077
0.502654825077
0.502654825077
0.502654825077
0.502654825077
0.502654825077
0.502654825077
0.502654825077
0.502654825077
0.502654825077
0.502654825077
0.502654825077
0.502654825077
0.502654825077
0.502654825077
0.502654825077
0.502654825077
0.502654825077
0.502654825077
0.502654825077
0.502654825077
0.502654825077
0.502654825077
0.502654825077
0.502654825077
0.502654825077
0.502654825077
0.502654825077
0.502654825077
0.502654825077
0.502654825077
0.502654825077
0.502654825077
0.502654825077
0.502654825077
0.502654825077
0.502654825077
0.502654825077
0.502654825077
0.502654825077
0.502654825077
0.502654825077
0.502654825077
0.502654825077
0.502654825077
0.502654825077
0.502654825077
0.502654825077
0.502654825077
0.502654825077
0.502654825077
0.502654825077
0.502654825077
0.502654825077
0.502654825077
0.502654825077
0.502654825077
0.502654825077
0.502654825077
0.502654825077
0.502654825077
0.502654825077
0.502654825077
0.502654825077
0.502654825077
0.502654825077
0.502654825077
0.502654825077
0.502654825077
0.502654825077
0.502654825077
0.502654825077
0.502654825077
0.502654825077
0.502654825077
0.502654825077
0.502654825077
0.502654825077
0.502654825077
0.502654825077
0.502654825077
0.502654825077
0.502654825077
0.502654825077
0.502654825077
0.502654825077
0.502654825077
0.502654825077
0.502654825077
0.502654825077
0.502654825077
0.502654825077
0.502654825077
0.502654825077
0.502654825077
0.502654825077
0.502654825077
0.502654825077
0.502654825077
0.502654825077
0.502654825077
0.502654825077
0.502654825077
0.502654825077
0.502654825077
0.502654825077
0.502654825077
0.502654825077
0.502654825077
0.502654825077
0.502654825077
0.502654825077
0.502654825077
0.502654825077
0.502654825077
0.502654825077
0.502654825077
0.502654825077
0.502654825077
0.502654825077
0.502654825077
0.502654825077
0.502654825077
0.502654825077
0.502654825077
0.502654825077
0.502654825077
0.502654825077
0.502654825077
0.502654825077
0.502654825077
0.502654825077
0.502654825077
0.502654825077
0.502654825077
0.502654825077
0.502654825077
0.502654825077
0.502654825077
0.502654825077
0.502654825077
0.502654825077
0.502654825077
0.502654825077
0.502654825077
0.502654825077
0.502654825077
0.502654825077
0.502654825077
0.502654825077
0.502654825077
0.502654825077
0.502654825077
0.502654825077
0.502654825077
0.502654825077
0.502654825077
0.502654825077
0.502654825077
0.502654825077
0.502654825077
0.502654825077
0.502654825077
0.502654825077
0.502654825077
0.502654825077
0.502654825077
0.502654825077
0.502654825077
0.502654825077
0.502654825077
0.502654825077
0.502654825077
0.502654825077
0.502654825077
0.502654825077
0.502654825077
0.502654825077
0.502654825077
0.502654825077
0.502654825077
0.502654825077
0.502654825077
0.502654825077
0.502654825077
0.502654825077
0.502654824826
0.502654824826
0.502654824826
0.502654824826
0.502654824826
0.502654824826
0.502654824826
0.502654824826
0.502654824826
0.502654824826
0.502654824826
0.502654824826
0.682283208011
0.682283208011
0.682283208011
0.682283208011
0.682283208011
0.682283208011
0.682283208011
0.682283208011
0.682283208011
0.682283208011
0.682283208011
0.682283208011
1.36456641602
1.36456641602
1.36456641602
1.36456641602
1.36456641602
1.36456641602
1.36456641602
1.36456641602
1.36456641602
1.36456641602
1.36456641602
1.36456641602
1.36456641602
1.36456641602
1.36456641602
1.36456641602
1.36456641602
1.36456641602
1.36456641602
1.36456641602
1.36456641602
1.36456641602
1.36456641602
1.36456641602
0.682283208011
0.682283208011
0.682283208011
0.682283208011
0.682283208011
0.682283208011
0.682283208011
0.682283208011
0.682283208011
0.682283208011
0.682283208011
0.682283208011
0.682283208011
0.682283208011
0.682283208011
0.682283208011
0.682283208011
0.682283208011
0.682283208011
0.682283208011
0.682283208011
0.682283208011
0.682283208011
0.682283208011
1.36456641602
1.36456641602
1.36456641602
1.36456641602
1.36456641602
1.36456641602
1.36456641602
1.36456641602
1.36456641602
1.36456641602
1.36456641602
1.36456641602
1.36456641602
1.36456641602
1.36456641602
1.36456641602
1.36456641602
1.36456641602
1.36456641602
1.36456641602
1.36456641602
1.36456641602
1.36456641602
1.36456641602
0.682283208011
0.682283208011
0.682283208011
0.682283208011
0.682283208011
0.682283208011
0.682283208011
0.682283208011
0.682283208011
0.682283208011
0.682283208011
0.682283208011
0.682283208011
0.682283208011
0.682283208011
0.682283208011
0.682283208011
0.682283208011
0.682283208011
0.682283208011
0.682283208011
0.682283208011
0.682283208011
0.682283208011
1.36456641602
1.36456641602
1.36456641602
1.36456641602
1.36456641602
1.36456641602
1.36456641602
1.36456641602
1.36456641602
1.36456641602
1.36456641602
1.36456641602
1.36456641602
1.36456641602
1.36456641602
1.36456641602
1.36456641602
1.36456641602
1.36456641602
1.36456641602
1.36456641602
1.36456641602
1.36456641602
1.36456641602
0.682283208011
0.682283208011
0.682283208011
0.682283208011
0.682283208011
0.682283208011
0.682283208011
0.682283208011
0.682283208011
0.682283208011
0.682283208011
0.682283208011
0.682283208011
0.682283208011
0.682283208011
0.682283208011
0.682283208011
0.682283208011
0.682283208011
0.682283208011
0.682283208011
0.682283208011
0.682283208011
0.682283208011
1.36456641602
1.36456641602
1.36456641602
1.36456641602
1.36456641602
1.36456641602
1.36456641602
1.36456641602
1.36456641602
1.36456641602
1.36456641602
1.36456641602
1.36456641602
1.36456641602
1.36456641602
1.36456641602
1.36456641602
1.36456641602
1.36456641602
1.36456641602
1.36456641602
1.36456641602
1.36456641602
1.36456641602
0.682283208011
0.682283208011
0.682283208011
0.682283208011
0.682283208011
0.682283208011
0.682283208011
0.682283208011
0.682283208011
0.682283208011
0.682283208011
0.682283208011
0.682283208011
0.682283208011
0.682283208011
0.682283208011
0.682283208011
0.682283208011
0.682283208011
0.682283208011
0.682283208011
0.682283208011
0.682283208011
0.682283208011
1.36456641602
1.36456641602
1.36456641602
1.36456641602
1.36456641602
1.36456641602
1.36456641602
1.36456641602
1.36456641602
1.36456641602
1.36456641602
1.36456641602
1.36456641602
1.36456641602
1.36456641602
1.36456641602
1.36456641602
1.36456641602
1.36456641602
1.36456641602
1.36456641602
1.36456641602
1.36456641602
1.36456641602
0.682283208011
0.682283208011
0.682283208011
0.682283208011
0.682283208011
0.682283208011
0.682283208011
0.682283208011
0.682283208011
0.682283208011
0.682283208011
0.682283208011
0.682283208011
0.682283208011
0.682283208011
0.682283208011
0.682283208011
0.682283208011
0.682283208011
0.682283208011
0.682283208011
0.682283208011
0.682283208011
0.682283208011
1.36456641602
1.36456641602
1.36456641602
1.36456641602
1.36456641602
1.36456641602
1.36456641602
1.36456641602
1.36456641602
1.36456641602
1.36456641602
1.36456641602
1.36456641602
1.36456641602
1.36456641602
1.36456641602
1.36456641602
1.36456641602
1.36456641602
1.36456641602
1.36456641602
1.36456641602
1.36456641602
1.36456641602
0.682283208011
0.682283208011
0.682283208011
0.682283208011
0.682283208011
0.682283208011
0.682283208011
0.682283208011
0.682283208011
0.682283208011
0.682283208011
0.682283208011
0.682283208011
0.682283208011
0.682283208011
0.682283208011
0.682283208011
0.682283208011
0.682283208011
0.682283208011
0.682283208011
0.682283208011
0.682283208011
0.682283208011
1.36456641602
1.36456641602
1.36456641602
1.36456641602
1.36456641602
1.36456641602
1.36456641602
1.36456641602
1.36456641602
1.36456641602
1.36456641602
1.36456641602
1.36456641602
1.36456641602
1.36456641602
1.36456641602
1.36456641602
1.36456641602
1.36456641602
1.36456641602
1.36456641602
1.36456641602
1.36456641602
1.36456641602
0.682283208011
0.682283208011
0.682283208011
0.682283208011
0.682283208011
0.682283208011
0.682283208011
0.682283208011
0.682283208011
0.682283208011
0.682283208011
0.682283208011
0.682283208011
0.682283208011
0.682283208011
0.682283208011
0.682283208011
0.682283208011
0.682283208011
0.682283208011
0.682283208011
0.682283208011
0.682283208011
0.682283208011
1.36456641602
1.36456641602
1.36456641602
1.36456641602
1.36456641602
1.36456641602
1.36456641602
1.36456641602
1.36456641602
1.36456641602
1.36456641602
1.36456641602
1.36456641602
1.36456641602
1.36456641602
1.36456641602
1.36456641602
1.36456641602
1.36456641602
1.36456641602
1.36456641602
1.36456641602
1.36456641602
1.36456641602
0.682283208011
0.682283208011
0.682283208011
0.682283208011
0.682283208011
0.682283208011
0.682283208011
0.682283208011
0.682283208011
0.682283208011
0.682283208011
0.682283208011
0.682283208011
0.682283208011
0.682283208011
0.682283208011
0.682283208011
0.682283208011
0.682283208011
0.682283208011
0.682283208011
0.682283208011
0.682283208011
0.682283208011
1.36456641602
1.36456641602
1.36456641602
1.36456641602
1.36456641602
1.36456641602
1.36456641602
1.36456641602
1.36456641602
1.36456641602
1.36456641602
1.36456641602
1.36456641602
1.36456641602
1.36456641602
1.36456641602
1.36456641602
1.36456641602
1.36456641602
1.36456641602
1.36456641602
1.36456641602
1.36456641602
1.36456641602
0.682283208011
0.682283208011
0.682283208011
0.682283208011
0.682283208011
0.682283208011
0.682283208011
0.682283208011
0.682283208011
0.682283208011
0.682283208011
0.682283208011
0.682283208011
0.682283208011
0.682283208011
0.682283208011
0.682283208011
0.682283208011
0.682283208011
0.682283208011
0.682283208011
0.682283208011
0.682283208011
0.682283208011
1.36456641602
1.36456641602
1.36456641602
1.36456641602
1.36456641602
1.36456641602
1.36456641602
1.36456641602
1.36456641602
1.36456641602
1.36456641602
1.36456641602
1.36456641602
1.36456641602
1.36456641602
1.36456641602
1.36456641602
1.36456641602
1.36456641602
1.36456641602
1.36456641602
1.36456641602
1.36456641602
1.36456641602
0.682283208011
0.682283208011
0.682283208011
0.682283208011
0.682283208011
0.682283208011
0.682283208011
0.682283208011
0.682283208011
0.682283208011
0.682283208011
0.682283208011
1.03388771317
1.03388771317
1.03388771317
1.03388771317
1.03388771317
1.03388771317
1.03388771317
1.03388771317
1.03388771317
1.03388771317
1.03388771317
1.03388771317
1.06246577719
1.06246577719
1.06246577719
1.06246577719
1.06246577719
1.06246577719
1.06246577719
1.06246577719
1.06246577719
1.06246577719
1.06246577719
1.06246577719
1.06246577719
1.06246577719
1.06246577719
1.06246577719
1.06246577719
1.06246577719
1.06246577719
1.06246577719
1.06246577719
1.06246577719
1.06246577719
1.06246577719
1.03388771367
1.03388771367
1.03388771367
1.03388771367
1.03388771367
1.03388771367
1.03388771367
1.03388771367
1.03388771367
1.03388771367
1.03388771367
1.03388771367
1.03388771367
1.03388771367
1.03388771367
1.03388771367
1.03388771367
1.03388771367
1.03388771367
1.03388771367
1.03388771367
1.03388771367
1.03388771367
1.03388771367
1.06246577719
1.06246577719
1.06246577719
1.06246577719
1.06246577719
1.06246577719
1.06246577719
1.06246577719
1.06246577719
1.06246577719
1.06246577719
1.06246577719
1.06246577719
1.06246577719
1.06246577719
1.06246577719
1.06246577719
1.06246577719
1.06246577719
1.06246577719
1.06246577719
1.06246577719
1.06246577719
1.06246577719
1.03388771367
1.03388771367
1.03388771367
1.03388771367
1.03388771367
1.03388771367
1.03388771367
1.03388771367
1.03388771367
1.03388771367
1.03388771367
1.03388771367
1.03388771367
1.03388771367
1.03388771367
1.03388771367
1.03388771367
1.03388771367
1.03388771367
1.03388771367
1.03388771367
1.03388771367
1.03388771367
1.03388771367
1.06246577719
1.06246577719
1.06246577719
1.06246577719
1.06246577719
1.06246577719
1.06246577719
1.06246577719
1.06246577719
1.06246577719
1.06246577719
1.06246577719
1.06246577719
1.06246577719
1.06246577719
1.06246577719
1.06246577719
1.06246577719
1.06246577719
1.06246577719
1.06246577719
1.06246577719
1.06246577719
1.06246577719
1.03388771367
1.03388771367
1.03388771367
1.03388771367
1.03388771367
1.03388771367
1.03388771367
1.03388771367
1.03388771367
1.03388771367
1.03388771367
1.03388771367
1.03388771367
1.03388771367
1.03388771367
1.03388771367
1.03388771367
1.03388771367
1.03388771367
1.03388771367
1.03388771367
1.03388771367
1.03388771367
1.03388771367
1.06246577719
1.06246577719
1.06246577719
1.06246577719
1.06246577719
1.06246577719
1.06246577719
1.06246577719
1.06246577719
1.06246577719
1.06246577719
1.06246577719
1.06246577719
1.06246577719
1.06246577719
1.06246577719
1.06246577719
1.06246577719
1.06246577719
1.06246577719
1.06246577719
1.06246577719
1.06246577719
1.06246577719
1.03388771367
1.03388771367
1.03388771367
1.03388771367
1.03388771367
1.03388771367
1.03388771367
1.03388771367
1.03388771367
1.03388771367
1.03388771367
1.03388771367
1.03388771367
1.03388771367
1.03388771367
1.03388771367
1.03388771367
1.03388771367
1.03388771367
1.03388771367
1.03388771367
1.03388771367
1.03388771367
1.03388771367
1.06246577719
1.06246577719
1.06246577719
1.06246577719
1.06246577719
1.06246577719
1.06246577719
1.06246577719
1.06246577719
1.06246577719
1.06246577719
1.06246577719
1.06246577719
1.06246577719
1.06246577719
1.06246577719
1.06246577719
1.06246577719
1.06246577719
1.06246577719
1.06246577719
1.06246577719
1.06246577719
1.06246577719
1.03388771367
1.03388771367
1.03388771367
1.03388771367
1.03388771367
1.03388771367
1.03388771367
1.03388771367
1.03388771367
1.03388771367
1.03388771367
1.03388771367
1.03388771367
1.03388771367
1.03388771367
1.03388771367
1.03388771367
1.03388771367
1.03388771367
1.03388771367
1.03388771367
1.03388771367
1.03388771367
1.03388771367
1.06246577719
1.06246577719
1.06246577719
1.06246577719
1.06246577719
1.06246577719
1.06246577719
1.06246577719
1.06246577719
1.06246577719
1.06246577719
1.06246577719
1.06246577719
1.06246577719
1.06246577719
1.06246577719
1.06246577719
1.06246577719
1.06246577719
1.06246577719
1.06246577719
1.06246577719
1.06246577719
1.06246577719
1.03388771367
1.03388771367
1.03388771367
1.03388771367
1.03388771367
1.03388771367
1.03388771367
1.03388771367
1.03388771367
1.03388771367
1.03388771367
1.03388771367
1.03388771367
1.03388771367
1.03388771367
1.03388771367
1.03388771367
1.03388771367
1.03388771367
1.03388771367
1.03388771367
1.03388771367
1.03388771367
1.03388771367
1.06246577719
1.06246577719
1.06246577719
1.06246577719
1.06246577719
1.06246577719
1.06246577719
1.06246577719
1.06246577719
1.06246577719
1.06246577719
1.06246577719
1.06246577719
1.06246577719
1.06246577719
1.06246577719
1.06246577719
1.06246577719
1.06246577719
1.06246577719
1.06246577719
1.06246577719
1.06246577719
1.06246577719
1.03388771367
1.03388771367
1.03388771367
1.03388771367
1.03388771367
1.03388771367
1.03388771367
1.03388771367
1.03388771367
1.03388771367
1.03388771367
1.03388771367
1.03388771367
1.03388771367
1.03388771367
1.03388771367
1.03388771367
1.03388771367
1.03388771367
1.03388771367
1.03388771367
1.03388771367
1.03388771367
1.03388771367
1.06246577719
1.06246577719
1.06246577719
1.06246577719
1.06246577719
1.06246577719
1.06246577719
1.06246577719
1.06246577719
1.06246577719
1.06246577719
1.06246577719
1.06246577719
1.06246577719
1.06246577719
1.06246577719
1.06246577719
1.06246577719
1.06246577719
1.06246577719
1.06246577719
1.06246577719
1.06246577719
1.06246577719
1.03388771367
1.03388771367
1.03388771367
1.03388771367
1.03388771367
1.03388771367
1.03388771367
1.03388771367
1.03388771367
1.03388771367
1.03388771367
1.03388771367
1.03388771367
1.03388771367
1.03388771367
1.03388771367
1.03388771367
1.03388771367
1.03388771367
1.03388771367
1.03388771367
1.03388771367
1.03388771367
1.03388771367
1.06246577719
1.06246577719
1.06246577719
1.06246577719
1.06246577719
1.06246577719
1.06246577719
1.06246577719
1.06246577719
1.06246577719
1.06246577719
1.06246577719
1.06246577719
1.06246577719
1.06246577719
1.06246577719
1.06246577719
1.06246577719
1.06246577719
1.06246577719
1.06246577719
1.06246577719
1.06246577719
1.06246577719
1.03388771367
1.03388771367
1.03388771367
1.03388771367
1.03388771367
1.03388771367
1.03388771367
1.03388771367
1.03388771367
1.03388771367
1.03388771367
1.03388771367
1.03388771367
1.03388771367
1.03388771367
1.03388771367
1.03388771367
1.03388771367
1.03388771367
1.03388771367
1.03388771367
1.03388771367
1.03388771367
1.03388771367
1.06246577719
1.06246577719
1.06246577719
1.06246577719
1.06246577719
1.06246577719
1.06246577719
1.06246577719
1.06246577719
1.06246577719
1.06246577719
1.06246577719
1.06246577719
1.06246577719
1.06246577719
1.06246577719
1.06246577719
1.06246577719
1.06246577719
1.06246577719
1.06246577719
1.06246577719
1.06246577719
1.06246577719
1.03388771317
1.03388771317
1.03388771317
1.03388771317
1.03388771317
1.03388771317
1.03388771317
1.03388771317
1.03388771317
1.03388771317
1.03388771317
1.03388771317
1.00530964965
1.00530964965
1.00530964965
1.00530964965
1.00530964965
1.00530964965
1.00530964965
1.00530964965
1.00530964965
1.00530964965
1.00530964965
1.00530964965
1.00530965015
1.00530965015
1.00530965015
1.00530965015
1.00530965015
1.00530965015
1.00530965015
1.00530965015
1.00530965015
1.00530965015
1.00530965015
1.00530965015
1.00530965015
1.00530965015
1.00530965015
1.00530965015
1.00530965015
1.00530965015
1.00530965015
1.00530965015
1.00530965015
1.00530965015
1.00530965015
1.00530965015
1.00530965015
1.00530965015
1.00530965015
1.00530965015
1.00530965015
1.00530965015
1.00530965015
1.00530965015
1.00530965015
1.00530965015
1.00530965015
1.00530965015
1.00530965015
1.00530965015
1.00530965015
1.00530965015
1.00530965015
1.00530965015
1.00530965015
1.00530965015
1.00530965015
1.00530965015
1.00530965015
1.00530965015
1.00530965015
1.00530965015
1.00530965015
1.00530965015
1.00530965015
1.00530965015
1.00530965015
1.00530965015
1.00530965015
1.00530965015
1.00530965015
1.00530965015
1.00530965015
1.00530965015
1.00530965015
1.00530965015
1.00530965015
1.00530965015
1.00530965015
1.00530965015
1.00530965015
1.00530965015
1.00530965015
1.00530965015
1.00530965015
1.00530965015
1.00530965015
1.00530965015
1.00530965015
1.00530965015
1.00530965015
1.00530965015
1.00530965015
1.00530965015
1.00530965015
1.00530965015
1.00530965015
1.00530965015
1.00530965015
1.00530965015
1.00530965015
1.00530965015
1.00530965015
1.00530965015
1.00530965015
1.00530965015
1.00530965015
1.00530965015
1.00530965015
1.00530965015
1.00530965015
1.00530965015
1.00530965015
1.00530965015
1.00530965015
1.00530965015
1.00530965015
1.00530965015
1.00530965015
1.00530965015
1.00530965015
1.00530965015
1.00530965015
1.00530965015
1.00530965015
1.00530965015
1.00530965015
1.00530965015
1.00530965015
1.00530965015
1.00530965015
1.00530965015
1.00530965015
1.00530965015
1.00530965015
1.00530965015
1.00530965015
1.00530965015
1.00530965015
1.00530965015
1.00530965015
1.00530965015
1.00530965015
1.00530965015
1.00530965015
1.00530965015
1.00530965015
1.00530965015
1.00530965015
1.00530965015
1.00530965015
1.00530965015
1.00530965015
1.00530965015
1.00530965015
1.00530965015
1.00530965015
1.00530965015
1.00530965015
1.00530965015
1.00530965015
1.00530965015
1.00530965015
1.00530965015
1.00530965015
1.00530965015
1.00530965015
1.00530965015
1.00530965015
1.00530965015
1.00530965015
1.00530965015
1.00530965015
1.00530965015
1.00530965015
1.00530965015
1.00530965015
1.00530965015
1.00530965015
1.00530965015
1.00530965015
1.00530965015
1.00530965015
1.00530965015
1.00530965015
1.00530965015
1.00530965015
1.00530965015
1.00530965015
1.00530965015
1.00530965015
1.00530965015
1.00530965015
1.00530965015
1.00530965015
1.00530965015
1.00530965015
1.00530965015
1.00530965015
1.00530965015
1.00530965015
1.00530965015
1.00530965015
1.00530965015
1.00530965015
1.00530965015
1.00530965015
1.00530965015
1.00530965015
1.00530965015
1.00530965015
1.00530965015
1.00530965015
1.00530965015
1.00530965015
1.00530965015
1.00530965015
1.00530965015
1.00530965015
1.00530965015
1.00530965015
1.00530965015
1.00530965015
1.00530965015
1.00530965015
1.00530965015
1.00530965015
1.00530965015
1.00530965015
1.00530965015
1.00530965015
1.00530965015
1.00530965015
1.00530965015
1.00530965015
1.00530965015
1.00530965015
1.00530965015
1.00530965015
1.00530965015
1.00530965015
1.00530965015
1.00530965015
1.00530965015
1.00530965015
1.00530965015
1.00530965015
1.00530965015
1.00530965015
1.00530965015
1.00530965015
1.00530965015
1.00530965015
1.00530965015
1.00530965015
1.00530965015
1.00530965015
1.00530965015
1.00530965015
1.00530965015
1.00530965015
1.00530965015
1.00530965015
1.00530965015
1.00530965015
1.00530965015
1.00530965015
1.00530965015
1.00530965015
1.00530965015
1.00530965015
1.00530965015
1.00530965015
1.00530965015
1.00530965015
1.00530965015
1.00530965015
1.00530965015
1.00530965015
1.00530965015
1.00530965015
1.00530965015
1.00530965015
1.00530965015
1.00530965015
1.00530965015
1.00530965015
1.00530965015
1.00530965015
1.00530965015
1.00530965015
1.00530965015
1.00530965015
1.00530965015
1.00530965015
1.00530965015
1.00530965015
1.00530965015
1.00530965015
1.00530965015
1.00530965015
1.00530965015
1.00530965015
1.00530965015
1.00530965015
1.00530965015
1.00530965015
1.00530965015
1.00530965015
1.00530965015
1.00530965015
1.00530965015
1.00530965015
1.00530965015
1.00530965015
1.00530965015
1.00530965015
1.00530965015
1.00530965015
1.00530965015
1.00530965015
1.00530965015
1.00530965015
1.00530965015
1.00530965015
1.00530965015
1.00530965015
1.00530965015
1.00530965015
1.00530965015
1.00530965015
1.00530965015
1.00530965015
1.00530965015
1.00530965015
1.00530965015
1.00530965015
1.00530965015
1.00530965015
1.00530965015
1.00530965015
1.00530965015
1.00530965015
1.00530965015
1.00530965015
1.00530965015
1.00530965015
1.00530965015
1.00530965015
1.00530965015
1.00530965015
1.00530965015
1.00530965015
1.00530965015
1.00530965015
1.00530965015
1.00530965015
1.00530965015
1.00530965015
1.00530965015
1.00530965015
1.00530965015
1.00530965015
1.00530965015
1.00530965015
1.00530965015
1.00530965015
1.00530965015
1.00530965015
1.00530965015
1.00530965015
1.00530965015
1.00530965015
1.00530965015
1.00530965015
1.00530965015
1.00530965015
1.00530965015
1.00530965015
1.00530965015
1.00530965015
1.00530965015
1.00530965015
1.00530965015
1.00530965015
1.00530965015
1.00530965015
1.00530965015
1.00530965015
1.00530965015
1.00530965015
1.00530965015
1.00530965015
1.00530965015
1.00530965015
1.00530965015
1.00530965015
1.00530965015
1.00530965015
1.00530965015
1.00530965015
1.00530965015
1.00530965015
1.00530965015
1.00530965015
1.00530965015
1.00530965015
1.00530965015
1.00530965015
1.00530965015
1.00530965015
1.00530965015
1.00530965015
1.00530965015
1.00530965015
1.00530965015
1.00530965015
1.00530965015
1.00530965015
1.00530965015
1.00530965015
1.00530965015
1.00530965015
1.00530965015
1.00530965015
1.00530965015
1.00530965015
1.00530965015
1.00530965015
1.00530965015
1.00530965015
1.00530965015
1.00530965015
1.00530965015
1.00530965015
1.00530965015
1.00530965015
1.00530965015
1.00530965015
1.00530965015
1.00530965015
1.00530965015
1.00530965015
1.00530965015
1.00530965015
1.00530965015
1.00530965015
1.00530965015
1.00530965015
1.00530965015
1.00530965015
1.00530965015
1.00530965015
1.00530965015
1.00530965015
1.00530965015
1.00530965015
1.00530965015
1.00530965015
1.00530965015
1.00530965015
1.00530965015
1.00530965015
1.00530965015
1.00530965015
1.00530965015
1.00530965015
1.00530965015
1.00530964965
1.00530964965
1.00530964965
1.00530964965
1.00530964965
1.00530964965
1.00530964965
1.00530964965
1.00530964965
1.00530964965
1.00530964965
1.00530964965
0.682283208011
0.682283208011
0.682283208011
0.682283208011
0.682283208011
0.682283208011
0.682283208011
0.682283208011
0.682283208011
0.682283208011
0.682283208011
0.682283208011
1.36456641602
1.36456641602
1.36456641602
1.36456641602
1.36456641602
1.36456641602
1.36456641602
1.36456641602
1.36456641602
1.36456641602
1.36456641602
1.36456641602
1.36456641602
1.36456641602
1.36456641602
1.36456641602
1.36456641602
1.36456641602
1.36456641602
1.36456641602
1.36456641602
1.36456641602
1.36456641602
1.36456641602
0.682283208011
0.682283208011
0.682283208011
0.682283208011
0.682283208011
0.682283208011
0.682283208011
0.682283208011
0.682283208011
0.682283208011
0.682283208011
0.682283208011
0.682283208011
0.682283208011
0.682283208011
0.682283208011
0.682283208011
0.682283208011
0.682283208011
0.682283208011
0.682283208011
0.682283208011
0.682283208011
0.682283208011
1.36456641602
1.36456641602
1.36456641602
1.36456641602
1.36456641602
1.36456641602
1.36456641602
1.36456641602
1.36456641602
1.36456641602
1.36456641602
1.36456641602
1.36456641602
1.36456641602
1.36456641602
1.36456641602
1.36456641602
1.36456641602
1.36456641602
1.36456641602
1.36456641602
1.36456641602
1.36456641602
1.36456641602
0.682283208011
0.682283208011
0.682283208011
0.682283208011
0.682283208011
0.682283208011
0.682283208011
0.682283208011
0.682283208011
0.682283208011
0.682283208011
0.682283208011
0.682283208011
0.682283208011
0.682283208011
0.682283208011
0.682283208011
0.682283208011
0.682283208011
0.682283208011
0.682283208011
0.682283208011
0.682283208011
0.682283208011
1.36456641602
1.36456641602
1.36456641602
1.36456641602
1.36456641602
1.36456641602
1.36456641602
1.36456641602
1.36456641602
1.36456641602
1.36456641602
1.36456641602
1.36456641602
1.36456641602
1.36456641602
1.36456641602
1.36456641602
1.36456641602
1.36456641602
1.36456641602
1.36456641602
1.36456641602
1.36456641602
1.36456641602
0.682283208011
0.682283208011
0.682283208011
0.682283208011
0.682283208011
0.682283208011
0.682283208011
0.682283208011
0.682283208011
0.682283208011
0.682283208011
0.682283208011
0.682283208011
0.682283208011
0.682283208011
0.682283208011
0.682283208011
0.682283208011
0.682283208011
0.682283208011
0.682283208011
0.682283208011
0.682283208011
0.682283208011
1.36456641602
1.36456641602
1.36456641602
1.36456641602
1.36456641602
1.36456641602
1.36456641602
1.36456641602
1.36456641602
1.36456641602
1.36456641602
1.36456641602
1.36456641602
1.36456641602
1.36456641602
1.36456641602
1.36456641602
1.36456641602
1.36456641602
1.36456641602
1.36456641602
1.36456641602
1.36456641602
1.36456641602
0.682283208011
0.682283208011
0.682283208011
0.682283208011
0.682283208011
0.682283208011
0.682283208011
0.682283208011
0.682283208011
0.682283208011
0.682283208011
0.682283208011
0.682283208011
0.682283208011
0.682283208011
0.682283208011
0.682283208011
0.682283208011
0.682283208011
0.682283208011
0.682283208011
0.682283208011
0.682283208011
0.682283208011
1.36456641602
1.36456641602
1.36456641602
1.36456641602
1.36456641602
1.36456641602
1.36456641602
1.36456641602
1.36456641602
1.36456641602
1.36456641602
1.36456641602
1.36456641602
1.36456641602
1.36456641602
1.36456641602
1.36456641602
1.36456641602
1.36456641602
1.36456641602
1.36456641602
1.36456641602
1.36456641602
1.36456641602
0.682283208011
0.682283208011
0.682283208011
0.682283208011
0.682283208011
0.682283208011
0.682283208011
0.682283208011
0.682283208011
0.682283208011
0.682283208011
0.682283208011
0.682283208011
0.682283208011
0.682283208011
0.682283208011
0.682283208011
0.682283208011
0.682283208011
0.682283208011
0.682283208011
0.682283208011
0.682283208011
0.682283208011
1.36456641602
1.36456641602
1.36456641602
1.36456641602
1.36456641602
1.36456641602
1.36456641602
1.36456641602
1.36456641602
1.36456641602
1.36456641602
1.36456641602
1.36456641602
1.36456641602
1.36456641602
1.36456641602
1.36456641602
1.36456641602
1.36456641602
1.36456641602
1.36456641602
1.36456641602
1.36456641602
1.36456641602
0.682283208011
0.682283208011
0.682283208011
0.682283208011
0.682283208011
0.682283208011
0.682283208011
0.682283208011
0.682283208011
0.682283208011
0.682283208011
0.682283208011
0.682283208011
0.682283208011
0.682283208011
0.682283208011
0.682283208011
0.682283208011
0.682283208011
0.682283208011
0.682283208011
0.682283208011
0.682283208011
0.682283208011
1.36456641602
1.36456641602
1.36456641602
1.36456641602
1.36456641602
1.36456641602
1.36456641602
1.36456641602
1.36456641602
1.36456641602
1.36456641602
1.36456641602
1.36456641602
1.36456641602
1.36456641602
1.36456641602
1.36456641602
1.36456641602
1.36456641602
1.36456641602
1.36456641602
1.36456641602
1.36456641602
1.36456641602
0.682283208011
0.682283208011
0.682283208011
0.682283208011
0.682283208011
0.682283208011
0.682283208011
0.682283208011
0.682283208011
0.682283208011
0.682283208011
0.682283208011
0.682283208011
0.682283208011
0.682283208011
0.682283208011
0.682283208011
0.682283208011
0.682283208011
0.682283208011
0.682283208011
0.682283208011
0.682283208011
0.682283208011
1.36456641602
1.36456641602
1.36456641602
1.36456641602
1.36456641602
1.36456641602
1.36456641602
1.36456641602
1.36456641602
1.36456641602
1.36456641602
1.36456641602
1.36456641602
1.36456641602
1.36456641602
1.36456641602
1.36456641602
1.36456641602
1.36456641602
1.36456641602
1.36456641602
1.36456641602
1.36456641602
1.36456641602
0.682283208011
0.682283208011
0.682283208011
0.682283208011
0.682283208011
0.682283208011
0.682283208011
0.682283208011
0.682283208011
0.682283208011
0.682283208011
0.682283208011
0.682283208011
0.682283208011
0.682283208011
0.682283208011
0.682283208011
0.682283208011
0.682283208011
0.682283208011
0.682283208011
0.682283208011
0.682283208011
0.682283208011
1.36456641602
1.36456641602
1.36456641602
1.36456641602
1.36456641602
1.36456641602
1.36456641602
1.36456641602
1.36456641602
1.36456641602
1.36456641602
1.36456641602
1.36456641602
1.36456641602
1.36456641602
1.36456641602
1.36456641602
1.36456641602
1.36456641602
1.36456641602
1.36456641602
1.36456641602
1.36456641602
1.36456641602
0.682283208011
0.682283208011
0.682283208011
0.682283208011
0.682283208011
0.682283208011
0.682283208011
0.682283208011
0.682283208011
0.682283208011
0.682283208011
0.682283208011
0.682283208011
0.682283208011
0.682283208011
0.682283208011
0.682283208011
0.682283208011
0.682283208011
0.682283208011
0.682283208011
0.682283208011
0.682283208011
0.682283208011
1.36456641602
1.36456641602
1.36456641602
1.36456641602
1.36456641602
1.36456641602
1.36456641602
1.36456641602
1.36456641602
1.36456641602
1.36456641602
1.36456641602
1.36456641602
1.36456641602
1.36456641602
1.36456641602
1.36456641602
1.36456641602
1.36456641602
1.36456641602
1.36456641602
1.36456641602
1.36456641602
1.36456641602
0.682283208011
0.682283208011
0.682283208011
0.682283208011
0.682283208011
0.682283208011
0.682283208011
0.682283208011
0.682283208011
0.682283208011
0.682283208011
0.682283208011
0.531232888341
0.531232888341
0.531232888341
0.531232888341
0.531232888341
0.531232888341
0.531232888341
0.531232888341
0.531232888341
0.531232888341
0.531232888341
0.531232888341
0.559810952109
0.559810952109
0.559810952109
0.559810952109
0.559810952109
0.559810952109
0.559810952109
0.559810952109
0.559810952109
0.559810952109
0.559810952109
0.559810952109
0.559810952109
0.559810952109
0.559810952109
0.559810952109
0.559810952109
0.559810952109
0.559810952109
0.559810952109
0.559810952109
0.559810952109
0.559810952109
0.559810952109
0.531232888593
0.531232888593
0.531232888593
0.531232888593
0.531232888593
0.531232888593
0.531232888593
0.531232888593
0.531232888593
0.531232888593
0.531232888593
0.531232888593
0.531232888593
0.531232888593
0.531232888593
0.531232888593
0.531232888593
0.531232888593
0.531232888593
0.531232888593
0.531232888593
0.531232888593
0.531232888593
0.531232888593
0.559810952109
0.559810952109
0.559810952109
0.559810952109
0.559810952109
0.559810952109
0.559810952109
0.559810952109
0.559810952109
0.559810952109
0.559810952109
0.559810952109
0.559810952109
0.559810952109
0.559810952109
0.559810952109
0.559810952109
0.559810952109
0.559810952109
0.559810952109
0.559810952109
0.559810952109
0.559810952109
0.559810952109
0.531232888593
0.531232888593
0.531232888593
0.531232888593
0.531232888593
0.531232888593
0.531232888593
0.531232888593
0.531232888593
0.531232888593
0.531232888593
0.531232888593
0.531232888593
0.531232888593
0.531232888593
0.531232888593
0.531232888593
0.531232888593
0.531232888593
0.531232888593
0.531232888593
0.531232888593
0.531232888593
0.531232888593
0.559810952109
0.559810952109
0.559810952109
0.559810952109
0.559810952109
0.559810952109
0.559810952109
0.559810952109
0.559810952109
0.559810952109
0.559810952109
0.559810952109
0.559810952109
0.559810952109
0.559810952109
0.559810952109
0.559810952109
0.559810952109
0.559810952109
0.559810952109
0.559810952109
0.559810952109
0.559810952109
0.559810952109
0.531232888593
0.531232888593
0.531232888593
0.531232888593
0.531232888593
0.531232888593
0.531232888593
0.531232888593
0.531232888593
0.531232888593
0.531232888593
0.531232888593
0.531232888593
0.531232888593
0.531232888593
0.531232888593
0.531232888593
0.531232888593
0.531232888593
0.531232888593
0.531232888593
0.531232888593
0.531232888593
0.531232888593
0.559810952109
0.559810952109
0.559810952109
0.559810952109
0.559810952109
0.559810952109
0.559810952109
0.559810952109
0.559810952109
0.559810952109
0.559810952109
0.559810952109
0.559810952109
0.559810952109
0.559810952109
0.559810952109
0.559810952109
0.559810952109
0.559810952109
0.559810952109
0.559810952109
0.559810952109
0.559810952109
0.559810952109
0.531232888593
0.531232888593
0.531232888593
0.531232888593
0.531232888593
0.531232888593
0.531232888593
0.531232888593
0.531232888593
0.531232888593
0.531232888593
0.531232888593
0.531232888593
0.531232888593
0.531232888593
0.531232888593
0.531232888593
0.531232888593
0.531232888593
0.531232888593
0.531232888593
0.531232888593
0.531232888593
0.531232888593
0.559810952109
0.559810952109
0.559810952109
0.559810952109
0.559810952109
0.559810952109
0.559810952109
0.559810952109
0.559810952109
0.559810952109
0.559810952109
0.559810952109
0.559810952109
0.559810952109
0.559810952109
0.559810952109
0.559810952109
0.559810952109
0.559810952109
0.559810952109
0.559810952109
0.559810952109
0.559810952109
0.559810952109
0.531232888593
0.531232888593
0.531232888593
0.531232888593
0.531232888593
0.531232888593
0.531232888593
0.531232888593
0.531232888593
0.531232888593
0.531232888593
0.531232888593
0.531232888593
0.531232888593
0.531232888593
0.531232888593
0.531232888593
0.531232888593
0.531232888593
0.531232888593
0.531232888593
0.531232888593
0.531232888593
0.531232888593
0.559810952109
0.559810952109
0.559810952109
0.559810952109
0.559810952109
0.559810952109
0.559810952109
0.559810952109
0.559810952109
0.559810952109
0.559810952109
0.559810952109
0.559810952109
0.559810952109
0.559810952109
0.559810952109
0.559810952109
0.559810952109
0.559810952109
0.559810952109
0.559810952109
0.559810952109
0.559810952109
0.559810952109
0.531232888593
0.531232888593
0.531232888593
0.531232888593
0.531232888593
0.531232888593
0.531232888593
0.531232888593
0.531232888593
0.531232888593
0.531232888593
0.531232888593
0.531232888593
0.531232888593
0.531232888593
0.531232888593
0.531232888593
0.531232888593
0.531232888593
0.531232888593
0.531232888593
0.531232888593
0.531232888593
0.531232888593
0.559810952109
0.559810952109
0.559810952109
0.559810952109
0.559810952109
0.559810952109
0.559810952109
0.559810952109
0.559810952109
0.559810952109
0.559810952109
0.559810952109
0.559810952109
0.559810952109
0.559810952109
0.559810952109
0.559810952109
0.559810952109
0.559810952109
0.559810952109
0.559810952109
0.559810952109
0.559810952109
0.559810952109
0.531232888593
0.531232888593
0.531232888593
0.531232888593
0.531232888593
0.531232888593
0.531232888593
0.531232888593
0.531232888593
0.531232888593
0.531232888593
0.531232888593
0.531232888593
0.531232888593
0.531232888593
0.531232888593
0.531232888593
0.531232888593
0.531232888593
0.531232888593
0.531232888593
0.531232888593
0.531232888593
0.531232888593
0.559810952109
0.559810952109
0.559810952109
0.559810952109
0.559810952109
0.559810952109
0.559810952109
0.559810952109
0.559810952109
0.559810952109
0.559810952109
0.559810952109
0.559810952109
0.559810952109
0.559810952109
0.559810952109
0.559810952109
0.559810952109
0.559810952109
0.559810952109
0.559810952109
0.559810952109
0.559810952109
0.559810952109
0.531232888593
0.531232888593
0.531232888593
0.531232888593
0.531232888593
0.531232888593
0.531232888593
0.531232888593
0.531232888593
0.531232888593
0.531232888593
0.531232888593
0.531232888593
0.531232888593
0.531232888593
0.531232888593
0.531232888593
0.531232888593
0.531232888593
0.531232888593
0.531232888593
0.531232888593
0.531232888593
0.531232888593
0.559810952109
0.559810952109
0.559810952109
0.559810952109
0.559810952109
0.559810952109
0.559810952109
0.559810952109
0.559810952109
0.559810952109
0.559810952109
0.559810952109
0.559810952109
0.559810952109
0.559810952109
0.559810952109
0.559810952109
0.559810952109
0.559810952109
0.559810952109
0.559810952109
0.559810952109
0.559810952109
0.559810952109
0.531232888593
0.531232888593
0.531232888593
0.531232888593
0.531232888593
0.531232888593
0.531232888593
0.531232888593
0.531232888593
0.531232888593
0.531232888593
0.531232888593
0.531232888593
0.531232888593
0.531232888593
0.531232888593
0.531232888593
0.531232888593
0.531232888593
0.531232888593
0.531232888593
0.531232888593
0.531232888593
0.531232888593
0.559810952109
0.559810952109
0.559810952109
0.559810952109
0.559810952109
0.559810952109
0.559810952109
0.559810952109
0.559810952109
0.559810952109
0.559810952109
0.559810952109
0.559810952109
0.559810952109
0.559810952109
0.559810952109
0.559810952109
0.559810952109
0.559810952109
0.559810952109
0.559810952109
0.559810952109
0.559810952109
0.559810952109
0.531232888341
0.531232888341
0.531232888341
0.531232888341
0.531232888341
0.531232888341
0.531232888341
0.531232888341
0.531232888341
0.531232888341
0.531232888341
0.531232888341
0.99816513441
0.99816513441
0.99816513441
0.99816513441
0.99816513441
0.99816513441
0.99816513441
0.99816513441
0.99816513441
0.99816513441
0.99816513441
0.99816513441
1.49367544425
1.49367544425
1.49367544425
1.49367544425
1.49367544425
1.49367544425
1.49367544425
1.49367544425
1.49367544425
1.49367544425
1.49367544425
1.49367544425
1.49367544425
1.49367544425
1.49367544425
1.49367544425
1.49367544425
1.49367544425
1.49367544425
1.49367544425
1.49367544425
1.49367544425
1.49367544425
1.49367544425
0.998165134661
0.998165134661
0.998165134661
0.998165134661
0.998165134661
0.998165134661
0.998165134661
0.998165134661
0.998165134661
0.998165134661
0.998165134661
0.998165134661
0.998165134661
0.998165134661
0.998165134661
0.998165134661
0.998165134661
0.998165134661
0.998165134661
0.998165134661
0.998165134661
0.998165134661
0.998165134661
0.998165134661
1.49367544425
1.49367544425
1.49367544425
1.49367544425
1.49367544425
1.49367544425
1.49367544425
1.49367544425
1.49367544425
1.49367544425
1.49367544425
1.49367544425
1.49367544425
1.49367544425
1.49367544425
1.49367544425
1.49367544425
1.49367544425
1.49367544425
1.49367544425
1.49367544425
1.49367544425
1.49367544425
1.49367544425
0.998165134661
0.998165134661
0.998165134661
0.998165134661
0.998165134661
0.998165134661
0.998165134661
0.998165134661
0.998165134661
0.998165134661
0.998165134661
0.998165134661
0.998165134661
0.998165134661
0.998165134661
0.998165134661
0.998165134661
0.998165134661
0.998165134661
0.998165134661
0.998165134661
0.998165134661
0.998165134661
0.998165134661
1.49367544425
1.49367544425
1.49367544425
1.49367544425
1.49367544425
1.49367544425
1.49367544425
1.49367544425
1.49367544425
1.49367544425
1.49367544425
1.49367544425
1.49367544425
1.49367544425
1.49367544425
1.49367544425
1.49367544425
1.49367544425
1.49367544425
1.49367544425
1.49367544425
1.49367544425
1.49367544425
1.49367544425
0.998165134661
0.998165134661
0.998165134661
0.998165134661
0.998165134661
0.998165134661
0.998165134661
0.998165134661
0.998165134661
0.998165134661
0.998165134661
0.998165134661
0.998165134661
0.998165134661
0.998165134661
0.998165134661
0.998165134661
0.998165134661
0.998165134661
0.998165134661
0.998165134661
0.998165134661
0.998165134661
0.998165134661
1.49367544425
1.49367544425
1.49367544425
1.49367544425
1.49367544425
1.49367544425
1.49367544425
1.49367544425
1.49367544425
1.49367544425
1.49367544425
1.49367544425
1.49367544425
1.49367544425
1.49367544425
1.49367544425
1.49367544425
1.49367544425
1.49367544425
1.49367544425
1.49367544425
1.49367544425
1.49367544425
1.49367544425
0.998165134661
0.998165134661
0.998165134661
0.998165134661
0.998165134661
0.998165134661
0.998165134661
0.998165134661
0.998165134661
0.998165134661
0.998165134661
0.998165134661
0.998165134661
0.998165134661
0.998165134661
0.998165134661
0.998165134661
0.998165134661
0.998165134661
0.998165134661
0.998165134661
0.998165134661
0.998165134661
0.998165134661
1.49367544425
1.49367544425
1.49367544425
1.49367544425
1.49367544425
1.49367544425
1.49367544425
1.49367544425
1.49367544425
1.49367544425
1.49367544425
1.49367544425
1.49367544425
1.49367544425
1.49367544425
1.49367544425
1.49367544425
1.49367544425
1.49367544425
1.49367544425
1.49367544425
1.49367544425
1.49367544425
1.49367544425
0.998165134661
0.998165134661
0.998165134661
0.998165134661
0.998165134661
0.998165134661
0.998165134661
0.998165134661
0.998165134661
0.998165134661
0.998165134661
0.998165134661
0.998165134661
0.998165134661
0.998165134661
0.998165134661
0.998165134661
0.998165134661
0.998165134661
0.998165134661
0.998165134661
0.998165134661
0.998165134661
0.998165134661
1.49367544425
1.49367544425
1.49367544425
1.49367544425
1.49367544425
1.49367544425
1.49367544425
1.49367544425
1.49367544425
1.49367544425
1.49367544425
1.49367544425
1.49367544425
1.49367544425
1.49367544425
1.49367544425
1.49367544425
1.49367544425
1.49367544425
1.49367544425
1.49367544425
1.49367544425
1.49367544425
1.49367544425
0.998165134661
0.998165134661
0.998165134661
0.998165134661
0.998165134661
0.998165134661
0.998165134661
0.998165134661
0.998165134661
0.998165134661
0.998165134661
0.998165134661
0.998165134661
0.998165134661
0.998165134661
0.998165134661
0.998165134661
0.998165134661
0.998165134661
0.998165134661
0.998165134661
0.998165134661
0.998165134661
0.998165134661
1.49367544425
1.49367544425
1.49367544425
1.49367544425
1.49367544425
1.49367544425
1.49367544425
1.49367544425
1.49367544425
1.49367544425
1.49367544425
1.49367544425
1.49367544425
1.49367544425
1.49367544425
1.49367544425
1.49367544425
1.49367544425
1.49367544425
1.49367544425
1.49367544425
1.49367544425
1.49367544425
1.49367544425
0.998165134661
0.998165134661
0.998165134661
0.998165134661
0.998165134661
0.998165134661
0.998165134661
0.998165134661
0.998165134661
0.998165134661
0.998165134661
0.998165134661
0.998165134661
0.998165134661
0.998165134661
0.998165134661
0.998165134661
0.998165134661
0.998165134661
0.998165134661
0.998165134661
0.998165134661
0.998165134661
0.998165134661
1.49367544425
1.49367544425
1.49367544425
1.49367544425
1.49367544425
1.49367544425
1.49367544425
1.49367544425
1.49367544425
1.49367544425
1.49367544425
1.49367544425
1.49367544425
1.49367544425
1.49367544425
1.49367544425
1.49367544425
1.49367544425
1.49367544425
1.49367544425
1.49367544425
1.49367544425
1.49367544425
1.49367544425
0.998165134661
0.998165134661
0.998165134661
0.998165134661
0.998165134661
0.998165134661
0.998165134661
0.998165134661
0.998165134661
0.998165134661
0.998165134661
0.998165134661
0.998165134661
0.998165134661
0.998165134661
0.998165134661
0.998165134661
0.998165134661
0.998165134661
0.998165134661
0.998165134661
0.998165134661
0.998165134661
0.998165134661
1.49367544425
1.49367544425
1.49367544425
1.49367544425
1.49367544425
1.49367544425
1.49367544425
1.49367544425
1.49367544425
1.49367544425
1.49367544425
1.49367544425
1.49367544425
1.49367544425
1.49367544425
1.49367544425
1.49367544425
1.49367544425
1.49367544425
1.49367544425
1.49367544425
1.49367544425
1.49367544425
1.49367544425
0.998165134661
0.998165134661
0.998165134661
0.998165134661
0.998165134661
0.998165134661
0.998165134661
0.998165134661
0.998165134661
0.998165134661
0.998165134661
0.998165134661
0.998165134661
0.998165134661
0.998165134661
0.998165134661
0.998165134661
0.998165134661
0.998165134661
0.998165134661
0.998165134661
0.998165134661
0.998165134661
0.998165134661
1.49367544425
1.49367544425
1.49367544425
1.49367544425
1.49367544425
1.49367544425
1.49367544425
1.49367544425
1.49367544425
1.49367544425
1.49367544425
1.49367544425
1.49367544425
1.49367544425
1.49367544425
1.49367544425
1.49367544425
1.49367544425
1.49367544425
1.49367544425
1.49367544425
1.49367544425
1.49367544425
1.49367544425
0.99816513441
0.99816513441
0.99816513441
0.99816513441
0.99816513441
0.99816513441
0.99816513441
0.99816513441
0.99816513441
0.99816513441
0.99816513441
0.99816513441
0.682283208011
0.682283208011
0.682283208011
0.682283208011
0.682283208011
0.682283208011
0.682283208011
0.682283208011
0.682283208011
0.682283208011
0.682283208011
0.682283208011
1.36456641602
1.36456641602
1.36456641602
1.36456641602
1.36456641602
1.36456641602
1.36456641602
1.36456641602
1.36456641602
1.36456641602
1.36456641602
1.36456641602
1.36456641602
1.36456641602
1.36456641602
1.36456641602
1.36456641602
1.36456641602
1.36456641602
1.36456641602
1.36456641602
1.36456641602
1.36456641602
1.36456641602
0.682283208011
0.682283208011
0.682283208011
0.682283208011
0.682283208011
0.682283208011
0.682283208011
0.682283208011
0.682283208011
0.682283208011
0.682283208011
0.682283208011
0.682283208011
0.682283208011
0.682283208011
0.682283208011
0.682283208011
0.682283208011
0.682283208011
0.682283208011
0.682283208011
0.682283208011
0.682283208011
0.682283208011
1.36456641602
1.36456641602
1.36456641602
1.36456641602
1.36456641602
1.36456641602
1.36456641602
1.36456641602
1.36456641602
1.36456641602
1.36456641602
1.36456641602
1.36456641602
1.36456641602
1.36456641602
1.36456641602
1.36456641602
1.36456641602
1.36456641602
1.36456641602
1.36456641602
1.36456641602
1.36456641602
1.36456641602
0.682283208011
0.682283208011
0.682283208011
0.682283208011
0.682283208011
0.682283208011
0.682283208011
0.682283208011
0.682283208011
0.682283208011
0.682283208011
0.682283208011
0.682283208011
0.682283208011
0.682283208011
0.682283208011
0.682283208011
0.682283208011
0.682283208011
0.682283208011
0.682283208011
0.682283208011
0.682283208011
0.682283208011
1.36456641602
1.36456641602
1.36456641602
1.36456641602
1.36456641602
1.36456641602
1.36456641602
1.36456641602
1.36456641602
1.36456641602
1.36456641602
1.36456641602
1.36456641602
1.36456641602
1.36456641602
1.36456641602
1.36456641602
1.36456641602
1.36456641602
1.36456641602
1.36456641602
1.36456641602
1.36456641602
1.36456641602
0.682283208011
0.682283208011
0.682283208011
0.682283208011
0.682283208011
0.682283208011
0.682283208011
0.682283208011
0.682283208011
0.682283208011
0.682283208011
0.682283208011
0.682283208011
0.682283208011
0.682283208011
0.682283208011
0.682283208011
0.682283208011
0.682283208011
0.682283208011
0.682283208011
0.682283208011
0.682283208011
0.682283208011
1.36456641602
1.36456641602
1.36456641602
1.36456641602
1.36456641602
1.36456641602
1.36456641602
1.36456641602
1.36456641602
1.36456641602
1.36456641602
1.36456641602
1.36456641602
1.36456641602
1.36456641602
1.36456641602
1.36456641602
1.36456641602
1.36456641602
1.36456641602
1.36456641602
1.36456641602
1.36456641602
1.36456641602
0.682283208011
0.682283208011
0.682283208011
0.682283208011
0.682283208011
0.682283208011
0.682283208011
0.682283208011
0.682283208011
0.682283208011
0.682283208011
0.682283208011
0.682283208011
0.682283208011
0.682283208011
0.682283208011
0.682283208011
0.682283208011
0.682283208011
0.682283208011
0.682283208011
0.682283208011
0.682283208011
0.682283208011
1.36456641602
1.36456641602
1.36456641602
1.36456641602
1.36456641602
1.36456641602
1.36456641602
1.36456641602
1.36456641602
1.36456641602
1.36456641602
1.36456641602
1.36456641602
1.36456641602
1.36456641602
1.36456641602
1.36456641602
1.36456641602
1.36456641602
1.36456641602
1.36456641602
1.36456641602
1.36456641602
1.36456641602
0.682283208011
0.682283208011
0.682283208011
0.682283208011
0.682283208011
0.682283208011
0.682283208011
0.682283208011
0.682283208011
0.682283208011
0.682283208011
0.682283208011
0.682283208011
0.682283208011
0.682283208011
0.682283208011
0.682283208011
0.682283208011
0.682283208011
0.682283208011
0.682283208011
0.682283208011
0.682283208011
0.682283208011
1.36456641602
1.36456641602
1.36456641602
1.36456641602
1.36456641602
1.36456641602
1.36456641602
1.36456641602
1.36456641602
1.36456641602
1.36456641602
1.36456641602
1.36456641602
1.36456641602
1.36456641602
1.36456641602
1.36456641602
1.36456641602
1.36456641602
1.36456641602
1.36456641602
1.36456641602
1.36456641602
1.36456641602
0.682283208011
0.682283208011
0.682283208011
0.682283208011
0.682283208011
0.682283208011
0.682283208011
0.682283208011
0.682283208011
0.682283208011
0.682283208011
0.682283208011
0.682283208011
0.682283208011
0.682283208011
0.682283208011
0.682283208011
0.682283208011
0.682283208011
0.682283208011
0.682283208011
0.682283208011
0.682283208011
0.682283208011
1.36456641602
1.36456641602
1.36456641602
1.36456641602
1.36456641602
1.36456641602
1.36456641602
1.36456641602
1.36456641602
1.36456641602
1.36456641602
1.36456641602
1.36456641602
1.36456641602
1.36456641602
1.36456641602
1.36456641602
1.36456641602
1.36456641602
1.36456641602
1.36456641602
1.36456641602
1.36456641602
1.36456641602
0.682283208011
0.682283208011
0.682283208011
0.682283208011
0.682283208011
0.682283208011
0.682283208011
0.682283208011
0.682283208011
0.682283208011
0.682283208011
0.682283208011
0.682283208011
0.682283208011
0.682283208011
0.682283208011
0.682283208011
0.682283208011
0.682283208011
0.682283208011
0.682283208011
0.682283208011
0.682283208011
0.682283208011
1.36456641602
1.36456641602
1.36456641602
1.36456641602
1.36456641602
1.36456641602
1.36456641602
1.36456641602
1.36456641602
1.36456641602
1.36456641602
1.36456641602
1.36456641602
1.36456641602
1.36456641602
1.36456641602
1.36456641602
1.36456641602
1.36456641602
1.36456641602
1.36456641602
1.36456641602
1.36456641602
1.36456641602
0.682283208011
0.682283208011
0.682283208011
0.682283208011
0.682283208011
0.682283208011
0.682283208011
0.682283208011
0.682283208011
0.682283208011
0.682283208011
0.682283208011
0.682283208011
0.682283208011
0.682283208011
0.682283208011
0.682283208011
0.682283208011
0.682283208011
0.682283208011
0.682283208011
0.682283208011
0.682283208011
0.682283208011
1.36456641602
1.36456641602
1.36456641602
1.36456641602
1.36456641602
1.36456641602
1.36456641602
1.36456641602
1.36456641602
1.36456641602
1.36456641602
1.36456641602
1.36456641602
1.36456641602
1.36456641602
1.36456641602
1.36456641602
1.36456641602
1.36456641602
1.36456641602
1.36456641602
1.36456641602
1.36456641602
1.36456641602
0.682283208011
0.682283208011
0.682283208011
0.682283208011
0.682283208011
0.682283208011
0.682283208011
0.682283208011
0.682283208011
0.682283208011
0.682283208011
0.682283208011
0.682283208011
0.682283208011
0.682283208011
0.682283208011
0.682283208011
0.682283208011
0.682283208011
0.682283208011
0.682283208011
0.682283208011
0.682283208011
0.682283208011
1.36456641602
1.36456641602
1.36456641602
1.36456641602
1.36456641602
1.36456641602
1.36456641602
1.36456641602
1.36456641602
1.36456641602
1.36456641602
1.36456641602
1.36456641602
1.36456641602
1.36456641602
1.36456641602
1.36456641602
1.36456641602
1.36456641602
1.36456641602
1.36456641602
1.36456641602
1.36456641602
1.36456641602
0.682283208011
0.682283208011
0.682283208011
0.682283208011
0.682283208011
0.682283208011
0.682283208011
0.682283208011
0.682283208011
0.682283208011
0.682283208011
0.682283208011
0.531232888341
0.531232888341
0.531232888341
0.531232888341
0.531232888341
0.531232888341
0.531232888341
0.531232888341
0.531232888341
0.531232888341
0.531232888341
0.531232888341
0.559810952109
0.559810952109
0.559810952109
0.559810952109
0.559810952109
0.559810952109
0.559810952109
0.559810952109
0.559810952109
0.559810952109
0.559810952109
0.559810952109
0.559810952109
0.559810952109
0.559810952109
0.559810952109
0.559810952109
0.559810952109
0.559810952109
0.559810952109
0.559810952109
0.559810952109
0.559810952109
0.559810952109
0.531232888593
0.531232888593
0.531232888593
0.531232888593
0.531232888593
0.531232888593
0.531232888593
0.531232888593
0.531232888593
0.531232888593
0.531232888593
0.531232888593
0.531232888593
0.531232888593
0.531232888593
0.531232888593
0.531232888593
0.531232888593
0.531232888593
0.531232888593
0.531232888593
0.531232888593
0.531232888593
0.531232888593
0.559810952109
0.559810952109
0.559810952109
0.559810952109
0.559810952109
0.559810952109
0.559810952109
0.559810952109
0.559810952109
0.559810952109
0.559810952109
0.559810952109
0.559810952109
0.559810952109
0.559810952109
0.559810952109
0.559810952109
0.559810952109
0.559810952109
0.559810952109
0.559810952109
0.559810952109
0.559810952109
0.559810952109
0.531232888593
0.531232888593
0.531232888593
0.531232888593
0.531232888593
0.531232888593
0.531232888593
0.531232888593
0.531232888593
0.531232888593
0.531232888593
0.531232888593
0.531232888593
0.531232888593
0.531232888593
0.531232888593
0.531232888593
0.531232888593
0.531232888593
0.531232888593
0.531232888593
0.531232888593
0.531232888593
0.531232888593
0.559810952109
0.559810952109
0.559810952109
0.559810952109
0.559810952109
0.559810952109
0.559810952109
0.559810952109
0.559810952109
0.559810952109
0.559810952109
0.559810952109
0.559810952109
0.559810952109
0.559810952109
0.559810952109
0.559810952109
0.559810952109
0.559810952109
0.559810952109
0.559810952109
0.559810952109
0.559810952109
0.559810952109
0.531232888593
0.531232888593
0.531232888593
0.531232888593
0.531232888593
0.531232888593
0.531232888593
0.531232888593
0.531232888593
0.531232888593
0.531232888593
0.531232888593
0.531232888593
0.531232888593
0.531232888593
0.531232888593
0.531232888593
0.531232888593
0.531232888593
0.531232888593
0.531232888593
0.531232888593
0.531232888593
0.531232888593
0.559810952109
0.559810952109
0.559810952109
0.559810952109
0.559810952109
0.559810952109
0.559810952109
0.559810952109
0.559810952109
0.559810952109
0.559810952109
0.559810952109
0.559810952109
0.559810952109
0.559810952109
0.559810952109
0.559810952109
0.559810952109
0.559810952109
0.559810952109
0.559810952109
0.559810952109
0.559810952109
0.559810952109
0.531232888593
0.531232888593
0.531232888593
0.531232888593
0.531232888593
0.531232888593
0.531232888593
0.531232888593
0.531232888593
0.531232888593
0.531232888593
0.531232888593
0.531232888593
0.531232888593
0.531232888593
0.531232888593
0.531232888593
0.531232888593
0.531232888593
0.531232888593
0.531232888593
0.531232888593
0.531232888593
0.531232888593
0.559810952109
0.559810952109
0.559810952109
0.559810952109
0.559810952109
0.559810952109
0.559810952109
0.559810952109
0.559810952109
0.559810952109
0.559810952109
0.559810952109
0.559810952109
0.559810952109
0.559810952109
0.559810952109
0.559810952109
0.559810952109
0.559810952109
0.559810952109
0.559810952109
0.559810952109
0.559810952109
0.559810952109
0.531232888593
0.531232888593
0.531232888593
0.531232888593
0.531232888593
0.531232888593
0.531232888593
0.531232888593
0.531232888593
0.531232888593
0.531232888593
0.531232888593
0.531232888593
0.531232888593
0.531232888593
0.531232888593
0.531232888593
0.531232888593
0.531232888593
0.531232888593
0.531232888593
0.531232888593
0.531232888593
0.531232888593
0.559810952109
0.559810952109
0.559810952109
0.559810952109
0.559810952109
0.559810952109
0.559810952109
0.559810952109
0.559810952109
0.559810952109
0.559810952109
0.559810952109
0.559810952109
0.559810952109
0.559810952109
0.559810952109
0.559810952109
0.559810952109
0.559810952109
0.559810952109
0.559810952109
0.559810952109
0.559810952109
0.559810952109
0.531232888593
0.531232888593
0.531232888593
0.531232888593
0.531232888593
0.531232888593
0.531232888593
0.531232888593
0.531232888593
0.531232888593
0.531232888593
0.531232888593
0.531232888593
0.531232888593
0.531232888593
0.531232888593
0.531232888593
0.531232888593
0.531232888593
0.531232888593
0.531232888593
0.531232888593
0.531232888593
0.531232888593
0.559810952109
0.559810952109
0.559810952109
0.559810952109
0.559810952109
0.559810952109
0.559810952109
0.559810952109
0.559810952109
0.559810952109
0.559810952109
0.559810952109
0.559810952109
0.559810952109
0.559810952109
0.559810952109
0.559810952109
0.559810952109
0.559810952109
0.559810952109
0.559810952109
0.559810952109
0.559810952109
0.559810952109
0.531232888593
0.531232888593
0.531232888593
0.531232888593
0.531232888593
0.531232888593
0.531232888593
0.531232888593
0.531232888593
0.531232888593
0.531232888593
0.531232888593
0.531232888593
0.531232888593
0.531232888593
0.531232888593
0.531232888593
0.531232888593
0.531232888593
0.531232888593
0.531232888593
0.531232888593
0.531232888593
0.531232888593
0.559810952109
0.559810952109
0.559810952109
0.559810952109
0.559810952109
0.559810952109
0.559810952109
0.559810952109
0.559810952109
0.559810952109
0.559810952109
0.559810952109
0.559810952109
0.559810952109
0.559810952109
0.559810952109
0.559810952109
0.559810952109
0.559810952109
0.559810952109
0.559810952109
0.559810952109
0.559810952109
0.559810952109
0.531232888593
0.531232888593
0.531232888593
0.531232888593
0.531232888593
0.531232888593
0.531232888593
0.531232888593
0.531232888593
0.531232888593
0.531232888593
0.531232888593
0.531232888593
0.531232888593
0.531232888593
0.531232888593
0.531232888593
0.531232888593
0.531232888593
0.531232888593
0.531232888593
0.531232888593
0.531232888593
0.531232888593
0.559810952109
0.559810952109
0.559810952109
0.559810952109
0.559810952109
0.559810952109
0.559810952109
0.559810952109
0.559810952109
0.559810952109
0.559810952109
0.559810952109
0.559810952109
0.559810952109
0.559810952109
0.559810952109
0.559810952109
0.559810952109
0.559810952109
0.559810952109
0.559810952109
0.559810952109
0.559810952109
0.559810952109
0.531232888593
0.531232888593
0.531232888593
0.531232888593
0.531232888593
0.531232888593
0.531232888593
0.531232888593
0.531232888593
0.531232888593
0.531232888593
0.531232888593
0.531232888593
0.531232888593
0.531232888593
0.531232888593
0.531232888593
0.531232888593
0.531232888593
0.531232888593
0.531232888593
0.531232888593
0.531232888593
0.531232888593
0.559810952109
0.559810952109
0.559810952109
0.559810952109
0.559810952109
0.559810952109
0.559810952109
0.559810952109
0.559810952109
0.559810952109
0.559810952109
0.559810952109
0.559810952109
0.559810952109
0.559810952109
0.559810952109
0.559810952109
0.559810952109
0.559810952109
0.559810952109
0.559810952109
0.559810952109
0.559810952109
0.559810952109
0.531232888341
0.531232888341
0.531232888341
0.531232888341
0.531232888341
0.531232888341
0.531232888341
0.531232888341
0.531232888341
0.531232888341
0.531232888341
0.531232888341
0.99816513441
0.99816513441
0.99816513441
0.99816513441
0.99816513441
0.99816513441
0.99816513441
0.99816513441
0.99816513441
0.99816513441
0.99816513441
0.99816513441
1.49367544425
1.49367544425
1.49367544425
1.49367544425
1.49367544425
1.49367544425
1.49367544425
1.49367544425
1.49367544425
1.49367544425
1.49367544425
1.49367544425
1.49367544425
1.49367544425
1.49367544425
1.49367544425
1.49367544425
1.49367544425
1.49367544425
1.49367544425
1.49367544425
1.49367544425
1.49367544425
1.49367544425
0.998165134661
0.998165134661
0.998165134661
0.998165134661
0.998165134661
0.998165134661
0.998165134661
0.998165134661
0.998165134661
0.998165134661
0.998165134661
0.998165134661
0.998165134661
0.998165134661
0.998165134661
0.998165134661
0.998165134661
0.998165134661
0.998165134661
0.998165134661
0.998165134661
0.998165134661
0.998165134661
0.998165134661
1.49367544425
1.49367544425
1.49367544425
1.49367544425
1.49367544425
1.49367544425
1.49367544425
1.49367544425
1.49367544425
1.49367544425
1.49367544425
1.49367544425
1.49367544425
1.49367544425
1.49367544425
1.49367544425
1.49367544425
1.49367544425
1.49367544425
1.49367544425
1.49367544425
1.49367544425
1.49367544425
1.49367544425
0.998165134661
0.998165134661
0.998165134661
0.998165134661
0.998165134661
0.998165134661
0.998165134661
0.998165134661
0.998165134661
0.998165134661
0.998165134661
0.998165134661
0.998165134661
0.998165134661
0.998165134661
0.998165134661
0.998165134661
0.998165134661
0.998165134661
0.998165134661
0.998165134661
0.998165134661
0.998165134661
0.998165134661
1.49367544425
1.49367544425
1.49367544425
1.49367544425
1.49367544425
1.49367544425
1.49367544425
1.49367544425
1.49367544425
1.49367544425
1.49367544425
1.49367544425
1.49367544425
1.49367544425
1.49367544425
1.49367544425
1.49367544425
1.49367544425
1.49367544425
1.49367544425
1.49367544425
1.49367544425
1.49367544425
1.49367544425
0.998165134661
0.998165134661
0.998165134661
0.998165134661
0.998165134661
0.998165134661
0.998165134661
0.998165134661
0.998165134661
0.998165134661
0.998165134661
0.998165134661
0.998165134661
0.998165134661
0.998165134661
0.998165134661
0.998165134661
0.998165134661
0.998165134661
0.998165134661
0.998165134661
0.998165134661
0.998165134661
0.998165134661
1.49367544425
1.49367544425
1.49367544425
1.49367544425
1.49367544425
1.49367544425
1.49367544425
1.49367544425
1.49367544425
1.49367544425
1.49367544425
1.49367544425
1.49367544425
1.49367544425
1.49367544425
1.49367544425
1.49367544425
1.49367544425
1.49367544425
1.49367544425
1.49367544425
1.49367544425
1.49367544425
1.49367544425
0.998165134661
0.998165134661
0.998165134661
0.998165134661
0.998165134661
0.998165134661
0.998165134661
0.998165134661
0.998165134661
0.998165134661
0.998165134661
0.998165134661
0.998165134661
0.998165134661
0.998165134661
0.998165134661
0.998165134661
0.998165134661
0.998165134661
0.998165134661
0.998165134661
0.998165134661
0.998165134661
0.998165134661
1.49367544425
1.49367544425
1.49367544425
1.49367544425
1.49367544425
1.49367544425
1.49367544425
1.49367544425
1.49367544425
1.49367544425
1.49367544425
1.49367544425
1.49367544425
1.49367544425
1.49367544425
1.49367544425
1.49367544425
1.49367544425
1.49367544425
1.49367544425
1.49367544425
1.49367544425
1.49367544425
1.49367544425
0.998165134661
0.998165134661
0.998165134661
0.998165134661
0.998165134661
0.998165134661
0.998165134661
0.998165134661
0.998165134661
0.998165134661
0.998165134661
0.998165134661
0.998165134661
0.998165134661
0.998165134661
0.998165134661
0.998165134661
0.998165134661
0.998165134661
0.998165134661
0.998165134661
0.998165134661
0.998165134661
0.998165134661
1.49367544425
1.49367544425
1.49367544425
1.49367544425
1.49367544425
1.49367544425
1.49367544425
1.49367544425
1.49367544425
1.49367544425
1.49367544425
1.49367544425
1.49367544425
1.49367544425
1.49367544425
1.49367544425
1.49367544425
1.49367544425
1.49367544425
1.49367544425
1.49367544425
1.49367544425
1.49367544425
1.49367544425
0.998165134661
0.998165134661
0.998165134661
0.998165134661
0.998165134661
0.998165134661
0.998165134661
0.998165134661
0.998165134661
0.998165134661
0.998165134661
0.998165134661
0.998165134661
0.998165134661
0.998165134661
0.998165134661
0.998165134661
0.998165134661
0.998165134661
0.998165134661
0.998165134661
0.998165134661
0.998165134661
0.998165134661
1.49367544425
1.49367544425
1.49367544425
1.49367544425
1.49367544425
1.49367544425
1.49367544425
1.49367544425
1.49367544425
1.49367544425
1.49367544425
1.49367544425
1.49367544425
1.49367544425
1.49367544425
1.49367544425
1.49367544425
1.49367544425
1.49367544425
1.49367544425
1.49367544425
1.49367544425
1.49367544425
1.49367544425
0.998165134661
0.998165134661
0.998165134661
0.998165134661
0.998165134661
0.998165134661
0.998165134661
0.998165134661
0.998165134661
0.998165134661
0.998165134661
0.998165134661
0.998165134661
0.998165134661
0.998165134661
0.998165134661
0.998165134661
0.998165134661
0.998165134661
0.998165134661
0.998165134661
0.998165134661
0.998165134661
0.998165134661
1.49367544425
1.49367544425
1.49367544425
1.49367544425
1.49367544425
1.49367544425
1.49367544425
1.49367544425
1.49367544425
1.49367544425
1.49367544425
1.49367544425
1.49367544425
1.49367544425
1.49367544425
1.49367544425
1.49367544425
1.49367544425
1.49367544425
1.49367544425
1.49367544425
1.49367544425
1.49367544425
1.49367544425
0.998165134661
0.998165134661
0.998165134661
0.998165134661
0.998165134661
0.998165134661
0.998165134661
0.998165134661
0.998165134661
0.998165134661
0.998165134661
0.998165134661
0.998165134661
0.998165134661
0.998165134661
0.998165134661
0.998165134661
0.998165134661
0.998165134661
0.998165134661
0.998165134661
0.998165134661
0.998165134661
0.998165134661
1.49367544425
1.49367544425
1.49367544425
1.49367544425
1.49367544425
1.49367544425
1.49367544425
1.49367544425
1.49367544425
1.49367544425
1.49367544425
1.49367544425
1.49367544425
1.49367544425
1.49367544425
1.49367544425
1.49367544425
1.49367544425
1.49367544425
1.49367544425
1.49367544425
1.49367544425
1.49367544425
1.49367544425
0.998165134661
0.998165134661
0.998165134661
0.998165134661
0.998165134661
0.998165134661
0.998165134661
0.998165134661
0.998165134661
0.998165134661
0.998165134661
0.998165134661
0.998165134661
0.998165134661
0.998165134661
0.998165134661
0.998165134661
0.998165134661
0.998165134661
0.998165134661
0.998165134661
0.998165134661
0.998165134661
0.998165134661
1.49367544425
1.49367544425
1.49367544425
1.49367544425
1.49367544425
1.49367544425
1.49367544425
1.49367544425
1.49367544425
1.49367544425
1.49367544425
1.49367544425
1.49367544425
1.49367544425
1.49367544425
1.49367544425
1.49367544425
1.49367544425
1.49367544425
1.49367544425
1.49367544425
1.49367544425
1.49367544425
1.49367544425
0.99816513441
0.99816513441
0.99816513441
0.99816513441
0.99816513441
0.99816513441
0.99816513441
0.99816513441
0.99816513441
0.99816513441
0.99816513441
0.99816513441
0.718005786769
0.718005786769
0.718005786769
0.718005786769
0.718005786769
0.718005786769
0.718005786769
0.718005786769
0.718005786769
0.718005786769
0.718005786769
0.718005786769
0.933356748963
0.933356748963
0.933356748963
0.933356748963
0.933356748963
0.933356748963
0.933356748963
0.933356748963
0.933356748963
0.933356748963
0.933356748963
0.933356748963
0.933356748963
0.933356748963
0.933356748963
0.933356748963
0.933356748963
0.933356748963
0.933356748963
0.933356748963
0.933356748963
0.933356748963
0.933356748963
0.933356748963
0.71800578702
0.71800578702
0.71800578702
0.71800578702
0.71800578702
0.71800578702
0.71800578702
0.71800578702
0.71800578702
0.71800578702
0.71800578702
0.71800578702
0.71800578702
0.71800578702
0.71800578702
0.71800578702
0.71800578702
0.71800578702
0.71800578702
0.71800578702
0.71800578702
0.71800578702
0.71800578702
0.71800578702
0.933356748963
0.933356748963
0.933356748963
0.933356748963
0.933356748963
0.933356748963
0.933356748963
0.933356748963
0.933356748963
0.933356748963
0.933356748963
0.933356748963
0.933356748963
0.933356748963
0.933356748963
0.933356748963
0.933356748963
0.933356748963
0.933356748963
0.933356748963
0.933356748963
0.933356748963
0.933356748963
0.933356748963
0.71800578702
0.71800578702
0.71800578702
0.71800578702
0.71800578702
0.71800578702
0.71800578702
0.71800578702
0.71800578702
0.71800578702
0.71800578702
0.71800578702
0.71800578702
0.71800578702
0.71800578702
0.71800578702
0.71800578702
0.71800578702
0.71800578702
0.71800578702
0.71800578702
0.71800578702
0.71800578702
0.71800578702
0.933356748963
0.933356748963
0.933356748963
0.933356748963
0.933356748963
0.933356748963
0.933356748963
0.933356748963
0.933356748963
0.933356748963
0.933356748963
0.933356748963
0.933356748963
0.933356748963
0.933356748963
0.933356748963
0.933356748963
0.933356748963
0.933356748963
0.933356748963
0.933356748963
0.933356748963
0.933356748963
0.933356748963
0.71800578702
0.71800578702
0.71800578702
0.71800578702
0.71800578702
0.71800578702
0.71800578702
0.71800578702
0.71800578702
0.71800578702
0.71800578702
0.71800578702
0.71800578702
0.71800578702
0.71800578702
0.71800578702
0.71800578702
0.71800578702
0.71800578702
0.71800578702
0.71800578702
0.71800578702
0.71800578702
0.71800578702
0.933356748963
0.933356748963
0.933356748963
0.933356748963
0.933356748963
0.933356748963
0.933356748963
0.933356748963
0.933356748963
0.933356748963
0.933356748963
0.933356748963
0.933356748963
0.933356748963
0.933356748963
0.933356748963
0.933356748963
0.933356748963
0.933356748963
0.933356748963
0.933356748963
0.933356748963
0.933356748963
0.933356748963
0.71800578702
0.71800578702
0.71800578702
0.71800578702
0.71800578702
0.71800578702
0.71800578702
0.71800578702
0.71800578702
0.71800578702
0.71800578702
0.71800578702
0.71800578702
0.71800578702
0.71800578702
0.71800578702
0.71800578702
0.71800578702
0.71800578702
0.71800578702
0.71800578702
0.71800578702
0.71800578702
0.71800578702
0.933356748963
0.933356748963
0.933356748963
0.933356748963
0.933356748963
0.933356748963
0.933356748963
0.933356748963
0.933356748963
0.933356748963
0.933356748963
0.933356748963
0.933356748963
0.933356748963
0.933356748963
0.933356748963
0.933356748963
0.933356748963
0.933356748963
0.933356748963
0.933356748963
0.933356748963
0.933356748963
0.933356748963
0.71800578702
0.71800578702
0.71800578702
0.71800578702
0.71800578702
0.71800578702
0.71800578702
0.71800578702
0.71800578702
0.71800578702
0.71800578702
0.71800578702
0.71800578702
0.71800578702
0.71800578702
0.71800578702
0.71800578702
0.71800578702
0.71800578702
0.71800578702
0.71800578702
0.71800578702
0.71800578702
0.71800578702
0.933356748963
0.933356748963
0.933356748963
0.933356748963
0.933356748963
0.933356748963
0.933356748963
0.933356748963
0.933356748963
0.933356748963
0.933356748963
0.933356748963
0.933356748963
0.933356748963
0.933356748963
0.933356748963
0.933356748963
0.933356748963
0.933356748963
0.933356748963
0.933356748963
0.933356748963
0.933356748963
0.933356748963
0.71800578702
0.71800578702
0.71800578702
0.71800578702
0.71800578702
0.71800578702
0.71800578702
0.71800578702
0.71800578702
0.71800578702
0.71800578702
0.71800578702
0.71800578702
0.71800578702
0.71800578702
0.71800578702
0.71800578702
0.71800578702
0.71800578702
0.71800578702
0.71800578702
0.71800578702
0.71800578702
0.71800578702
0.933356748963
0.933356748963
0.933356748963
0.933356748963
0.933356748963
0.933356748963
0.933356748963
0.933356748963
0.933356748963
0.933356748963
0.933356748963
0.933356748963
0.933356748963
0.933356748963
0.933356748963
0.933356748963
0.933356748963
0.933356748963
0.933356748963
0.933356748963
0.933356748963
0.933356748963
0.933356748963
0.933356748963
0.71800578702
0.71800578702
0.71800578702
0.71800578702
0.71800578702
0.71800578702
0.71800578702
0.71800578702
0.71800578702
0.71800578702
0.71800578702
0.71800578702
0.71800578702
0.71800578702
0.71800578702
0.71800578702
0.71800578702
0.71800578702
0.71800578702
0.71800578702
0.71800578702
0.71800578702
0.71800578702
0.71800578702
0.933356748963
0.933356748963
0.933356748963
0.933356748963
0.933356748963
0.933356748963
0.933356748963
0.933356748963
0.933356748963
0.933356748963
0.933356748963
0.933356748963
0.933356748963
0.933356748963
0.933356748963
0.933356748963
0.933356748963
0.933356748963
0.933356748963
0.933356748963
0.933356748963
0.933356748963
0.933356748963
0.933356748963
0.71800578702
0.71800578702
0.71800578702
0.71800578702
0.71800578702
0.71800578702
0.71800578702
0.71800578702
0.71800578702
0.71800578702
0.71800578702
0.71800578702
0.71800578702
0.71800578702
0.71800578702
0.71800578702
0.71800578702
0.71800578702
0.71800578702
0.71800578702
0.71800578702
0.71800578702
0.71800578702
0.71800578702
0.933356748963
0.933356748963
0.933356748963
0.933356748963
0.933356748963
0.933356748963
0.933356748963
0.933356748963
0.933356748963
0.933356748963
0.933356748963
0.933356748963
0.933356748963
0.933356748963
0.933356748963
0.933356748963
0.933356748963
0.933356748963
0.933356748963
0.933356748963
0.933356748963
0.933356748963
0.933356748963
0.933356748963
0.71800578702
0.71800578702
0.71800578702
0.71800578702
0.71800578702
0.71800578702
0.71800578702
0.71800578702
0.71800578702
0.71800578702
0.71800578702
0.71800578702
0.71800578702
0.71800578702
0.71800578702
0.71800578702
0.71800578702
0.71800578702
0.71800578702
0.71800578702
0.71800578702
0.71800578702
0.71800578702
0.71800578702
0.933356748963
0.933356748963
0.933356748963
0.933356748963
0.933356748963
0.933356748963
0.933356748963
0.933356748963
0.933356748963
0.933356748963
0.933356748963
0.933356748963
0.933356748963
0.933356748963
0.933356748963
0.933356748963
0.933356748963
0.933356748963
0.933356748963
0.933356748963
0.933356748963
0.933356748963
0.933356748963
0.933356748963
0.718005786769
0.718005786769
0.718005786769
0.718005786769
0.718005786769
0.718005786769
0.718005786769
0.718005786769
0.718005786769
0.718005786769
0.718005786769
0.718005786769
-1
-1
-1
-1
-1
-1
-1
-1
-1
-1
-1
-1
-1
-1
-1
-1
-1
-1
-1
-1
-1
-1
-1
-1
-1
-1
-1
-1
-1
-1
-1
-1
-1
-1
-1
-1
-1
-1
-1
-1
-1
-1
-1
-1
-1
-1
-1
-1
-1
-1
-1
-1
-1
-1
-1
-1
-1
-1
-1
-1
-1
-1
-1
-1
-1
-1
-1
-1
-1
-1
-1
-1
-1
-1
-1
-1
-1
-1
-1
-1
-1
-1
-1
-1
-1
-1
-1
-1
-1
-1
-1
-1
-1
-1
-1
-1
-1
-1
-1
-1
-1
-1
-1
-1
-1
-1
-1
-1
-1
-1
-1
-1
-1
-1
-1
-1
-1
-1
-1
-1
-1
-1
-1
-1
-1
-1
-1
-1
-1
-1
-1
-1
-1
-1
-1
-1
-1
-1
-1
-1
-1
-1
-1
-1
-1
-1
-1
-1
-1
-1
-1
-1
-1
-1
-1
-1
-1
-1
-1
-1
-1
-1
-1
-1
-1
-1
-1
-1
-1
-1
-1
-1
-1
-1
-1
-1
-1
-1
