element_label,host_volume,fiber_volume,volume_fraction,length_t0,length_t90
1,0.12499999999999992,0.09817477047376807,0.7853981637901452,1.0000000004999965,1.0000000004999965
2,0.12499999999999992,0.09817477049831133,0.7853981639864912,1.0000000009999876,1.0000000004999965
3,0.12499999999999992,0.09817477049831178,0.7853981639864948,1.0000000009999965,1.0000000004999965
4,0.12499999999999992,0.09817477049831133,0.7853981639864912,1.0000000009999876,1.0000000004999965
5,0.12499999999999992,0.09817477049831178,0.7853981639864948,1.0000000009999965,1.0000000004999965
6,0.12499999999999997,0.09817477049831178,0.7853981639864944,1.0000000009999965,1.0000000004999965
7,0.12499999999999992,0.09817477049831133,0.7853981639864912,1.0000000009999876,1.0000000004999965
8,0.12499999999999994,0.09817477049831178,0.7853981639864945,1.0000000009999965,1.0000000004999965
9,0.12499999999999997,0.09817477049831133,0.7853981639864909,1.0000000009999876,1.0000000004999965
10,0.12499999999999986,0.09817477049831178,0.7853981639864951,1.0000000009999965,1.0000000004999965
11,0.12500000000000008,0.09817477049831133,0.7853981639864901,1.0000000009999876,1.0000000004999965
12,0.12500000000000003,0.09817477049831133,0.7853981639864904,1.0000000009999876,1.0000000004999965
13,0.12499999999999975,0.09817477049831178,0.7853981639864958,1.0000000009999965,1.0000000004999965
14,0.12500000000000003,0.09817477049831155,0.7853981639864922,1.000000000999992,1.0000000004999965
15,0.12499999999999986,0.09817477049831133,0.7853981639864915,1.0000000009999876,1.0000000004999965
16,0.1249999999999998,0.09817477049831178,0.7853981639864954,1.0000000009999965,1.0000000004999965
17,0.12499999999999986,0.09817477049831133,0.7853981639864915,1.0000000009999876,1.0000000004999965
18,0.12499999999999997,0.09817477049831178,0.7853981639864944,1.0000000009999965,1.0000000004999965
19,0.12499999999999992,0.09817477049831155,0.785398163986493,1.000000000999992,1.0000000004999965
20,0.1249999999999998,0.09817477047376807,0.7853981637901458,1.0000000004999965,1.0000000004999965
21,0.12499999999999992,0.09817477049831133,0.7853981639864912,1.0000000004999965,1.0000000009999876
22,0.12499999999999992,0.09817477052285459,0.7853981641828373,1.0000000009999876,1.0000000009999876
23,0.12499999999999992,0.09817477052285503,0.7853981641828408,1.0000000009999965,1.0000000009999876
24,0.12499999999999992,0.09817477052285459,0.7853981641828373,1.0000000009999876,1.0000000009999876
25,0.12499999999999992,0.09817477052285503,0.7853981641828408,1.0000000009999965,1.0000000009999876
26,0.12499999999999994,0.09817477052285503,0.7853981641828406,1.0000000009999965,1.0000000009999876
27,0.12499999999999992,0.09817477052285459,0.7853981641828373,1.0000000009999876,1.0000000009999876
28,0.12499999999999992,0.09817477052285503,0.7853981641828408,1.0000000009999965,1.0000000009999876
29,0.12499999999999994,0.09817477052285459,0.785398164182837,1.0000000009999876,1.0000000009999876
30,0.12499999999999986,0.09817477052285503,0.7853981641828411,1.0000000009999965,1.0000000009999876
31,0.12500000000000003,0.09817477052285459,0.7853981641828365,1.0000000009999876,1.0000000009999876
32,0.12499999999999994,0.09817477052285459,0.785398164182837,1.0000000009999876,1.0000000009999876
33,0.12499999999999972,0.09817477052285503,0.785398164182842,1.0000000009999965,1.0000000009999876
34,0.12499999999999997,0.09817477052285481,0.7853981641828387,1.000000000999992,1.0000000009999876
35,0.1249999999999998,0.09817477052285459,0.7853981641828379,1.0000000009999876,1.0000000009999876
36,0.1249999999999998,0.09817477052285503,0.7853981641828415,1.0000000009999965,1.0000000009999876
37,0.12499999999999986,0.09817477052285459,0.7853981641828376,1.0000000009999876,1.0000000009999876
38,0.12499999999999997,0.09817477052285503,0.7853981641828405,1.0000000009999965,1.0000000009999876
39,0.12499999999999992,0.09817477052285481,0.785398164182839,1.000000000999992,1.0000000009999876
40,0.1249999999999998,0.09817477049831133,0.7853981639864919,1.0000000004999965,1.0000000009999876
41,0.12499999999999992,0.09817477049831178,0.7853981639864948,1.0000000004999965,1.0000000009999965
42,0.12499999999999992,0.09817477052285503,0.7853981641828408,1.0000000009999876,1.0000000009999965
43,0.12499999999999992,0.09817477052285546,0.7853981641828442,1.0000000009999965,1.0000000009999965
44,0.12499999999999992,0.09817477052285503,0.7853981641828408,1.0000000009999876,1.0000000009999965
45,0.12499999999999992,0.09817477052285546,0.7853981641828442,1.0000000009999965,1.0000000009999965
46,0.12499999999999997,0.09817477052285546,0.7853981641828439,1.0000000009999965,1.0000000009999965
47,0.12499999999999992,0.09817477052285503,0.7853981641828408,1.0000000009999876,1.0000000009999965
48,0.12499999999999994,0.09817477052285546,0.785398164182844,1.0000000009999965,1.0000000009999965
49,0.12499999999999997,0.09817477052285503,0.7853981641828405,1.0000000009999876,1.0000000009999965
50,0.12499999999999986,0.09817477052285546,0.7853981641828446,1.0000000009999965,1.0000000009999965
51,0.12500000000000006,0.09817477052285503,0.7853981641828399,1.0000000009999876,1.0000000009999965
52,0.125,0.09817477052285503,0.7853981641828403,1.0000000009999876,1.0000000009999965
53,0.12499999999999975,0.09817477052285546,0.7853981641828452,1.0000000009999965,1.0000000009999965
54,0.125,0.09817477052285524,0.7853981641828419,1.000000000999992,1.0000000009999965
55,0.12499999999999983,0.09817477052285503,0.7853981641828413,1.0000000009999876,1.0000000009999965
56,0.1249999999999998,0.09817477052285546,0.7853981641828449,1.0000000009999965,1.0000000009999965
57,0.12499999999999986,0.09817477052285503,0.7853981641828411,1.0000000009999876,1.0000000009999965
58,0.12499999999999997,0.09817477052285546,0.7853981641828439,1.0000000009999965,1.0000000009999965
59,0.12499999999999992,0.09817477052285524,0.7853981641828425,1.000000000999992,1.0000000009999965
60,0.1249999999999998,0.09817477049831178,0.7853981639864954,1.0000000004999965,1.0000000009999965
61,0.12499999999999992,0.09817477049831133,0.7853981639864912,1.0000000004999965,1.0000000009999876
62,0.12499999999999992,0.09817477052285459,0.7853981641828373,1.0000000009999876,1.0000000009999876
63,0.12499999999999992,0.09817477052285503,0.7853981641828408,1.0000000009999965,1.0000000009999876
64,0.12499999999999989,0.09817477052285459,0.7853981641828374,1.0000000009999876,1.0000000009999876
65,0.12499999999999989,0.09817477052285503,0.7853981641828409,1.0000000009999965,1.0000000009999876
66,0.12499999999999994,0.09817477052285503,0.7853981641828406,1.0000000009999965,1.0000000009999876
67,0.12499999999999992,0.09817477052285459,0.7853981641828373,1.0000000009999876,1.0000000009999876
68,0.12499999999999989,0.09817477052285503,0.7853981641828409,1.0000000009999965,1.0000000009999876
69,0.12499999999999994,0.09817477052285459,0.785398164182837,1.0000000009999876,1.0000000009999876
70,0.12499999999999986,0.09817477052285503,0.7853981641828411,1.0000000009999965,1.0000000009999876
71,0.12500000000000006,0.09817477052285459,0.7853981641828364,1.0000000009999876,1.0000000009999876
72,0.12499999999999997,0.09817477052285459,0.7853981641828369,1.0000000009999876,1.0000000009999876
73,0.12499999999999972,0.09817477052285503,0.785398164182842,1.0000000009999965,1.0000000009999876
74,0.125,0.09817477052285481,0.7853981641828385,1.000000000999992,1.0000000009999876
75,0.12499999999999983,0.09817477052285459,0.7853981641828377,1.0000000009999876,1.0000000009999876
76,0.1249999999999998,0.09817477052285503,0.7853981641828415,1.0000000009999965,1.0000000009999876
77,0.12499999999999986,0.09817477052285459,0.7853981641828376,1.0000000009999876,1.0000000009999876
78,0.12499999999999997,0.09817477052285503,0.7853981641828405,1.0000000009999965,1.0000000009999876
79,0.12499999999999992,0.09817477052285481,0.785398164182839,1.000000000999992,1.0000000009999876
80,0.1249999999999998,0.09817477049831133,0.7853981639864919,1.0000000004999965,1.0000000009999876
81,0.12499999999999992,0.09817477049831178,0.7853981639864948,1.0000000004999965,1.0000000009999965
82,0.12499999999999992,0.09817477052285503,0.7853981641828408,1.0000000009999876,1.0000000009999965
83,0.12499999999999992,0.09817477052285546,0.7853981641828442,1.0000000009999965,1.0000000009999965
84,0.12499999999999992,0.09817477052285503,0.7853981641828408,1.0000000009999876,1.0000000009999965
85,0.12499999999999992,0.09817477052285546,0.7853981641828442,1.0000000009999965,1.0000000009999965
86,0.12499999999999994,0.09817477052285546,0.785398164182844,1.0000000009999965,1.0000000009999965
87,0.12499999999999992,0.09817477052285503,0.7853981641828408,1.0000000009999876,1.0000000009999965
88,0.12499999999999989,0.09817477052285546,0.7853981641828444,1.0000000009999965,1.0000000009999965
89,0.12499999999999994,0.09817477052285503,0.7853981641828406,1.0000000009999876,1.0000000009999965
90,0.12499999999999986,0.09817477052285546,0.7853981641828446,1.0000000009999965,1.0000000009999965
91,0.12500000000000006,0.09817477052285503,0.7853981641828399,1.0000000009999876,1.0000000009999965
92,0.12499999999999997,0.09817477052285503,0.7853981641828405,1.0000000009999876,1.0000000009999965
93,0.12499999999999972,0.09817477052285546,0.7853981641828455,1.0000000009999965,1.0000000009999965
94,0.125,0.09817477052285524,0.7853981641828419,1.000000000999992,1.0000000009999965
95,0.12499999999999983,0.09817477052285503,0.7853981641828413,1.0000000009999876,1.0000000009999965
96,0.1249999999999998,0.09817477052285546,0.7853981641828449,1.0000000009999965,1.0000000009999965
97,0.12499999999999986,0.09817477052285503,0.7853981641828411,1.0000000009999876,1.0000000009999965
98,0.12499999999999997,0.09817477052285546,0.7853981641828439,1.0000000009999965,1.0000000009999965
99,0.12499999999999992,0.09817477052285524,0.7853981641828425,1.000000000999992,1.0000000009999965
100,0.1249999999999998,0.09817477049831178,0.7853981639864954,1.0000000004999965,1.0000000009999965
101,0.125,0.09817477049831178,0.7853981639864942,1.0000000004999965,1.0000000009999965
102,0.125,0.09817477052285503,0.7853981641828403,1.0000000009999876,1.0000000009999965
103,0.125,0.09817477052285546,0.7853981641828437,1.0000000009999965,1.0000000009999965
104,0.12499999999999994,0.09817477052285503,0.7853981641828406,1.0000000009999876,1.0000000009999965
105,0.12499999999999997,0.09817477052285546,0.7853981641828439,1.0000000009999965,1.0000000009999965
106,0.12500000000000003,0.09817477052285546,0.7853981641828435,1.0000000009999965,1.0000000009999965
107,0.125,0.09817477052285503,0.7853981641828403,1.0000000009999876,1.0000000009999965
108,0.12499999999999997,0.09817477052285546,0.7853981641828439,1.0000000009999965,1.0000000009999965
109,0.12500000000000003,0.09817477052285503,0.78539816418284,1.0000000009999876,1.0000000009999965
110,0.12499999999999994,0.09817477052285546,0.785398164182844,1.0000000009999965,1.0000000009999965
111,0.12500000000000006,0.09817477052285503,0.7853981641828399,1.0000000009999876,1.0000000009999965
112,0.125,0.09817477052285503,0.7853981641828403,1.0000000009999876,1.0000000009999965
113,0.12499999999999978,0.09817477052285546,0.7853981641828451,1.0000000009999965,1.0000000009999965
114,0.12500000000000006,0.09817477052285524,0.7853981641828416,1.000000000999992,1.0000000009999965
115,0.12499999999999989,0.09817477052285503,0.7853981641828409,1.0000000009999876,1.0000000009999965
116,0.12499999999999989,0.09817477052285546,0.7853981641828444,1.0000000009999965,1.0000000009999965
117,0.12499999999999992,0.09817477052285503,0.7853981641828408,1.0000000009999876,1.0000000009999965
118,0.12500000000000006,0.09817477052285546,0.7853981641828434,1.0000000009999965,1.0000000009999965
119,0.125,0.09817477052285524,0.7853981641828419,1.000000000999992,1.0000000009999965
120,0.12499999999999989,0.09817477049831178,0.7853981639864949,1.0000000004999965,1.0000000009999965
121,0.12499999999999992,0.09817477049831133,0.7853981639864912,1.0000000004999965,1.0000000009999876
122,0.12499999999999992,0.09817477052285459,0.7853981641828373,1.0000000009999876,1.0000000009999876
123,0.12499999999999992,0.09817477052285503,0.7853981641828408,1.0000000009999965,1.0000000009999876
124,0.12499999999999992,0.09817477052285459,0.7853981641828373,1.0000000009999876,1.0000000009999876
125,0.12499999999999992,0.09817477052285503,0.7853981641828408,1.0000000009999965,1.0000000009999876
126,0.12499999999999997,0.09817477052285503,0.7853981641828405,1.0000000009999965,1.0000000009999876
127,0.12499999999999992,0.09817477052285459,0.7853981641828373,1.0000000009999876,1.0000000009999876
128,0.12499999999999994,0.09817477052285503,0.7853981641828406,1.0000000009999965,1.0000000009999876
129,0.12499999999999997,0.09817477052285459,0.7853981641828369,1.0000000009999876,1.0000000009999876
130,0.12499999999999986,0.09817477052285503,0.7853981641828411,1.0000000009999965,1.0000000009999876
131,0.12500000000000006,0.09817477052285459,0.7853981641828364,1.0000000009999876,1.0000000009999876
132,0.125,0.09817477052285459,0.7853981641828367,1.0000000009999876,1.0000000009999876
133,0.12499999999999975,0.09817477052285503,0.7853981641828418,1.0000000009999965,1.0000000009999876
134,0.125,0.09817477052285481,0.7853981641828385,1.000000000999992,1.0000000009999876
135,0.12499999999999983,0.09817477052285459,0.7853981641828377,1.0000000009999876,1.0000000009999876
136,0.1249999999999998,0.09817477052285503,0.7853981641828415,1.0000000009999965,1.0000000009999876
137,0.12499999999999986,0.09817477052285459,0.7853981641828376,1.0000000009999876,1.0000000009999876
138,0.12499999999999997,0.09817477052285503,0.7853981641828405,1.0000000009999965,1.0000000009999876
139,0.12499999999999992,0.09817477052285481,0.785398164182839,1.000000000999992,1.0000000009999876
140,0.1249999999999998,0.09817477049831133,0.7853981639864919,1.0000000004999965,1.0000000009999876
141,0.12499999999999992,0.09817477049831178,0.7853981639864948,1.0000000004999965,1.0000000009999965
142,0.12499999999999992,0.09817477052285503,0.7853981641828408,1.0000000009999876,1.0000000009999965
143,0.12499999999999992,0.09817477052285546,0.7853981641828442,1.0000000009999965,1.0000000009999965
144,0.12499999999999992,0.09817477052285503,0.7853981641828408,1.0000000009999876,1.0000000009999965
145,0.12499999999999992,0.09817477052285546,0.7853981641828442,1.0000000009999965,1.0000000009999965
146,0.12499999999999994,0.09817477052285546,0.785398164182844,1.0000000009999965,1.0000000009999965
147,0.12499999999999992,0.09817477052285503,0.7853981641828408,1.0000000009999876,1.0000000009999965
148,0.12499999999999989,0.09817477052285546,0.7853981641828444,1.0000000009999965,1.0000000009999965
149,0.12499999999999994,0.09817477052285503,0.7853981641828406,1.0000000009999876,1.0000000009999965
150,0.12499999999999986,0.09817477052285546,0.7853981641828446,1.0000000009999965,1.0000000009999965
151,0.12500000000000006,0.09817477052285503,0.7853981641828399,1.0000000009999876,1.0000000009999965
152,0.12499999999999997,0.09817477052285503,0.7853981641828405,1.0000000009999876,1.0000000009999965
153,0.12499999999999972,0.09817477052285546,0.7853981641828455,1.0000000009999965,1.0000000009999965
154,0.125,0.09817477052285524,0.7853981641828419,1.000000000999992,1.0000000009999965
155,0.12499999999999983,0.09817477052285503,0.7853981641828413,1.0000000009999876,1.0000000009999965
156,0.1249999999999998,0.09817477052285546,0.7853981641828449,1.0000000009999965,1.0000000009999965
157,0.12499999999999986,0.09817477052285503,0.7853981641828411,1.0000000009999876,1.0000000009999965
158,0.12499999999999997,0.09817477052285546,0.7853981641828439,1.0000000009999965,1.0000000009999965
159,0.12499999999999992,0.09817477052285524,0.7853981641828425,1.000000000999992,1.0000000009999965
160,0.1249999999999998,0.09817477049831178,0.7853981639864954,1.0000000004999965,1.0000000009999965
161,0.12499999999999992,0.09817477049831133,0.7853981639864912,1.0000000004999965,1.0000000009999876
162,0.12499999999999992,0.09817477052285459,0.7853981641828373,1.0000000009999876,1.0000000009999876
163,0.12499999999999992,0.09817477052285503,0.7853981641828408,1.0000000009999965,1.0000000009999876
164,0.12499999999999992,0.09817477052285459,0.7853981641828373,1.0000000009999876,1.0000000009999876
165,0.12499999999999992,0.09817477052285503,0.7853981641828408,1.0000000009999965,1.0000000009999876
166,0.12499999999999997,0.09817477052285503,0.7853981641828405,1.0000000009999965,1.0000000009999876
167,0.12499999999999992,0.09817477052285459,0.7853981641828373,1.0000000009999876,1.0000000009999876
168,0.12499999999999994,0.09817477052285503,0.7853981641828406,1.0000000009999965,1.0000000009999876
169,0.12499999999999997,0.09817477052285459,0.7853981641828369,1.0000000009999876,1.0000000009999876
170,0.12499999999999986,0.09817477052285503,0.7853981641828411,1.0000000009999965,1.0000000009999876
171,0.12500000000000008,0.09817477052285459,0.7853981641828361,1.0000000009999876,1.0000000009999876
172,0.12500000000000003,0.09817477052285459,0.7853981641828365,1.0000000009999876,1.0000000009999876
173,0.12499999999999975,0.09817477052285503,0.7853981641828418,1.0000000009999965,1.0000000009999876
174,0.12500000000000003,0.09817477052285481,0.7853981641828383,1.000000000999992,1.0000000009999876
175,0.12499999999999986,0.09817477052285459,0.7853981641828376,1.0000000009999876,1.0000000009999876
176,0.1249999999999998,0.09817477052285503,0.7853981641828415,1.0000000009999965,1.0000000009999876
177,0.12499999999999986,0.09817477052285459,0.7853981641828376,1.0000000009999876,1.0000000009999876
178,0.12499999999999997,0.09817477052285503,0.7853981641828405,1.0000000009999965,1.0000000009999876
179,0.12499999999999992,0.09817477052285481,0.785398164182839,1.000000000999992,1.0000000009999876
180,0.1249999999999998,0.09817477049831133,0.7853981639864919,1.0000000004999965,1.0000000009999876
181,0.12499999999999992,0.09817477049831178,0.7853981639864948,1.0000000004999965,1.0000000009999965
182,0.12499999999999986,0.09817477052285503,0.7853981641828411,1.0000000009999876,1.0000000009999965
183,0.12499999999999992,0.09817477052285546,0.7853981641828442,1.0000000009999965,1.0000000009999965
184,0.12499999999999986,0.09817477052285503,0.7853981641828411,1.0000000009999876,1.0000000009999965
185,0.12499999999999989,0.09817477052285546,0.7853981641828444,1.0000000009999965,1.0000000009999965
186,0.12499999999999992,0.09817477052285546,0.7853981641828442,1.0000000009999965,1.0000000009999965
187,0.12499999999999992,0.09817477052285503,0.7853981641828408,1.0000000009999876,1.0000000009999965
188,0.12499999999999986,0.09817477052285546,0.7853981641828446,1.0000000009999965,1.0000000009999965
189,0.12499999999999992,0.09817477052285503,0.7853981641828408,1.0000000009999876,1.0000000009999965
190,0.12499999999999986,0.09817477052285546,0.7853981641828446,1.0000000009999965,1.0000000009999965
191,0.12499999999999997,0.09817477052285503,0.7853981641828405,1.0000000009999876,1.0000000009999965
192,0.12499999999999992,0.09817477052285503,0.7853981641828408,1.0000000009999876,1.0000000009999965
193,0.1249999999999997,0.09817477052285546,0.7853981641828456,1.0000000009999965,1.0000000009999965
194,0.12499999999999997,0.09817477052285524,0.7853981641828421,1.000000000999992,1.0000000009999965
195,0.1249999999999998,0.09817477052285503,0.7853981641828415,1.0000000009999876,1.0000000009999965
196,0.1249999999999998,0.09817477052285546,0.7853981641828449,1.0000000009999965,1.0000000009999965
197,0.12499999999999986,0.09817477052285503,0.7853981641828411,1.0000000009999876,1.0000000009999965
198,0.12499999999999997,0.09817477052285546,0.7853981641828439,1.0000000009999965,1.0000000009999965
199,0.12499999999999992,0.09817477052285524,0.7853981641828425,1.000000000999992,1.0000000009999965
200,0.1249999999999998,0.09817477049831178,0.7853981639864954,1.0000000004999965,1.0000000009999965
201,0.1250000000000002,0.09817477049831178,0.785398163986493,1.0000000004999965,1.0000000009999965
202,0.12500000000000006,0.09817477052285503,0.7853981641828399,1.0000000009999876,1.0000000009999965
203,0.12500000000000017,0.09817477052285546,0.7853981641828427,1.0000000009999965,1.0000000009999965
204,0.1250000000000001,0.09817477052285503,0.7853981641828396,1.0000000009999876,1.0000000009999965
205,0.12500000000000017,0.09817477052285546,0.7853981641828427,1.0000000009999965,1.0000000009999965
206,0.12500000000000014,0.09817477052285546,0.7853981641828428,1.0000000009999965,1.0000000009999965
207,0.1250000000000001,0.09817477052285503,0.7853981641828396,1.0000000009999876,1.0000000009999965
208,0.1250000000000001,0.09817477052285546,0.785398164182843,1.0000000009999965,1.0000000009999965
209,0.1250000000000002,0.09817477052285503,0.785398164182839,1.0000000009999876,1.0000000009999965
210,0.12500000000000014,0.09817477052285546,0.7853981641828428,1.0000000009999965,1.0000000009999965
211,0.1250000000000002,0.09817477052285503,0.785398164182839,1.0000000009999876,1.0000000009999965
212,0.1250000000000001,0.09817477052285503,0.7853981641828396,1.0000000009999876,1.0000000009999965
213,0.12499999999999993,0.09817477052285546,0.7853981641828441,1.0000000009999965,1.0000000009999965
214,0.1250000000000002,0.09817477052285524,0.7853981641828407,1.000000000999992,1.0000000009999965
215,0.125,0.09817477052285503,0.7853981641828403,1.0000000009999876,1.0000000009999965
216,0.12500000000000006,0.09817477052285546,0.7853981641828434,1.0000000009999965,1.0000000009999965
217,0.1250000000000001,0.09817477052285503,0.7853981641828396,1.0000000009999876,1.0000000009999965
218,0.12500000000000025,0.09817477052285546,0.7853981641828421,1.0000000009999965,1.0000000009999965
219,0.1250000000000002,0.09817477052285524,0.7853981641828407,1.000000000999992,1.0000000009999965
220,0.12500000000000008,0.09817477049831178,0.7853981639864936,1.0000000004999965,1.0000000009999965
221,0.12500000000000006,0.09817477049831133,0.7853981639864903,1.0000000004999965,1.0000000009999876
222,0.12500000000000003,0.09817477052285459,0.7853981641828365,1.0000000009999876,1.0000000009999876
223,0.12500000000000003,0.09817477052285503,0.78539816418284,1.0000000009999965,1.0000000009999876
224,0.12500000000000006,0.09817477052285459,0.7853981641828364,1.0000000009999876,1.0000000009999876
225,0.12500000000000006,0.09817477052285503,0.7853981641828399,1.0000000009999965,1.0000000009999876
226,0.12500000000000008,0.09817477052285503,0.7853981641828397,1.0000000009999965,1.0000000009999876
227,0.12499999999999999,0.09817477052285459,0.7853981641828368,1.0000000009999876,1.0000000009999876
228,0.12500000000000008,0.09817477052285503,0.7853981641828397,1.0000000009999965,1.0000000009999876
229,0.1250000000000001,0.09817477052285459,0.785398164182836,1.0000000009999876,1.0000000009999876
230,0.12499999999999999,0.09817477052285503,0.7853981641828404,1.0000000009999965,1.0000000009999876
231,0.1250000000000002,0.09817477052285459,0.7853981641828355,1.0000000009999876,1.0000000009999876
232,0.1250000000000001,0.09817477052285459,0.785398164182836,1.0000000009999876,1.0000000009999876
233,0.12499999999999988,0.09817477052285503,0.785398164182841,1.0000000009999965,1.0000000009999876
234,0.1250000000000001,0.09817477052285481,0.7853981641828378,1.000000000999992,1.0000000009999876
235,0.12499999999999993,0.09817477052285459,0.7853981641828371,1.0000000009999876,1.0000000009999876
236,0.12499999999999993,0.09817477052285503,0.7853981641828407,1.0000000009999965,1.0000000009999876
237,0.12499999999999999,0.09817477052285459,0.7853981641828368,1.0000000009999876,1.0000000009999876
238,0.12500000000000014,0.09817477052285503,0.7853981641828394,1.0000000009999965,1.0000000009999876
239,0.12500000000000006,0.09817477052285481,0.7853981641828381,1.000000000999992,1.0000000009999876
240,0.12499999999999993,0.09817477049831133,0.7853981639864911,1.0000000004999965,1.0000000009999876
241,0.1249999999999998,0.09817477049831178,0.7853981639864954,1.0000000004999965,1.0000000009999965
242,0.12499999999999978,0.09817477052285503,0.7853981641828417,1.0000000009999876,1.0000000009999965
243,0.12499999999999978,0.09817477052285546,0.7853981641828451,1.0000000009999965,1.0000000009999965
244,0.1249999999999998,0.09817477052285503,0.7853981641828415,1.0000000009999876,1.0000000009999965
245,0.1249999999999998,0.09817477052285546,0.7853981641828449,1.0000000009999965,1.0000000009999965
246,0.12499999999999983,0.09817477052285546,0.7853981641828447,1.0000000009999965,1.0000000009999965
247,0.12499999999999975,0.09817477052285503,0.7853981641828418,1.0000000009999876,1.0000000009999965
248,0.12499999999999983,0.09817477052285546,0.7853981641828447,1.0000000009999965,1.0000000009999965
249,0.12499999999999986,0.09817477052285503,0.7853981641828411,1.0000000009999876,1.0000000009999965
250,0.12499999999999975,0.09817477052285546,0.7853981641828452,1.0000000009999965,1.0000000009999965
251,0.12499999999999992,0.09817477052285503,0.7853981641828408,1.0000000009999876,1.0000000009999965
252,0.12499999999999986,0.09817477052285503,0.7853981641828411,1.0000000009999876,1.0000000009999965
253,0.12499999999999964,0.09817477052285546,0.7853981641828459,1.0000000009999965,1.0000000009999965
254,0.12499999999999986,0.09817477052285524,0.7853981641828428,1.000000000999992,1.0000000009999965
255,0.1249999999999997,0.09817477052285503,0.7853981641828421,1.0000000009999876,1.0000000009999965
256,0.1249999999999997,0.09817477052285546,0.7853981641828456,1.0000000009999965,1.0000000009999965
257,0.12499999999999975,0.09817477052285503,0.7853981641828418,1.0000000009999876,1.0000000009999965
258,0.12499999999999986,0.09817477052285546,0.7853981641828446,1.0000000009999965,1.0000000009999965
259,0.1249999999999998,0.09817477052285524,0.7853981641828431,1.000000000999992,1.0000000009999965
260,0.1249999999999997,0.09817477049831178,0.7853981639864961,1.0000000004999965,1.0000000009999965
261,0.1250000000000002,0.09817477049831133,0.7853981639864894,1.0000000004999965,1.0000000009999876
262,0.12500000000000006,0.09817477052285459,0.7853981641828364,1.0000000009999876,1.0000000009999876
263,0.12500000000000017,0.09817477052285503,0.7853981641828393,1.0000000009999965,1.0000000009999876
264,0.1250000000000001,0.09817477052285459,0.785398164182836,1.0000000009999876,1.0000000009999876
265,0.12500000000000017,0.09817477052285503,0.7853981641828393,1.0000000009999965,1.0000000009999876
266,0.12500000000000014,0.09817477052285503,0.7853981641828394,1.0000000009999965,1.0000000009999876
267,0.1250000000000001,0.09817477052285459,0.785398164182836,1.0000000009999876,1.0000000009999876
268,0.1250000000000001,0.09817477052285503,0.7853981641828396,1.0000000009999965,1.0000000009999876
269,0.1250000000000002,0.09817477052285459,0.7853981641828355,1.0000000009999876,1.0000000009999876
270,0.12500000000000014,0.09817477052285503,0.7853981641828394,1.0000000009999965,1.0000000009999876
271,0.1250000000000002,0.09817477052285459,0.7853981641828355,1.0000000009999876,1.0000000009999876
272,0.1250000000000001,0.09817477052285459,0.785398164182836,1.0000000009999876,1.0000000009999876
273,0.12499999999999993,0.09817477052285503,0.7853981641828407,1.0000000009999965,1.0000000009999876
274,0.1250000000000002,0.09817477052285481,0.7853981641828373,1.000000000999992,1.0000000009999876
275,0.125,0.09817477052285459,0.7853981641828367,1.0000000009999876,1.0000000009999876
276,0.12500000000000006,0.09817477052285503,0.7853981641828399,1.0000000009999965,1.0000000009999876
277,0.1250000000000001,0.09817477052285459,0.785398164182836,1.0000000009999876,1.0000000009999876
278,0.12500000000000025,0.09817477052285503,0.7853981641828387,1.0000000009999965,1.0000000009999876
279,0.1250000000000002,0.09817477052285481,0.7853981641828373,1.000000000999992,1.0000000009999876
280,0.12500000000000008,0.09817477049831133,0.7853981639864901,1.0000000004999965,1.0000000009999876
281,0.12499999999999992,0.09817477049831178,0.7853981639864948,1.0000000004999965,1.0000000009999965
282,0.12499999999999983,0.09817477052285503,0.7853981641828413,1.0000000009999876,1.0000000009999965
283,0.12499999999999989,0.09817477052285546,0.7853981641828444,1.0000000009999965,1.0000000009999965
284,0.12499999999999986,0.09817477052285503,0.7853981641828411,1.0000000009999876,1.0000000009999965
285,0.12499999999999989,0.09817477052285546,0.7853981641828444,1.0000000009999965,1.0000000009999965
286,0.12499999999999989,0.09817477052285546,0.7853981641828444,1.0000000009999965,1.0000000009999965
287,0.12499999999999986,0.09817477052285503,0.7853981641828411,1.0000000009999876,1.0000000009999965
288,0.12499999999999986,0.09817477052285546,0.7853981641828446,1.0000000009999965,1.0000000009999965
289,0.12499999999999992,0.09817477052285503,0.7853981641828408,1.0000000009999876,1.0000000009999965
290,0.12499999999999986,0.09817477052285546,0.7853981641828446,1.0000000009999965,1.0000000009999965
291,0.12499999999999992,0.09817477052285503,0.7853981641828408,1.0000000009999876,1.0000000009999965
292,0.12499999999999986,0.09817477052285503,0.7853981641828411,1.0000000009999876,1.0000000009999965
293,0.1249999999999997,0.09817477052285546,0.7853981641828456,1.0000000009999965,1.0000000009999965
294,0.12499999999999992,0.09817477052285524,0.7853981641828425,1.000000000999992,1.0000000009999965
295,0.12499999999999975,0.09817477052285503,0.7853981641828418,1.0000000009999876,1.0000000009999965
296,0.1249999999999998,0.09817477052285546,0.7853981641828449,1.0000000009999965,1.0000000009999965
297,0.12499999999999986,0.09817477052285503,0.7853981641828411,1.0000000009999876,1.0000000009999965
298,0.12499999999999997,0.09817477052285546,0.7853981641828439,1.0000000009999965,1.0000000009999965
299,0.12499999999999992,0.09817477052285524,0.7853981641828425,1.000000000999992,1.0000000009999965
300,0.1249999999999998,0.09817477049831178,0.7853981639864954,1.0000000004999965,1.0000000009999965
301,0.12499999999999992,0.09817477049831178,0.7853981639864948,1.0000000004999965,1.0000000009999965
302,0.12499999999999992,0.09817477052285503,0.7853981641828408,1.0000000009999876,1.0000000009999965
303,0.12499999999999992,0.09817477052285546,0.7853981641828442,1.0000000009999965,1.0000000009999965
304,0.12499999999999992,0.09817477052285503,0.7853981641828408,1.0000000009999876,1.0000000009999965
305,0.12499999999999992,0.09817477052285546,0.7853981641828442,1.0000000009999965,1.0000000009999965
306,0.12499999999999997,0.09817477052285546,0.7853981641828439,1.0000000009999965,1.0000000009999965
307,0.12499999999999992,0.09817477052285503,0.7853981641828408,1.0000000009999876,1.0000000009999965
308,0.12499999999999994,0.09817477052285546,0.785398164182844,1.0000000009999965,1.0000000009999965
309,0.12499999999999997,0.09817477052285503,0.7853981641828405,1.0000000009999876,1.0000000009999965
310,0.12499999999999986,0.09817477052285546,0.7853981641828446,1.0000000009999965,1.0000000009999965
311,0.12500000000000008,0.09817477052285503,0.7853981641828397,1.0000000009999876,1.0000000009999965
312,0.12500000000000003,0.09817477052285503,0.78539816418284,1.0000000009999876,1.0000000009999965
313,0.12499999999999975,0.09817477052285546,0.7853981641828452,1.0000000009999965,1.0000000009999965
314,0.12500000000000003,0.09817477052285524,0.7853981641828417,1.000000000999992,1.0000000009999965
315,0.12499999999999986,0.09817477052285503,0.7853981641828411,1.0000000009999876,1.0000000009999965
316,0.1249999999999998,0.09817477052285546,0.7853981641828449,1.0000000009999965,1.0000000009999965
317,0.12499999999999986,0.09817477052285503,0.7853981641828411,1.0000000009999876,1.0000000009999965
318,0.12499999999999997,0.09817477052285546,0.7853981641828439,1.0000000009999965,1.0000000009999965
319,0.12499999999999992,0.09817477052285524,0.7853981641828425,1.000000000999992,1.0000000009999965
320,0.1249999999999998,0.09817477049831178,0.7853981639864954,1.0000000004999965,1.0000000009999965
321,0.1249999999999998,0.09817477049831133,0.7853981639864919,1.0000000004999965,1.0000000009999876
322,0.1249999999999998,0.09817477052285459,0.7853981641828379,1.0000000009999876,1.0000000009999876
323,0.1249999999999998,0.09817477052285503,0.7853981641828415,1.0000000009999965,1.0000000009999876
324,0.1249999999999998,0.09817477052285459,0.7853981641828379,1.0000000009999876,1.0000000009999876
325,0.1249999999999998,0.09817477052285503,0.7853981641828415,1.0000000009999965,1.0000000009999876
326,0.12499999999999986,0.09817477052285503,0.7853981641828411,1.0000000009999965,1.0000000009999876
327,0.1249999999999998,0.09817477052285459,0.7853981641828379,1.0000000009999876,1.0000000009999876
328,0.12499999999999983,0.09817477052285503,0.7853981641828413,1.0000000009999965,1.0000000009999876
329,0.12499999999999986,0.09817477052285459,0.7853981641828376,1.0000000009999876,1.0000000009999876
330,0.12499999999999975,0.09817477052285503,0.7853981641828418,1.0000000009999965,1.0000000009999876
331,0.12499999999999997,0.09817477052285459,0.7853981641828369,1.0000000009999876,1.0000000009999876
332,0.12499999999999992,0.09817477052285459,0.7853981641828373,1.0000000009999876,1.0000000009999876
333,0.12499999999999964,0.09817477052285503,0.7853981641828425,1.0000000009999965,1.0000000009999876
334,0.12499999999999992,0.09817477052285481,0.785398164182839,1.000000000999992,1.0000000009999876
335,0.12499999999999975,0.09817477052285459,0.7853981641828383,1.0000000009999876,1.0000000009999876
336,0.1249999999999997,0.09817477052285503,0.7853981641828421,1.0000000009999965,1.0000000009999876
337,0.12499999999999975,0.09817477052285459,0.7853981641828383,1.0000000009999876,1.0000000009999876
338,0.12499999999999986,0.09817477052285503,0.7853981641828411,1.0000000009999965,1.0000000009999876
339,0.1249999999999998,0.09817477052285481,0.7853981641828397,1.000000000999992,1.0000000009999876
340,0.1249999999999997,0.09817477049831133,0.7853981639864925,1.0000000004999965,1.0000000009999876
341,0.12499999999999992,0.09817477049831155,0.785398163986493,1.0000000004999965,1.000000000999992
342,0.12499999999999992,0.09817477052285481,0.785398164182839,1.0000000009999876,1.000000000999992
343,0.12499999999999992,0.09817477052285524,0.7853981641828425,1.0000000009999965,1.000000000999992
344,0.12499999999999992,0.09817477052285481,0.785398164182839,1.0000000009999876,1.000000000999992
345,0.12499999999999992,0.09817477052285524,0.7853981641828425,1.0000000009999965,1.000000000999992
346,0.12499999999999997,0.09817477052285524,0.7853981641828421,1.0000000009999965,1.000000000999992
347,0.12499999999999992,0.09817477052285481,0.785398164182839,1.0000000009999876,1.000000000999992
348,0.12499999999999994,0.09817477052285524,0.7853981641828423,1.0000000009999965,1.000000000999992
349,0.12499999999999997,0.09817477052285481,0.7853981641828387,1.0000000009999876,1.000000000999992
350,0.12499999999999986,0.09817477052285524,0.7853981641828428,1.0000000009999965,1.000000000999992
351,0.12500000000000008,0.09817477052285481,0.7853981641828379,1.0000000009999876,1.000000000999992
352,0.12500000000000003,0.09817477052285481,0.7853981641828383,1.0000000009999876,1.000000000999992
353,0.12499999999999975,0.09817477052285524,0.7853981641828435,1.0000000009999965,1.000000000999992
354,0.12500000000000003,0.09817477052285503,0.78539816418284,1.000000000999992,1.000000000999992
355,0.12499999999999986,0.09817477052285481,0.7853981641828394,1.0000000009999876,1.000000000999992
356,0.1249999999999998,0.09817477052285524,0.7853981641828431,1.0000000009999965,1.000000000999992
357,0.12499999999999986,0.09817477052285481,0.7853981641828394,1.0000000009999876,1.000000000999992
358,0.12499999999999997,0.09817477052285524,0.7853981641828421,1.0000000009999965,1.000000000999992
359,0.12499999999999992,0.09817477052285503,0.7853981641828408,1.000000000999992,1.000000000999992
360,0.1249999999999998,0.09817477049831155,0.7853981639864936,1.0000000004999965,1.000000000999992
361,0.12499999999999992,0.09817477049831133,0.7853981639864912,1.0000000004999965,1.0000000009999876
362,0.12499999999999992,0.09817477052285459,0.7853981641828373,1.0000000009999876,1.0000000009999876
363,0.12499999999999992,0.09817477052285503,0.7853981641828408,1.0000000009999965,1.0000000009999876
364,0.12499999999999992,0.09817477052285459,0.7853981641828373,1.0000000009999876,1.0000000009999876
365,0.12499999999999992,0.09817477052285503,0.7853981641828408,1.0000000009999965,1.0000000009999876
366,0.12499999999999997,0.09817477052285503,0.7853981641828405,1.0000000009999965,1.0000000009999876
367,0.12499999999999992,0.09817477052285459,0.7853981641828373,1.0000000009999876,1.0000000009999876
368,0.12499999999999994,0.09817477052285503,0.7853981641828406,1.0000000009999965,1.0000000009999876
369,0.12499999999999997,0.09817477052285459,0.7853981641828369,1.0000000009999876,1.0000000009999876
370,0.12499999999999986,0.09817477052285503,0.7853981641828411,1.0000000009999965,1.0000000009999876
371,0.12500000000000008,0.09817477052285459,0.7853981641828361,1.0000000009999876,1.0000000009999876
372,0.12500000000000003,0.09817477052285459,0.7853981641828365,1.0000000009999876,1.0000000009999876
373,0.12499999999999975,0.09817477052285503,0.7853981641828418,1.0000000009999965,1.0000000009999876
374,0.12500000000000003,0.09817477052285481,0.7853981641828383,1.000000000999992,1.0000000009999876
375,0.12499999999999986,0.09817477052285459,0.7853981641828376,1.0000000009999876,1.0000000009999876
376,0.1249999999999998,0.09817477052285503,0.7853981641828415,1.0000000009999965,1.0000000009999876
377,0.12499999999999986,0.09817477052285459,0.7853981641828376,1.0000000009999876,1.0000000009999876
378,0.12499999999999997,0.09817477052285503,0.7853981641828405,1.0000000009999965,1.0000000009999876
379,0.12499999999999992,0.09817477052285481,0.785398164182839,1.000000000999992,1.0000000009999876
380,0.1249999999999998,0.09817477049831133,0.7853981639864919,1.0000000004999965,1.0000000009999876
381,0.1249999999999997,0.09817477047376807,0.7853981637901465,1.0000000004999965,1.0000000004999965
382,0.1249999999999997,0.09817477049831133,0.7853981639864925,1.0000000009999876,1.0000000004999965
383,0.1249999999999997,0.09817477049831178,0.7853981639864961,1.0000000009999965,1.0000000004999965
384,0.1249999999999997,0.09817477049831133,0.7853981639864925,1.0000000009999876,1.0000000004999965
385,0.1249999999999997,0.09817477049831178,0.7853981639864961,1.0000000009999965,1.0000000004999965
386,0.12499999999999975,0.09817477049831178,0.7853981639864958,1.0000000009999965,1.0000000004999965
387,0.1249999999999997,0.09817477049831133,0.7853981639864925,1.0000000009999876,1.0000000004999965
388,0.12499999999999972,0.09817477049831178,0.785398163986496,1.0000000009999965,1.0000000004999965
389,0.12499999999999975,0.09817477049831133,0.7853981639864922,1.0000000009999876,1.0000000004999965
390,0.12499999999999964,0.09817477049831178,0.7853981639864964,1.0000000009999965,1.0000000004999965
391,0.12499999999999986,0.09817477049831133,0.7853981639864915,1.0000000009999876,1.0000000004999965
392,0.1249999999999998,0.09817477049831133,0.7853981639864919,1.0000000009999876,1.0000000004999965
393,0.12499999999999953,0.09817477049831178,0.7853981639864972,1.0000000009999965,1.0000000004999965
394,0.1249999999999998,0.09817477049831155,0.7853981639864936,1.000000000999992,1.0000000004999965
395,0.12499999999999964,0.09817477049831133,0.7853981639864929,1.0000000009999876,1.0000000004999965
396,0.12499999999999958,0.09817477049831178,0.7853981639864969,1.0000000009999965,1.0000000004999965
397,0.12499999999999964,0.09817477049831133,0.7853981639864929,1.0000000009999876,1.0000000004999965
398,0.12499999999999975,0.09817477049831178,0.7853981639864958,1.0000000009999965,1.0000000004999965
399,0.1249999999999997,0.09817477049831155,0.7853981639864943,1.000000000999992,1.0000000004999965
400,0.12499999999999958,0.09817477047376807,0.7853981637901473,1.0000000004999965,1.0000000004999965
401,0.12500000000000003,0.09817477047376807,0.7853981637901444,1.0000000004999965,1.0000000004999965
402,0.12499999999999994,0.09817477049831133,0.785398163986491,1.0000000009999876,1.0000000004999965
403,0.125,0.09817477049831178,0.7853981639864942,1.0000000009999965,1.0000000004999965
404,0.12499999999999999,0.09817477049831133,0.7853981639864908,1.0000000009999876,1.0000000004999965
405,0.125,0.09817477049831178,0.7853981639864942,1.0000000009999965,1.0000000004999965
406,0.12500000000000006,0.09817477049831178,0.7853981639864939,1.0000000009999965,1.0000000004999965
407,0.125,0.09817477049831133,0.7853981639864906,1.0000000009999876,1.0000000004999965
408,0.12500000000000003,0.09817477049831178,0.785398163986494,1.0000000009999965,1.0000000004999965
409,0.12500000000000006,0.09817477049831133,0.7853981639864903,1.0000000009999876,1.0000000004999965
410,0.12499999999999997,0.09817477049831178,0.7853981639864944,1.0000000009999965,1.0000000004999965
411,0.12500000000000014,0.09817477049831133,0.7853981639864898,1.0000000009999876,1.0000000004999965
412,0.12500000000000008,0.09817477049831133,0.7853981639864901,1.0000000009999876,1.0000000004999965
413,0.12499999999999983,0.09817477049831178,0.7853981639864952,1.0000000009999965,1.0000000004999965
414,0.12500000000000008,0.09817477049831155,0.7853981639864919,1.000000000999992,1.0000000004999965
415,0.12499999999999992,0.09817477049831133,0.7853981639864912,1.0000000009999876,1.0000000004999965
416,0.12499999999999992,0.09817477049831178,0.7853981639864948,1.0000000009999965,1.0000000004999965
417,0.12499999999999997,0.09817477049831133,0.7853981639864909,1.0000000009999876,1.0000000004999965
418,0.12500000000000008,0.09817477049831178,0.7853981639864936,1.0000000009999965,1.0000000004999965
419,0.12500000000000003,0.09817477049831155,0.7853981639864922,1.000000000999992,1.0000000004999965
420,0.12499999999999992,0.09817477047376807,0.7853981637901452,1.0000000004999965,1.0000000004999965
421,0.12499999999999992,0.09817477049831133,0.7853981639864912,1.0000000004999965,1.0000000009999876
422,0.12499999999999992,0.09817477052285459,0.7853981641828373,1.0000000009999876,1.0000000009999876
423,0.12499999999999992,0.09817477052285503,0.7853981641828408,1.0000000009999965,1.0000000009999876
424,0.12499999999999992,0.09817477052285459,0.7853981641828373,1.0000000009999876,1.0000000009999876
425,0.12499999999999992,0.09817477052285503,0.7853981641828408,1.0000000009999965,1.0000000009999876
426,0.12499999999999994,0.09817477052285503,0.7853981641828406,1.0000000009999965,1.0000000009999876
427,0.12499999999999992,0.09817477052285459,0.7853981641828373,1.0000000009999876,1.0000000009999876
428,0.12499999999999992,0.09817477052285503,0.7853981641828408,1.0000000009999965,1.0000000009999876
429,0.12499999999999994,0.09817477052285459,0.785398164182837,1.0000000009999876,1.0000000009999876
430,0.12499999999999986,0.09817477052285503,0.7853981641828411,1.0000000009999965,1.0000000009999876
431,0.12500000000000003,0.09817477052285459,0.7853981641828365,1.0000000009999876,1.0000000009999876
432,0.12499999999999994,0.09817477052285459,0.785398164182837,1.0000000009999876,1.0000000009999876
433,0.12499999999999972,0.09817477052285503,0.785398164182842,1.0000000009999965,1.0000000009999876
434,0.12499999999999997,0.09817477052285481,0.7853981641828387,1.000000000999992,1.0000000009999876
435,0.1249999999999998,0.09817477052285459,0.7853981641828379,1.0000000009999876,1.0000000009999876
436,0.1249999999999998,0.09817477052285503,0.7853981641828415,1.0000000009999965,1.0000000009999876
437,0.12499999999999986,0.09817477052285459,0.7853981641828376,1.0000000009999876,1.0000000009999876
438,0.12499999999999997,0.09817477052285503,0.7853981641828405,1.0000000009999965,1.0000000009999876
439,0.12499999999999992,0.09817477052285481,0.785398164182839,1.000000000999992,1.0000000009999876
440,0.1249999999999998,0.09817477049831133,0.7853981639864919,1.0000000004999965,1.0000000009999876
441,0.125,0.09817477049831178,0.7853981639864942,1.0000000004999965,1.0000000009999965
442,0.12499999999999992,0.09817477052285503,0.7853981641828408,1.0000000009999876,1.0000000009999965
443,0.125,0.09817477052285546,0.7853981641828437,1.0000000009999965,1.0000000009999965
444,0.12499999999999992,0.09817477052285503,0.7853981641828408,1.0000000009999876,1.0000000009999965
445,0.12499999999999997,0.09817477052285546,0.7853981641828439,1.0000000009999965,1.0000000009999965
446,0.12500000000000003,0.09817477052285546,0.7853981641828435,1.0000000009999965,1.0000000009999965
447,0.125,0.09817477052285503,0.7853981641828403,1.0000000009999876,1.0000000009999965
448,0.12499999999999994,0.09817477052285546,0.785398164182844,1.0000000009999965,1.0000000009999965
449,0.12500000000000003,0.09817477052285503,0.78539816418284,1.0000000009999876,1.0000000009999965
450,0.12499999999999994,0.09817477052285546,0.785398164182844,1.0000000009999965,1.0000000009999965
451,0.12500000000000006,0.09817477052285503,0.7853981641828399,1.0000000009999876,1.0000000009999965
452,0.125,0.09817477052285503,0.7853981641828403,1.0000000009999876,1.0000000009999965
453,0.12499999999999978,0.09817477052285546,0.7853981641828451,1.0000000009999965,1.0000000009999965
454,0.12500000000000006,0.09817477052285524,0.7853981641828416,1.000000000999992,1.0000000009999965
455,0.12499999999999989,0.09817477052285503,0.7853981641828409,1.0000000009999876,1.0000000009999965
456,0.12499999999999989,0.09817477052285546,0.7853981641828444,1.0000000009999965,1.0000000009999965
457,0.12499999999999992,0.09817477052285503,0.7853981641828408,1.0000000009999876,1.0000000009999965
458,0.12500000000000006,0.09817477052285546,0.7853981641828434,1.0000000009999965,1.0000000009999965
459,0.125,0.09817477052285524,0.7853981641828419,1.000000000999992,1.0000000009999965
460,0.12499999999999989,0.09817477049831178,0.7853981639864949,1.0000000004999965,1.0000000009999965
461,0.12499999999999999,0.09817477049831133,0.7853981639864908,1.0000000004999965,1.0000000009999876
462,0.12499999999999994,0.09817477052285459,0.785398164182837,1.0000000009999876,1.0000000009999876
463,0.12499999999999996,0.09817477052285503,0.7853981641828405,1.0000000009999965,1.0000000009999876
464,0.12499999999999994,0.09817477052285459,0.785398164182837,1.0000000009999876,1.0000000009999876
465,0.12499999999999996,0.09817477052285503,0.7853981641828405,1.0000000009999965,1.0000000009999876
466,0.12499999999999997,0.09817477052285503,0.7853981641828405,1.0000000009999965,1.0000000009999876
467,0.12499999999999992,0.09817477052285459,0.7853981641828373,1.0000000009999876,1.0000000009999876
468,0.12499999999999994,0.09817477052285503,0.7853981641828406,1.0000000009999965,1.0000000009999876
469,0.12500000000000003,0.09817477052285459,0.7853981641828365,1.0000000009999876,1.0000000009999876
470,0.12499999999999993,0.09817477052285503,0.7853981641828407,1.0000000009999965,1.0000000009999876
471,0.12500000000000006,0.09817477052285459,0.7853981641828364,1.0000000009999876,1.0000000009999876
472,0.125,0.09817477052285459,0.7853981641828367,1.0000000009999876,1.0000000009999876
473,0.12499999999999979,0.09817477052285503,0.7853981641828416,1.0000000009999965,1.0000000009999876
474,0.12500000000000006,0.09817477052285481,0.7853981641828381,1.000000000999992,1.0000000009999876
475,0.12499999999999988,0.09817477052285459,0.7853981641828375,1.0000000009999876,1.0000000009999876
476,0.12499999999999988,0.09817477052285503,0.785398164182841,1.0000000009999965,1.0000000009999876
477,0.12499999999999993,0.09817477052285459,0.7853981641828371,1.0000000009999876,1.0000000009999876
478,0.12500000000000006,0.09817477052285503,0.7853981641828399,1.0000000009999965,1.0000000009999876
479,0.12499999999999999,0.09817477052285481,0.7853981641828386,1.000000000999992,1.0000000009999876
480,0.12499999999999988,0.09817477049831133,0.7853981639864914,1.0000000004999965,1.0000000009999876
481,0.12499999999999999,0.09817477049831178,0.7853981639864943,1.0000000004999965,1.0000000009999965
482,0.12499999999999994,0.09817477052285503,0.7853981641828406,1.0000000009999876,1.0000000009999965
483,0.12499999999999996,0.09817477052285546,0.7853981641828439,1.0000000009999965,1.0000000009999965
484,0.12499999999999999,0.09817477052285503,0.7853981641828404,1.0000000009999876,1.0000000009999965
485,0.12499999999999999,0.09817477052285546,0.7853981641828438,1.0000000009999965,1.0000000009999965
486,0.12499999999999997,0.09817477052285546,0.7853981641828439,1.0000000009999965,1.0000000009999965
487,0.12499999999999992,0.09817477052285503,0.7853981641828408,1.0000000009999876,1.0000000009999965
488,0.12499999999999997,0.09817477052285546,0.7853981641828439,1.0000000009999965,1.0000000009999965
489,0.12500000000000003,0.09817477052285503,0.78539816418284,1.0000000009999876,1.0000000009999965
490,0.12499999999999993,0.09817477052285546,0.7853981641828441,1.0000000009999965,1.0000000009999965
491,0.12500000000000006,0.09817477052285503,0.7853981641828399,1.0000000009999876,1.0000000009999965
492,0.125,0.09817477052285503,0.7853981641828403,1.0000000009999876,1.0000000009999965
493,0.12499999999999979,0.09817477052285546,0.785398164182845,1.0000000009999965,1.0000000009999965
494,0.12500000000000006,0.09817477052285524,0.7853981641828416,1.000000000999992,1.0000000009999965
495,0.12499999999999988,0.09817477052285503,0.785398164182841,1.0000000009999876,1.0000000009999965
496,0.12499999999999988,0.09817477052285546,0.7853981641828445,1.0000000009999965,1.0000000009999965
497,0.12499999999999993,0.09817477052285503,0.7853981641828407,1.0000000009999876,1.0000000009999965
498,0.12500000000000006,0.09817477052285546,0.7853981641828434,1.0000000009999965,1.0000000009999965
499,0.12499999999999999,0.09817477052285524,0.785398164182842,1.000000000999992,1.0000000009999965
500,0.12499999999999988,0.09817477049831178,0.785398163986495,1.0000000004999965,1.0000000009999965
501,0.125,0.09817477049831178,0.7853981639864942,1.0000000004999965,1.0000000009999965
502,0.125,0.09817477052285503,0.7853981641828403,1.0000000009999876,1.0000000009999965
503,0.125,0.09817477052285546,0.7853981641828437,1.0000000009999965,1.0000000009999965
504,0.125,0.09817477052285503,0.7853981641828403,1.0000000009999876,1.0000000009999965
505,0.125,0.09817477052285546,0.7853981641828437,1.0000000009999965,1.0000000009999965
506,0.12500000000000003,0.09817477052285546,0.7853981641828435,1.0000000009999965,1.0000000009999965
507,0.125,0.09817477052285503,0.7853981641828403,1.0000000009999876,1.0000000009999965
508,0.12499999999999997,0.09817477052285546,0.7853981641828439,1.0000000009999965,1.0000000009999965
509,0.12500000000000003,0.09817477052285503,0.78539816418284,1.0000000009999876,1.0000000009999965
510,0.12499999999999994,0.09817477052285546,0.785398164182844,1.0000000009999965,1.0000000009999965
511,0.12500000000000006,0.09817477052285503,0.7853981641828399,1.0000000009999876,1.0000000009999965
512,0.125,0.09817477052285503,0.7853981641828403,1.0000000009999876,1.0000000009999965
513,0.12499999999999978,0.09817477052285546,0.7853981641828451,1.0000000009999965,1.0000000009999965
514,0.12500000000000006,0.09817477052285524,0.7853981641828416,1.000000000999992,1.0000000009999965
515,0.12499999999999989,0.09817477052285503,0.7853981641828409,1.0000000009999876,1.0000000009999965
516,0.12499999999999989,0.09817477052285546,0.7853981641828444,1.0000000009999965,1.0000000009999965
517,0.12499999999999992,0.09817477052285503,0.7853981641828408,1.0000000009999876,1.0000000009999965
518,0.12500000000000006,0.09817477052285546,0.7853981641828434,1.0000000009999965,1.0000000009999965
519,0.125,0.09817477052285524,0.7853981641828419,1.000000000999992,1.0000000009999965
520,0.12499999999999989,0.09817477049831178,0.7853981639864949,1.0000000004999965,1.0000000009999965
521,0.125,0.09817477049831133,0.7853981639864906,1.0000000004999965,1.0000000009999876
522,0.12499999999999992,0.09817477052285459,0.7853981641828373,1.0000000009999876,1.0000000009999876
523,0.125,0.09817477052285503,0.7853981641828403,1.0000000009999965,1.0000000009999876
524,0.12499999999999992,0.09817477052285459,0.7853981641828373,1.0000000009999876,1.0000000009999876
525,0.12499999999999997,0.09817477052285503,0.7853981641828405,1.0000000009999965,1.0000000009999876
526,0.12500000000000003,0.09817477052285503,0.78539816418284,1.0000000009999965,1.0000000009999876
527,0.125,0.09817477052285459,0.7853981641828367,1.0000000009999876,1.0000000009999876
528,0.12499999999999994,0.09817477052285503,0.7853981641828406,1.0000000009999965,1.0000000009999876
529,0.12500000000000003,0.09817477052285459,0.7853981641828365,1.0000000009999876,1.0000000009999876
530,0.12499999999999994,0.09817477052285503,0.7853981641828406,1.0000000009999965,1.0000000009999876
531,0.12500000000000006,0.09817477052285459,0.7853981641828364,1.0000000009999876,1.0000000009999876
532,0.125,0.09817477052285459,0.7853981641828367,1.0000000009999876,1.0000000009999876
533,0.12499999999999978,0.09817477052285503,0.7853981641828417,1.0000000009999965,1.0000000009999876
534,0.12500000000000006,0.09817477052285481,0.7853981641828381,1.000000000999992,1.0000000009999876
535,0.12499999999999989,0.09817477052285459,0.7853981641828374,1.0000000009999876,1.0000000009999876
536,0.12499999999999989,0.09817477052285503,0.7853981641828409,1.0000000009999965,1.0000000009999876
537,0.12499999999999992,0.09817477052285459,0.7853981641828373,1.0000000009999876,1.0000000009999876
538,0.12500000000000006,0.09817477052285503,0.7853981641828399,1.0000000009999965,1.0000000009999876
539,0.125,0.09817477052285481,0.7853981641828385,1.000000000999992,1.0000000009999876
540,0.12499999999999989,0.09817477049831133,0.7853981639864913,1.0000000004999965,1.0000000009999876
541,0.12499999999999999,0.09817477049831178,0.7853981639864943,1.0000000004999965,1.0000000009999965
542,0.12499999999999994,0.09817477052285503,0.7853981641828406,1.0000000009999876,1.0000000009999965
543,0.12499999999999996,0.09817477052285546,0.7853981641828439,1.0000000009999965,1.0000000009999965
544,0.12499999999999999,0.09817477052285503,0.7853981641828404,1.0000000009999876,1.0000000009999965
545,0.12499999999999999,0.09817477052285546,0.7853981641828438,1.0000000009999965,1.0000000009999965
546,0.12499999999999997,0.09817477052285546,0.7853981641828439,1.0000000009999965,1.0000000009999965
547,0.12499999999999992,0.09817477052285503,0.7853981641828408,1.0000000009999876,1.0000000009999965
548,0.12499999999999997,0.09817477052285546,0.7853981641828439,1.0000000009999965,1.0000000009999965
549,0.12500000000000003,0.09817477052285503,0.78539816418284,1.0000000009999876,1.0000000009999965
550,0.12499999999999993,0.09817477052285546,0.7853981641828441,1.0000000009999965,1.0000000009999965
551,0.12500000000000006,0.09817477052285503,0.7853981641828399,1.0000000009999876,1.0000000009999965
552,0.125,0.09817477052285503,0.7853981641828403,1.0000000009999876,1.0000000009999965
553,0.12499999999999979,0.09817477052285546,0.785398164182845,1.0000000009999965,1.0000000009999965
554,0.12500000000000006,0.09817477052285524,0.7853981641828416,1.000000000999992,1.0000000009999965
555,0.12499999999999988,0.09817477052285503,0.785398164182841,1.0000000009999876,1.0000000009999965
556,0.12499999999999988,0.09817477052285546,0.7853981641828445,1.0000000009999965,1.0000000009999965
557,0.12499999999999993,0.09817477052285503,0.7853981641828407,1.0000000009999876,1.0000000009999965
558,0.12500000000000006,0.09817477052285546,0.7853981641828434,1.0000000009999965,1.0000000009999965
559,0.12499999999999999,0.09817477052285524,0.785398164182842,1.000000000999992,1.0000000009999965
560,0.12499999999999988,0.09817477049831178,0.785398163986495,1.0000000004999965,1.0000000009999965
561,0.12500000000000003,0.09817477049831133,0.7853981639864904,1.0000000004999965,1.0000000009999876
562,0.12499999999999994,0.09817477052285459,0.785398164182837,1.0000000009999876,1.0000000009999876
563,0.125,0.09817477052285503,0.7853981641828403,1.0000000009999965,1.0000000009999876
564,0.12499999999999999,0.09817477052285459,0.7853981641828368,1.0000000009999876,1.0000000009999876
565,0.125,0.09817477052285503,0.7853981641828403,1.0000000009999965,1.0000000009999876
566,0.12500000000000006,0.09817477052285503,0.7853981641828399,1.0000000009999965,1.0000000009999876
567,0.125,0.09817477052285459,0.7853981641828367,1.0000000009999876,1.0000000009999876
568,0.12500000000000003,0.09817477052285503,0.78539816418284,1.0000000009999965,1.0000000009999876
569,0.12500000000000006,0.09817477052285459,0.7853981641828364,1.0000000009999876,1.0000000009999876
570,0.12499999999999997,0.09817477052285503,0.7853981641828405,1.0000000009999965,1.0000000009999876
571,0.12500000000000014,0.09817477052285459,0.7853981641828358,1.0000000009999876,1.0000000009999876
572,0.12500000000000008,0.09817477052285459,0.7853981641828361,1.0000000009999876,1.0000000009999876
573,0.12499999999999983,0.09817477052285503,0.7853981641828413,1.0000000009999965,1.0000000009999876
574,0.12500000000000008,0.09817477052285481,0.7853981641828379,1.000000000999992,1.0000000009999876
575,0.12499999999999992,0.09817477052285459,0.7853981641828373,1.0000000009999876,1.0000000009999876
576,0.12499999999999992,0.09817477052285503,0.7853981641828408,1.0000000009999965,1.0000000009999876
577,0.12499999999999997,0.09817477052285459,0.7853981641828369,1.0000000009999876,1.0000000009999876
578,0.12500000000000008,0.09817477052285503,0.7853981641828397,1.0000000009999965,1.0000000009999876
579,0.12500000000000003,0.09817477052285481,0.7853981641828383,1.000000000999992,1.0000000009999876
580,0.12499999999999992,0.09817477049831133,0.7853981639864912,1.0000000004999965,1.0000000009999876
581,0.12499999999999999,0.09817477049831178,0.7853981639864943,1.0000000004999965,1.0000000009999965
582,0.12499999999999989,0.09817477052285503,0.7853981641828409,1.0000000009999876,1.0000000009999965
583,0.12499999999999996,0.09817477052285546,0.7853981641828439,1.0000000009999965,1.0000000009999965
584,0.12499999999999992,0.09817477052285503,0.7853981641828408,1.0000000009999876,1.0000000009999965
585,0.12499999999999996,0.09817477052285546,0.7853981641828439,1.0000000009999965,1.0000000009999965
586,0.12499999999999997,0.09817477052285546,0.7853981641828439,1.0000000009999965,1.0000000009999965
587,0.12499999999999992,0.09817477052285503,0.7853981641828408,1.0000000009999876,1.0000000009999965
588,0.12499999999999994,0.09817477052285546,0.785398164182844,1.0000000009999965,1.0000000009999965
589,0.12500000000000003,0.09817477052285503,0.78539816418284,1.0000000009999876,1.0000000009999965
590,0.12499999999999993,0.09817477052285546,0.7853981641828441,1.0000000009999965,1.0000000009999965
591,0.12500000000000006,0.09817477052285503,0.7853981641828399,1.0000000009999876,1.0000000009999965
592,0.125,0.09817477052285503,0.7853981641828403,1.0000000009999876,1.0000000009999965
593,0.12499999999999979,0.09817477052285546,0.785398164182845,1.0000000009999965,1.0000000009999965
594,0.12500000000000006,0.09817477052285524,0.7853981641828416,1.000000000999992,1.0000000009999965
595,0.12499999999999988,0.09817477052285503,0.785398164182841,1.0000000009999876,1.0000000009999965
596,0.12499999999999988,0.09817477052285546,0.7853981641828445,1.0000000009999965,1.0000000009999965
597,0.12499999999999993,0.09817477052285503,0.7853981641828407,1.0000000009999876,1.0000000009999965
598,0.12500000000000006,0.09817477052285546,0.7853981641828434,1.0000000009999965,1.0000000009999965
599,0.12499999999999999,0.09817477052285524,0.785398164182842,1.000000000999992,1.0000000009999965
600,0.12499999999999988,0.09817477049831178,0.785398163986495,1.0000000004999965,1.0000000009999965
601,0.1250000000000002,0.09817477049831178,0.785398163986493,1.0000000004999965,1.0000000009999965
602,0.12500000000000006,0.09817477052285503,0.7853981641828399,1.0000000009999876,1.0000000009999965
603,0.12500000000000017,0.09817477052285546,0.7853981641828427,1.0000000009999965,1.0000000009999965
604,0.1250000000000001,0.09817477052285503,0.7853981641828396,1.0000000009999876,1.0000000009999965
605,0.12500000000000017,0.09817477052285546,0.7853981641828427,1.0000000009999965,1.0000000009999965
606,0.12500000000000017,0.09817477052285546,0.7853981641828427,1.0000000009999965,1.0000000009999965
607,0.1250000000000001,0.09817477052285503,0.7853981641828396,1.0000000009999876,1.0000000009999965
608,0.12500000000000014,0.09817477052285546,0.7853981641828428,1.0000000009999965,1.0000000009999965
609,0.12500000000000022,0.09817477052285503,0.7853981641828388,1.0000000009999876,1.0000000009999965
610,0.12500000000000014,0.09817477052285546,0.7853981641828428,1.0000000009999965,1.0000000009999965
611,0.12500000000000025,0.09817477052285503,0.7853981641828387,1.0000000009999876,1.0000000009999965
612,0.1250000000000002,0.09817477052285503,0.785398164182839,1.0000000009999876,1.0000000009999965
613,0.12499999999999996,0.09817477052285546,0.7853981641828439,1.0000000009999965,1.0000000009999965
614,0.12500000000000025,0.09817477052285524,0.7853981641828404,1.000000000999992,1.0000000009999965
615,0.12500000000000008,0.09817477052285503,0.7853981641828397,1.0000000009999876,1.0000000009999965
616,0.12500000000000006,0.09817477052285546,0.7853981641828434,1.0000000009999965,1.0000000009999965
617,0.1250000000000001,0.09817477052285503,0.7853981641828396,1.0000000009999876,1.0000000009999965
618,0.12500000000000025,0.09817477052285546,0.7853981641828421,1.0000000009999965,1.0000000009999965
619,0.1250000000000002,0.09817477052285524,0.7853981641828407,1.000000000999992,1.0000000009999965
620,0.12500000000000008,0.09817477049831178,0.7853981639864936,1.0000000004999965,1.0000000009999965
621,0.1250000000000001,0.09817477049831133,0.78539816398649,1.0000000004999965,1.0000000009999876
622,0.12500000000000003,0.09817477052285459,0.7853981641828365,1.0000000009999876,1.0000000009999876
623,0.12500000000000008,0.09817477052285503,0.7853981641828397,1.0000000009999965,1.0000000009999876
624,0.12500000000000006,0.09817477052285459,0.7853981641828364,1.0000000009999876,1.0000000009999876
625,0.12500000000000008,0.09817477052285503,0.7853981641828397,1.0000000009999965,1.0000000009999876
626,0.12500000000000008,0.09817477052285503,0.7853981641828397,1.0000000009999965,1.0000000009999876
627,0.12500000000000003,0.09817477052285459,0.7853981641828365,1.0000000009999876,1.0000000009999876
628,0.12500000000000008,0.09817477052285503,0.7853981641828397,1.0000000009999965,1.0000000009999876
629,0.12500000000000014,0.09817477052285459,0.7853981641828358,1.0000000009999876,1.0000000009999876
630,0.12500000000000006,0.09817477052285503,0.7853981641828399,1.0000000009999965,1.0000000009999876
631,0.12500000000000022,0.09817477052285459,0.7853981641828353,1.0000000009999876,1.0000000009999876
632,0.12500000000000014,0.09817477052285459,0.7853981641828358,1.0000000009999876,1.0000000009999876
633,0.12499999999999989,0.09817477052285503,0.7853981641828409,1.0000000009999965,1.0000000009999876
634,0.12500000000000017,0.09817477052285481,0.7853981641828375,1.000000000999992,1.0000000009999876
635,0.125,0.09817477052285459,0.7853981641828367,1.0000000009999876,1.0000000009999876
636,0.125,0.09817477052285503,0.7853981641828403,1.0000000009999965,1.0000000009999876
637,0.12500000000000006,0.09817477052285459,0.7853981641828364,1.0000000009999876,1.0000000009999876
638,0.12500000000000017,0.09817477052285503,0.7853981641828393,1.0000000009999965,1.0000000009999876
639,0.1250000000000001,0.09817477052285481,0.7853981641828378,1.000000000999992,1.0000000009999876
640,0.125,0.09817477049831133,0.7853981639864906,1.0000000004999965,1.0000000009999876
641,0.12499999999999986,0.09817477049831178,0.7853981639864951,1.0000000004999965,1.0000000009999965
642,0.12499999999999978,0.09817477052285503,0.7853981641828417,1.0000000009999876,1.0000000009999965
643,0.12499999999999983,0.09817477052285546,0.7853981641828447,1.0000000009999965,1.0000000009999965
644,0.1249999999999998,0.09817477052285503,0.7853981641828415,1.0000000009999876,1.0000000009999965
645,0.12499999999999983,0.09817477052285546,0.7853981641828447,1.0000000009999965,1.0000000009999965
646,0.12499999999999986,0.09817477052285546,0.7853981641828446,1.0000000009999965,1.0000000009999965
647,0.1249999999999998,0.09817477052285503,0.7853981641828415,1.0000000009999876,1.0000000009999965
648,0.12499999999999983,0.09817477052285546,0.7853981641828447,1.0000000009999965,1.0000000009999965
649,0.12499999999999989,0.09817477052285503,0.7853981641828409,1.0000000009999876,1.0000000009999965
650,0.1249999999999998,0.09817477052285546,0.7853981641828449,1.0000000009999965,1.0000000009999965
651,0.12499999999999994,0.09817477052285503,0.7853981641828406,1.0000000009999876,1.0000000009999965
652,0.12499999999999989,0.09817477052285503,0.7853981641828409,1.0000000009999876,1.0000000009999965
653,0.12499999999999967,0.09817477052285546,0.7853981641828458,1.0000000009999965,1.0000000009999965
654,0.12499999999999992,0.09817477052285524,0.7853981641828425,1.000000000999992,1.0000000009999965
655,0.12499999999999975,0.09817477052285503,0.7853981641828418,1.0000000009999876,1.0000000009999965
656,0.12499999999999975,0.09817477052285546,0.7853981641828452,1.0000000009999965,1.0000000009999965
657,0.1249999999999998,0.09817477052285503,0.7853981641828415,1.0000000009999876,1.0000000009999965
658,0.12499999999999994,0.09817477052285546,0.785398164182844,1.0000000009999965,1.0000000009999965
659,0.12499999999999986,0.09817477052285524,0.7853981641828428,1.000000000999992,1.0000000009999965
660,0.12499999999999975,0.09817477049831178,0.7853981639864958,1.0000000004999965,1.0000000009999965
661,0.1250000000000002,0.09817477049831133,0.7853981639864894,1.0000000004999965,1.0000000009999876
662,0.12500000000000006,0.09817477052285459,0.7853981641828364,1.0000000009999876,1.0000000009999876
663,0.12500000000000017,0.09817477052285503,0.7853981641828393,1.0000000009999965,1.0000000009999876
664,0.1250000000000001,0.09817477052285459,0.785398164182836,1.0000000009999876,1.0000000009999876
665,0.12500000000000017,0.09817477052285503,0.7853981641828393,1.0000000009999965,1.0000000009999876
666,0.12500000000000017,0.09817477052285503,0.7853981641828393,1.0000000009999965,1.0000000009999876
667,0.1250000000000001,0.09817477052285459,0.785398164182836,1.0000000009999876,1.0000000009999876
668,0.12500000000000014,0.09817477052285503,0.7853981641828394,1.0000000009999965,1.0000000009999876
669,0.12500000000000022,0.09817477052285459,0.7853981641828353,1.0000000009999876,1.0000000009999876
670,0.12500000000000014,0.09817477052285503,0.7853981641828394,1.0000000009999965,1.0000000009999876
671,0.12500000000000025,0.09817477052285459,0.7853981641828351,1.0000000009999876,1.0000000009999876
672,0.1250000000000002,0.09817477052285459,0.7853981641828355,1.0000000009999876,1.0000000009999876
673,0.12499999999999996,0.09817477052285503,0.7853981641828405,1.0000000009999965,1.0000000009999876
674,0.12500000000000025,0.09817477052285481,0.7853981641828369,1.000000000999992,1.0000000009999876
675,0.12500000000000008,0.09817477052285459,0.7853981641828361,1.0000000009999876,1.0000000009999876
676,0.12500000000000006,0.09817477052285503,0.7853981641828399,1.0000000009999965,1.0000000009999876
677,0.1250000000000001,0.09817477052285459,0.785398164182836,1.0000000009999876,1.0000000009999876
678,0.12500000000000025,0.09817477052285503,0.7853981641828387,1.0000000009999965,1.0000000009999876
679,0.1250000000000002,0.09817477052285481,0.7853981641828373,1.000000000999992,1.0000000009999876
680,0.12500000000000008,0.09817477049831133,0.7853981639864901,1.0000000004999965,1.0000000009999876
681,0.12499999999999992,0.09817477049831178,0.7853981639864948,1.0000000004999965,1.0000000009999965
682,0.12499999999999983,0.09817477052285503,0.7853981641828413,1.0000000009999876,1.0000000009999965
683,0.12499999999999989,0.09817477052285546,0.7853981641828444,1.0000000009999965,1.0000000009999965
684,0.12499999999999986,0.09817477052285503,0.7853981641828411,1.0000000009999876,1.0000000009999965
685,0.12499999999999989,0.09817477052285546,0.7853981641828444,1.0000000009999965,1.0000000009999965
686,0.12499999999999992,0.09817477052285546,0.7853981641828442,1.0000000009999965,1.0000000009999965
687,0.12499999999999986,0.09817477052285503,0.7853981641828411,1.0000000009999876,1.0000000009999965
688,0.12499999999999989,0.09817477052285546,0.7853981641828444,1.0000000009999965,1.0000000009999965
689,0.12499999999999994,0.09817477052285503,0.7853981641828406,1.0000000009999876,1.0000000009999965
690,0.12499999999999986,0.09817477052285546,0.7853981641828446,1.0000000009999965,1.0000000009999965
691,0.12500000000000003,0.09817477052285503,0.78539816418284,1.0000000009999876,1.0000000009999965
692,0.12499999999999994,0.09817477052285503,0.7853981641828406,1.0000000009999876,1.0000000009999965
693,0.12499999999999972,0.09817477052285546,0.7853981641828455,1.0000000009999965,1.0000000009999965
694,0.12499999999999997,0.09817477052285524,0.7853981641828421,1.000000000999992,1.0000000009999965
695,0.1249999999999998,0.09817477052285503,0.7853981641828415,1.0000000009999876,1.0000000009999965
696,0.1249999999999998,0.09817477052285546,0.7853981641828449,1.0000000009999965,1.0000000009999965
697,0.12499999999999986,0.09817477052285503,0.7853981641828411,1.0000000009999876,1.0000000009999965
698,0.12499999999999997,0.09817477052285546,0.7853981641828439,1.0000000009999965,1.0000000009999965
699,0.12499999999999992,0.09817477052285524,0.7853981641828425,1.000000000999992,1.0000000009999965
700,0.1249999999999998,0.09817477049831178,0.7853981639864954,1.0000000004999965,1.0000000009999965
701,0.12500000000000003,0.09817477049831178,0.785398163986494,1.0000000004999965,1.0000000009999965
702,0.12499999999999994,0.09817477052285503,0.7853981641828406,1.0000000009999876,1.0000000009999965
703,0.125,0.09817477052285546,0.7853981641828437,1.0000000009999965,1.0000000009999965
704,0.12499999999999999,0.09817477052285503,0.7853981641828404,1.0000000009999876,1.0000000009999965
705,0.125,0.09817477052285546,0.7853981641828437,1.0000000009999965,1.0000000009999965
706,0.12500000000000006,0.09817477052285546,0.7853981641828434,1.0000000009999965,1.0000000009999965
707,0.125,0.09817477052285503,0.7853981641828403,1.0000000009999876,1.0000000009999965
708,0.12500000000000003,0.09817477052285546,0.7853981641828435,1.0000000009999965,1.0000000009999965
709,0.12500000000000006,0.09817477052285503,0.7853981641828399,1.0000000009999876,1.0000000009999965
710,0.12499999999999997,0.09817477052285546,0.7853981641828439,1.0000000009999965,1.0000000009999965
711,0.12500000000000014,0.09817477052285503,0.7853981641828394,1.0000000009999876,1.0000000009999965
712,0.12500000000000008,0.09817477052285503,0.7853981641828397,1.0000000009999876,1.0000000009999965
713,0.12499999999999983,0.09817477052285546,0.7853981641828447,1.0000000009999965,1.0000000009999965
714,0.12500000000000008,0.09817477052285524,0.7853981641828414,1.000000000999992,1.0000000009999965
715,0.12499999999999992,0.09817477052285503,0.7853981641828408,1.0000000009999876,1.0000000009999965
716,0.12499999999999992,0.09817477052285546,0.7853981641828442,1.0000000009999965,1.0000000009999965
717,0.12499999999999997,0.09817477052285503,0.7853981641828405,1.0000000009999876,1.0000000009999965
718,0.12500000000000008,0.09817477052285546,0.7853981641828431,1.0000000009999965,1.0000000009999965
719,0.12500000000000003,0.09817477052285524,0.7853981641828417,1.000000000999992,1.0000000009999965
720,0.12499999999999992,0.09817477049831178,0.7853981639864948,1.0000000004999965,1.0000000009999965
721,0.12499999999999992,0.09817477049831133,0.7853981639864912,1.0000000004999965,1.0000000009999876
722,0.12499999999999983,0.09817477052285459,0.7853981641828377,1.0000000009999876,1.0000000009999876
723,0.12499999999999989,0.09817477052285503,0.7853981641828409,1.0000000009999965,1.0000000009999876
724,0.12499999999999988,0.09817477052285459,0.7853981641828375,1.0000000009999876,1.0000000009999876
725,0.12499999999999989,0.09817477052285503,0.7853981641828409,1.0000000009999965,1.0000000009999876
726,0.12499999999999992,0.09817477052285503,0.7853981641828408,1.0000000009999965,1.0000000009999876
727,0.12499999999999986,0.09817477052285459,0.7853981641828376,1.0000000009999876,1.0000000009999876
728,0.1249999999999999,0.09817477052285503,0.7853981641828408,1.0000000009999965,1.0000000009999876
729,0.12499999999999994,0.09817477052285459,0.785398164182837,1.0000000009999876,1.0000000009999876
730,0.12499999999999986,0.09817477052285503,0.7853981641828411,1.0000000009999965,1.0000000009999876
731,0.12500000000000003,0.09817477052285459,0.7853981641828365,1.0000000009999876,1.0000000009999876
732,0.12499999999999996,0.09817477052285459,0.7853981641828369,1.0000000009999876,1.0000000009999876
733,0.12499999999999972,0.09817477052285503,0.785398164182842,1.0000000009999965,1.0000000009999876
734,0.12499999999999997,0.09817477052285481,0.7853981641828387,1.000000000999992,1.0000000009999876
735,0.1249999999999998,0.09817477052285459,0.7853981641828379,1.0000000009999876,1.0000000009999876
736,0.1249999999999998,0.09817477052285503,0.7853981641828415,1.0000000009999965,1.0000000009999876
737,0.12499999999999986,0.09817477052285459,0.7853981641828376,1.0000000009999876,1.0000000009999876
738,0.12499999999999997,0.09817477052285503,0.7853981641828405,1.0000000009999965,1.0000000009999876
739,0.12499999999999992,0.09817477052285481,0.785398164182839,1.000000000999992,1.0000000009999876
740,0.1249999999999998,0.09817477049831133,0.7853981639864919,1.0000000004999965,1.0000000009999876
741,0.12500000000000003,0.09817477049831155,0.7853981639864922,1.0000000004999965,1.000000000999992
742,0.12499999999999994,0.09817477052285481,0.7853981641828388,1.0000000009999876,1.000000000999992
743,0.125,0.09817477052285524,0.7853981641828419,1.0000000009999965,1.000000000999992
744,0.12499999999999999,0.09817477052285481,0.7853981641828386,1.0000000009999876,1.000000000999992
745,0.125,0.09817477052285524,0.7853981641828419,1.0000000009999965,1.000000000999992
746,0.12500000000000006,0.09817477052285524,0.7853981641828416,1.0000000009999965,1.000000000999992
747,0.125,0.09817477052285481,0.7853981641828385,1.0000000009999876,1.000000000999992
748,0.12500000000000003,0.09817477052285524,0.7853981641828417,1.0000000009999965,1.000000000999992
749,0.12500000000000006,0.09817477052285481,0.7853981641828381,1.0000000009999876,1.000000000999992
750,0.12499999999999997,0.09817477052285524,0.7853981641828421,1.0000000009999965,1.000000000999992
751,0.12500000000000014,0.09817477052285481,0.7853981641828376,1.0000000009999876,1.000000000999992
752,0.12500000000000008,0.09817477052285481,0.7853981641828379,1.0000000009999876,1.000000000999992
753,0.12499999999999983,0.09817477052285524,0.7853981641828429,1.0000000009999965,1.000000000999992
754,0.12500000000000008,0.09817477052285503,0.7853981641828397,1.000000000999992,1.000000000999992
755,0.12499999999999992,0.09817477052285481,0.785398164182839,1.0000000009999876,1.000000000999992
756,0.12499999999999992,0.09817477052285524,0.7853981641828425,1.0000000009999965,1.000000000999992
757,0.12499999999999997,0.09817477052285481,0.7853981641828387,1.0000000009999876,1.000000000999992
758,0.12500000000000008,0.09817477052285524,0.7853981641828414,1.0000000009999965,1.000000000999992
759,0.12500000000000003,0.09817477052285503,0.78539816418284,1.000000000999992,1.000000000999992
760,0.12499999999999992,0.09817477049831155,0.785398163986493,1.0000000004999965,1.000000000999992
761,0.12500000000000003,0.09817477049831133,0.7853981639864904,1.0000000004999965,1.0000000009999876
762,0.12499999999999994,0.09817477052285459,0.785398164182837,1.0000000009999876,1.0000000009999876
763,0.125,0.09817477052285503,0.7853981641828403,1.0000000009999965,1.0000000009999876
764,0.12499999999999999,0.09817477052285459,0.7853981641828368,1.0000000009999876,1.0000000009999876
765,0.125,0.09817477052285503,0.7853981641828403,1.0000000009999965,1.0000000009999876
766,0.12500000000000006,0.09817477052285503,0.7853981641828399,1.0000000009999965,1.0000000009999876
767,0.125,0.09817477052285459,0.7853981641828367,1.0000000009999876,1.0000000009999876
768,0.12500000000000003,0.09817477052285503,0.78539816418284,1.0000000009999965,1.0000000009999876
769,0.12500000000000006,0.09817477052285459,0.7853981641828364,1.0000000009999876,1.0000000009999876
770,0.12499999999999997,0.09817477052285503,0.7853981641828405,1.0000000009999965,1.0000000009999876
771,0.12500000000000014,0.09817477052285459,0.7853981641828358,1.0000000009999876,1.0000000009999876
772,0.12500000000000008,0.09817477052285459,0.7853981641828361,1.0000000009999876,1.0000000009999876
773,0.12499999999999983,0.09817477052285503,0.7853981641828413,1.0000000009999965,1.0000000009999876
774,0.12500000000000008,0.09817477052285481,0.7853981641828379,1.000000000999992,1.0000000009999876
775,0.12499999999999992,0.09817477052285459,0.7853981641828373,1.0000000009999876,1.0000000009999876
776,0.12499999999999992,0.09817477052285503,0.7853981641828408,1.0000000009999965,1.0000000009999876
777,0.12499999999999997,0.09817477052285459,0.7853981641828369,1.0000000009999876,1.0000000009999876
778,0.12500000000000008,0.09817477052285503,0.7853981641828397,1.0000000009999965,1.0000000009999876
779,0.12500000000000003,0.09817477052285481,0.7853981641828383,1.000000000999992,1.0000000009999876
780,0.12499999999999992,0.09817477049831133,0.7853981639864912,1.0000000004999965,1.0000000009999876
781,0.1249999999999998,0.09817477047376807,0.7853981637901458,1.0000000004999965,1.0000000004999965
782,0.12499999999999972,0.09817477049831133,0.7853981639864924,1.0000000009999876,1.0000000004999965
783,0.12499999999999978,0.09817477049831178,0.7853981639864956,1.0000000009999965,1.0000000004999965
784,0.12499999999999976,0.09817477049831133,0.7853981639864921,1.0000000009999876,1.0000000004999965
785,0.12499999999999978,0.09817477049831178,0.7853981639864956,1.0000000009999965,1.0000000004999965
786,0.1249999999999998,0.09817477049831178,0.7853981639864954,1.0000000009999965,1.0000000004999965
787,0.12499999999999975,0.09817477049831133,0.7853981639864922,1.0000000009999876,1.0000000004999965
788,0.12499999999999979,0.09817477049831178,0.7853981639864955,1.0000000009999965,1.0000000004999965
789,0.12499999999999983,0.09817477049831133,0.7853981639864916,1.0000000009999876,1.0000000004999965
790,0.12499999999999975,0.09817477049831178,0.7853981639864958,1.0000000009999965,1.0000000004999965
791,0.1249999999999999,0.09817477049831133,0.7853981639864912,1.0000000009999876,1.0000000004999965
792,0.12499999999999985,0.09817477049831133,0.7853981639864916,1.0000000009999876,1.0000000004999965
793,0.12499999999999961,0.09817477049831178,0.7853981639864966,1.0000000009999965,1.0000000004999965
794,0.12499999999999986,0.09817477049831155,0.7853981639864933,1.000000000999992,1.0000000004999965
795,0.1249999999999997,0.09817477049831133,0.7853981639864925,1.0000000009999876,1.0000000004999965
796,0.1249999999999997,0.09817477049831178,0.7853981639864961,1.0000000009999965,1.0000000004999965
797,0.12499999999999975,0.09817477049831133,0.7853981639864922,1.0000000009999876,1.0000000004999965
798,0.12499999999999986,0.09817477049831178,0.7853981639864951,1.0000000009999965,1.0000000004999965
799,0.1249999999999998,0.09817477049831155,0.7853981639864936,1.000000000999992,1.0000000004999965
800,0.1249999999999997,0.09817477047376807,0.7853981637901465,1.0000000004999965,1.0000000004999965
801,0.12500000000000003,0.09817477047376807,0.7853981637901444,1.0000000004999965,1.0000000004999965
802,0.12499999999999994,0.09817477049831133,0.785398163986491,1.0000000009999876,1.0000000004999965
803,0.125,0.09817477049831178,0.7853981639864942,1.0000000009999965,1.0000000004999965
804,0.12499999999999999,0.09817477049831133,0.7853981639864908,1.0000000009999876,1.0000000004999965
805,0.125,0.09817477049831178,0.7853981639864942,1.0000000009999965,1.0000000004999965
806,0.12500000000000006,0.09817477049831178,0.7853981639864939,1.0000000009999965,1.0000000004999965
807,0.125,0.09817477049831133,0.7853981639864906,1.0000000009999876,1.0000000004999965
808,0.12500000000000003,0.09817477049831178,0.785398163986494,1.0000000009999965,1.0000000004999965
809,0.12500000000000006,0.09817477049831133,0.7853981639864903,1.0000000009999876,1.0000000004999965
810,0.12499999999999997,0.09817477049831178,0.7853981639864944,1.0000000009999965,1.0000000004999965
811,0.12500000000000014,0.09817477049831133,0.7853981639864898,1.0000000009999876,1.0000000004999965
812,0.12500000000000008,0.09817477049831133,0.7853981639864901,1.0000000009999876,1.0000000004999965
813,0.12499999999999983,0.09817477049831178,0.7853981639864952,1.0000000009999965,1.0000000004999965
814,0.12500000000000008,0.09817477049831155,0.7853981639864919,1.000000000999992,1.0000000004999965
815,0.12499999999999992,0.09817477049831133,0.7853981639864912,1.0000000009999876,1.0000000004999965
816,0.12499999999999992,0.09817477049831178,0.7853981639864948,1.0000000009999965,1.0000000004999965
817,0.12499999999999997,0.09817477049831133,0.7853981639864909,1.0000000009999876,1.0000000004999965
818,0.12500000000000008,0.09817477049831178,0.7853981639864936,1.0000000009999965,1.0000000004999965
819,0.12500000000000003,0.09817477049831155,0.7853981639864922,1.000000000999992,1.0000000004999965
820,0.12499999999999992,0.09817477047376807,0.7853981637901452,1.0000000004999965,1.0000000004999965
821,0.12499999999999992,0.09817477049831133,0.7853981639864912,1.0000000004999965,1.0000000009999876
822,0.12499999999999992,0.09817477052285459,0.7853981641828373,1.0000000009999876,1.0000000009999876
823,0.12499999999999992,0.09817477052285503,0.7853981641828408,1.0000000009999965,1.0000000009999876
824,0.12499999999999992,0.09817477052285459,0.7853981641828373,1.0000000009999876,1.0000000009999876
825,0.12499999999999992,0.09817477052285503,0.7853981641828408,1.0000000009999965,1.0000000009999876
826,0.12499999999999994,0.09817477052285503,0.7853981641828406,1.0000000009999965,1.0000000009999876
827,0.12499999999999992,0.09817477052285459,0.7853981641828373,1.0000000009999876,1.0000000009999876
828,0.12499999999999992,0.09817477052285503,0.7853981641828408,1.0000000009999965,1.0000000009999876
829,0.12499999999999994,0.09817477052285459,0.785398164182837,1.0000000009999876,1.0000000009999876
830,0.12499999999999986,0.09817477052285503,0.7853981641828411,1.0000000009999965,1.0000000009999876
831,0.12500000000000003,0.09817477052285459,0.7853981641828365,1.0000000009999876,1.0000000009999876
832,0.12499999999999994,0.09817477052285459,0.785398164182837,1.0000000009999876,1.0000000009999876
833,0.12499999999999972,0.09817477052285503,0.785398164182842,1.0000000009999965,1.0000000009999876
834,0.12499999999999997,0.09817477052285481,0.7853981641828387,1.000000000999992,1.0000000009999876
835,0.1249999999999998,0.09817477052285459,0.7853981641828379,1.0000000009999876,1.0000000009999876
836,0.1249999999999998,0.09817477052285503,0.7853981641828415,1.0000000009999965,1.0000000009999876
837,0.12499999999999986,0.09817477052285459,0.7853981641828376,1.0000000009999876,1.0000000009999876
838,0.12499999999999997,0.09817477052285503,0.7853981641828405,1.0000000009999965,1.0000000009999876
839,0.12499999999999992,0.09817477052285481,0.785398164182839,1.000000000999992,1.0000000009999876
840,0.1249999999999998,0.09817477049831133,0.7853981639864919,1.0000000004999965,1.0000000009999876
841,0.125,0.09817477049831178,0.7853981639864942,1.0000000004999965,1.0000000009999965
842,0.12499999999999992,0.09817477052285503,0.7853981641828408,1.0000000009999876,1.0000000009999965
843,0.125,0.09817477052285546,0.7853981641828437,1.0000000009999965,1.0000000009999965
844,0.12499999999999992,0.09817477052285503,0.7853981641828408,1.0000000009999876,1.0000000009999965
845,0.12499999999999997,0.09817477052285546,0.7853981641828439,1.0000000009999965,1.0000000009999965
846,0.12500000000000003,0.09817477052285546,0.7853981641828435,1.0000000009999965,1.0000000009999965
847,0.125,0.09817477052285503,0.7853981641828403,1.0000000009999876,1.0000000009999965
848,0.12499999999999994,0.09817477052285546,0.785398164182844,1.0000000009999965,1.0000000009999965
849,0.12500000000000003,0.09817477052285503,0.78539816418284,1.0000000009999876,1.0000000009999965
850,0.12499999999999994,0.09817477052285546,0.785398164182844,1.0000000009999965,1.0000000009999965
851,0.12500000000000006,0.09817477052285503,0.7853981641828399,1.0000000009999876,1.0000000009999965
852,0.125,0.09817477052285503,0.7853981641828403,1.0000000009999876,1.0000000009999965
853,0.12499999999999978,0.09817477052285546,0.7853981641828451,1.0000000009999965,1.0000000009999965
854,0.12500000000000006,0.09817477052285524,0.7853981641828416,1.000000000999992,1.0000000009999965
855,0.12499999999999989,0.09817477052285503,0.7853981641828409,1.0000000009999876,1.0000000009999965
856,0.12499999999999989,0.09817477052285546,0.7853981641828444,1.0000000009999965,1.0000000009999965
857,0.12499999999999992,0.09817477052285503,0.7853981641828408,1.0000000009999876,1.0000000009999965
858,0.12500000000000006,0.09817477052285546,0.7853981641828434,1.0000000009999965,1.0000000009999965
859,0.125,0.09817477052285524,0.7853981641828419,1.000000000999992,1.0000000009999965
860,0.12499999999999989,0.09817477049831178,0.7853981639864949,1.0000000004999965,1.0000000009999965
861,0.12499999999999999,0.09817477049831133,0.7853981639864908,1.0000000004999965,1.0000000009999876
862,0.12499999999999994,0.09817477052285459,0.785398164182837,1.0000000009999876,1.0000000009999876
863,0.12499999999999996,0.09817477052285503,0.7853981641828405,1.0000000009999965,1.0000000009999876
864,0.12499999999999994,0.09817477052285459,0.785398164182837,1.0000000009999876,1.0000000009999876
865,0.12499999999999996,0.09817477052285503,0.7853981641828405,1.0000000009999965,1.0000000009999876
866,0.12499999999999997,0.09817477052285503,0.7853981641828405,1.0000000009999965,1.0000000009999876
867,0.12499999999999992,0.09817477052285459,0.7853981641828373,1.0000000009999876,1.0000000009999876
868,0.12499999999999994,0.09817477052285503,0.7853981641828406,1.0000000009999965,1.0000000009999876
869,0.12500000000000003,0.09817477052285459,0.7853981641828365,1.0000000009999876,1.0000000009999876
870,0.12499999999999993,0.09817477052285503,0.7853981641828407,1.0000000009999965,1.0000000009999876
871,0.12500000000000006,0.09817477052285459,0.7853981641828364,1.0000000009999876,1.0000000009999876
872,0.125,0.09817477052285459,0.7853981641828367,1.0000000009999876,1.0000000009999876
873,0.12499999999999979,0.09817477052285503,0.7853981641828416,1.0000000009999965,1.0000000009999876
874,0.12500000000000006,0.09817477052285481,0.7853981641828381,1.000000000999992,1.0000000009999876
875,0.12499999999999988,0.09817477052285459,0.7853981641828375,1.0000000009999876,1.0000000009999876
876,0.12499999999999988,0.09817477052285503,0.785398164182841,1.0000000009999965,1.0000000009999876
877,0.12499999999999993,0.09817477052285459,0.7853981641828371,1.0000000009999876,1.0000000009999876
878,0.12500000000000006,0.09817477052285503,0.7853981641828399,1.0000000009999965,1.0000000009999876
879,0.12499999999999999,0.09817477052285481,0.7853981641828386,1.000000000999992,1.0000000009999876
880,0.12499999999999988,0.09817477049831133,0.7853981639864914,1.0000000004999965,1.0000000009999876
881,0.12499999999999999,0.09817477049831178,0.7853981639864943,1.0000000004999965,1.0000000009999965
882,0.12499999999999994,0.09817477052285503,0.7853981641828406,1.0000000009999876,1.0000000009999965
883,0.12499999999999996,0.09817477052285546,0.7853981641828439,1.0000000009999965,1.0000000009999965
884,0.12499999999999999,0.09817477052285503,0.7853981641828404,1.0000000009999876,1.0000000009999965
885,0.12499999999999999,0.09817477052285546,0.7853981641828438,1.0000000009999965,1.0000000009999965
886,0.12499999999999997,0.09817477052285546,0.7853981641828439,1.0000000009999965,1.0000000009999965
887,0.12499999999999992,0.09817477052285503,0.7853981641828408,1.0000000009999876,1.0000000009999965
888,0.12499999999999997,0.09817477052285546,0.7853981641828439,1.0000000009999965,1.0000000009999965
889,0.12500000000000003,0.09817477052285503,0.78539816418284,1.0000000009999876,1.0000000009999965
890,0.12499999999999993,0.09817477052285546,0.7853981641828441,1.0000000009999965,1.0000000009999965
891,0.12500000000000006,0.09817477052285503,0.7853981641828399,1.0000000009999876,1.0000000009999965
892,0.125,0.09817477052285503,0.7853981641828403,1.0000000009999876,1.0000000009999965
893,0.12499999999999979,0.09817477052285546,0.785398164182845,1.0000000009999965,1.0000000009999965
894,0.12500000000000006,0.09817477052285524,0.7853981641828416,1.000000000999992,1.0000000009999965
895,0.12499999999999988,0.09817477052285503,0.785398164182841,1.0000000009999876,1.0000000009999965
896,0.12499999999999988,0.09817477052285546,0.7853981641828445,1.0000000009999965,1.0000000009999965
897,0.12499999999999993,0.09817477052285503,0.7853981641828407,1.0000000009999876,1.0000000009999965
898,0.12500000000000006,0.09817477052285546,0.7853981641828434,1.0000000009999965,1.0000000009999965
899,0.12499999999999999,0.09817477052285524,0.785398164182842,1.000000000999992,1.0000000009999965
900,0.12499999999999988,0.09817477049831178,0.785398163986495,1.0000000004999965,1.0000000009999965
901,0.125,0.09817477049831178,0.7853981639864942,1.0000000004999965,1.0000000009999965
902,0.125,0.09817477052285503,0.7853981641828403,1.0000000009999876,1.0000000009999965
903,0.125,0.09817477052285546,0.7853981641828437,1.0000000009999965,1.0000000009999965
904,0.125,0.09817477052285503,0.7853981641828403,1.0000000009999876,1.0000000009999965
905,0.125,0.09817477052285546,0.7853981641828437,1.0000000009999965,1.0000000009999965
906,0.12500000000000003,0.09817477052285546,0.7853981641828435,1.0000000009999965,1.0000000009999965
907,0.125,0.09817477052285503,0.7853981641828403,1.0000000009999876,1.0000000009999965
908,0.12499999999999997,0.09817477052285546,0.7853981641828439,1.0000000009999965,1.0000000009999965
909,0.12500000000000003,0.09817477052285503,0.78539816418284,1.0000000009999876,1.0000000009999965
910,0.12499999999999994,0.09817477052285546,0.785398164182844,1.0000000009999965,1.0000000009999965
911,0.12500000000000006,0.09817477052285503,0.7853981641828399,1.0000000009999876,1.0000000009999965
912,0.125,0.09817477052285503,0.7853981641828403,1.0000000009999876,1.0000000009999965
913,0.12499999999999978,0.09817477052285546,0.7853981641828451,1.0000000009999965,1.0000000009999965
914,0.12500000000000006,0.09817477052285524,0.7853981641828416,1.000000000999992,1.0000000009999965
915,0.12499999999999989,0.09817477052285503,0.7853981641828409,1.0000000009999876,1.0000000009999965
916,0.12499999999999989,0.09817477052285546,0.7853981641828444,1.0000000009999965,1.0000000009999965
917,0.12499999999999992,0.09817477052285503,0.7853981641828408,1.0000000009999876,1.0000000009999965
918,0.12500000000000006,0.09817477052285546,0.7853981641828434,1.0000000009999965,1.0000000009999965
919,0.125,0.09817477052285524,0.7853981641828419,1.000000000999992,1.0000000009999965
920,0.12499999999999989,0.09817477049831178,0.7853981639864949,1.0000000004999965,1.0000000009999965
921,0.125,0.09817477049831133,0.7853981639864906,1.0000000004999965,1.0000000009999876
922,0.12499999999999992,0.09817477052285459,0.7853981641828373,1.0000000009999876,1.0000000009999876
923,0.125,0.09817477052285503,0.7853981641828403,1.0000000009999965,1.0000000009999876
924,0.12499999999999992,0.09817477052285459,0.7853981641828373,1.0000000009999876,1.0000000009999876
925,0.12499999999999997,0.09817477052285503,0.7853981641828405,1.0000000009999965,1.0000000009999876
926,0.12500000000000003,0.09817477052285503,0.78539816418284,1.0000000009999965,1.0000000009999876
927,0.125,0.09817477052285459,0.7853981641828367,1.0000000009999876,1.0000000009999876
928,0.12499999999999994,0.09817477052285503,0.7853981641828406,1.0000000009999965,1.0000000009999876
929,0.12500000000000003,0.09817477052285459,0.7853981641828365,1.0000000009999876,1.0000000009999876
930,0.12499999999999994,0.09817477052285503,0.7853981641828406,1.0000000009999965,1.0000000009999876
931,0.12500000000000006,0.09817477052285459,0.7853981641828364,1.0000000009999876,1.0000000009999876
932,0.125,0.09817477052285459,0.7853981641828367,1.0000000009999876,1.0000000009999876
933,0.12499999999999978,0.09817477052285503,0.7853981641828417,1.0000000009999965,1.0000000009999876
934,0.12500000000000006,0.09817477052285481,0.7853981641828381,1.000000000999992,1.0000000009999876
935,0.12499999999999989,0.09817477052285459,0.7853981641828374,1.0000000009999876,1.0000000009999876
936,0.12499999999999989,0.09817477052285503,0.7853981641828409,1.0000000009999965,1.0000000009999876
937,0.12499999999999992,0.09817477052285459,0.7853981641828373,1.0000000009999876,1.0000000009999876
938,0.12500000000000006,0.09817477052285503,0.7853981641828399,1.0000000009999965,1.0000000009999876
939,0.125,0.09817477052285481,0.7853981641828385,1.000000000999992,1.0000000009999876
940,0.12499999999999989,0.09817477049831133,0.7853981639864913,1.0000000004999965,1.0000000009999876
941,0.12499999999999999,0.09817477049831178,0.7853981639864943,1.0000000004999965,1.0000000009999965
942,0.12499999999999994,0.09817477052285503,0.7853981641828406,1.0000000009999876,1.0000000009999965
943,0.12499999999999996,0.09817477052285546,0.7853981641828439,1.0000000009999965,1.0000000009999965
944,0.12499999999999999,0.09817477052285503,0.7853981641828404,1.0000000009999876,1.0000000009999965
945,0.12499999999999999,0.09817477052285546,0.7853981641828438,1.0000000009999965,1.0000000009999965
946,0.12499999999999997,0.09817477052285546,0.7853981641828439,1.0000000009999965,1.0000000009999965
947,0.12499999999999992,0.09817477052285503,0.7853981641828408,1.0000000009999876,1.0000000009999965
948,0.12499999999999997,0.09817477052285546,0.7853981641828439,1.0000000009999965,1.0000000009999965
949,0.12500000000000003,0.09817477052285503,0.78539816418284,1.0000000009999876,1.0000000009999965
950,0.12499999999999993,0.09817477052285546,0.7853981641828441,1.0000000009999965,1.0000000009999965
951,0.12500000000000006,0.09817477052285503,0.7853981641828399,1.0000000009999876,1.0000000009999965
952,0.125,0.09817477052285503,0.7853981641828403,1.0000000009999876,1.0000000009999965
953,0.12499999999999979,0.09817477052285546,0.785398164182845,1.0000000009999965,1.0000000009999965
954,0.12500000000000006,0.09817477052285524,0.7853981641828416,1.000000000999992,1.0000000009999965
955,0.12499999999999988,0.09817477052285503,0.785398164182841,1.0000000009999876,1.0000000009999965
956,0.12499999999999988,0.09817477052285546,0.7853981641828445,1.0000000009999965,1.0000000009999965
957,0.12499999999999993,0.09817477052285503,0.7853981641828407,1.0000000009999876,1.0000000009999965
958,0.12500000000000006,0.09817477052285546,0.7853981641828434,1.0000000009999965,1.0000000009999965
959,0.12499999999999999,0.09817477052285524,0.785398164182842,1.000000000999992,1.0000000009999965
960,0.12499999999999988,0.09817477049831178,0.785398163986495,1.0000000004999965,1.0000000009999965
961,0.12500000000000003,0.09817477049831133,0.7853981639864904,1.0000000004999965,1.0000000009999876
962,0.12499999999999994,0.09817477052285459,0.785398164182837,1.0000000009999876,1.0000000009999876
963,0.125,0.09817477052285503,0.7853981641828403,1.0000000009999965,1.0000000009999876
964,0.12499999999999999,0.09817477052285459,0.7853981641828368,1.0000000009999876,1.0000000009999876
965,0.125,0.09817477052285503,0.7853981641828403,1.0000000009999965,1.0000000009999876
966,0.12500000000000006,0.09817477052285503,0.7853981641828399,1.0000000009999965,1.0000000009999876
967,0.125,0.09817477052285459,0.7853981641828367,1.0000000009999876,1.0000000009999876
968,0.12500000000000003,0.09817477052285503,0.78539816418284,1.0000000009999965,1.0000000009999876
969,0.12500000000000006,0.09817477052285459,0.7853981641828364,1.0000000009999876,1.0000000009999876
970,0.12499999999999997,0.09817477052285503,0.7853981641828405,1.0000000009999965,1.0000000009999876
971,0.12500000000000014,0.09817477052285459,0.7853981641828358,1.0000000009999876,1.0000000009999876
972,0.12500000000000008,0.09817477052285459,0.7853981641828361,1.0000000009999876,1.0000000009999876
973,0.12499999999999983,0.09817477052285503,0.7853981641828413,1.0000000009999965,1.0000000009999876
974,0.12500000000000008,0.09817477052285481,0.7853981641828379,1.000000000999992,1.0000000009999876
975,0.12499999999999992,0.09817477052285459,0.7853981641828373,1.0000000009999876,1.0000000009999876
976,0.12499999999999992,0.09817477052285503,0.7853981641828408,1.0000000009999965,1.0000000009999876
977,0.12499999999999997,0.09817477052285459,0.7853981641828369,1.0000000009999876,1.0000000009999876
978,0.12500000000000008,0.09817477052285503,0.7853981641828397,1.0000000009999965,1.0000000009999876
979,0.12500000000000003,0.09817477052285481,0.7853981641828383,1.000000000999992,1.0000000009999876
980,0.12499999999999992,0.09817477049831133,0.7853981639864912,1.0000000004999965,1.0000000009999876
981,0.12499999999999999,0.09817477049831178,0.7853981639864943,1.0000000004999965,1.0000000009999965
982,0.12499999999999989,0.09817477052285503,0.7853981641828409,1.0000000009999876,1.0000000009999965
983,0.12499999999999996,0.09817477052285546,0.7853981641828439,1.0000000009999965,1.0000000009999965
984,0.12499999999999992,0.09817477052285503,0.7853981641828408,1.0000000009999876,1.0000000009999965
985,0.12499999999999996,0.09817477052285546,0.7853981641828439,1.0000000009999965,1.0000000009999965
986,0.12499999999999997,0.09817477052285546,0.7853981641828439,1.0000000009999965,1.0000000009999965
987,0.12499999999999992,0.09817477052285503,0.7853981641828408,1.0000000009999876,1.0000000009999965
988,0.12499999999999994,0.09817477052285546,0.785398164182844,1.0000000009999965,1.0000000009999965
989,0.12500000000000003,0.09817477052285503,0.78539816418284,1.0000000009999876,1.0000000009999965
990,0.12499999999999993,0.09817477052285546,0.7853981641828441,1.0000000009999965,1.0000000009999965
991,0.12500000000000006,0.09817477052285503,0.7853981641828399,1.0000000009999876,1.0000000009999965
992,0.125,0.09817477052285503,0.7853981641828403,1.0000000009999876,1.0000000009999965
993,0.12499999999999979,0.09817477052285546,0.785398164182845,1.0000000009999965,1.0000000009999965
994,0.12500000000000006,0.09817477052285524,0.7853981641828416,1.000000000999992,1.0000000009999965
995,0.12499999999999988,0.09817477052285503,0.785398164182841,1.0000000009999876,1.0000000009999965
996,0.12499999999999988,0.09817477052285546,0.7853981641828445,1.0000000009999965,1.0000000009999965
997,0.12499999999999993,0.09817477052285503,0.7853981641828407,1.0000000009999876,1.0000000009999965
998,0.12500000000000006,0.09817477052285546,0.7853981641828434,1.0000000009999965,1.0000000009999965
999,0.12499999999999999,0.09817477052285524,0.785398164182842,1.000000000999992,1.0000000009999965
1000,0.12499999999999988,0.09817477049831178,0.785398163986495,1.0000000004999965,1.0000000009999965
1001,0.1250000000000002,0.09817477049831178,0.785398163986493,1.0000000004999965,1.0000000009999965
1002,0.12500000000000006,0.09817477052285503,0.7853981641828399,1.0000000009999876,1.0000000009999965
1003,0.12500000000000017,0.09817477052285546,0.7853981641828427,1.0000000009999965,1.0000000009999965
1004,0.1250000000000001,0.09817477052285503,0.7853981641828396,1.0000000009999876,1.0000000009999965
1005,0.12500000000000017,0.09817477052285546,0.7853981641828427,1.0000000009999965,1.0000000009999965
1006,0.12500000000000017,0.09817477052285546,0.7853981641828427,1.0000000009999965,1.0000000009999965
1007,0.1250000000000001,0.09817477052285503,0.7853981641828396,1.0000000009999876,1.0000000009999965
1008,0.12500000000000014,0.09817477052285546,0.7853981641828428,1.0000000009999965,1.0000000009999965
1009,0.12500000000000022,0.09817477052285503,0.7853981641828388,1.0000000009999876,1.0000000009999965
1010,0.12500000000000014,0.09817477052285546,0.7853981641828428,1.0000000009999965,1.0000000009999965
1011,0.12500000000000025,0.09817477052285503,0.7853981641828387,1.0000000009999876,1.0000000009999965
1012,0.1250000000000002,0.09817477052285503,0.785398164182839,1.0000000009999876,1.0000000009999965
1013,0.12499999999999996,0.09817477052285546,0.7853981641828439,1.0000000009999965,1.0000000009999965
1014,0.12500000000000025,0.09817477052285524,0.7853981641828404,1.000000000999992,1.0000000009999965
1015,0.12500000000000008,0.09817477052285503,0.7853981641828397,1.0000000009999876,1.0000000009999965
1016,0.12500000000000006,0.09817477052285546,0.7853981641828434,1.0000000009999965,1.0000000009999965
1017,0.1250000000000001,0.09817477052285503,0.7853981641828396,1.0000000009999876,1.0000000009999965
1018,0.12500000000000025,0.09817477052285546,0.7853981641828421,1.0000000009999965,1.0000000009999965
1019,0.1250000000000002,0.09817477052285524,0.7853981641828407,1.000000000999992,1.0000000009999965
1020,0.12500000000000008,0.09817477049831178,0.7853981639864936,1.0000000004999965,1.0000000009999965
1021,0.1250000000000001,0.09817477049831133,0.78539816398649,1.0000000004999965,1.0000000009999876
1022,0.12500000000000003,0.09817477052285459,0.7853981641828365,1.0000000009999876,1.0000000009999876
1023,0.12500000000000008,0.09817477052285503,0.7853981641828397,1.0000000009999965,1.0000000009999876
1024,0.12500000000000006,0.09817477052285459,0.7853981641828364,1.0000000009999876,1.0000000009999876
1025,0.12500000000000008,0.09817477052285503,0.7853981641828397,1.0000000009999965,1.0000000009999876
1026,0.12500000000000008,0.09817477052285503,0.7853981641828397,1.0000000009999965,1.0000000009999876
1027,0.12500000000000003,0.09817477052285459,0.7853981641828365,1.0000000009999876,1.0000000009999876
1028,0.12500000000000008,0.09817477052285503,0.7853981641828397,1.0000000009999965,1.0000000009999876
1029,0.12500000000000014,0.09817477052285459,0.7853981641828358,1.0000000009999876,1.0000000009999876
1030,0.12500000000000006,0.09817477052285503,0.7853981641828399,1.0000000009999965,1.0000000009999876
1031,0.12500000000000022,0.09817477052285459,0.7853981641828353,1.0000000009999876,1.0000000009999876
1032,0.12500000000000014,0.09817477052285459,0.7853981641828358,1.0000000009999876,1.0000000009999876
1033,0.12499999999999989,0.09817477052285503,0.7853981641828409,1.0000000009999965,1.0000000009999876
1034,0.12500000000000017,0.09817477052285481,0.7853981641828375,1.000000000999992,1.0000000009999876
1035,0.125,0.09817477052285459,0.7853981641828367,1.0000000009999876,1.0000000009999876
1036,0.125,0.09817477052285503,0.7853981641828403,1.0000000009999965,1.0000000009999876
1037,0.12500000000000006,0.09817477052285459,0.7853981641828364,1.0000000009999876,1.0000000009999876
1038,0.12500000000000017,0.09817477052285503,0.7853981641828393,1.0000000009999965,1.0000000009999876
1039,0.1250000000000001,0.09817477052285481,0.7853981641828378,1.000000000999992,1.0000000009999876
1040,0.125,0.09817477049831133,0.7853981639864906,1.0000000004999965,1.0000000009999876
1041,0.12499999999999986,0.09817477049831178,0.7853981639864951,1.0000000004999965,1.0000000009999965
1042,0.12499999999999978,0.09817477052285503,0.7853981641828417,1.0000000009999876,1.0000000009999965
1043,0.12499999999999983,0.09817477052285546,0.7853981641828447,1.0000000009999965,1.0000000009999965
1044,0.1249999999999998,0.09817477052285503,0.7853981641828415,1.0000000009999876,1.0000000009999965
1045,0.12499999999999983,0.09817477052285546,0.7853981641828447,1.0000000009999965,1.0000000009999965
1046,0.12499999999999986,0.09817477052285546,0.7853981641828446,1.0000000009999965,1.0000000009999965
1047,0.1249999999999998,0.09817477052285503,0.7853981641828415,1.0000000009999876,1.0000000009999965
1048,0.12499999999999983,0.09817477052285546,0.7853981641828447,1.0000000009999965,1.0000000009999965
1049,0.12499999999999989,0.09817477052285503,0.7853981641828409,1.0000000009999876,1.0000000009999965
1050,0.1249999999999998,0.09817477052285546,0.7853981641828449,1.0000000009999965,1.0000000009999965
1051,0.12499999999999994,0.09817477052285503,0.7853981641828406,1.0000000009999876,1.0000000009999965
1052,0.12499999999999989,0.09817477052285503,0.7853981641828409,1.0000000009999876,1.0000000009999965
1053,0.12499999999999967,0.09817477052285546,0.7853981641828458,1.0000000009999965,1.0000000009999965
1054,0.12499999999999992,0.09817477052285524,0.7853981641828425,1.000000000999992,1.0000000009999965
1055,0.12499999999999975,0.09817477052285503,0.7853981641828418,1.0000000009999876,1.0000000009999965
1056,0.12499999999999975,0.09817477052285546,0.7853981641828452,1.0000000009999965,1.0000000009999965
1057,0.1249999999999998,0.09817477052285503,0.7853981641828415,1.0000000009999876,1.0000000009999965
1058,0.12499999999999994,0.09817477052285546,0.785398164182844,1.0000000009999965,1.0000000009999965
1059,0.12499999999999986,0.09817477052285524,0.7853981641828428,1.000000000999992,1.0000000009999965
1060,0.12499999999999975,0.09817477049831178,0.7853981639864958,1.0000000004999965,1.0000000009999965
1061,0.1250000000000002,0.09817477049831133,0.7853981639864894,1.0000000004999965,1.0000000009999876
1062,0.12500000000000006,0.09817477052285459,0.7853981641828364,1.0000000009999876,1.0000000009999876
1063,0.12500000000000017,0.09817477052285503,0.7853981641828393,1.0000000009999965,1.0000000009999876
1064,0.1250000000000001,0.09817477052285459,0.785398164182836,1.0000000009999876,1.0000000009999876
1065,0.12500000000000017,0.09817477052285503,0.7853981641828393,1.0000000009999965,1.0000000009999876
1066,0.12500000000000017,0.09817477052285503,0.7853981641828393,1.0000000009999965,1.0000000009999876
1067,0.1250000000000001,0.09817477052285459,0.785398164182836,1.0000000009999876,1.0000000009999876
1068,0.12500000000000014,0.09817477052285503,0.7853981641828394,1.0000000009999965,1.0000000009999876
1069,0.12500000000000022,0.09817477052285459,0.7853981641828353,1.0000000009999876,1.0000000009999876
1070,0.12500000000000014,0.09817477052285503,0.7853981641828394,1.0000000009999965,1.0000000009999876
1071,0.12500000000000025,0.09817477052285459,0.7853981641828351,1.0000000009999876,1.0000000009999876
1072,0.1250000000000002,0.09817477052285459,0.7853981641828355,1.0000000009999876,1.0000000009999876
1073,0.12499999999999996,0.09817477052285503,0.7853981641828405,1.0000000009999965,1.0000000009999876
1074,0.12500000000000025,0.09817477052285481,0.7853981641828369,1.000000000999992,1.0000000009999876
1075,0.12500000000000008,0.09817477052285459,0.7853981641828361,1.0000000009999876,1.0000000009999876
1076,0.12500000000000006,0.09817477052285503,0.7853981641828399,1.0000000009999965,1.0000000009999876
1077,0.1250000000000001,0.09817477052285459,0.785398164182836,1.0000000009999876,1.0000000009999876
1078,0.12500000000000025,0.09817477052285503,0.7853981641828387,1.0000000009999965,1.0000000009999876
1079,0.1250000000000002,0.09817477052285481,0.7853981641828373,1.000000000999992,1.0000000009999876
1080,0.12500000000000008,0.09817477049831133,0.7853981639864901,1.0000000004999965,1.0000000009999876
1081,0.12499999999999992,0.09817477049831178,0.7853981639864948,1.0000000004999965,1.0000000009999965
1082,0.12499999999999983,0.09817477052285503,0.7853981641828413,1.0000000009999876,1.0000000009999965
1083,0.12499999999999989,0.09817477052285546,0.7853981641828444,1.0000000009999965,1.0000000009999965
1084,0.12499999999999986,0.09817477052285503,0.7853981641828411,1.0000000009999876,1.0000000009999965
1085,0.12499999999999989,0.09817477052285546,0.7853981641828444,1.0000000009999965,1.0000000009999965
1086,0.12499999999999992,0.09817477052285546,0.7853981641828442,1.0000000009999965,1.0000000009999965
1087,0.12499999999999986,0.09817477052285503,0.7853981641828411,1.0000000009999876,1.0000000009999965
1088,0.12499999999999989,0.09817477052285546,0.7853981641828444,1.0000000009999965,1.0000000009999965
1089,0.12499999999999994,0.09817477052285503,0.7853981641828406,1.0000000009999876,1.0000000009999965
1090,0.12499999999999986,0.09817477052285546,0.7853981641828446,1.0000000009999965,1.0000000009999965
1091,0.12500000000000003,0.09817477052285503,0.78539816418284,1.0000000009999876,1.0000000009999965
1092,0.12499999999999994,0.09817477052285503,0.7853981641828406,1.0000000009999876,1.0000000009999965
1093,0.12499999999999972,0.09817477052285546,0.7853981641828455,1.0000000009999965,1.0000000009999965
1094,0.12499999999999997,0.09817477052285524,0.7853981641828421,1.000000000999992,1.0000000009999965
1095,0.1249999999999998,0.09817477052285503,0.7853981641828415,1.0000000009999876,1.0000000009999965
1096,0.1249999999999998,0.09817477052285546,0.7853981641828449,1.0000000009999965,1.0000000009999965
1097,0.12499999999999986,0.09817477052285503,0.7853981641828411,1.0000000009999876,1.0000000009999965
1098,0.12499999999999997,0.09817477052285546,0.7853981641828439,1.0000000009999965,1.0000000009999965
1099,0.12499999999999992,0.09817477052285524,0.7853981641828425,1.000000000999992,1.0000000009999965
1100,0.1249999999999998,0.09817477049831178,0.7853981639864954,1.0000000004999965,1.0000000009999965
1101,0.12500000000000003,0.09817477049831178,0.785398163986494,1.0000000004999965,1.0000000009999965
1102,0.12499999999999994,0.09817477052285503,0.7853981641828406,1.0000000009999876,1.0000000009999965
1103,0.125,0.09817477052285546,0.7853981641828437,1.0000000009999965,1.0000000009999965
1104,0.12499999999999999,0.09817477052285503,0.7853981641828404,1.0000000009999876,1.0000000009999965
1105,0.125,0.09817477052285546,0.7853981641828437,1.0000000009999965,1.0000000009999965
1106,0.12500000000000006,0.09817477052285546,0.7853981641828434,1.0000000009999965,1.0000000009999965
1107,0.125,0.09817477052285503,0.7853981641828403,1.0000000009999876,1.0000000009999965
1108,0.12500000000000003,0.09817477052285546,0.7853981641828435,1.0000000009999965,1.0000000009999965
1109,0.12500000000000006,0.09817477052285503,0.7853981641828399,1.0000000009999876,1.0000000009999965
1110,0.12499999999999997,0.09817477052285546,0.7853981641828439,1.0000000009999965,1.0000000009999965
1111,0.12500000000000014,0.09817477052285503,0.7853981641828394,1.0000000009999876,1.0000000009999965
1112,0.12500000000000008,0.09817477052285503,0.7853981641828397,1.0000000009999876,1.0000000009999965
1113,0.12499999999999983,0.09817477052285546,0.7853981641828447,1.0000000009999965,1.0000000009999965
1114,0.12500000000000008,0.09817477052285524,0.7853981641828414,1.000000000999992,1.0000000009999965
1115,0.12499999999999992,0.09817477052285503,0.7853981641828408,1.0000000009999876,1.0000000009999965
1116,0.12499999999999992,0.09817477052285546,0.7853981641828442,1.0000000009999965,1.0000000009999965
1117,0.12499999999999997,0.09817477052285503,0.7853981641828405,1.0000000009999876,1.0000000009999965
1118,0.12500000000000008,0.09817477052285546,0.7853981641828431,1.0000000009999965,1.0000000009999965
1119,0.12500000000000003,0.09817477052285524,0.7853981641828417,1.000000000999992,1.0000000009999965
1120,0.12499999999999992,0.09817477049831178,0.7853981639864948,1.0000000004999965,1.0000000009999965
1121,0.12499999999999992,0.09817477049831133,0.7853981639864912,1.0000000004999965,1.0000000009999876
1122,0.12499999999999983,0.09817477052285459,0.7853981641828377,1.0000000009999876,1.0000000009999876
1123,0.12499999999999989,0.09817477052285503,0.7853981641828409,1.0000000009999965,1.0000000009999876
1124,0.12499999999999988,0.09817477052285459,0.7853981641828375,1.0000000009999876,1.0000000009999876
1125,0.12499999999999989,0.09817477052285503,0.7853981641828409,1.0000000009999965,1.0000000009999876
1126,0.12499999999999992,0.09817477052285503,0.7853981641828408,1.0000000009999965,1.0000000009999876
1127,0.12499999999999986,0.09817477052285459,0.7853981641828376,1.0000000009999876,1.0000000009999876
1128,0.1249999999999999,0.09817477052285503,0.7853981641828408,1.0000000009999965,1.0000000009999876
1129,0.12499999999999994,0.09817477052285459,0.785398164182837,1.0000000009999876,1.0000000009999876
1130,0.12499999999999986,0.09817477052285503,0.7853981641828411,1.0000000009999965,1.0000000009999876
1131,0.12500000000000003,0.09817477052285459,0.7853981641828365,1.0000000009999876,1.0000000009999876
1132,0.12499999999999996,0.09817477052285459,0.7853981641828369,1.0000000009999876,1.0000000009999876
1133,0.12499999999999972,0.09817477052285503,0.785398164182842,1.0000000009999965,1.0000000009999876
1134,0.12499999999999997,0.09817477052285481,0.7853981641828387,1.000000000999992,1.0000000009999876
1135,0.1249999999999998,0.09817477052285459,0.7853981641828379,1.0000000009999876,1.0000000009999876
1136,0.1249999999999998,0.09817477052285503,0.7853981641828415,1.0000000009999965,1.0000000009999876
1137,0.12499999999999986,0.09817477052285459,0.7853981641828376,1.0000000009999876,1.0000000009999876
1138,0.12499999999999997,0.09817477052285503,0.7853981641828405,1.0000000009999965,1.0000000009999876
1139,0.12499999999999992,0.09817477052285481,0.785398164182839,1.000000000999992,1.0000000009999876
1140,0.1249999999999998,0.09817477049831133,0.7853981639864919,1.0000000004999965,1.0000000009999876
1141,0.12500000000000003,0.09817477049831155,0.7853981639864922,1.0000000004999965,1.000000000999992
1142,0.12499999999999994,0.09817477052285481,0.7853981641828388,1.0000000009999876,1.000000000999992
1143,0.125,0.09817477052285524,0.7853981641828419,1.0000000009999965,1.000000000999992
1144,0.12499999999999999,0.09817477052285481,0.7853981641828386,1.0000000009999876,1.000000000999992
1145,0.125,0.09817477052285524,0.7853981641828419,1.0000000009999965,1.000000000999992
1146,0.12500000000000006,0.09817477052285524,0.7853981641828416,1.0000000009999965,1.000000000999992
1147,0.125,0.09817477052285481,0.7853981641828385,1.0000000009999876,1.000000000999992
1148,0.12500000000000003,0.09817477052285524,0.7853981641828417,1.0000000009999965,1.000000000999992
1149,0.12500000000000006,0.09817477052285481,0.7853981641828381,1.0000000009999876,1.000000000999992
1150,0.12499999999999997,0.09817477052285524,0.7853981641828421,1.0000000009999965,1.000000000999992
1151,0.12500000000000014,0.09817477052285481,0.7853981641828376,1.0000000009999876,1.000000000999992
1152,0.12500000000000008,0.09817477052285481,0.7853981641828379,1.0000000009999876,1.000000000999992
1153,0.12499999999999983,0.09817477052285524,0.7853981641828429,1.0000000009999965,1.000000000999992
1154,0.12500000000000008,0.09817477052285503,0.7853981641828397,1.000000000999992,1.000000000999992
1155,0.12499999999999992,0.09817477052285481,0.785398164182839,1.0000000009999876,1.000000000999992
1156,0.12499999999999992,0.09817477052285524,0.7853981641828425,1.0000000009999965,1.000000000999992
1157,0.12499999999999997,0.09817477052285481,0.7853981641828387,1.0000000009999876,1.000000000999992
1158,0.12500000000000008,0.09817477052285524,0.7853981641828414,1.0000000009999965,1.000000000999992
1159,0.12500000000000003,0.09817477052285503,0.78539816418284,1.000000000999992,1.000000000999992
1160,0.12499999999999992,0.09817477049831155,0.785398163986493,1.0000000004999965,1.000000000999992
1161,0.12500000000000003,0.09817477049831133,0.7853981639864904,1.0000000004999965,1.0000000009999876
1162,0.12499999999999994,0.09817477052285459,0.785398164182837,1.0000000009999876,1.0000000009999876
1163,0.125,0.09817477052285503,0.7853981641828403,1.0000000009999965,1.0000000009999876
1164,0.12499999999999999,0.09817477052285459,0.7853981641828368,1.0000000009999876,1.0000000009999876
1165,0.125,0.09817477052285503,0.7853981641828403,1.0000000009999965,1.0000000009999876
1166,0.12500000000000006,0.09817477052285503,0.7853981641828399,1.0000000009999965,1.0000000009999876
1167,0.125,0.09817477052285459,0.7853981641828367,1.0000000009999876,1.0000000009999876
1168,0.12500000000000003,0.09817477052285503,0.78539816418284,1.0000000009999965,1.0000000009999876
1169,0.12500000000000006,0.09817477052285459,0.7853981641828364,1.0000000009999876,1.0000000009999876
1170,0.12499999999999997,0.09817477052285503,0.7853981641828405,1.0000000009999965,1.0000000009999876
1171,0.12500000000000014,0.09817477052285459,0.7853981641828358,1.0000000009999876,1.0000000009999876
1172,0.12500000000000008,0.09817477052285459,0.7853981641828361,1.0000000009999876,1.0000000009999876
1173,0.12499999999999983,0.09817477052285503,0.7853981641828413,1.0000000009999965,1.0000000009999876
1174,0.12500000000000008,0.09817477052285481,0.7853981641828379,1.000000000999992,1.0000000009999876
1175,0.12499999999999992,0.09817477052285459,0.7853981641828373,1.0000000009999876,1.0000000009999876
1176,0.12499999999999992,0.09817477052285503,0.7853981641828408,1.0000000009999965,1.0000000009999876
1177,0.12499999999999997,0.09817477052285459,0.7853981641828369,1.0000000009999876,1.0000000009999876
1178,0.12500000000000008,0.09817477052285503,0.7853981641828397,1.0000000009999965,1.0000000009999876
1179,0.12500000000000003,0.09817477052285481,0.7853981641828383,1.000000000999992,1.0000000009999876
1180,0.12499999999999992,0.09817477049831133,0.7853981639864912,1.0000000004999965,1.0000000009999876
1181,0.1249999999999998,0.09817477047376807,0.7853981637901458,1.0000000004999965,1.0000000004999965
1182,0.12499999999999972,0.09817477049831133,0.7853981639864924,1.0000000009999876,1.0000000004999965
1183,0.12499999999999978,0.09817477049831178,0.7853981639864956,1.0000000009999965,1.0000000004999965
1184,0.12499999999999976,0.09817477049831133,0.7853981639864921,1.0000000009999876,1.0000000004999965
1185,0.12499999999999978,0.09817477049831178,0.7853981639864956,1.0000000009999965,1.0000000004999965
1186,0.1249999999999998,0.09817477049831178,0.7853981639864954,1.0000000009999965,1.0000000004999965
1187,0.12499999999999975,0.09817477049831133,0.7853981639864922,1.0000000009999876,1.0000000004999965
1188,0.12499999999999979,0.09817477049831178,0.7853981639864955,1.0000000009999965,1.0000000004999965
1189,0.12499999999999983,0.09817477049831133,0.7853981639864916,1.0000000009999876,1.0000000004999965
1190,0.12499999999999975,0.09817477049831178,0.7853981639864958,1.0000000009999965,1.0000000004999965
1191,0.1249999999999999,0.09817477049831133,0.7853981639864912,1.0000000009999876,1.0000000004999965
1192,0.12499999999999985,0.09817477049831133,0.7853981639864916,1.0000000009999876,1.0000000004999965
1193,0.12499999999999961,0.09817477049831178,0.7853981639864966,1.0000000009999965,1.0000000004999965
1194,0.12499999999999986,0.09817477049831155,0.7853981639864933,1.000000000999992,1.0000000004999965
1195,0.1249999999999997,0.09817477049831133,0.7853981639864925,1.0000000009999876,1.0000000004999965
1196,0.1249999999999997,0.09817477049831178,0.7853981639864961,1.0000000009999965,1.0000000004999965
1197,0.12499999999999975,0.09817477049831133,0.7853981639864922,1.0000000009999876,1.0000000004999965
1198,0.12499999999999986,0.09817477049831178,0.7853981639864951,1.0000000009999965,1.0000000004999965
1199,0.1249999999999998,0.09817477049831155,0.7853981639864936,1.000000000999992,1.0000000004999965
1200,0.1249999999999997,0.09817477047376807,0.7853981637901465,1.0000000004999965,1.0000000004999965
1201,0.12500000000000003,0.09817477047376807,0.7853981637901444,1.0000000004999965,1.0000000004999965
1202,0.12499999999999994,0.09817477049831133,0.785398163986491,1.0000000009999876,1.0000000004999965
1203,0.125,0.09817477049831178,0.7853981639864942,1.0000000009999965,1.0000000004999965
1204,0.12499999999999999,0.09817477049831133,0.7853981639864908,1.0000000009999876,1.0000000004999965
1205,0.125,0.09817477049831178,0.7853981639864942,1.0000000009999965,1.0000000004999965
1206,0.12500000000000006,0.09817477049831178,0.7853981639864939,1.0000000009999965,1.0000000004999965
1207,0.125,0.09817477049831133,0.7853981639864906,1.0000000009999876,1.0000000004999965
1208,0.12500000000000003,0.09817477049831178,0.785398163986494,1.0000000009999965,1.0000000004999965
1209,0.12500000000000006,0.09817477049831133,0.7853981639864903,1.0000000009999876,1.0000000004999965
1210,0.12499999999999997,0.09817477049831178,0.7853981639864944,1.0000000009999965,1.0000000004999965
1211,0.12500000000000014,0.09817477049831133,0.7853981639864898,1.0000000009999876,1.0000000004999965
1212,0.12500000000000008,0.09817477049831133,0.7853981639864901,1.0000000009999876,1.0000000004999965
1213,0.12499999999999983,0.09817477049831178,0.7853981639864952,1.0000000009999965,1.0000000004999965
1214,0.12500000000000008,0.09817477049831155,0.7853981639864919,1.000000000999992,1.0000000004999965
1215,0.12499999999999992,0.09817477049831133,0.7853981639864912,1.0000000009999876,1.0000000004999965
1216,0.12499999999999992,0.09817477049831178,0.7853981639864948,1.0000000009999965,1.0000000004999965
1217,0.12499999999999997,0.09817477049831133,0.7853981639864909,1.0000000009999876,1.0000000004999965
1218,0.12500000000000008,0.09817477049831178,0.7853981639864936,1.0000000009999965,1.0000000004999965
1219,0.12500000000000003,0.09817477049831155,0.7853981639864922,1.000000000999992,1.0000000004999965
1220,0.12499999999999992,0.09817477047376807,0.7853981637901452,1.0000000004999965,1.0000000004999965
1221,0.12499999999999992,0.09817477049831133,0.7853981639864912,1.0000000004999965,1.0000000009999876
1222,0.12499999999999992,0.09817477052285459,0.7853981641828373,1.0000000009999876,1.0000000009999876
1223,0.12499999999999992,0.09817477052285503,0.7853981641828408,1.0000000009999965,1.0000000009999876
1224,0.12499999999999992,0.09817477052285459,0.7853981641828373,1.0000000009999876,1.0000000009999876
1225,0.12499999999999992,0.09817477052285503,0.7853981641828408,1.0000000009999965,1.0000000009999876
1226,0.12499999999999994,0.09817477052285503,0.7853981641828406,1.0000000009999965,1.0000000009999876
1227,0.12499999999999992,0.09817477052285459,0.7853981641828373,1.0000000009999876,1.0000000009999876
1228,0.12499999999999992,0.09817477052285503,0.7853981641828408,1.0000000009999965,1.0000000009999876
1229,0.12499999999999994,0.09817477052285459,0.785398164182837,1.0000000009999876,1.0000000009999876
1230,0.12499999999999986,0.09817477052285503,0.7853981641828411,1.0000000009999965,1.0000000009999876
1231,0.12500000000000003,0.09817477052285459,0.7853981641828365,1.0000000009999876,1.0000000009999876
1232,0.12499999999999994,0.09817477052285459,0.785398164182837,1.0000000009999876,1.0000000009999876
1233,0.12499999999999972,0.09817477052285503,0.785398164182842,1.0000000009999965,1.0000000009999876
1234,0.12499999999999997,0.09817477052285481,0.7853981641828387,1.000000000999992,1.0000000009999876
1235,0.1249999999999998,0.09817477052285459,0.7853981641828379,1.0000000009999876,1.0000000009999876
1236,0.1249999999999998,0.09817477052285503,0.7853981641828415,1.0000000009999965,1.0000000009999876
1237,0.12499999999999986,0.09817477052285459,0.7853981641828376,1.0000000009999876,1.0000000009999876
1238,0.12499999999999997,0.09817477052285503,0.7853981641828405,1.0000000009999965,1.0000000009999876
1239,0.12499999999999992,0.09817477052285481,0.785398164182839,1.000000000999992,1.0000000009999876
1240,0.1249999999999998,0.09817477049831133,0.7853981639864919,1.0000000004999965,1.0000000009999876
1241,0.125,0.09817477049831178,0.7853981639864942,1.0000000004999965,1.0000000009999965
1242,0.12499999999999992,0.09817477052285503,0.7853981641828408,1.0000000009999876,1.0000000009999965
1243,0.125,0.09817477052285546,0.7853981641828437,1.0000000009999965,1.0000000009999965
1244,0.12499999999999992,0.09817477052285503,0.7853981641828408,1.0000000009999876,1.0000000009999965
1245,0.12499999999999997,0.09817477052285546,0.7853981641828439,1.0000000009999965,1.0000000009999965
1246,0.12500000000000003,0.09817477052285546,0.7853981641828435,1.0000000009999965,1.0000000009999965
1247,0.125,0.09817477052285503,0.7853981641828403,1.0000000009999876,1.0000000009999965
1248,0.12499999999999994,0.09817477052285546,0.785398164182844,1.0000000009999965,1.0000000009999965
1249,0.12500000000000003,0.09817477052285503,0.78539816418284,1.0000000009999876,1.0000000009999965
1250,0.12499999999999994,0.09817477052285546,0.785398164182844,1.0000000009999965,1.0000000009999965
1251,0.12500000000000006,0.09817477052285503,0.7853981641828399,1.0000000009999876,1.0000000009999965
1252,0.125,0.09817477052285503,0.7853981641828403,1.0000000009999876,1.0000000009999965
1253,0.12499999999999978,0.09817477052285546,0.7853981641828451,1.0000000009999965,1.0000000009999965
1254,0.12500000000000006,0.09817477052285524,0.7853981641828416,1.000000000999992,1.0000000009999965
1255,0.12499999999999989,0.09817477052285503,0.7853981641828409,1.0000000009999876,1.0000000009999965
1256,0.12499999999999989,0.09817477052285546,0.7853981641828444,1.0000000009999965,1.0000000009999965
1257,0.12499999999999992,0.09817477052285503,0.7853981641828408,1.0000000009999876,1.0000000009999965
1258,0.12500000000000006,0.09817477052285546,0.7853981641828434,1.0000000009999965,1.0000000009999965
1259,0.125,0.09817477052285524,0.7853981641828419,1.000000000999992,1.0000000009999965
1260,0.12499999999999989,0.09817477049831178,0.7853981639864949,1.0000000004999965,1.0000000009999965
1261,0.12499999999999999,0.09817477049831133,0.7853981639864908,1.0000000004999965,1.0000000009999876
1262,0.12499999999999994,0.09817477052285459,0.785398164182837,1.0000000009999876,1.0000000009999876
1263,0.12499999999999996,0.09817477052285503,0.7853981641828405,1.0000000009999965,1.0000000009999876
1264,0.12499999999999994,0.09817477052285459,0.785398164182837,1.0000000009999876,1.0000000009999876
1265,0.12499999999999996,0.09817477052285503,0.7853981641828405,1.0000000009999965,1.0000000009999876
1266,0.12499999999999997,0.09817477052285503,0.7853981641828405,1.0000000009999965,1.0000000009999876
1267,0.12499999999999992,0.09817477052285459,0.7853981641828373,1.0000000009999876,1.0000000009999876
1268,0.12499999999999994,0.09817477052285503,0.7853981641828406,1.0000000009999965,1.0000000009999876
1269,0.12500000000000003,0.09817477052285459,0.7853981641828365,1.0000000009999876,1.0000000009999876
1270,0.12499999999999993,0.09817477052285503,0.7853981641828407,1.0000000009999965,1.0000000009999876
1271,0.12500000000000006,0.09817477052285459,0.7853981641828364,1.0000000009999876,1.0000000009999876
1272,0.125,0.09817477052285459,0.7853981641828367,1.0000000009999876,1.0000000009999876
1273,0.12499999999999979,0.09817477052285503,0.7853981641828416,1.0000000009999965,1.0000000009999876
1274,0.12500000000000006,0.09817477052285481,0.7853981641828381,1.000000000999992,1.0000000009999876
1275,0.12499999999999988,0.09817477052285459,0.7853981641828375,1.0000000009999876,1.0000000009999876
1276,0.12499999999999988,0.09817477052285503,0.785398164182841,1.0000000009999965,1.0000000009999876
1277,0.12499999999999993,0.09817477052285459,0.7853981641828371,1.0000000009999876,1.0000000009999876
1278,0.12500000000000006,0.09817477052285503,0.7853981641828399,1.0000000009999965,1.0000000009999876
1279,0.12499999999999999,0.09817477052285481,0.7853981641828386,1.000000000999992,1.0000000009999876
1280,0.12499999999999988,0.09817477049831133,0.7853981639864914,1.0000000004999965,1.0000000009999876
1281,0.12499999999999999,0.09817477049831178,0.7853981639864943,1.0000000004999965,1.0000000009999965
1282,0.12499999999999994,0.09817477052285503,0.7853981641828406,1.0000000009999876,1.0000000009999965
1283,0.12499999999999996,0.09817477052285546,0.7853981641828439,1.0000000009999965,1.0000000009999965
1284,0.12499999999999999,0.09817477052285503,0.7853981641828404,1.0000000009999876,1.0000000009999965
1285,0.12499999999999999,0.09817477052285546,0.7853981641828438,1.0000000009999965,1.0000000009999965
1286,0.12499999999999997,0.09817477052285546,0.7853981641828439,1.0000000009999965,1.0000000009999965
1287,0.12499999999999992,0.09817477052285503,0.7853981641828408,1.0000000009999876,1.0000000009999965
1288,0.12499999999999997,0.09817477052285546,0.7853981641828439,1.0000000009999965,1.0000000009999965
1289,0.12500000000000003,0.09817477052285503,0.78539816418284,1.0000000009999876,1.0000000009999965
1290,0.12499999999999993,0.09817477052285546,0.7853981641828441,1.0000000009999965,1.0000000009999965
1291,0.12500000000000006,0.09817477052285503,0.7853981641828399,1.0000000009999876,1.0000000009999965
1292,0.125,0.09817477052285503,0.7853981641828403,1.0000000009999876,1.0000000009999965
1293,0.12499999999999979,0.09817477052285546,0.785398164182845,1.0000000009999965,1.0000000009999965
1294,0.12500000000000006,0.09817477052285524,0.7853981641828416,1.000000000999992,1.0000000009999965
1295,0.12499999999999988,0.09817477052285503,0.785398164182841,1.0000000009999876,1.0000000009999965
1296,0.12499999999999988,0.09817477052285546,0.7853981641828445,1.0000000009999965,1.0000000009999965
1297,0.12499999999999993,0.09817477052285503,0.7853981641828407,1.0000000009999876,1.0000000009999965
1298,0.12500000000000006,0.09817477052285546,0.7853981641828434,1.0000000009999965,1.0000000009999965
1299,0.12499999999999999,0.09817477052285524,0.785398164182842,1.000000000999992,1.0000000009999965
1300,0.12499999999999988,0.09817477049831178,0.785398163986495,1.0000000004999965,1.0000000009999965
1301,0.125,0.09817477049831178,0.7853981639864942,1.0000000004999965,1.0000000009999965
1302,0.125,0.09817477052285503,0.7853981641828403,1.0000000009999876,1.0000000009999965
1303,0.125,0.09817477052285546,0.7853981641828437,1.0000000009999965,1.0000000009999965
1304,0.125,0.09817477052285503,0.7853981641828403,1.0000000009999876,1.0000000009999965
1305,0.125,0.09817477052285546,0.7853981641828437,1.0000000009999965,1.0000000009999965
1306,0.12500000000000003,0.09817477052285546,0.7853981641828435,1.0000000009999965,1.0000000009999965
1307,0.125,0.09817477052285503,0.7853981641828403,1.0000000009999876,1.0000000009999965
1308,0.12499999999999997,0.09817477052285546,0.7853981641828439,1.0000000009999965,1.0000000009999965
1309,0.12500000000000003,0.09817477052285503,0.78539816418284,1.0000000009999876,1.0000000009999965
1310,0.12499999999999994,0.09817477052285546,0.785398164182844,1.0000000009999965,1.0000000009999965
1311,0.12500000000000006,0.09817477052285503,0.7853981641828399,1.0000000009999876,1.0000000009999965
1312,0.125,0.09817477052285503,0.7853981641828403,1.0000000009999876,1.0000000009999965
1313,0.12499999999999978,0.09817477052285546,0.7853981641828451,1.0000000009999965,1.0000000009999965
1314,0.12500000000000006,0.09817477052285524,0.7853981641828416,1.000000000999992,1.0000000009999965
1315,0.12499999999999989,0.09817477052285503,0.7853981641828409,1.0000000009999876,1.0000000009999965
1316,0.12499999999999989,0.09817477052285546,0.7853981641828444,1.0000000009999965,1.0000000009999965
1317,0.12499999999999992,0.09817477052285503,0.7853981641828408,1.0000000009999876,1.0000000009999965
1318,0.12500000000000006,0.09817477052285546,0.7853981641828434,1.0000000009999965,1.0000000009999965
1319,0.125,0.09817477052285524,0.7853981641828419,1.000000000999992,1.0000000009999965
1320,0.12499999999999989,0.09817477049831178,0.7853981639864949,1.0000000004999965,1.0000000009999965
1321,0.125,0.09817477049831133,0.7853981639864906,1.0000000004999965,1.0000000009999876
1322,0.12499999999999992,0.09817477052285459,0.7853981641828373,1.0000000009999876,1.0000000009999876
1323,0.125,0.09817477052285503,0.7853981641828403,1.0000000009999965,1.0000000009999876
1324,0.12499999999999992,0.09817477052285459,0.7853981641828373,1.0000000009999876,1.0000000009999876
1325,0.12499999999999997,0.09817477052285503,0.7853981641828405,1.0000000009999965,1.0000000009999876
1326,0.12500000000000003,0.09817477052285503,0.78539816418284,1.0000000009999965,1.0000000009999876
1327,0.125,0.09817477052285459,0.7853981641828367,1.0000000009999876,1.0000000009999876
1328,0.12499999999999994,0.09817477052285503,0.7853981641828406,1.0000000009999965,1.0000000009999876
1329,0.12500000000000003,0.09817477052285459,0.7853981641828365,1.0000000009999876,1.0000000009999876
1330,0.12499999999999994,0.09817477052285503,0.7853981641828406,1.0000000009999965,1.0000000009999876
1331,0.12500000000000006,0.09817477052285459,0.7853981641828364,1.0000000009999876,1.0000000009999876
1332,0.125,0.09817477052285459,0.7853981641828367,1.0000000009999876,1.0000000009999876
1333,0.12499999999999978,0.09817477052285503,0.7853981641828417,1.0000000009999965,1.0000000009999876
1334,0.12500000000000006,0.09817477052285481,0.7853981641828381,1.000000000999992,1.0000000009999876
1335,0.12499999999999989,0.09817477052285459,0.7853981641828374,1.0000000009999876,1.0000000009999876
1336,0.12499999999999989,0.09817477052285503,0.7853981641828409,1.0000000009999965,1.0000000009999876
1337,0.12499999999999992,0.09817477052285459,0.7853981641828373,1.0000000009999876,1.0000000009999876
1338,0.12500000000000006,0.09817477052285503,0.7853981641828399,1.0000000009999965,1.0000000009999876
1339,0.125,0.09817477052285481,0.7853981641828385,1.000000000999992,1.0000000009999876
1340,0.12499999999999989,0.09817477049831133,0.7853981639864913,1.0000000004999965,1.0000000009999876
1341,0.12499999999999999,0.09817477049831178,0.7853981639864943,1.0000000004999965,1.0000000009999965
1342,0.12499999999999994,0.09817477052285503,0.7853981641828406,1.0000000009999876,1.0000000009999965
1343,0.12499999999999996,0.09817477052285546,0.7853981641828439,1.0000000009999965,1.0000000009999965
1344,0.12499999999999999,0.09817477052285503,0.7853981641828404,1.0000000009999876,1.0000000009999965
1345,0.12499999999999999,0.09817477052285546,0.7853981641828438,1.0000000009999965,1.0000000009999965
1346,0.12499999999999997,0.09817477052285546,0.7853981641828439,1.0000000009999965,1.0000000009999965
1347,0.12499999999999992,0.09817477052285503,0.7853981641828408,1.0000000009999876,1.0000000009999965
1348,0.12499999999999997,0.09817477052285546,0.7853981641828439,1.0000000009999965,1.0000000009999965
1349,0.12500000000000003,0.09817477052285503,0.78539816418284,1.0000000009999876,1.0000000009999965
1350,0.12499999999999993,0.09817477052285546,0.7853981641828441,1.0000000009999965,1.0000000009999965
1351,0.12500000000000006,0.09817477052285503,0.7853981641828399,1.0000000009999876,1.0000000009999965
1352,0.125,0.09817477052285503,0.7853981641828403,1.0000000009999876,1.0000000009999965
1353,0.12499999999999979,0.09817477052285546,0.785398164182845,1.0000000009999965,1.0000000009999965
1354,0.12500000000000006,0.09817477052285524,0.7853981641828416,1.000000000999992,1.0000000009999965
1355,0.12499999999999988,0.09817477052285503,0.785398164182841,1.0000000009999876,1.0000000009999965
1356,0.12499999999999988,0.09817477052285546,0.7853981641828445,1.0000000009999965,1.0000000009999965
1357,0.12499999999999993,0.09817477052285503,0.7853981641828407,1.0000000009999876,1.0000000009999965
1358,0.12500000000000006,0.09817477052285546,0.7853981641828434,1.0000000009999965,1.0000000009999965
1359,0.12499999999999999,0.09817477052285524,0.785398164182842,1.000000000999992,1.0000000009999965
1360,0.12499999999999988,0.09817477049831178,0.785398163986495,1.0000000004999965,1.0000000009999965
1361,0.12500000000000003,0.09817477049831133,0.7853981639864904,1.0000000004999965,1.0000000009999876
1362,0.12499999999999994,0.09817477052285459,0.785398164182837,1.0000000009999876,1.0000000009999876
1363,0.125,0.09817477052285503,0.7853981641828403,1.0000000009999965,1.0000000009999876
1364,0.12499999999999999,0.09817477052285459,0.7853981641828368,1.0000000009999876,1.0000000009999876
1365,0.125,0.09817477052285503,0.7853981641828403,1.0000000009999965,1.0000000009999876
1366,0.12500000000000006,0.09817477052285503,0.7853981641828399,1.0000000009999965,1.0000000009999876
1367,0.125,0.09817477052285459,0.7853981641828367,1.0000000009999876,1.0000000009999876
1368,0.12500000000000003,0.09817477052285503,0.78539816418284,1.0000000009999965,1.0000000009999876
1369,0.12500000000000006,0.09817477052285459,0.7853981641828364,1.0000000009999876,1.0000000009999876
1370,0.12499999999999997,0.09817477052285503,0.7853981641828405,1.0000000009999965,1.0000000009999876
1371,0.12500000000000014,0.09817477052285459,0.7853981641828358,1.0000000009999876,1.0000000009999876
1372,0.12500000000000008,0.09817477052285459,0.7853981641828361,1.0000000009999876,1.0000000009999876
1373,0.12499999999999983,0.09817477052285503,0.7853981641828413,1.0000000009999965,1.0000000009999876
1374,0.12500000000000008,0.09817477052285481,0.7853981641828379,1.000000000999992,1.0000000009999876
1375,0.12499999999999992,0.09817477052285459,0.7853981641828373,1.0000000009999876,1.0000000009999876
1376,0.12499999999999992,0.09817477052285503,0.7853981641828408,1.0000000009999965,1.0000000009999876
1377,0.12499999999999997,0.09817477052285459,0.7853981641828369,1.0000000009999876,1.0000000009999876
1378,0.12500000000000008,0.09817477052285503,0.7853981641828397,1.0000000009999965,1.0000000009999876
1379,0.12500000000000003,0.09817477052285481,0.7853981641828383,1.000000000999992,1.0000000009999876
1380,0.12499999999999992,0.09817477049831133,0.7853981639864912,1.0000000004999965,1.0000000009999876
1381,0.12499999999999999,0.09817477049831178,0.7853981639864943,1.0000000004999965,1.0000000009999965
1382,0.12499999999999989,0.09817477052285503,0.7853981641828409,1.0000000009999876,1.0000000009999965
1383,0.12499999999999996,0.09817477052285546,0.7853981641828439,1.0000000009999965,1.0000000009999965
1384,0.12499999999999992,0.09817477052285503,0.7853981641828408,1.0000000009999876,1.0000000009999965
1385,0.12499999999999996,0.09817477052285546,0.7853981641828439,1.0000000009999965,1.0000000009999965
1386,0.12499999999999997,0.09817477052285546,0.7853981641828439,1.0000000009999965,1.0000000009999965
1387,0.12499999999999992,0.09817477052285503,0.7853981641828408,1.0000000009999876,1.0000000009999965
1388,0.12499999999999994,0.09817477052285546,0.785398164182844,1.0000000009999965,1.0000000009999965
1389,0.12500000000000003,0.09817477052285503,0.78539816418284,1.0000000009999876,1.0000000009999965
1390,0.12499999999999993,0.09817477052285546,0.7853981641828441,1.0000000009999965,1.0000000009999965
1391,0.12500000000000006,0.09817477052285503,0.7853981641828399,1.0000000009999876,1.0000000009999965
1392,0.125,0.09817477052285503,0.7853981641828403,1.0000000009999876,1.0000000009999965
1393,0.12499999999999979,0.09817477052285546,0.785398164182845,1.0000000009999965,1.0000000009999965
1394,0.12500000000000006,0.09817477052285524,0.7853981641828416,1.000000000999992,1.0000000009999965
1395,0.12499999999999988,0.09817477052285503,0.785398164182841,1.0000000009999876,1.0000000009999965
1396,0.12499999999999988,0.09817477052285546,0.7853981641828445,1.0000000009999965,1.0000000009999965
1397,0.12499999999999993,0.09817477052285503,0.7853981641828407,1.0000000009999876,1.0000000009999965
1398,0.12500000000000006,0.09817477052285546,0.7853981641828434,1.0000000009999965,1.0000000009999965
1399,0.12499999999999999,0.09817477052285524,0.785398164182842,1.000000000999992,1.0000000009999965
1400,0.12499999999999988,0.09817477049831178,0.785398163986495,1.0000000004999965,1.0000000009999965
1401,0.1250000000000002,0.09817477049831178,0.785398163986493,1.0000000004999965,1.0000000009999965
1402,0.12500000000000006,0.09817477052285503,0.7853981641828399,1.0000000009999876,1.0000000009999965
1403,0.12500000000000017,0.09817477052285546,0.7853981641828427,1.0000000009999965,1.0000000009999965
1404,0.1250000000000001,0.09817477052285503,0.7853981641828396,1.0000000009999876,1.0000000009999965
1405,0.12500000000000017,0.09817477052285546,0.7853981641828427,1.0000000009999965,1.0000000009999965
1406,0.12500000000000017,0.09817477052285546,0.7853981641828427,1.0000000009999965,1.0000000009999965
1407,0.1250000000000001,0.09817477052285503,0.7853981641828396,1.0000000009999876,1.0000000009999965
1408,0.12500000000000014,0.09817477052285546,0.7853981641828428,1.0000000009999965,1.0000000009999965
1409,0.12500000000000022,0.09817477052285503,0.7853981641828388,1.0000000009999876,1.0000000009999965
1410,0.12500000000000014,0.09817477052285546,0.7853981641828428,1.0000000009999965,1.0000000009999965
1411,0.12500000000000025,0.09817477052285503,0.7853981641828387,1.0000000009999876,1.0000000009999965
1412,0.1250000000000002,0.09817477052285503,0.785398164182839,1.0000000009999876,1.0000000009999965
1413,0.12499999999999996,0.09817477052285546,0.7853981641828439,1.0000000009999965,1.0000000009999965
1414,0.12500000000000025,0.09817477052285524,0.7853981641828404,1.000000000999992,1.0000000009999965
1415,0.12500000000000008,0.09817477052285503,0.7853981641828397,1.0000000009999876,1.0000000009999965
1416,0.12500000000000006,0.09817477052285546,0.7853981641828434,1.0000000009999965,1.0000000009999965
1417,0.1250000000000001,0.09817477052285503,0.7853981641828396,1.0000000009999876,1.0000000009999965
1418,0.12500000000000025,0.09817477052285546,0.7853981641828421,1.0000000009999965,1.0000000009999965
1419,0.1250000000000002,0.09817477052285524,0.7853981641828407,1.000000000999992,1.0000000009999965
1420,0.12500000000000008,0.09817477049831178,0.7853981639864936,1.0000000004999965,1.0000000009999965
1421,0.1250000000000001,0.09817477049831133,0.78539816398649,1.0000000004999965,1.0000000009999876
1422,0.12500000000000003,0.09817477052285459,0.7853981641828365,1.0000000009999876,1.0000000009999876
1423,0.12500000000000008,0.09817477052285503,0.7853981641828397,1.0000000009999965,1.0000000009999876
1424,0.12500000000000006,0.09817477052285459,0.7853981641828364,1.0000000009999876,1.0000000009999876
1425,0.12500000000000008,0.09817477052285503,0.7853981641828397,1.0000000009999965,1.0000000009999876
1426,0.12500000000000008,0.09817477052285503,0.7853981641828397,1.0000000009999965,1.0000000009999876
1427,0.12500000000000003,0.09817477052285459,0.7853981641828365,1.0000000009999876,1.0000000009999876
1428,0.12500000000000008,0.09817477052285503,0.7853981641828397,1.0000000009999965,1.0000000009999876
1429,0.12500000000000014,0.09817477052285459,0.7853981641828358,1.0000000009999876,1.0000000009999876
1430,0.12500000000000006,0.09817477052285503,0.7853981641828399,1.0000000009999965,1.0000000009999876
1431,0.12500000000000022,0.09817477052285459,0.7853981641828353,1.0000000009999876,1.0000000009999876
1432,0.12500000000000014,0.09817477052285459,0.7853981641828358,1.0000000009999876,1.0000000009999876
1433,0.12499999999999989,0.09817477052285503,0.7853981641828409,1.0000000009999965,1.0000000009999876
1434,0.12500000000000017,0.09817477052285481,0.7853981641828375,1.000000000999992,1.0000000009999876
1435,0.125,0.09817477052285459,0.7853981641828367,1.0000000009999876,1.0000000009999876
1436,0.125,0.09817477052285503,0.7853981641828403,1.0000000009999965,1.0000000009999876
1437,0.12500000000000006,0.09817477052285459,0.7853981641828364,1.0000000009999876,1.0000000009999876
1438,0.12500000000000017,0.09817477052285503,0.7853981641828393,1.0000000009999965,1.0000000009999876
1439,0.1250000000000001,0.09817477052285481,0.7853981641828378,1.000000000999992,1.0000000009999876
1440,0.125,0.09817477049831133,0.7853981639864906,1.0000000004999965,1.0000000009999876
1441,0.12499999999999986,0.09817477049831178,0.7853981639864951,1.0000000004999965,1.0000000009999965
1442,0.12499999999999978,0.09817477052285503,0.7853981641828417,1.0000000009999876,1.0000000009999965
1443,0.12499999999999983,0.09817477052285546,0.7853981641828447,1.0000000009999965,1.0000000009999965
1444,0.1249999999999998,0.09817477052285503,0.7853981641828415,1.0000000009999876,1.0000000009999965
1445,0.12499999999999983,0.09817477052285546,0.7853981641828447,1.0000000009999965,1.0000000009999965
1446,0.12499999999999986,0.09817477052285546,0.7853981641828446,1.0000000009999965,1.0000000009999965
1447,0.1249999999999998,0.09817477052285503,0.7853981641828415,1.0000000009999876,1.0000000009999965
1448,0.12499999999999983,0.09817477052285546,0.7853981641828447,1.0000000009999965,1.0000000009999965
1449,0.12499999999999989,0.09817477052285503,0.7853981641828409,1.0000000009999876,1.0000000009999965
1450,0.1249999999999998,0.09817477052285546,0.7853981641828449,1.0000000009999965,1.0000000009999965
1451,0.12499999999999994,0.09817477052285503,0.7853981641828406,1.0000000009999876,1.0000000009999965
1452,0.12499999999999989,0.09817477052285503,0.7853981641828409,1.0000000009999876,1.0000000009999965
1453,0.12499999999999967,0.09817477052285546,0.7853981641828458,1.0000000009999965,1.0000000009999965
1454,0.12499999999999992,0.09817477052285524,0.7853981641828425,1.000000000999992,1.0000000009999965
1455,0.12499999999999975,0.09817477052285503,0.7853981641828418,1.0000000009999876,1.0000000009999965
1456,0.12499999999999975,0.09817477052285546,0.7853981641828452,1.0000000009999965,1.0000000009999965
1457,0.1249999999999998,0.09817477052285503,0.7853981641828415,1.0000000009999876,1.0000000009999965
1458,0.12499999999999994,0.09817477052285546,0.785398164182844,1.0000000009999965,1.0000000009999965
1459,0.12499999999999986,0.09817477052285524,0.7853981641828428,1.000000000999992,1.0000000009999965
1460,0.12499999999999975,0.09817477049831178,0.7853981639864958,1.0000000004999965,1.0000000009999965
1461,0.1250000000000002,0.09817477049831133,0.7853981639864894,1.0000000004999965,1.0000000009999876
1462,0.12500000000000006,0.09817477052285459,0.7853981641828364,1.0000000009999876,1.0000000009999876
1463,0.12500000000000017,0.09817477052285503,0.7853981641828393,1.0000000009999965,1.0000000009999876
1464,0.1250000000000001,0.09817477052285459,0.785398164182836,1.0000000009999876,1.0000000009999876
1465,0.12500000000000017,0.09817477052285503,0.7853981641828393,1.0000000009999965,1.0000000009999876
1466,0.12500000000000017,0.09817477052285503,0.7853981641828393,1.0000000009999965,1.0000000009999876
1467,0.1250000000000001,0.09817477052285459,0.785398164182836,1.0000000009999876,1.0000000009999876
1468,0.12500000000000014,0.09817477052285503,0.7853981641828394,1.0000000009999965,1.0000000009999876
1469,0.12500000000000022,0.09817477052285459,0.7853981641828353,1.0000000009999876,1.0000000009999876
1470,0.12500000000000014,0.09817477052285503,0.7853981641828394,1.0000000009999965,1.0000000009999876
1471,0.12500000000000025,0.09817477052285459,0.7853981641828351,1.0000000009999876,1.0000000009999876
1472,0.1250000000000002,0.09817477052285459,0.7853981641828355,1.0000000009999876,1.0000000009999876
1473,0.12499999999999996,0.09817477052285503,0.7853981641828405,1.0000000009999965,1.0000000009999876
1474,0.12500000000000025,0.09817477052285481,0.7853981641828369,1.000000000999992,1.0000000009999876
1475,0.12500000000000008,0.09817477052285459,0.7853981641828361,1.0000000009999876,1.0000000009999876
1476,0.12500000000000006,0.09817477052285503,0.7853981641828399,1.0000000009999965,1.0000000009999876
1477,0.1250000000000001,0.09817477052285459,0.785398164182836,1.0000000009999876,1.0000000009999876
1478,0.12500000000000025,0.09817477052285503,0.7853981641828387,1.0000000009999965,1.0000000009999876
1479,0.1250000000000002,0.09817477052285481,0.7853981641828373,1.000000000999992,1.0000000009999876
1480,0.12500000000000008,0.09817477049831133,0.7853981639864901,1.0000000004999965,1.0000000009999876
1481,0.12499999999999992,0.09817477049831178,0.7853981639864948,1.0000000004999965,1.0000000009999965
1482,0.12499999999999983,0.09817477052285503,0.7853981641828413,1.0000000009999876,1.0000000009999965
1483,0.12499999999999989,0.09817477052285546,0.7853981641828444,1.0000000009999965,1.0000000009999965
1484,0.12499999999999986,0.09817477052285503,0.7853981641828411,1.0000000009999876,1.0000000009999965
1485,0.12499999999999989,0.09817477052285546,0.7853981641828444,1.0000000009999965,1.0000000009999965
1486,0.12499999999999992,0.09817477052285546,0.7853981641828442,1.0000000009999965,1.0000000009999965
1487,0.12499999999999986,0.09817477052285503,0.7853981641828411,1.0000000009999876,1.0000000009999965
1488,0.12499999999999989,0.09817477052285546,0.7853981641828444,1.0000000009999965,1.0000000009999965
1489,0.12499999999999994,0.09817477052285503,0.7853981641828406,1.0000000009999876,1.0000000009999965
1490,0.12499999999999986,0.09817477052285546,0.7853981641828446,1.0000000009999965,1.0000000009999965
1491,0.12500000000000003,0.09817477052285503,0.78539816418284,1.0000000009999876,1.0000000009999965
1492,0.12499999999999994,0.09817477052285503,0.7853981641828406,1.0000000009999876,1.0000000009999965
1493,0.12499999999999972,0.09817477052285546,0.7853981641828455,1.0000000009999965,1.0000000009999965
1494,0.12499999999999997,0.09817477052285524,0.7853981641828421,1.000000000999992,1.0000000009999965
1495,0.1249999999999998,0.09817477052285503,0.7853981641828415,1.0000000009999876,1.0000000009999965
1496,0.1249999999999998,0.09817477052285546,0.7853981641828449,1.0000000009999965,1.0000000009999965
1497,0.12499999999999986,0.09817477052285503,0.7853981641828411,1.0000000009999876,1.0000000009999965
1498,0.12499999999999997,0.09817477052285546,0.7853981641828439,1.0000000009999965,1.0000000009999965
1499,0.12499999999999992,0.09817477052285524,0.7853981641828425,1.000000000999992,1.0000000009999965
1500,0.1249999999999998,0.09817477049831178,0.7853981639864954,1.0000000004999965,1.0000000009999965
1501,0.12500000000000003,0.09817477049831178,0.785398163986494,1.0000000004999965,1.0000000009999965
1502,0.12499999999999994,0.09817477052285503,0.7853981641828406,1.0000000009999876,1.0000000009999965
1503,0.125,0.09817477052285546,0.7853981641828437,1.0000000009999965,1.0000000009999965
1504,0.12499999999999999,0.09817477052285503,0.7853981641828404,1.0000000009999876,1.0000000009999965
1505,0.125,0.09817477052285546,0.7853981641828437,1.0000000009999965,1.0000000009999965
1506,0.12500000000000006,0.09817477052285546,0.7853981641828434,1.0000000009999965,1.0000000009999965
1507,0.125,0.09817477052285503,0.7853981641828403,1.0000000009999876,1.0000000009999965
1508,0.12500000000000003,0.09817477052285546,0.7853981641828435,1.0000000009999965,1.0000000009999965
1509,0.12500000000000006,0.09817477052285503,0.7853981641828399,1.0000000009999876,1.0000000009999965
1510,0.12499999999999997,0.09817477052285546,0.7853981641828439,1.0000000009999965,1.0000000009999965
1511,0.12500000000000014,0.09817477052285503,0.7853981641828394,1.0000000009999876,1.0000000009999965
1512,0.12500000000000008,0.09817477052285503,0.7853981641828397,1.0000000009999876,1.0000000009999965
1513,0.12499999999999983,0.09817477052285546,0.7853981641828447,1.0000000009999965,1.0000000009999965
1514,0.12500000000000008,0.09817477052285524,0.7853981641828414,1.000000000999992,1.0000000009999965
1515,0.12499999999999992,0.09817477052285503,0.7853981641828408,1.0000000009999876,1.0000000009999965
1516,0.12499999999999992,0.09817477052285546,0.7853981641828442,1.0000000009999965,1.0000000009999965
1517,0.12499999999999997,0.09817477052285503,0.7853981641828405,1.0000000009999876,1.0000000009999965
1518,0.12500000000000008,0.09817477052285546,0.7853981641828431,1.0000000009999965,1.0000000009999965
1519,0.12500000000000003,0.09817477052285524,0.7853981641828417,1.000000000999992,1.0000000009999965
1520,0.12499999999999992,0.09817477049831178,0.7853981639864948,1.0000000004999965,1.0000000009999965
1521,0.12499999999999992,0.09817477049831133,0.7853981639864912,1.0000000004999965,1.0000000009999876
1522,0.12499999999999983,0.09817477052285459,0.7853981641828377,1.0000000009999876,1.0000000009999876
1523,0.12499999999999989,0.09817477052285503,0.7853981641828409,1.0000000009999965,1.0000000009999876
1524,0.12499999999999988,0.09817477052285459,0.7853981641828375,1.0000000009999876,1.0000000009999876
1525,0.12499999999999989,0.09817477052285503,0.7853981641828409,1.0000000009999965,1.0000000009999876
1526,0.12499999999999992,0.09817477052285503,0.7853981641828408,1.0000000009999965,1.0000000009999876
1527,0.12499999999999986,0.09817477052285459,0.7853981641828376,1.0000000009999876,1.0000000009999876
1528,0.1249999999999999,0.09817477052285503,0.7853981641828408,1.0000000009999965,1.0000000009999876
1529,0.12499999999999994,0.09817477052285459,0.785398164182837,1.0000000009999876,1.0000000009999876
1530,0.12499999999999986,0.09817477052285503,0.7853981641828411,1.0000000009999965,1.0000000009999876
1531,0.12500000000000003,0.09817477052285459,0.7853981641828365,1.0000000009999876,1.0000000009999876
1532,0.12499999999999996,0.09817477052285459,0.7853981641828369,1.0000000009999876,1.0000000009999876
1533,0.12499999999999972,0.09817477052285503,0.785398164182842,1.0000000009999965,1.0000000009999876
1534,0.12499999999999997,0.09817477052285481,0.7853981641828387,1.000000000999992,1.0000000009999876
1535,0.1249999999999998,0.09817477052285459,0.7853981641828379,1.0000000009999876,1.0000000009999876
1536,0.1249999999999998,0.09817477052285503,0.7853981641828415,1.0000000009999965,1.0000000009999876
1537,0.12499999999999986,0.09817477052285459,0.7853981641828376,1.0000000009999876,1.0000000009999876
1538,0.12499999999999997,0.09817477052285503,0.7853981641828405,1.0000000009999965,1.0000000009999876
1539,0.12499999999999992,0.09817477052285481,0.785398164182839,1.000000000999992,1.0000000009999876
1540,0.1249999999999998,0.09817477049831133,0.7853981639864919,1.0000000004999965,1.0000000009999876
1541,0.12500000000000003,0.09817477049831155,0.7853981639864922,1.0000000004999965,1.000000000999992
1542,0.12499999999999994,0.09817477052285481,0.7853981641828388,1.0000000009999876,1.000000000999992
1543,0.125,0.09817477052285524,0.7853981641828419,1.0000000009999965,1.000000000999992
1544,0.12499999999999999,0.09817477052285481,0.7853981641828386,1.0000000009999876,1.000000000999992
1545,0.125,0.09817477052285524,0.7853981641828419,1.0000000009999965,1.000000000999992
1546,0.12500000000000006,0.09817477052285524,0.7853981641828416,1.0000000009999965,1.000000000999992
1547,0.125,0.09817477052285481,0.7853981641828385,1.0000000009999876,1.000000000999992
1548,0.12500000000000003,0.09817477052285524,0.7853981641828417,1.0000000009999965,1.000000000999992
1549,0.12500000000000006,0.09817477052285481,0.7853981641828381,1.0000000009999876,1.000000000999992
1550,0.12499999999999997,0.09817477052285524,0.7853981641828421,1.0000000009999965,1.000000000999992
1551,0.12500000000000014,0.09817477052285481,0.7853981641828376,1.0000000009999876,1.000000000999992
1552,0.12500000000000008,0.09817477052285481,0.7853981641828379,1.0000000009999876,1.000000000999992
1553,0.12499999999999983,0.09817477052285524,0.7853981641828429,1.0000000009999965,1.000000000999992
1554,0.12500000000000008,0.09817477052285503,0.7853981641828397,1.000000000999992,1.000000000999992
1555,0.12499999999999992,0.09817477052285481,0.785398164182839,1.0000000009999876,1.000000000999992
1556,0.12499999999999992,0.09817477052285524,0.7853981641828425,1.0000000009999965,1.000000000999992
1557,0.12499999999999997,0.09817477052285481,0.7853981641828387,1.0000000009999876,1.000000000999992
1558,0.12500000000000008,0.09817477052285524,0.7853981641828414,1.0000000009999965,1.000000000999992
1559,0.12500000000000003,0.09817477052285503,0.78539816418284,1.000000000999992,1.000000000999992
1560,0.12499999999999992,0.09817477049831155,0.785398163986493,1.0000000004999965,1.000000000999992
1561,0.12500000000000003,0.09817477049831133,0.7853981639864904,1.0000000004999965,1.0000000009999876
1562,0.12499999999999994,0.09817477052285459,0.785398164182837,1.0000000009999876,1.0000000009999876
1563,0.125,0.09817477052285503,0.7853981641828403,1.0000000009999965,1.0000000009999876
1564,0.12499999999999999,0.09817477052285459,0.7853981641828368,1.0000000009999876,1.0000000009999876
1565,0.125,0.09817477052285503,0.7853981641828403,1.0000000009999965,1.0000000009999876
1566,0.12500000000000006,0.09817477052285503,0.7853981641828399,1.0000000009999965,1.0000000009999876
1567,0.125,0.09817477052285459,0.7853981641828367,1.0000000009999876,1.0000000009999876
1568,0.12500000000000003,0.09817477052285503,0.78539816418284,1.0000000009999965,1.0000000009999876
1569,0.12500000000000006,0.09817477052285459,0.7853981641828364,1.0000000009999876,1.0000000009999876
1570,0.12499999999999997,0.09817477052285503,0.7853981641828405,1.0000000009999965,1.0000000009999876
1571,0.12500000000000014,0.09817477052285459,0.7853981641828358,1.0000000009999876,1.0000000009999876
1572,0.12500000000000008,0.09817477052285459,0.7853981641828361,1.0000000009999876,1.0000000009999876
1573,0.12499999999999983,0.09817477052285503,0.7853981641828413,1.0000000009999965,1.0000000009999876
1574,0.12500000000000008,0.09817477052285481,0.7853981641828379,1.000000000999992,1.0000000009999876
1575,0.12499999999999992,0.09817477052285459,0.7853981641828373,1.0000000009999876,1.0000000009999876
1576,0.12499999999999992,0.09817477052285503,0.7853981641828408,1.0000000009999965,1.0000000009999876
1577,0.12499999999999997,0.09817477052285459,0.7853981641828369,1.0000000009999876,1.0000000009999876
1578,0.12500000000000008,0.09817477052285503,0.7853981641828397,1.0000000009999965,1.0000000009999876
1579,0.12500000000000003,0.09817477052285481,0.7853981641828383,1.000000000999992,1.0000000009999876
1580,0.12499999999999992,0.09817477049831133,0.7853981639864912,1.0000000004999965,1.0000000009999876
1581,0.1249999999999998,0.09817477047376807,0.7853981637901458,1.0000000004999965,1.0000000004999965
1582,0.12499999999999972,0.09817477049831133,0.7853981639864924,1.0000000009999876,1.0000000004999965
1583,0.12499999999999978,0.09817477049831178,0.7853981639864956,1.0000000009999965,1.0000000004999965
1584,0.12499999999999976,0.09817477049831133,0.7853981639864921,1.0000000009999876,1.0000000004999965
1585,0.12499999999999978,0.09817477049831178,0.7853981639864956,1.0000000009999965,1.0000000004999965
1586,0.1249999999999998,0.09817477049831178,0.7853981639864954,1.0000000009999965,1.0000000004999965
1587,0.12499999999999975,0.09817477049831133,0.7853981639864922,1.0000000009999876,1.0000000004999965
1588,0.12499999999999979,0.09817477049831178,0.7853981639864955,1.0000000009999965,1.0000000004999965
1589,0.12499999999999983,0.09817477049831133,0.7853981639864916,1.0000000009999876,1.0000000004999965
1590,0.12499999999999975,0.09817477049831178,0.7853981639864958,1.0000000009999965,1.0000000004999965
1591,0.1249999999999999,0.09817477049831133,0.7853981639864912,1.0000000009999876,1.0000000004999965
1592,0.12499999999999985,0.09817477049831133,0.7853981639864916,1.0000000009999876,1.0000000004999965
1593,0.12499999999999961,0.09817477049831178,0.7853981639864966,1.0000000009999965,1.0000000004999965
1594,0.12499999999999986,0.09817477049831155,0.7853981639864933,1.000000000999992,1.0000000004999965
1595,0.1249999999999997,0.09817477049831133,0.7853981639864925,1.0000000009999876,1.0000000004999965
1596,0.1249999999999997,0.09817477049831178,0.7853981639864961,1.0000000009999965,1.0000000004999965
1597,0.12499999999999975,0.09817477049831133,0.7853981639864922,1.0000000009999876,1.0000000004999965
1598,0.12499999999999986,0.09817477049831178,0.7853981639864951,1.0000000009999965,1.0000000004999965
1599,0.1249999999999998,0.09817477049831155,0.7853981639864936,1.000000000999992,1.0000000004999965
1600,0.1249999999999997,0.09817477047376807,0.7853981637901465,1.0000000004999965,1.0000000004999965
