instance,element_label,host_volume,fiber_volume,volume_fraction,length_t0,length_t90
PLATE-1,1,0.12499999999999992,0.09817477042468103,0.7853981633974488,1.0,1.0
PLATE-1,2,0.12499999999999992,0.09817477042468103,0.7853981633974488,1.0,1.0
PLATE-1,3,0.12499999999999992,0.09817477042468106,0.7853981633974491,1.0000000000000004,1.0
PLATE-1,4,0.12499999999999992,0.09817477042468102,0.7853981633974487,0.9999999999999998,1.0
PLATE-1,5,0.12499999999999992,0.09817477042468102,0.7853981633974487,0.9999999999999998,1.0
PLATE-1,6,0.12499999999999997,0.09817477042468108,0.7853981633974488,1.0000000000000009,1.0
PLATE-1,7,0.12499999999999992,0.09817477042468102,0.7853981633974487,0.9999999999999998,1.0
PLATE-1,8,0.12499999999999994,0.09817477042468102,0.7853981633974485,0.9999999999999998,1.0
PLATE-1,9,0.12499999999999997,0.09817477042468102,0.7853981633974484,0.9999999999999998,1.0
PLATE-1,10,0.12499999999999986,0.09817477042468102,0.7853981633974491,0.9999999999999998,1.0
PLATE-1,11,0.12500000000000008,0.09817477042468108,0.7853981633974481,1.0000000000000009,1.0
PLATE-1,12,0.12500000000000003,0.09817477042468108,0.7853981633974484,1.0000000000000009,1.0
PLATE-1,13,0.12499999999999975,0.09817477042468097,0.7853981633974493,0.9999999999999987,1.0
PLATE-1,14,0.12500000000000003,0.09817477042468108,0.7853981633974484,1.0000000000000009,1.0
PLATE-1,15,0.12499999999999986,0.09817477042468097,0.7853981633974486,0.9999999999999987,1.0
PLATE-1,16,0.1249999999999998,0.09817477042468108,0.7853981633974498,1.0000000000000009,1.0
PLATE-1,17,0.12499999999999986,0.09817477042468108,0.7853981633974495,1.0000000000000009,1.0
PLATE-1,18,0.12499999999999997,0.09817477042468097,0.785398163397448,0.9999999999999987,1.0
PLATE-1,19,0.12499999999999992,0.09817477042468108,0.7853981633974492,1.0000000000000009,1.0
PLATE-1,20,0.1249999999999998,0.09817477042468097,0.785398163397449,0.9999999999999987,1.0
PLATE-1,21,0.12499999999999992,0.09817477042468103,0.7853981633974488,1.0,1.0
PLATE-1,22,0.12499999999999992,0.09817477042468103,0.7853981633974488,1.0,1.0
PLATE-1,23,0.12499999999999992,0.09817477042468106,0.7853981633974491,1.0000000000000004,1.0
PLATE-1,24,0.12499999999999992,0.09817477042468102,0.7853981633974487,0.9999999999999998,1.0
PLATE-1,25,0.12499999999999992,0.09817477042468102,0.7853981633974487,0.9999999999999998,1.0
PLATE-1,26,0.12499999999999994,0.09817477042468108,0.785398163397449,1.0000000000000009,1.0
PLATE-1,27,0.12499999999999992,0.09817477042468102,0.7853981633974487,0.9999999999999998,1.0
PLATE-1,28,0.12499999999999992,0.09817477042468102,0.7853981633974487,0.9999999999999998,1.0
PLATE-1,29,0.12499999999999994,0.09817477042468102,0.7853981633974485,0.9999999999999998,1.0
PLATE-1,30,0.12499999999999986,0.09817477042468102,0.7853981633974491,0.9999999999999998,1.0
PLATE-1,31,0.12500000000000003,0.09817477042468108,0.7853981633974484,1.0000000000000009,1.0
PLATE-1,32,0.12499999999999994,0.09817477042468108,0.785398163397449,1.0000000000000009,1.0
PLATE-1,33,0.12499999999999972,0.09817477042468097,0.7853981633974495,0.9999999999999987,1.0
PLATE-1,34,0.12499999999999997,0.09817477042468108,0.7853981633974488,1.0000000000000009,1.0
PLATE-1,35,0.1249999999999998,0.09817477042468097,0.785398163397449,0.9999999999999987,1.0
PLATE-1,36,0.1249999999999998,0.09817477042468108,0.7853981633974498,1.0000000000000009,1.0
PLATE-1,37,0.12499999999999986,0.09817477042468108,0.7853981633974495,1.0000000000000009,1.0
PLATE-1,38,0.12499999999999997,0.09817477042468097,0.785398163397448,0.9999999999999987,1.0
PLATE-1,39,0.12499999999999992,0.09817477042468108,0.7853981633974492,1.0000000000000009,1.0
PLATE-1,40,0.1249999999999998,0.09817477042468097,0.785398163397449,0.9999999999999987,1.0
PLATE-1,41,0.12499999999999992,0.09817477042468106,0.7853981633974491,1.0,1.0000000000000004
PLATE-1,42,0.12499999999999992,0.09817477042468106,0.7853981633974491,1.0,1.0000000000000004
PLATE-1,43,0.12499999999999992,0.09817477042468108,0.7853981633974492,1.0000000000000004,1.0000000000000004
PLATE-1,44,0.12499999999999992,0.09817477042468103,0.7853981633974488,0.9999999999999998,1.0000000000000004
PLATE-1,45,0.12499999999999992,0.09817477042468103,0.7853981633974488,0.9999999999999998,1.0000000000000004
PLATE-1,46,0.12499999999999997,0.0981747704246811,0.7853981633974491,1.0000000000000009,1.0000000000000004
PLATE-1,47,0.12499999999999992,0.09817477042468103,0.7853981633974488,0.9999999999999998,1.0000000000000004
PLATE-1,48,0.12499999999999994,0.09817477042468103,0.7853981633974486,0.9999999999999998,1.0000000000000004
PLATE-1,49,0.12499999999999997,0.09817477042468103,0.7853981633974485,0.9999999999999998,1.0000000000000004
PLATE-1,50,0.12499999999999986,0.09817477042468103,0.7853981633974492,0.9999999999999998,1.0000000000000004
PLATE-1,51,0.12500000000000006,0.0981747704246811,0.7853981633974485,1.0000000000000009,1.0000000000000004
PLATE-1,52,0.125,0.0981747704246811,0.7853981633974488,1.0000000000000009,1.0000000000000004
PLATE-1,53,0.12499999999999975,0.098174770424681,0.7853981633974495,0.9999999999999987,1.0000000000000004
PLATE-1,54,0.125,0.0981747704246811,0.7853981633974488,1.0000000000000009,1.0000000000000004
PLATE-1,55,0.12499999999999983,0.098174770424681,0.785398163397449,0.9999999999999987,1.0000000000000004
PLATE-1,56,0.1249999999999998,0.0981747704246811,0.78539816339745,1.0000000000000009,1.0000000000000004
PLATE-1,57,0.12499999999999986,0.0981747704246811,0.7853981633974497,1.0000000000000009,1.0000000000000004
PLATE-1,58,0.12499999999999997,0.098174770424681,0.7853981633974482,0.9999999999999987,1.0000000000000004
PLATE-1,59,0.12499999999999992,0.0981747704246811,0.7853981633974494,1.0000000000000009,1.0000000000000004
PLATE-1,60,0.1249999999999998,0.098174770424681,0.7853981633974492,0.9999999999999987,1.0000000000000004
PLATE-1,61,0.12499999999999992,0.09817477042468102,0.7853981633974487,1.0,0.9999999999999998
PLATE-1,62,0.12499999999999992,0.09817477042468102,0.7853981633974487,1.0,0.9999999999999998
PLATE-1,63,0.12499999999999992,0.09817477042468103,0.7853981633974488,1.0000000000000004,0.9999999999999998
PLATE-1,64,0.12499999999999989,0.09817477042468101,0.7853981633974487,0.9999999999999998,0.9999999999999998
PLATE-1,65,0.12499999999999989,0.09817477042468101,0.7853981633974487,0.9999999999999998,0.9999999999999998
PLATE-1,66,0.12499999999999994,0.09817477042468108,0.785398163397449,1.0000000000000009,0.9999999999999998
PLATE-1,67,0.12499999999999992,0.09817477042468101,0.7853981633974486,0.9999999999999998,0.9999999999999998
PLATE-1,68,0.12499999999999989,0.09817477042468101,0.7853981633974487,0.9999999999999998,0.9999999999999998
PLATE-1,69,0.12499999999999994,0.09817477042468101,0.7853981633974484,0.9999999999999998,0.9999999999999998
PLATE-1,70,0.12499999999999986,0.09817477042468101,0.785398163397449,0.9999999999999998,0.9999999999999998
PLATE-1,71,0.12500000000000006,0.09817477042468108,0.7853981633974483,1.0000000000000009,0.9999999999999998
PLATE-1,72,0.12499999999999997,0.09817477042468108,0.7853981633974488,1.0000000000000009,0.9999999999999998
PLATE-1,73,0.12499999999999972,0.09817477042468097,0.7853981633974495,0.9999999999999987,0.9999999999999998
PLATE-1,74,0.125,0.09817477042468108,0.7853981633974486,1.0000000000000009,0.9999999999999998
PLATE-1,75,0.12499999999999983,0.09817477042468097,0.7853981633974487,0.9999999999999987,0.9999999999999998
PLATE-1,76,0.1249999999999998,0.09817477042468108,0.7853981633974498,1.0000000000000009,0.9999999999999998
PLATE-1,77,0.12499999999999986,0.09817477042468108,0.7853981633974495,1.0000000000000009,0.9999999999999998
PLATE-1,78,0.12499999999999997,0.09817477042468097,0.785398163397448,0.9999999999999987,0.9999999999999998
PLATE-1,79,0.12499999999999992,0.09817477042468108,0.7853981633974492,1.0000000000000009,0.9999999999999998
PLATE-1,80,0.1249999999999998,0.09817477042468097,0.785398163397449,0.9999999999999987,0.9999999999999998
PLATE-1,81,0.12499999999999992,0.09817477042468102,0.7853981633974487,1.0,0.9999999999999998
PLATE-1,82,0.12499999999999992,0.09817477042468102,0.7853981633974487,1.0,0.9999999999999998
PLATE-1,83,0.12499999999999992,0.09817477042468103,0.7853981633974488,1.0000000000000004,0.9999999999999998
PLATE-1,84,0.12499999999999992,0.09817477042468101,0.7853981633974486,0.9999999999999998,0.9999999999999998
PLATE-1,85,0.12499999999999992,0.09817477042468101,0.7853981633974486,0.9999999999999998,0.9999999999999998
PLATE-1,86,0.12499999999999994,0.09817477042468108,0.785398163397449,1.0000000000000009,0.9999999999999998
PLATE-1,87,0.12499999999999992,0.09817477042468101,0.7853981633974486,0.9999999999999998,0.9999999999999998
PLATE-1,88,0.12499999999999989,0.09817477042468101,0.7853981633974487,0.9999999999999998,0.9999999999999998
PLATE-1,89,0.12499999999999994,0.09817477042468101,0.7853981633974484,0.9999999999999998,0.9999999999999998
PLATE-1,90,0.12499999999999986,0.09817477042468101,0.785398163397449,0.9999999999999998,0.9999999999999998
PLATE-1,91,0.12500000000000006,0.09817477042468108,0.7853981633974483,1.0000000000000009,0.9999999999999998
PLATE-1,92,0.12499999999999997,0.09817477042468108,0.7853981633974488,1.0000000000000009,0.9999999999999998
PLATE-1,93,0.12499999999999972,0.09817477042468097,0.7853981633974495,0.9999999999999987,0.9999999999999998
PLATE-1,94,0.125,0.09817477042468108,0.7853981633974486,1.0000000000000009,0.9999999999999998
PLATE-1,95,0.12499999999999983,0.09817477042468097,0.7853981633974487,0.9999999999999987,0.9999999999999998
PLATE-1,96,0.1249999999999998,0.09817477042468108,0.7853981633974498,1.0000000000000009,0.9999999999999998
PLATE-1,97,0.12499999999999986,0.09817477042468108,0.7853981633974495,1.0000000000000009,0.9999999999999998
PLATE-1,98,0.12499999999999997,0.09817477042468097,0.785398163397448,0.9999999999999987,0.9999999999999998
PLATE-1,99,0.12499999999999992,0.09817477042468108,0.7853981633974492,1.0000000000000009,0.9999999999999998
PLATE-1,100,0.1249999999999998,0.09817477042468097,0.785398163397449,0.9999999999999987,0.9999999999999998
PLATE-1,101,0.125,0.09817477042468108,0.7853981633974486,1.0,1.0000000000000009
PLATE-1,102,0.125,0.09817477042468108,0.7853981633974486,1.0,1.0000000000000009
PLATE-1,103,0.125,0.0981747704246811,0.7853981633974488,1.0000000000000004,1.0000000000000009
PLATE-1,104,0.12499999999999994,0.09817477042468108,0.785398163397449,0.9999999999999998,1.0000000000000009
PLATE-1,105,0.12499999999999997,0.09817477042468108,0.7853981633974488,0.9999999999999998,1.0000000000000009
PLATE-1,106,0.12500000000000003,0.09817477042468112,0.7853981633974487,1.0000000000000009,1.0000000000000009
PLATE-1,107,0.125,0.09817477042468108,0.7853981633974486,0.9999999999999998,1.0000000000000009
PLATE-1,108,0.12499999999999997,0.09817477042468108,0.7853981633974488,0.9999999999999998,1.0000000000000009
PLATE-1,109,0.12500000000000003,0.09817477042468108,0.7853981633974484,0.9999999999999998,1.0000000000000009
PLATE-1,110,0.12499999999999994,0.09817477042468108,0.785398163397449,0.9999999999999998,1.0000000000000009
PLATE-1,111,0.12500000000000006,0.09817477042468112,0.7853981633974486,1.0000000000000009,1.0000000000000009
PLATE-1,112,0.125,0.09817477042468112,0.785398163397449,1.0000000000000009,1.0000000000000009
PLATE-1,113,0.12499999999999978,0.09817477042468101,0.7853981633974495,0.9999999999999987,1.0000000000000009
PLATE-1,114,0.12500000000000006,0.09817477042468112,0.7853981633974486,1.0000000000000009,1.0000000000000009
PLATE-1,115,0.12499999999999989,0.09817477042468101,0.7853981633974487,0.9999999999999987,1.0000000000000009
PLATE-1,116,0.12499999999999989,0.09817477042468112,0.7853981633974496,1.0000000000000009,1.0000000000000009
PLATE-1,117,0.12499999999999992,0.09817477042468112,0.7853981633974495,1.0000000000000009,1.0000000000000009
PLATE-1,118,0.12500000000000006,0.09817477042468101,0.7853981633974477,0.9999999999999987,1.0000000000000009
PLATE-1,119,0.125,0.09817477042468112,0.785398163397449,1.0000000000000009,1.0000000000000009
PLATE-1,120,0.12499999999999989,0.09817477042468101,0.7853981633974487,0.9999999999999987,1.0000000000000009
PLATE-1,121,0.12499999999999992,0.09817477042468102,0.7853981633974487,1.0,0.9999999999999998
PLATE-1,122,0.12499999999999992,0.09817477042468102,0.7853981633974487,1.0,0.9999999999999998
PLATE-1,123,0.12499999999999992,0.09817477042468103,0.7853981633974488,1.0000000000000004,0.9999999999999998
PLATE-1,124,0.12499999999999992,0.09817477042468101,0.7853981633974486,0.9999999999999998,0.9999999999999998
PLATE-1,125,0.12499999999999992,0.09817477042468101,0.7853981633974486,0.9999999999999998,0.9999999999999998
PLATE-1,126,0.12499999999999997,0.09817477042468108,0.7853981633974488,1.0000000000000009,0.9999999999999998
PLATE-1,127,0.12499999999999992,0.09817477042468101,0.7853981633974486,0.9999999999999998,0.9999999999999998
PLATE-1,128,0.12499999999999994,0.09817477042468101,0.7853981633974484,0.9999999999999998,0.9999999999999998
PLATE-1,129,0.12499999999999997,0.09817477042468101,0.7853981633974483,0.9999999999999998,0.9999999999999998
PLATE-1,130,0.12499999999999986,0.09817477042468101,0.785398163397449,0.9999999999999998,0.9999999999999998
PLATE-1,131,0.12500000000000006,0.09817477042468108,0.7853981633974483,1.0000000000000009,0.9999999999999998
PLATE-1,132,0.125,0.09817477042468108,0.7853981633974486,1.0000000000000009,0.9999999999999998
PLATE-1,133,0.12499999999999975,0.09817477042468097,0.7853981633974493,0.9999999999999987,0.9999999999999998
PLATE-1,134,0.125,0.09817477042468108,0.7853981633974486,1.0000000000000009,0.9999999999999998
PLATE-1,135,0.12499999999999983,0.09817477042468097,0.7853981633974487,0.9999999999999987,0.9999999999999998
PLATE-1,136,0.1249999999999998,0.09817477042468108,0.7853981633974498,1.0000000000000009,0.9999999999999998
PLATE-1,137,0.12499999999999986,0.09817477042468108,0.7853981633974495,1.0000000000000009,0.9999999999999998
PLATE-1,138,0.12499999999999997,0.09817477042468097,0.785398163397448,0.9999999999999987,0.9999999999999998
PLATE-1,139,0.12499999999999992,0.09817477042468108,0.7853981633974492,1.0000000000000009,0.9999999999999998
PLATE-1,140,0.1249999999999998,0.09817477042468097,0.785398163397449,0.9999999999999987,0.9999999999999998
PLATE-1,141,0.12499999999999992,0.09817477042468102,0.7853981633974487,1.0,0.9999999999999998
PLATE-1,142,0.12499999999999992,0.09817477042468102,0.7853981633974487,1.0,0.9999999999999998
PLATE-1,143,0.12499999999999992,0.09817477042468103,0.7853981633974488,1.0000000000000004,0.9999999999999998
PLATE-1,144,0.12499999999999992,0.09817477042468101,0.7853981633974486,0.9999999999999998,0.9999999999999998
PLATE-1,145,0.12499999999999992,0.09817477042468101,0.7853981633974486,0.9999999999999998,0.9999999999999998
PLATE-1,146,0.12499999999999994,0.09817477042468108,0.785398163397449,1.0000000000000009,0.9999999999999998
PLATE-1,147,0.12499999999999992,0.09817477042468101,0.7853981633974486,0.9999999999999998,0.9999999999999998
PLATE-1,148,0.12499999999999989,0.09817477042468101,0.7853981633974487,0.9999999999999998,0.9999999999999998
PLATE-1,149,0.12499999999999994,0.09817477042468101,0.7853981633974484,0.9999999999999998,0.9999999999999998
PLATE-1,150,0.12499999999999986,0.09817477042468101,0.785398163397449,0.9999999999999998,0.9999999999999998
PLATE-1,151,0.12500000000000006,0.09817477042468108,0.7853981633974483,1.0000000000000009,0.9999999999999998
PLATE-1,152,0.12499999999999997,0.09817477042468108,0.7853981633974488,1.0000000000000009,0.9999999999999998
PLATE-1,153,0.12499999999999972,0.09817477042468097,0.7853981633974495,0.9999999999999987,0.9999999999999998
PLATE-1,154,0.125,0.09817477042468108,0.7853981633974486,1.0000000000000009,0.9999999999999998
PLATE-1,155,0.12499999999999983,0.09817477042468097,0.7853981633974487,0.9999999999999987,0.9999999999999998
PLATE-1,156,0.1249999999999998,0.09817477042468108,0.7853981633974498,1.0000000000000009,0.9999999999999998
PLATE-1,157,0.12499999999999986,0.09817477042468108,0.7853981633974495,1.0000000000000009,0.9999999999999998
PLATE-1,158,0.12499999999999997,0.09817477042468097,0.785398163397448,0.9999999999999987,0.9999999999999998
PLATE-1,159,0.12499999999999992,0.09817477042468108,0.7853981633974492,1.0000000000000009,0.9999999999999998
PLATE-1,160,0.1249999999999998,0.09817477042468097,0.785398163397449,0.9999999999999987,0.9999999999999998
PLATE-1,161,0.12499999999999992,0.09817477042468102,0.7853981633974487,1.0,0.9999999999999998
PLATE-1,162,0.12499999999999992,0.09817477042468102,0.7853981633974487,1.0,0.9999999999999998
PLATE-1,163,0.12499999999999992,0.09817477042468103,0.7853981633974488,1.0000000000000004,0.9999999999999998
PLATE-1,164,0.12499999999999992,0.09817477042468101,0.7853981633974486,0.9999999999999998,0.9999999999999998
PLATE-1,165,0.12499999999999992,0.09817477042468101,0.7853981633974486,0.9999999999999998,0.9999999999999998
PLATE-1,166,0.12499999999999997,0.09817477042468108,0.7853981633974488,1.0000000000000009,0.9999999999999998
PLATE-1,167,0.12499999999999992,0.09817477042468101,0.7853981633974486,0.9999999999999998,0.9999999999999998
PLATE-1,168,0.12499999999999994,0.09817477042468101,0.7853981633974484,0.9999999999999998,0.9999999999999998
PLATE-1,169,0.12499999999999997,0.09817477042468101,0.7853981633974483,0.9999999999999998,0.9999999999999998
PLATE-1,170,0.12499999999999986,0.09817477042468101,0.785398163397449,0.9999999999999998,0.9999999999999998
PLATE-1,171,0.12500000000000008,0.09817477042468108,0.7853981633974481,1.0000000000000009,0.9999999999999998
PLATE-1,172,0.12500000000000003,0.09817477042468108,0.7853981633974484,1.0000000000000009,0.9999999999999998
PLATE-1,173,0.12499999999999975,0.09817477042468097,0.7853981633974493,0.9999999999999987,0.9999999999999998
PLATE-1,174,0.12500000000000003,0.09817477042468108,0.7853981633974484,1.0000000000000009,0.9999999999999998
PLATE-1,175,0.12499999999999986,0.09817477042468097,0.7853981633974486,0.9999999999999987,0.9999999999999998
PLATE-1,176,0.1249999999999998,0.09817477042468108,0.7853981633974498,1.0000000000000009,0.9999999999999998
PLATE-1,177,0.12499999999999986,0.09817477042468108,0.7853981633974495,1.0000000000000009,0.9999999999999998
PLATE-1,178,0.12499999999999997,0.09817477042468097,0.785398163397448,0.9999999999999987,0.9999999999999998
PLATE-1,179,0.12499999999999992,0.09817477042468108,0.7853981633974492,1.0000000000000009,0.9999999999999998
PLATE-1,180,0.1249999999999998,0.09817477042468097,0.785398163397449,0.9999999999999987,0.9999999999999998
PLATE-1,181,0.12499999999999992,0.09817477042468102,0.7853981633974487,1.0,0.9999999999999998
PLATE-1,182,0.12499999999999986,0.09817477042468102,0.7853981633974491,1.0,0.9999999999999998
PLATE-1,183,0.12499999999999992,0.09817477042468103,0.7853981633974488,1.0000000000000004,0.9999999999999998
PLATE-1,184,0.12499999999999986,0.09817477042468101,0.785398163397449,0.9999999999999998,0.9999999999999998
PLATE-1,185,0.12499999999999989,0.09817477042468101,0.7853981633974487,0.9999999999999998,0.9999999999999998
PLATE-1,186,0.12499999999999992,0.09817477042468108,0.7853981633974492,1.0000000000000009,0.9999999999999998
PLATE-1,187,0.12499999999999992,0.09817477042468101,0.7853981633974486,0.9999999999999998,0.9999999999999998
PLATE-1,188,0.12499999999999986,0.09817477042468101,0.785398163397449,0.9999999999999998,0.9999999999999998
PLATE-1,189,0.12499999999999992,0.09817477042468101,0.7853981633974486,0.9999999999999998,0.9999999999999998
PLATE-1,190,0.12499999999999986,0.09817477042468101,0.785398163397449,0.9999999999999998,0.9999999999999998
PLATE-1,191,0.12499999999999997,0.09817477042468108,0.7853981633974488,1.0000000000000009,0.9999999999999998
PLATE-1,192,0.12499999999999992,0.09817477042468108,0.7853981633974492,1.0000000000000009,0.9999999999999998
PLATE-1,193,0.1249999999999997,0.09817477042468097,0.7853981633974496,0.9999999999999987,0.9999999999999998
PLATE-1,194,0.12499999999999997,0.09817477042468108,0.7853981633974488,1.0000000000000009,0.9999999999999998
PLATE-1,195,0.1249999999999998,0.09817477042468097,0.785398163397449,0.9999999999999987,0.9999999999999998
PLATE-1,196,0.1249999999999998,0.09817477042468108,0.7853981633974498,1.0000000000000009,0.9999999999999998
PLATE-1,197,0.12499999999999986,0.09817477042468108,0.7853981633974495,1.0000000000000009,0.9999999999999998
PLATE-1,198,0.12499999999999997,0.09817477042468097,0.785398163397448,0.9999999999999987,0.9999999999999998
PLATE-1,199,0.12499999999999992,0.09817477042468108,0.7853981633974492,1.0000000000000009,0.9999999999999998
PLATE-1,200,0.1249999999999998,0.09817477042468097,0.785398163397449,0.9999999999999987,0.9999999999999998
PLATE-1,201,0.1250000000000002,0.09817477042468108,0.7853981633974474,1.0,1.0000000000000009
PLATE-1,202,0.12500000000000006,0.09817477042468108,0.7853981633974483,1.0,1.0000000000000009
PLATE-1,203,0.12500000000000017,0.0981747704246811,0.7853981633974478,1.0000000000000004,1.0000000000000009
PLATE-1,204,0.1250000000000001,0.09817477042468108,0.785398163397448,0.9999999999999998,1.0000000000000009
PLATE-1,205,0.12500000000000017,0.09817477042468108,0.7853981633974476,0.9999999999999998,1.0000000000000009
PLATE-1,206,0.12500000000000014,0.09817477042468112,0.7853981633974481,1.0000000000000009,1.0000000000000009
PLATE-1,207,0.1250000000000001,0.09817477042468108,0.785398163397448,0.9999999999999998,1.0000000000000009
PLATE-1,208,0.1250000000000001,0.09817477042468108,0.785398163397448,0.9999999999999998,1.0000000000000009
PLATE-1,209,0.1250000000000002,0.09817477042468108,0.7853981633974474,0.9999999999999998,1.0000000000000009
PLATE-1,210,0.12500000000000014,0.09817477042468108,0.7853981633974477,0.9999999999999998,1.0000000000000009
PLATE-1,211,0.1250000000000002,0.09817477042468112,0.7853981633974477,1.0000000000000009,1.0000000000000009
PLATE-1,212,0.1250000000000001,0.09817477042468112,0.7853981633974483,1.0000000000000009,1.0000000000000009
PLATE-1,213,0.12499999999999993,0.09817477042468101,0.7853981633974485,0.9999999999999987,1.0000000000000009
PLATE-1,214,0.1250000000000002,0.09817477042468112,0.7853981633974477,1.0000000000000009,1.0000000000000009
PLATE-1,215,0.125,0.09817477042468101,0.7853981633974481,0.9999999999999987,1.0000000000000009
PLATE-1,216,0.12500000000000006,0.09817477042468112,0.7853981633974486,1.0000000000000009,1.0000000000000009
PLATE-1,217,0.1250000000000001,0.09817477042468112,0.7853981633974483,1.0000000000000009,1.0000000000000009
PLATE-1,218,0.12500000000000025,0.09817477042468101,0.7853981633974465,0.9999999999999987,1.0000000000000009
PLATE-1,219,0.1250000000000002,0.09817477042468112,0.7853981633974477,1.0000000000000009,1.0000000000000009
PLATE-1,220,0.12500000000000008,0.09817477042468101,0.7853981633974475,0.9999999999999987,1.0000000000000009
PLATE-1,221,0.12500000000000006,0.09817477042468108,0.7853981633974483,1.0,1.0000000000000009
PLATE-1,222,0.12500000000000003,0.09817477042468108,0.7853981633974484,1.0,1.0000000000000009
PLATE-1,223,0.12500000000000003,0.0981747704246811,0.7853981633974486,1.0000000000000004,1.0000000000000009
PLATE-1,224,0.12500000000000006,0.09817477042468108,0.7853981633974483,0.9999999999999998,1.0000000000000009
PLATE-1,225,0.12500000000000006,0.09817477042468108,0.7853981633974483,0.9999999999999998,1.0000000000000009
PLATE-1,226,0.12500000000000008,0.09817477042468112,0.7853981633974484,1.0000000000000009,1.0000000000000009
PLATE-1,227,0.12499999999999999,0.09817477042468108,0.7853981633974487,0.9999999999999998,1.0000000000000009
PLATE-1,228,0.12500000000000008,0.09817477042468108,0.7853981633974481,0.9999999999999998,1.0000000000000009
PLATE-1,229,0.1250000000000001,0.09817477042468108,0.785398163397448,0.9999999999999998,1.0000000000000009
PLATE-1,230,0.12499999999999999,0.09817477042468108,0.7853981633974487,0.9999999999999998,1.0000000000000009
PLATE-1,231,0.1250000000000002,0.09817477042468112,0.7853981633974477,1.0000000000000009,1.0000000000000009
PLATE-1,232,0.1250000000000001,0.09817477042468112,0.7853981633974483,1.0000000000000009,1.0000000000000009
PLATE-1,233,0.12499999999999988,0.09817477042468101,0.7853981633974488,0.9999999999999987,1.0000000000000009
PLATE-1,234,0.1250000000000001,0.09817477042468112,0.7853981633974483,1.0000000000000009,1.0000000000000009
PLATE-1,235,0.12499999999999993,0.09817477042468101,0.7853981633974485,0.9999999999999987,1.0000000000000009
PLATE-1,236,0.12499999999999993,0.09817477042468112,0.7853981633974494,1.0000000000000009,1.0000000000000009
PLATE-1,237,0.12499999999999999,0.09817477042468112,0.7853981633974491,1.0000000000000009,1.0000000000000009
PLATE-1,238,0.12500000000000014,0.09817477042468101,0.7853981633974472,0.9999999999999987,1.0000000000000009
PLATE-1,239,0.12500000000000006,0.09817477042468112,0.7853981633974486,1.0000000000000009,1.0000000000000009
PLATE-1,240,0.12499999999999993,0.09817477042468101,0.7853981633974485,0.9999999999999987,1.0000000000000009
PLATE-1,241,0.1249999999999998,0.09817477042468097,0.785398163397449,1.0,0.9999999999999987
PLATE-1,242,0.12499999999999978,0.09817477042468097,0.7853981633974492,1.0,0.9999999999999987
PLATE-1,243,0.12499999999999978,0.098174770424681,0.7853981633974494,1.0000000000000004,0.9999999999999987
PLATE-1,244,0.1249999999999998,0.09817477042468097,0.785398163397449,0.9999999999999998,0.9999999999999987
PLATE-1,245,0.1249999999999998,0.09817477042468097,0.785398163397449,0.9999999999999998,0.9999999999999987
PLATE-1,246,0.12499999999999983,0.09817477042468101,0.7853981633974491,1.0000000000000009,0.9999999999999987
PLATE-1,247,0.12499999999999975,0.09817477042468097,0.7853981633974493,0.9999999999999998,0.9999999999999987
PLATE-1,248,0.12499999999999983,0.09817477042468097,0.7853981633974487,0.9999999999999998,0.9999999999999987
PLATE-1,249,0.12499999999999986,0.09817477042468097,0.7853981633974486,0.9999999999999998,0.9999999999999987
PLATE-1,250,0.12499999999999975,0.09817477042468097,0.7853981633974493,0.9999999999999998,0.9999999999999987
PLATE-1,251,0.12499999999999992,0.09817477042468101,0.7853981633974486,1.0000000000000009,0.9999999999999987
PLATE-1,252,0.12499999999999986,0.09817477042468101,0.785398163397449,1.0000000000000009,0.9999999999999987
PLATE-1,253,0.12499999999999964,0.09817477042468091,0.7853981633974495,0.9999999999999987,0.9999999999999987
PLATE-1,254,0.12499999999999986,0.09817477042468101,0.785398163397449,1.0000000000000009,0.9999999999999987
PLATE-1,255,0.1249999999999997,0.09817477042468091,0.7853981633974492,0.9999999999999987,0.9999999999999987
PLATE-1,256,0.1249999999999997,0.09817477042468101,0.7853981633974499,1.0000000000000009,0.9999999999999987
PLATE-1,257,0.12499999999999975,0.09817477042468101,0.7853981633974496,1.0000000000000009,0.9999999999999987
PLATE-1,258,0.12499999999999986,0.09817477042468091,0.7853981633974482,0.9999999999999987,0.9999999999999987
PLATE-1,259,0.1249999999999998,0.09817477042468101,0.7853981633974493,1.0000000000000009,0.9999999999999987
PLATE-1,260,0.1249999999999997,0.09817477042468091,0.7853981633974492,0.9999999999999987,0.9999999999999987
PLATE-1,261,0.1250000000000002,0.09817477042468108,0.7853981633974474,1.0,1.0000000000000009
PLATE-1,262,0.12500000000000006,0.09817477042468108,0.7853981633974483,1.0,1.0000000000000009
PLATE-1,263,0.12500000000000017,0.0981747704246811,0.7853981633974478,1.0000000000000004,1.0000000000000009
PLATE-1,264,0.1250000000000001,0.09817477042468108,0.785398163397448,0.9999999999999998,1.0000000000000009
PLATE-1,265,0.12500000000000017,0.09817477042468108,0.7853981633974476,0.9999999999999998,1.0000000000000009
PLATE-1,266,0.12500000000000014,0.09817477042468112,0.7853981633974481,1.0000000000000009,1.0000000000000009
PLATE-1,267,0.1250000000000001,0.09817477042468108,0.785398163397448,0.9999999999999998,1.0000000000000009
PLATE-1,268,0.1250000000000001,0.09817477042468108,0.785398163397448,0.9999999999999998,1.0000000000000009
PLATE-1,269,0.1250000000000002,0.09817477042468108,0.7853981633974474,0.9999999999999998,1.0000000000000009
PLATE-1,270,0.12500000000000014,0.09817477042468108,0.7853981633974477,0.9999999999999998,1.0000000000000009
PLATE-1,271,0.1250000000000002,0.09817477042468112,0.7853981633974477,1.0000000000000009,1.0000000000000009
PLATE-1,272,0.1250000000000001,0.09817477042468112,0.7853981633974483,1.0000000000000009,1.0000000000000009
PLATE-1,273,0.12499999999999993,0.09817477042468101,0.7853981633974485,0.9999999999999987,1.0000000000000009
PLATE-1,274,0.1250000000000002,0.09817477042468112,0.7853981633974477,1.0000000000000009,1.0000000000000009
PLATE-1,275,0.125,0.09817477042468101,0.7853981633974481,0.9999999999999987,1.0000000000000009
PLATE-1,276,0.12500000000000006,0.09817477042468112,0.7853981633974486,1.0000000000000009,1.0000000000000009
PLATE-1,277,0.1250000000000001,0.09817477042468112,0.7853981633974483,1.0000000000000009,1.0000000000000009
PLATE-1,278,0.12500000000000025,0.09817477042468101,0.7853981633974465,0.9999999999999987,1.0000000000000009
PLATE-1,279,0.1250000000000002,0.09817477042468112,0.7853981633974477,1.0000000000000009,1.0000000000000009
PLATE-1,280,0.12500000000000008,0.09817477042468101,0.7853981633974475,0.9999999999999987,1.0000000000000009
PLATE-1,281,0.12499999999999992,0.09817477042468097,0.7853981633974483,1.0,0.9999999999999987
PLATE-1,282,0.12499999999999983,0.09817477042468097,0.7853981633974487,1.0,0.9999999999999987
PLATE-1,283,0.12499999999999989,0.098174770424681,0.7853981633974486,1.0000000000000004,0.9999999999999987
PLATE-1,284,0.12499999999999986,0.09817477042468097,0.7853981633974486,0.9999999999999998,0.9999999999999987
PLATE-1,285,0.12499999999999989,0.09817477042468097,0.7853981633974484,0.9999999999999998,0.9999999999999987
PLATE-1,286,0.12499999999999989,0.09817477042468101,0.7853981633974487,1.0000000000000009,0.9999999999999987
PLATE-1,287,0.12499999999999986,0.09817477042468097,0.7853981633974486,0.9999999999999998,0.9999999999999987
PLATE-1,288,0.12499999999999986,0.09817477042468097,0.7853981633974486,0.9999999999999998,0.9999999999999987
PLATE-1,289,0.12499999999999992,0.09817477042468097,0.7853981633974483,0.9999999999999998,0.9999999999999987
PLATE-1,290,0.12499999999999986,0.09817477042468097,0.7853981633974486,0.9999999999999998,0.9999999999999987
PLATE-1,291,0.12499999999999992,0.09817477042468101,0.7853981633974486,1.0000000000000009,0.9999999999999987
PLATE-1,292,0.12499999999999986,0.09817477042468101,0.785398163397449,1.0000000000000009,0.9999999999999987
PLATE-1,293,0.1249999999999997,0.09817477042468091,0.7853981633974492,0.9999999999999987,0.9999999999999987
PLATE-1,294,0.12499999999999992,0.09817477042468101,0.7853981633974486,1.0000000000000009,0.9999999999999987
PLATE-1,295,0.12499999999999975,0.09817477042468091,0.7853981633974488,0.9999999999999987,0.9999999999999987
PLATE-1,296,0.1249999999999998,0.09817477042468101,0.7853981633974493,1.0000000000000009,0.9999999999999987
PLATE-1,297,0.12499999999999986,0.09817477042468101,0.785398163397449,1.0000000000000009,0.9999999999999987
PLATE-1,298,0.12499999999999997,0.09817477042468091,0.7853981633974475,0.9999999999999987,0.9999999999999987
PLATE-1,299,0.12499999999999992,0.09817477042468101,0.7853981633974486,1.0000000000000009,0.9999999999999987
PLATE-1,300,0.1249999999999998,0.09817477042468091,0.7853981633974485,0.9999999999999987,0.9999999999999987
PLATE-1,301,0.12499999999999992,0.09817477042468108,0.7853981633974492,1.0,1.0000000000000009
PLATE-1,302,0.12499999999999992,0.09817477042468108,0.7853981633974492,1.0,1.0000000000000009
PLATE-1,303,0.12499999999999992,0.0981747704246811,0.7853981633974494,1.0000000000000004,1.0000000000000009
PLATE-1,304,0.12499999999999992,0.09817477042468108,0.7853981633974492,0.9999999999999998,1.0000000000000009
PLATE-1,305,0.12499999999999992,0.09817477042468108,0.7853981633974492,0.9999999999999998,1.0000000000000009
PLATE-1,306,0.12499999999999997,0.09817477042468112,0.7853981633974492,1.0000000000000009,1.0000000000000009
PLATE-1,307,0.12499999999999992,0.09817477042468108,0.7853981633974492,0.9999999999999998,1.0000000000000009
PLATE-1,308,0.12499999999999994,0.09817477042468108,0.785398163397449,0.9999999999999998,1.0000000000000009
PLATE-1,309,0.12499999999999997,0.09817477042468108,0.7853981633974488,0.9999999999999998,1.0000000000000009
PLATE-1,310,0.12499999999999986,0.09817477042468108,0.7853981633974495,0.9999999999999998,1.0000000000000009
PLATE-1,311,0.12500000000000008,0.09817477042468112,0.7853981633974484,1.0000000000000009,1.0000000000000009
PLATE-1,312,0.12500000000000003,0.09817477042468112,0.7853981633974487,1.0000000000000009,1.0000000000000009
PLATE-1,313,0.12499999999999975,0.09817477042468101,0.7853981633974496,0.9999999999999987,1.0000000000000009
PLATE-1,314,0.12500000000000003,0.09817477042468112,0.7853981633974487,1.0000000000000009,1.0000000000000009
PLATE-1,315,0.12499999999999986,0.09817477042468101,0.785398163397449,0.9999999999999987,1.0000000000000009
PLATE-1,316,0.1249999999999998,0.09817477042468112,0.7853981633974502,1.0000000000000009,1.0000000000000009
PLATE-1,317,0.12499999999999986,0.09817477042468112,0.7853981633974498,1.0000000000000009,1.0000000000000009
PLATE-1,318,0.12499999999999997,0.09817477042468101,0.7853981633974483,0.9999999999999987,1.0000000000000009
PLATE-1,319,0.12499999999999992,0.09817477042468112,0.7853981633974495,1.0000000000000009,1.0000000000000009
PLATE-1,320,0.1249999999999998,0.09817477042468101,0.7853981633974493,0.9999999999999987,1.0000000000000009
PLATE-1,321,0.1249999999999998,0.09817477042468108,0.7853981633974498,1.0,1.0000000000000009
PLATE-1,322,0.1249999999999998,0.09817477042468108,0.7853981633974498,1.0,1.0000000000000009
PLATE-1,323,0.1249999999999998,0.0981747704246811,0.78539816339745,1.0000000000000004,1.0000000000000009
PLATE-1,324,0.1249999999999998,0.09817477042468108,0.7853981633974498,0.9999999999999998,1.0000000000000009
PLATE-1,325,0.1249999999999998,0.09817477042468108,0.7853981633974498,0.9999999999999998,1.0000000000000009
PLATE-1,326,0.12499999999999986,0.09817477042468112,0.7853981633974498,1.0000000000000009,1.0000000000000009
PLATE-1,327,0.1249999999999998,0.09817477042468108,0.7853981633974498,0.9999999999999998,1.0000000000000009
PLATE-1,328,0.12499999999999983,0.09817477042468108,0.7853981633974496,0.9999999999999998,1.0000000000000009
PLATE-1,329,0.12499999999999986,0.09817477042468108,0.7853981633974495,0.9999999999999998,1.0000000000000009
PLATE-1,330,0.12499999999999975,0.09817477042468108,0.7853981633974502,0.9999999999999998,1.0000000000000009
PLATE-1,331,0.12499999999999997,0.09817477042468112,0.7853981633974492,1.0000000000000009,1.0000000000000009
PLATE-1,332,0.12499999999999992,0.09817477042468112,0.7853981633974495,1.0000000000000009,1.0000000000000009
PLATE-1,333,0.12499999999999964,0.09817477042468101,0.7853981633974503,0.9999999999999987,1.0000000000000009
PLATE-1,334,0.12499999999999992,0.09817477042468112,0.7853981633974495,1.0000000000000009,1.0000000000000009
PLATE-1,335,0.12499999999999975,0.09817477042468101,0.7853981633974496,0.9999999999999987,1.0000000000000009
PLATE-1,336,0.1249999999999997,0.09817477042468112,0.7853981633974508,1.0000000000000009,1.0000000000000009
PLATE-1,337,0.12499999999999975,0.09817477042468112,0.7853981633974505,1.0000000000000009,1.0000000000000009
PLATE-1,338,0.12499999999999986,0.09817477042468101,0.785398163397449,0.9999999999999987,1.0000000000000009
PLATE-1,339,0.1249999999999998,0.09817477042468112,0.7853981633974502,1.0000000000000009,1.0000000000000009
PLATE-1,340,0.1249999999999997,0.09817477042468101,0.7853981633974499,0.9999999999999987,1.0000000000000009
PLATE-1,341,0.12499999999999992,0.09817477042468097,0.7853981633974483,1.0,0.9999999999999987
PLATE-1,342,0.12499999999999992,0.09817477042468097,0.7853981633974483,1.0,0.9999999999999987
PLATE-1,343,0.12499999999999992,0.098174770424681,0.7853981633974485,1.0000000000000004,0.9999999999999987
PLATE-1,344,0.12499999999999992,0.09817477042468097,0.7853981633974483,0.9999999999999998,0.9999999999999987
PLATE-1,345,0.12499999999999992,0.09817477042468097,0.7853981633974483,0.9999999999999998,0.9999999999999987
PLATE-1,346,0.12499999999999997,0.09817477042468101,0.7853981633974483,1.0000000000000009,0.9999999999999987
PLATE-1,347,0.12499999999999992,0.09817477042468097,0.7853981633974483,0.9999999999999998,0.9999999999999987
PLATE-1,348,0.12499999999999994,0.09817477042468097,0.7853981633974481,0.9999999999999998,0.9999999999999987
PLATE-1,349,0.12499999999999997,0.09817477042468097,0.785398163397448,0.9999999999999998,0.9999999999999987
PLATE-1,350,0.12499999999999986,0.09817477042468097,0.7853981633974486,0.9999999999999998,0.9999999999999987
PLATE-1,351,0.12500000000000008,0.09817477042468101,0.7853981633974475,1.0000000000000009,0.9999999999999987
PLATE-1,352,0.12500000000000003,0.09817477042468101,0.7853981633974478,1.0000000000000009,0.9999999999999987
PLATE-1,353,0.12499999999999975,0.09817477042468091,0.7853981633974488,0.9999999999999987,0.9999999999999987
PLATE-1,354,0.12500000000000003,0.09817477042468101,0.7853981633974478,1.0000000000000009,0.9999999999999987
PLATE-1,355,0.12499999999999986,0.09817477042468091,0.7853981633974482,0.9999999999999987,0.9999999999999987
PLATE-1,356,0.1249999999999998,0.09817477042468101,0.7853981633974493,1.0000000000000009,0.9999999999999987
PLATE-1,357,0.12499999999999986,0.09817477042468101,0.785398163397449,1.0000000000000009,0.9999999999999987
PLATE-1,358,0.12499999999999997,0.09817477042468091,0.7853981633974475,0.9999999999999987,0.9999999999999987
PLATE-1,359,0.12499999999999992,0.09817477042468101,0.7853981633974486,1.0000000000000009,0.9999999999999987
PLATE-1,360,0.1249999999999998,0.09817477042468091,0.7853981633974485,0.9999999999999987,0.9999999999999987
PLATE-1,361,0.12499999999999992,0.09817477042468108,0.7853981633974492,1.0,1.0000000000000009
PLATE-1,362,0.12499999999999992,0.09817477042468108,0.7853981633974492,1.0,1.0000000000000009
PLATE-1,363,0.12499999999999992,0.0981747704246811,0.7853981633974494,1.0000000000000004,1.0000000000000009
PLATE-1,364,0.12499999999999992,0.09817477042468108,0.7853981633974492,0.9999999999999998,1.0000000000000009
PLATE-1,365,0.12499999999999992,0.09817477042468108,0.7853981633974492,0.9999999999999998,1.0000000000000009
PLATE-1,366,0.12499999999999997,0.09817477042468112,0.7853981633974492,1.0000000000000009,1.0000000000000009
PLATE-1,367,0.12499999999999992,0.09817477042468108,0.7853981633974492,0.9999999999999998,1.0000000000000009
PLATE-1,368,0.12499999999999994,0.09817477042468108,0.785398163397449,0.9999999999999998,1.0000000000000009
PLATE-1,369,0.12499999999999997,0.09817477042468108,0.7853981633974488,0.9999999999999998,1.0000000000000009
PLATE-1,370,0.12499999999999986,0.09817477042468108,0.7853981633974495,0.9999999999999998,1.0000000000000009
PLATE-1,371,0.12500000000000008,0.09817477042468112,0.7853981633974484,1.0000000000000009,1.0000000000000009
PLATE-1,372,0.12500000000000003,0.09817477042468112,0.7853981633974487,1.0000000000000009,1.0000000000000009
PLATE-1,373,0.12499999999999975,0.09817477042468101,0.7853981633974496,0.9999999999999987,1.0000000000000009
PLATE-1,374,0.12500000000000003,0.09817477042468112,0.7853981633974487,1.0000000000000009,1.0000000000000009
PLATE-1,375,0.12499999999999986,0.09817477042468101,0.785398163397449,0.9999999999999987,1.0000000000000009
PLATE-1,376,0.1249999999999998,0.09817477042468112,0.7853981633974502,1.0000000000000009,1.0000000000000009
PLATE-1,377,0.12499999999999986,0.09817477042468112,0.7853981633974498,1.0000000000000009,1.0000000000000009
PLATE-1,378,0.12499999999999997,0.09817477042468101,0.7853981633974483,0.9999999999999987,1.0000000000000009
PLATE-1,379,0.12499999999999992,0.09817477042468112,0.7853981633974495,1.0000000000000009,1.0000000000000009
PLATE-1,380,0.1249999999999998,0.09817477042468101,0.7853981633974493,0.9999999999999987,1.0000000000000009
PLATE-1,381,0.1249999999999997,0.09817477042468097,0.7853981633974496,1.0,0.9999999999999987
PLATE-1,382,0.1249999999999997,0.09817477042468097,0.7853981633974496,1.0,0.9999999999999987
PLATE-1,383,0.1249999999999997,0.098174770424681,0.7853981633974498,1.0000000000000004,0.9999999999999987
PLATE-1,384,0.1249999999999997,0.09817477042468097,0.7853981633974496,0.9999999999999998,0.9999999999999987
PLATE-1,385,0.1249999999999997,0.09817477042468097,0.7853981633974496,0.9999999999999998,0.9999999999999987
PLATE-1,386,0.12499999999999975,0.09817477042468101,0.7853981633974496,1.0000000000000009,0.9999999999999987
PLATE-1,387,0.1249999999999997,0.09817477042468097,0.7853981633974496,0.9999999999999998,0.9999999999999987
PLATE-1,388,0.12499999999999972,0.09817477042468097,0.7853981633974495,0.9999999999999998,0.9999999999999987
PLATE-1,389,0.12499999999999975,0.09817477042468097,0.7853981633974493,0.9999999999999998,0.9999999999999987
PLATE-1,390,0.12499999999999964,0.09817477042468097,0.7853981633974499,0.9999999999999998,0.9999999999999987
PLATE-1,391,0.12499999999999986,0.09817477042468101,0.785398163397449,1.0000000000000009,0.9999999999999987
PLATE-1,392,0.1249999999999998,0.09817477042468101,0.7853981633974493,1.0000000000000009,0.9999999999999987
PLATE-1,393,0.12499999999999953,0.09817477042468091,0.7853981633974503,0.9999999999999987,0.9999999999999987
PLATE-1,394,0.1249999999999998,0.09817477042468101,0.7853981633974493,1.0000000000000009,0.9999999999999987
PLATE-1,395,0.12499999999999964,0.09817477042468091,0.7853981633974495,0.9999999999999987,0.9999999999999987
PLATE-1,396,0.12499999999999958,0.09817477042468101,0.7853981633974507,1.0000000000000009,0.9999999999999987
PLATE-1,397,0.12499999999999964,0.09817477042468101,0.7853981633974503,1.0000000000000009,0.9999999999999987
PLATE-1,398,0.12499999999999975,0.09817477042468091,0.7853981633974488,0.9999999999999987,0.9999999999999987
PLATE-1,399,0.1249999999999997,0.09817477042468101,0.7853981633974499,1.0000000000000009,0.9999999999999987
PLATE-1,400,0.12499999999999958,0.09817477042468091,0.7853981633974499,0.9999999999999987,0.9999999999999987
PLATE-1,401,0.12500000000000003,0.09817477042468103,0.7853981633974481,1.0,1.0
PLATE-1,402,0.12499999999999994,0.09817477042468103,0.7853981633974486,1.0,1.0
PLATE-1,403,0.125,0.09817477042468106,0.7853981633974485,1.0000000000000004,1.0
PLATE-1,404,0.12499999999999999,0.09817477042468102,0.7853981633974483,0.9999999999999998,1.0
PLATE-1,405,0.125,0.09817477042468102,0.7853981633974482,0.9999999999999998,1.0
PLATE-1,406,0.12500000000000006,0.09817477042468108,0.7853981633974483,1.0000000000000009,1.0
PLATE-1,407,0.125,0.09817477042468102,0.7853981633974482,0.9999999999999998,1.0
PLATE-1,408,0.12500000000000003,0.09817477042468102,0.785398163397448,0.9999999999999998,1.0
PLATE-1,409,0.12500000000000006,0.09817477042468102,0.7853981633974478,0.9999999999999998,1.0
PLATE-1,410,0.12499999999999997,0.09817477042468102,0.7853981633974484,0.9999999999999998,1.0
PLATE-1,411,0.12500000000000014,0.09817477042468108,0.7853981633974477,1.0000000000000009,1.0
PLATE-1,412,0.12500000000000008,0.09817477042468108,0.7853981633974481,1.0000000000000009,1.0
PLATE-1,413,0.12499999999999983,0.09817477042468097,0.7853981633974487,0.9999999999999987,1.0
PLATE-1,414,0.12500000000000008,0.09817477042468108,0.7853981633974481,1.0000000000000009,1.0
PLATE-1,415,0.12499999999999992,0.09817477042468097,0.7853981633974483,0.9999999999999987,1.0
PLATE-1,416,0.12499999999999992,0.09817477042468108,0.7853981633974492,1.0000000000000009,1.0
PLATE-1,417,0.12499999999999997,0.09817477042468108,0.7853981633974488,1.0000000000000009,1.0
PLATE-1,418,0.12500000000000008,0.09817477042468097,0.7853981633974472,0.9999999999999987,1.0
PLATE-1,419,0.12500000000000003,0.09817477042468108,0.7853981633974484,1.0000000000000009,1.0
PLATE-1,420,0.12499999999999992,0.09817477042468097,0.7853981633974483,0.9999999999999987,1.0
PLATE-1,421,0.12499999999999992,0.09817477042468103,0.7853981633974488,1.0,1.0
PLATE-1,422,0.12499999999999992,0.09817477042468103,0.7853981633974488,1.0,1.0
PLATE-1,423,0.12499999999999992,0.09817477042468106,0.7853981633974491,1.0000000000000004,1.0
PLATE-1,424,0.12499999999999992,0.09817477042468102,0.7853981633974487,0.9999999999999998,1.0
PLATE-1,425,0.12499999999999992,0.09817477042468102,0.7853981633974487,0.9999999999999998,1.0
PLATE-1,426,0.12499999999999994,0.09817477042468108,0.785398163397449,1.0000000000000009,1.0
PLATE-1,427,0.12499999999999992,0.09817477042468102,0.7853981633974487,0.9999999999999998,1.0
PLATE-1,428,0.12499999999999992,0.09817477042468102,0.7853981633974487,0.9999999999999998,1.0
PLATE-1,429,0.12499999999999994,0.09817477042468102,0.7853981633974485,0.9999999999999998,1.0
PLATE-1,430,0.12499999999999986,0.09817477042468102,0.7853981633974491,0.9999999999999998,1.0
PLATE-1,431,0.12500000000000003,0.09817477042468108,0.7853981633974484,1.0000000000000009,1.0
PLATE-1,432,0.12499999999999994,0.09817477042468108,0.785398163397449,1.0000000000000009,1.0
PLATE-1,433,0.12499999999999972,0.09817477042468097,0.7853981633974495,0.9999999999999987,1.0
PLATE-1,434,0.12499999999999997,0.09817477042468108,0.7853981633974488,1.0000000000000009,1.0
PLATE-1,435,0.1249999999999998,0.09817477042468097,0.785398163397449,0.9999999999999987,1.0
PLATE-1,436,0.1249999999999998,0.09817477042468108,0.7853981633974498,1.0000000000000009,1.0
PLATE-1,437,0.12499999999999986,0.09817477042468108,0.7853981633974495,1.0000000000000009,1.0
PLATE-1,438,0.12499999999999997,0.09817477042468097,0.785398163397448,0.9999999999999987,1.0
PLATE-1,439,0.12499999999999992,0.09817477042468108,0.7853981633974492,1.0000000000000009,1.0
PLATE-1,440,0.1249999999999998,0.09817477042468097,0.785398163397449,0.9999999999999987,1.0
PLATE-1,441,0.125,0.09817477042468106,0.7853981633974485,1.0,1.0000000000000004
PLATE-1,442,0.12499999999999992,0.09817477042468106,0.7853981633974491,1.0,1.0000000000000004
PLATE-1,443,0.125,0.09817477042468108,0.7853981633974486,1.0000000000000004,1.0000000000000004
PLATE-1,444,0.12499999999999992,0.09817477042468103,0.7853981633974488,0.9999999999999998,1.0000000000000004
PLATE-1,445,0.12499999999999997,0.09817477042468103,0.7853981633974485,0.9999999999999998,1.0000000000000004
PLATE-1,446,0.12500000000000003,0.0981747704246811,0.7853981633974486,1.0000000000000009,1.0000000000000004
PLATE-1,447,0.125,0.09817477042468103,0.7853981633974483,0.9999999999999998,1.0000000000000004
PLATE-1,448,0.12499999999999994,0.09817477042468103,0.7853981633974486,0.9999999999999998,1.0000000000000004
PLATE-1,449,0.12500000000000003,0.09817477042468103,0.7853981633974481,0.9999999999999998,1.0000000000000004
PLATE-1,450,0.12499999999999994,0.09817477042468103,0.7853981633974486,0.9999999999999998,1.0000000000000004
PLATE-1,451,0.12500000000000006,0.0981747704246811,0.7853981633974485,1.0000000000000009,1.0000000000000004
PLATE-1,452,0.125,0.0981747704246811,0.7853981633974488,1.0000000000000009,1.0000000000000004
PLATE-1,453,0.12499999999999978,0.098174770424681,0.7853981633974494,0.9999999999999987,1.0000000000000004
PLATE-1,454,0.12500000000000006,0.0981747704246811,0.7853981633974485,1.0000000000000009,1.0000000000000004
PLATE-1,455,0.12499999999999989,0.098174770424681,0.7853981633974486,0.9999999999999987,1.0000000000000004
PLATE-1,456,0.12499999999999989,0.0981747704246811,0.7853981633974495,1.0000000000000009,1.0000000000000004
PLATE-1,457,0.12499999999999992,0.0981747704246811,0.7853981633974494,1.0000000000000009,1.0000000000000004
PLATE-1,458,0.12500000000000006,0.098174770424681,0.7853981633974476,0.9999999999999987,1.0000000000000004
PLATE-1,459,0.125,0.0981747704246811,0.7853981633974488,1.0000000000000009,1.0000000000000004
PLATE-1,460,0.12499999999999989,0.098174770424681,0.7853981633974486,0.9999999999999987,1.0000000000000004
PLATE-1,461,0.12499999999999999,0.09817477042468102,0.7853981633974483,1.0,0.9999999999999998
PLATE-1,462,0.12499999999999994,0.09817477042468102,0.7853981633974485,1.0,0.9999999999999998
PLATE-1,463,0.12499999999999996,0.09817477042468103,0.7853981633974485,1.0000000000000004,0.9999999999999998
PLATE-1,464,0.12499999999999994,0.09817477042468101,0.7853981633974484,0.9999999999999998,0.9999999999999998
PLATE-1,465,0.12499999999999996,0.09817477042468101,0.7853981633974483,0.9999999999999998,0.9999999999999998
PLATE-1,466,0.12499999999999997,0.09817477042468108,0.7853981633974488,1.0000000000000009,0.9999999999999998
PLATE-1,467,0.12499999999999992,0.09817477042468101,0.7853981633974486,0.9999999999999998,0.9999999999999998
PLATE-1,468,0.12499999999999994,0.09817477042468101,0.7853981633974484,0.9999999999999998,0.9999999999999998
PLATE-1,469,0.12500000000000003,0.09817477042468101,0.7853981633974478,0.9999999999999998,0.9999999999999998
PLATE-1,470,0.12499999999999993,0.09817477042468101,0.7853981633974485,0.9999999999999998,0.9999999999999998
PLATE-1,471,0.12500000000000006,0.09817477042468108,0.7853981633974483,1.0000000000000009,0.9999999999999998
PLATE-1,472,0.125,0.09817477042468108,0.7853981633974486,1.0000000000000009,0.9999999999999998
PLATE-1,473,0.12499999999999979,0.09817477042468097,0.7853981633974491,0.9999999999999987,0.9999999999999998
PLATE-1,474,0.12500000000000006,0.09817477042468108,0.7853981633974483,1.0000000000000009,0.9999999999999998
PLATE-1,475,0.12499999999999988,0.09817477042468097,0.7853981633974485,0.9999999999999987,0.9999999999999998
PLATE-1,476,0.12499999999999988,0.09817477042468108,0.7853981633974494,1.0000000000000009,0.9999999999999998
PLATE-1,477,0.12499999999999993,0.09817477042468108,0.7853981633974491,1.0000000000000009,0.9999999999999998
PLATE-1,478,0.12500000000000006,0.09817477042468097,0.7853981633974474,0.9999999999999987,0.9999999999999998
PLATE-1,479,0.12499999999999999,0.09817477042468108,0.7853981633974487,1.0000000000000009,0.9999999999999998
PLATE-1,480,0.12499999999999988,0.09817477042468097,0.7853981633974485,0.9999999999999987,0.9999999999999998
PLATE-1,481,0.12499999999999999,0.09817477042468102,0.7853981633974483,1.0,0.9999999999999998
PLATE-1,482,0.12499999999999994,0.09817477042468102,0.7853981633974485,1.0,0.9999999999999998
PLATE-1,483,0.12499999999999996,0.09817477042468103,0.7853981633974485,1.0000000000000004,0.9999999999999998
PLATE-1,484,0.12499999999999999,0.09817477042468101,0.7853981633974482,0.9999999999999998,0.9999999999999998
PLATE-1,485,0.12499999999999999,0.09817477042468101,0.7853981633974482,0.9999999999999998,0.9999999999999998
PLATE-1,486,0.12499999999999997,0.09817477042468108,0.7853981633974488,1.0000000000000009,0.9999999999999998
PLATE-1,487,0.12499999999999992,0.09817477042468101,0.7853981633974486,0.9999999999999998,0.9999999999999998
PLATE-1,488,0.12499999999999997,0.09817477042468101,0.7853981633974483,0.9999999999999998,0.9999999999999998
PLATE-1,489,0.12500000000000003,0.09817477042468101,0.7853981633974478,0.9999999999999998,0.9999999999999998
PLATE-1,490,0.12499999999999993,0.09817477042468101,0.7853981633974485,0.9999999999999998,0.9999999999999998
PLATE-1,491,0.12500000000000006,0.09817477042468108,0.7853981633974483,1.0000000000000009,0.9999999999999998
PLATE-1,492,0.125,0.09817477042468108,0.7853981633974486,1.0000000000000009,0.9999999999999998
PLATE-1,493,0.12499999999999979,0.09817477042468097,0.7853981633974491,0.9999999999999987,0.9999999999999998
PLATE-1,494,0.12500000000000006,0.09817477042468108,0.7853981633974483,1.0000000000000009,0.9999999999999998
PLATE-1,495,0.12499999999999988,0.09817477042468097,0.7853981633974485,0.9999999999999987,0.9999999999999998
PLATE-1,496,0.12499999999999988,0.09817477042468108,0.7853981633974494,1.0000000000000009,0.9999999999999998
PLATE-1,497,0.12499999999999993,0.09817477042468108,0.7853981633974491,1.0000000000000009,0.9999999999999998
PLATE-1,498,0.12500000000000006,0.09817477042468097,0.7853981633974474,0.9999999999999987,0.9999999999999998
PLATE-1,499,0.12499999999999999,0.09817477042468108,0.7853981633974487,1.0000000000000009,0.9999999999999998
PLATE-1,500,0.12499999999999988,0.09817477042468097,0.7853981633974485,0.9999999999999987,0.9999999999999998
PLATE-1,501,0.125,0.09817477042468108,0.7853981633974486,1.0,1.0000000000000009
PLATE-1,502,0.125,0.09817477042468108,0.7853981633974486,1.0,1.0000000000000009
PLATE-1,503,0.125,0.0981747704246811,0.7853981633974488,1.0000000000000004,1.0000000000000009
PLATE-1,504,0.125,0.09817477042468108,0.7853981633974486,0.9999999999999998,1.0000000000000009
PLATE-1,505,0.125,0.09817477042468108,0.7853981633974486,0.9999999999999998,1.0000000000000009
PLATE-1,506,0.12500000000000003,0.09817477042468112,0.7853981633974487,1.0000000000000009,1.0000000000000009
PLATE-1,507,0.125,0.09817477042468108,0.7853981633974486,0.9999999999999998,1.0000000000000009
PLATE-1,508,0.12499999999999997,0.09817477042468108,0.7853981633974488,0.9999999999999998,1.0000000000000009
PLATE-1,509,0.12500000000000003,0.09817477042468108,0.7853981633974484,0.9999999999999998,1.0000000000000009
PLATE-1,510,0.12499999999999994,0.09817477042468108,0.785398163397449,0.9999999999999998,1.0000000000000009
PLATE-1,511,0.12500000000000006,0.09817477042468112,0.7853981633974486,1.0000000000000009,1.0000000000000009
PLATE-1,512,0.125,0.09817477042468112,0.785398163397449,1.0000000000000009,1.0000000000000009
PLATE-1,513,0.12499999999999978,0.09817477042468101,0.7853981633974495,0.9999999999999987,1.0000000000000009
PLATE-1,514,0.12500000000000006,0.09817477042468112,0.7853981633974486,1.0000000000000009,1.0000000000000009
PLATE-1,515,0.12499999999999989,0.09817477042468101,0.7853981633974487,0.9999999999999987,1.0000000000000009
PLATE-1,516,0.12499999999999989,0.09817477042468112,0.7853981633974496,1.0000000000000009,1.0000000000000009
PLATE-1,517,0.12499999999999992,0.09817477042468112,0.7853981633974495,1.0000000000000009,1.0000000000000009
PLATE-1,518,0.12500000000000006,0.09817477042468101,0.7853981633974477,0.9999999999999987,1.0000000000000009
PLATE-1,519,0.125,0.09817477042468112,0.785398163397449,1.0000000000000009,1.0000000000000009
PLATE-1,520,0.12499999999999989,0.09817477042468101,0.7853981633974487,0.9999999999999987,1.0000000000000009
PLATE-1,521,0.125,0.09817477042468102,0.7853981633974482,1.0,0.9999999999999998
PLATE-1,522,0.12499999999999992,0.09817477042468102,0.7853981633974487,1.0,0.9999999999999998
PLATE-1,523,0.125,0.09817477042468103,0.7853981633974483,1.0000000000000004,0.9999999999999998
PLATE-1,524,0.12499999999999992,0.09817477042468101,0.7853981633974486,0.9999999999999998,0.9999999999999998
PLATE-1,525,0.12499999999999997,0.09817477042468101,0.7853981633974483,0.9999999999999998,0.9999999999999998
PLATE-1,526,0.12500000000000003,0.09817477042468108,0.7853981633974484,1.0000000000000009,0.9999999999999998
PLATE-1,527,0.125,0.09817477042468101,0.7853981633974481,0.9999999999999998,0.9999999999999998
PLATE-1,528,0.12499999999999994,0.09817477042468101,0.7853981633974484,0.9999999999999998,0.9999999999999998
PLATE-1,529,0.12500000000000003,0.09817477042468101,0.7853981633974478,0.9999999999999998,0.9999999999999998
PLATE-1,530,0.12499999999999994,0.09817477042468101,0.7853981633974484,0.9999999999999998,0.9999999999999998
PLATE-1,531,0.12500000000000006,0.09817477042468108,0.7853981633974483,1.0000000000000009,0.9999999999999998
PLATE-1,532,0.125,0.09817477042468108,0.7853981633974486,1.0000000000000009,0.9999999999999998
PLATE-1,533,0.12499999999999978,0.09817477042468097,0.7853981633974492,0.9999999999999987,0.9999999999999998
PLATE-1,534,0.12500000000000006,0.09817477042468108,0.7853981633974483,1.0000000000000009,0.9999999999999998
PLATE-1,535,0.12499999999999989,0.09817477042468097,0.7853981633974484,0.9999999999999987,0.9999999999999998
PLATE-1,536,0.12499999999999989,0.09817477042468108,0.7853981633974493,1.0000000000000009,0.9999999999999998
PLATE-1,537,0.12499999999999992,0.09817477042468108,0.7853981633974492,1.0000000000000009,0.9999999999999998
PLATE-1,538,0.12500000000000006,0.09817477042468097,0.7853981633974474,0.9999999999999987,0.9999999999999998
PLATE-1,539,0.125,0.09817477042468108,0.7853981633974486,1.0000000000000009,0.9999999999999998
PLATE-1,540,0.12499999999999989,0.09817477042468097,0.7853981633974484,0.9999999999999987,0.9999999999999998
PLATE-1,541,0.12499999999999999,0.09817477042468102,0.7853981633974483,1.0,0.9999999999999998
PLATE-1,542,0.12499999999999994,0.09817477042468102,0.7853981633974485,1.0,0.9999999999999998
PLATE-1,543,0.12499999999999996,0.09817477042468103,0.7853981633974485,1.0000000000000004,0.9999999999999998
PLATE-1,544,0.12499999999999999,0.09817477042468101,0.7853981633974482,0.9999999999999998,0.9999999999999998
PLATE-1,545,0.12499999999999999,0.09817477042468101,0.7853981633974482,0.9999999999999998,0.9999999999999998
PLATE-1,546,0.12499999999999997,0.09817477042468108,0.7853981633974488,1.0000000000000009,0.9999999999999998
PLATE-1,547,0.12499999999999992,0.09817477042468101,0.7853981633974486,0.9999999999999998,0.9999999999999998
PLATE-1,548,0.12499999999999997,0.09817477042468101,0.7853981633974483,0.9999999999999998,0.9999999999999998
PLATE-1,549,0.12500000000000003,0.09817477042468101,0.7853981633974478,0.9999999999999998,0.9999999999999998
PLATE-1,550,0.12499999999999993,0.09817477042468101,0.7853981633974485,0.9999999999999998,0.9999999999999998
PLATE-1,551,0.12500000000000006,0.09817477042468108,0.7853981633974483,1.0000000000000009,0.9999999999999998
PLATE-1,552,0.125,0.09817477042468108,0.7853981633974486,1.0000000000000009,0.9999999999999998
PLATE-1,553,0.12499999999999979,0.09817477042468097,0.7853981633974491,0.9999999999999987,0.9999999999999998
PLATE-1,554,0.12500000000000006,0.09817477042468108,0.7853981633974483,1.0000000000000009,0.9999999999999998
PLATE-1,555,0.12499999999999988,0.09817477042468097,0.7853981633974485,0.9999999999999987,0.9999999999999998
PLATE-1,556,0.12499999999999988,0.09817477042468108,0.7853981633974494,1.0000000000000009,0.9999999999999998
PLATE-1,557,0.12499999999999993,0.09817477042468108,0.7853981633974491,1.0000000000000009,0.9999999999999998
PLATE-1,558,0.12500000000000006,0.09817477042468097,0.7853981633974474,0.9999999999999987,0.9999999999999998
PLATE-1,559,0.12499999999999999,0.09817477042468108,0.7853981633974487,1.0000000000000009,0.9999999999999998
PLATE-1,560,0.12499999999999988,0.09817477042468097,0.7853981633974485,0.9999999999999987,0.9999999999999998
PLATE-1,561,0.12500000000000003,0.09817477042468102,0.785398163397448,1.0,0.9999999999999998
PLATE-1,562,0.12499999999999994,0.09817477042468102,0.7853981633974485,1.0,0.9999999999999998
PLATE-1,563,0.125,0.09817477042468103,0.7853981633974483,1.0000000000000004,0.9999999999999998
PLATE-1,564,0.12499999999999999,0.09817477042468101,0.7853981633974482,0.9999999999999998,0.9999999999999998
PLATE-1,565,0.125,0.09817477042468101,0.7853981633974481,0.9999999999999998,0.9999999999999998
PLATE-1,566,0.12500000000000006,0.09817477042468108,0.7853981633974483,1.0000000000000009,0.9999999999999998
PLATE-1,567,0.125,0.09817477042468101,0.7853981633974481,0.9999999999999998,0.9999999999999998
PLATE-1,568,0.12500000000000003,0.09817477042468101,0.7853981633974478,0.9999999999999998,0.9999999999999998
PLATE-1,569,0.12500000000000006,0.09817477042468101,0.7853981633974477,0.9999999999999998,0.9999999999999998
PLATE-1,570,0.12499999999999997,0.09817477042468101,0.7853981633974483,0.9999999999999998,0.9999999999999998
PLATE-1,571,0.12500000000000014,0.09817477042468108,0.7853981633974477,1.0000000000000009,0.9999999999999998
PLATE-1,572,0.12500000000000008,0.09817477042468108,0.7853981633974481,1.0000000000000009,0.9999999999999998
PLATE-1,573,0.12499999999999983,0.09817477042468097,0.7853981633974487,0.9999999999999987,0.9999999999999998
PLATE-1,574,0.12500000000000008,0.09817477042468108,0.7853981633974481,1.0000000000000009,0.9999999999999998
PLATE-1,575,0.12499999999999992,0.09817477042468097,0.7853981633974483,0.9999999999999987,0.9999999999999998
PLATE-1,576,0.12499999999999992,0.09817477042468108,0.7853981633974492,1.0000000000000009,0.9999999999999998
PLATE-1,577,0.12499999999999997,0.09817477042468108,0.7853981633974488,1.0000000000000009,0.9999999999999998
PLATE-1,578,0.12500000000000008,0.09817477042468097,0.7853981633974472,0.9999999999999987,0.9999999999999998
PLATE-1,579,0.12500000000000003,0.09817477042468108,0.7853981633974484,1.0000000000000009,0.9999999999999998
PLATE-1,580,0.12499999999999992,0.09817477042468097,0.7853981633974483,0.9999999999999987,0.9999999999999998
PLATE-1,581,0.12499999999999999,0.09817477042468102,0.7853981633974483,1.0,0.9999999999999998
PLATE-1,582,0.12499999999999989,0.09817477042468102,0.7853981633974488,1.0,0.9999999999999998
PLATE-1,583,0.12499999999999996,0.09817477042468103,0.7853981633974485,1.0000000000000004,0.9999999999999998
PLATE-1,584,0.12499999999999992,0.09817477042468101,0.7853981633974486,0.9999999999999998,0.9999999999999998
PLATE-1,585,0.12499999999999996,0.09817477042468101,0.7853981633974483,0.9999999999999998,0.9999999999999998
PLATE-1,586,0.12499999999999997,0.09817477042468108,0.7853981633974488,1.0000000000000009,0.9999999999999998
PLATE-1,587,0.12499999999999992,0.09817477042468101,0.7853981633974486,0.9999999999999998,0.9999999999999998
PLATE-1,588,0.12499999999999994,0.09817477042468101,0.7853981633974484,0.9999999999999998,0.9999999999999998
PLATE-1,589,0.12500000000000003,0.09817477042468101,0.7853981633974478,0.9999999999999998,0.9999999999999998
PLATE-1,590,0.12499999999999993,0.09817477042468101,0.7853981633974485,0.9999999999999998,0.9999999999999998
PLATE-1,591,0.12500000000000006,0.09817477042468108,0.7853981633974483,1.0000000000000009,0.9999999999999998
PLATE-1,592,0.125,0.09817477042468108,0.7853981633974486,1.0000000000000009,0.9999999999999998
PLATE-1,593,0.12499999999999979,0.09817477042468097,0.7853981633974491,0.9999999999999987,0.9999999999999998
PLATE-1,594,0.12500000000000006,0.09817477042468108,0.7853981633974483,1.0000000000000009,0.9999999999999998
PLATE-1,595,0.12499999999999988,0.09817477042468097,0.7853981633974485,0.9999999999999987,0.9999999999999998
PLATE-1,596,0.12499999999999988,0.09817477042468108,0.7853981633974494,1.0000000000000009,0.9999999999999998
PLATE-1,597,0.12499999999999993,0.09817477042468108,0.7853981633974491,1.0000000000000009,0.9999999999999998
PLATE-1,598,0.12500000000000006,0.09817477042468097,0.7853981633974474,0.9999999999999987,0.9999999999999998
PLATE-1,599,0.12499999999999999,0.09817477042468108,0.7853981633974487,1.0000000000000009,0.9999999999999998
PLATE-1,600,0.12499999999999988,0.09817477042468097,0.7853981633974485,0.9999999999999987,0.9999999999999998
PLATE-1,601,0.1250000000000002,0.09817477042468108,0.7853981633974474,1.0,1.0000000000000009
PLATE-1,602,0.12500000000000006,0.09817477042468108,0.7853981633974483,1.0,1.0000000000000009
PLATE-1,603,0.12500000000000017,0.0981747704246811,0.7853981633974478,1.0000000000000004,1.0000000000000009
PLATE-1,604,0.1250000000000001,0.09817477042468108,0.785398163397448,0.9999999999999998,1.0000000000000009
PLATE-1,605,0.12500000000000017,0.09817477042468108,0.7853981633974476,0.9999999999999998,1.0000000000000009
PLATE-1,606,0.12500000000000017,0.09817477042468112,0.785398163397448,1.0000000000000009,1.0000000000000009
PLATE-1,607,0.1250000000000001,0.09817477042468108,0.785398163397448,0.9999999999999998,1.0000000000000009
PLATE-1,608,0.12500000000000014,0.09817477042468108,0.7853981633974477,0.9999999999999998,1.0000000000000009
PLATE-1,609,0.12500000000000022,0.09817477042468108,0.7853981633974472,0.9999999999999998,1.0000000000000009
PLATE-1,610,0.12500000000000014,0.09817477042468108,0.7853981633974477,0.9999999999999998,1.0000000000000009
PLATE-1,611,0.12500000000000025,0.09817477042468112,0.7853981633974474,1.0000000000000009,1.0000000000000009
PLATE-1,612,0.1250000000000002,0.09817477042468112,0.7853981633974477,1.0000000000000009,1.0000000000000009
PLATE-1,613,0.12499999999999996,0.09817477042468101,0.7853981633974483,0.9999999999999987,1.0000000000000009
PLATE-1,614,0.12500000000000025,0.09817477042468112,0.7853981633974474,1.0000000000000009,1.0000000000000009
PLATE-1,615,0.12500000000000008,0.09817477042468101,0.7853981633974475,0.9999999999999987,1.0000000000000009
PLATE-1,616,0.12500000000000006,0.09817477042468112,0.7853981633974486,1.0000000000000009,1.0000000000000009
PLATE-1,617,0.1250000000000001,0.09817477042468112,0.7853981633974483,1.0000000000000009,1.0000000000000009
PLATE-1,618,0.12500000000000025,0.09817477042468101,0.7853981633974465,0.9999999999999987,1.0000000000000009
PLATE-1,619,0.1250000000000002,0.09817477042468112,0.7853981633974477,1.0000000000000009,1.0000000000000009
PLATE-1,620,0.12500000000000008,0.09817477042468101,0.7853981633974475,0.9999999999999987,1.0000000000000009
PLATE-1,621,0.1250000000000001,0.09817477042468108,0.785398163397448,1.0,1.0000000000000009
PLATE-1,622,0.12500000000000003,0.09817477042468108,0.7853981633974484,1.0,1.0000000000000009
PLATE-1,623,0.12500000000000008,0.0981747704246811,0.7853981633974483,1.0000000000000004,1.0000000000000009
PLATE-1,624,0.12500000000000006,0.09817477042468108,0.7853981633974483,0.9999999999999998,1.0000000000000009
PLATE-1,625,0.12500000000000008,0.09817477042468108,0.7853981633974481,0.9999999999999998,1.0000000000000009
PLATE-1,626,0.12500000000000008,0.09817477042468112,0.7853981633974484,1.0000000000000009,1.0000000000000009
PLATE-1,627,0.12500000000000003,0.09817477042468108,0.7853981633974484,0.9999999999999998,1.0000000000000009
PLATE-1,628,0.12500000000000008,0.09817477042468108,0.7853981633974481,0.9999999999999998,1.0000000000000009
PLATE-1,629,0.12500000000000014,0.09817477042468108,0.7853981633974477,0.9999999999999998,1.0000000000000009
PLATE-1,630,0.12500000000000006,0.09817477042468108,0.7853981633974483,0.9999999999999998,1.0000000000000009
PLATE-1,631,0.12500000000000022,0.09817477042468112,0.7853981633974475,1.0000000000000009,1.0000000000000009
PLATE-1,632,0.12500000000000014,0.09817477042468112,0.7853981633974481,1.0000000000000009,1.0000000000000009
PLATE-1,633,0.12499999999999989,0.09817477042468101,0.7853981633974487,0.9999999999999987,1.0000000000000009
PLATE-1,634,0.12500000000000017,0.09817477042468112,0.785398163397448,1.0000000000000009,1.0000000000000009
PLATE-1,635,0.125,0.09817477042468101,0.7853981633974481,0.9999999999999987,1.0000000000000009
PLATE-1,636,0.125,0.09817477042468112,0.785398163397449,1.0000000000000009,1.0000000000000009
PLATE-1,637,0.12500000000000006,0.09817477042468112,0.7853981633974486,1.0000000000000009,1.0000000000000009
PLATE-1,638,0.12500000000000017,0.09817477042468101,0.7853981633974471,0.9999999999999987,1.0000000000000009
PLATE-1,639,0.1250000000000001,0.09817477042468112,0.7853981633974483,1.0000000000000009,1.0000000000000009
PLATE-1,640,0.125,0.09817477042468101,0.7853981633974481,0.9999999999999987,1.0000000000000009
PLATE-1,641,0.12499999999999986,0.09817477042468097,0.7853981633974486,1.0,0.9999999999999987
PLATE-1,642,0.12499999999999978,0.09817477042468097,0.7853981633974492,1.0,0.9999999999999987
PLATE-1,643,0.12499999999999983,0.098174770424681,0.785398163397449,1.0000000000000004,0.9999999999999987
PLATE-1,644,0.1249999999999998,0.09817477042468097,0.785398163397449,0.9999999999999998,0.9999999999999987
PLATE-1,645,0.12499999999999983,0.09817477042468097,0.7853981633974487,0.9999999999999998,0.9999999999999987
PLATE-1,646,0.12499999999999986,0.09817477042468101,0.785398163397449,1.0000000000000009,0.9999999999999987
PLATE-1,647,0.1249999999999998,0.09817477042468097,0.785398163397449,0.9999999999999998,0.9999999999999987
PLATE-1,648,0.12499999999999983,0.09817477042468097,0.7853981633974487,0.9999999999999998,0.9999999999999987
PLATE-1,649,0.12499999999999989,0.09817477042468097,0.7853981633974484,0.9999999999999998,0.9999999999999987
PLATE-1,650,0.1249999999999998,0.09817477042468097,0.785398163397449,0.9999999999999998,0.9999999999999987
PLATE-1,651,0.12499999999999994,0.09817477042468101,0.7853981633974484,1.0000000000000009,0.9999999999999987
PLATE-1,652,0.12499999999999989,0.09817477042468101,0.7853981633974487,1.0000000000000009,0.9999999999999987
PLATE-1,653,0.12499999999999967,0.09817477042468091,0.7853981633974494,0.9999999999999987,0.9999999999999987
PLATE-1,654,0.12499999999999992,0.09817477042468101,0.7853981633974486,1.0000000000000009,0.9999999999999987
PLATE-1,655,0.12499999999999975,0.09817477042468091,0.7853981633974488,0.9999999999999987,0.9999999999999987
PLATE-1,656,0.12499999999999975,0.09817477042468101,0.7853981633974496,1.0000000000000009,0.9999999999999987
PLATE-1,657,0.1249999999999998,0.09817477042468101,0.7853981633974493,1.0000000000000009,0.9999999999999987
PLATE-1,658,0.12499999999999994,0.09817477042468091,0.7853981633974476,0.9999999999999987,0.9999999999999987
PLATE-1,659,0.12499999999999986,0.09817477042468101,0.785398163397449,1.0000000000000009,0.9999999999999987
PLATE-1,660,0.12499999999999975,0.09817477042468091,0.7853981633974488,0.9999999999999987,0.9999999999999987
PLATE-1,661,0.1250000000000002,0.09817477042468108,0.7853981633974474,1.0,1.0000000000000009
PLATE-1,662,0.12500000000000006,0.09817477042468108,0.7853981633974483,1.0,1.0000000000000009
PLATE-1,663,0.12500000000000017,0.0981747704246811,0.7853981633974478,1.0000000000000004,1.0000000000000009
PLATE-1,664,0.1250000000000001,0.09817477042468108,0.785398163397448,0.9999999999999998,1.0000000000000009
PLATE-1,665,0.12500000000000017,0.09817477042468108,0.7853981633974476,0.9999999999999998,1.0000000000000009
PLATE-1,666,0.12500000000000017,0.09817477042468112,0.785398163397448,1.0000000000000009,1.0000000000000009
PLATE-1,667,0.1250000000000001,0.09817477042468108,0.785398163397448,0.9999999999999998,1.0000000000000009
PLATE-1,668,0.12500000000000014,0.09817477042468108,0.7853981633974477,0.9999999999999998,1.0000000000000009
PLATE-1,669,0.12500000000000022,0.09817477042468108,0.7853981633974472,0.9999999999999998,1.0000000000000009
PLATE-1,670,0.12500000000000014,0.09817477042468108,0.7853981633974477,0.9999999999999998,1.0000000000000009
PLATE-1,671,0.12500000000000025,0.09817477042468112,0.7853981633974474,1.0000000000000009,1.0000000000000009
PLATE-1,672,0.1250000000000002,0.09817477042468112,0.7853981633974477,1.0000000000000009,1.0000000000000009
PLATE-1,673,0.12499999999999996,0.09817477042468101,0.7853981633974483,0.9999999999999987,1.0000000000000009
PLATE-1,674,0.12500000000000025,0.09817477042468112,0.7853981633974474,1.0000000000000009,1.0000000000000009
PLATE-1,675,0.12500000000000008,0.09817477042468101,0.7853981633974475,0.9999999999999987,1.0000000000000009
PLATE-1,676,0.12500000000000006,0.09817477042468112,0.7853981633974486,1.0000000000000009,1.0000000000000009
PLATE-1,677,0.1250000000000001,0.09817477042468112,0.7853981633974483,1.0000000000000009,1.0000000000000009
PLATE-1,678,0.12500000000000025,0.09817477042468101,0.7853981633974465,0.9999999999999987,1.0000000000000009
PLATE-1,679,0.1250000000000002,0.09817477042468112,0.7853981633974477,1.0000000000000009,1.0000000000000009
PLATE-1,680,0.12500000000000008,0.09817477042468101,0.7853981633974475,0.9999999999999987,1.0000000000000009
PLATE-1,681,0.12499999999999992,0.09817477042468097,0.7853981633974483,1.0,0.9999999999999987
PLATE-1,682,0.12499999999999983,0.09817477042468097,0.7853981633974487,1.0,0.9999999999999987
PLATE-1,683,0.12499999999999989,0.098174770424681,0.7853981633974486,1.0000000000000004,0.9999999999999987
PLATE-1,684,0.12499999999999986,0.09817477042468097,0.7853981633974486,0.9999999999999998,0.9999999999999987
PLATE-1,685,0.12499999999999989,0.09817477042468097,0.7853981633974484,0.9999999999999998,0.9999999999999987
PLATE-1,686,0.12499999999999992,0.09817477042468101,0.7853981633974486,1.0000000000000009,0.9999999999999987
PLATE-1,687,0.12499999999999986,0.09817477042468097,0.7853981633974486,0.9999999999999998,0.9999999999999987
PLATE-1,688,0.12499999999999989,0.09817477042468097,0.7853981633974484,0.9999999999999998,0.9999999999999987
PLATE-1,689,0.12499999999999994,0.09817477042468097,0.7853981633974481,0.9999999999999998,0.9999999999999987
PLATE-1,690,0.12499999999999986,0.09817477042468097,0.7853981633974486,0.9999999999999998,0.9999999999999987
PLATE-1,691,0.12500000000000003,0.09817477042468101,0.7853981633974478,1.0000000000000009,0.9999999999999987
PLATE-1,692,0.12499999999999994,0.09817477042468101,0.7853981633974484,1.0000000000000009,0.9999999999999987
PLATE-1,693,0.12499999999999972,0.09817477042468091,0.7853981633974491,0.9999999999999987,0.9999999999999987
PLATE-1,694,0.12499999999999997,0.09817477042468101,0.7853981633974483,1.0000000000000009,0.9999999999999987
PLATE-1,695,0.1249999999999998,0.09817477042468091,0.7853981633974485,0.9999999999999987,0.9999999999999987
PLATE-1,696,0.1249999999999998,0.09817477042468101,0.7853981633974493,1.0000000000000009,0.9999999999999987
PLATE-1,697,0.12499999999999986,0.09817477042468101,0.785398163397449,1.0000000000000009,0.9999999999999987
PLATE-1,698,0.12499999999999997,0.09817477042468091,0.7853981633974475,0.9999999999999987,0.9999999999999987
PLATE-1,699,0.12499999999999992,0.09817477042468101,0.7853981633974486,1.0000000000000009,0.9999999999999987
PLATE-1,700,0.1249999999999998,0.09817477042468091,0.7853981633974485,0.9999999999999987,0.9999999999999987
PLATE-1,701,0.12500000000000003,0.09817477042468108,0.7853981633974484,1.0,1.0000000000000009
PLATE-1,702,0.12499999999999994,0.09817477042468108,0.785398163397449,1.0,1.0000000000000009
PLATE-1,703,0.125,0.0981747704246811,0.7853981633974488,1.0000000000000004,1.0000000000000009
PLATE-1,704,0.12499999999999999,0.09817477042468108,0.7853981633974487,0.9999999999999998,1.0000000000000009
PLATE-1,705,0.125,0.09817477042468108,0.7853981633974486,0.9999999999999998,1.0000000000000009
PLATE-1,706,0.12500000000000006,0.09817477042468112,0.7853981633974486,1.0000000000000009,1.0000000000000009
PLATE-1,707,0.125,0.09817477042468108,0.7853981633974486,0.9999999999999998,1.0000000000000009
PLATE-1,708,0.12500000000000003,0.09817477042468108,0.7853981633974484,0.9999999999999998,1.0000000000000009
PLATE-1,709,0.12500000000000006,0.09817477042468108,0.7853981633974483,0.9999999999999998,1.0000000000000009
PLATE-1,710,0.12499999999999997,0.09817477042468108,0.7853981633974488,0.9999999999999998,1.0000000000000009
PLATE-1,711,0.12500000000000014,0.09817477042468112,0.7853981633974481,1.0000000000000009,1.0000000000000009
PLATE-1,712,0.12500000000000008,0.09817477042468112,0.7853981633974484,1.0000000000000009,1.0000000000000009
PLATE-1,713,0.12499999999999983,0.09817477042468101,0.7853981633974491,0.9999999999999987,1.0000000000000009
PLATE-1,714,0.12500000000000008,0.09817477042468112,0.7853981633974484,1.0000000000000009,1.0000000000000009
PLATE-1,715,0.12499999999999992,0.09817477042468101,0.7853981633974486,0.9999999999999987,1.0000000000000009
PLATE-1,716,0.12499999999999992,0.09817477042468112,0.7853981633974495,1.0000000000000009,1.0000000000000009
PLATE-1,717,0.12499999999999997,0.09817477042468112,0.7853981633974492,1.0000000000000009,1.0000000000000009
PLATE-1,718,0.12500000000000008,0.09817477042468101,0.7853981633974475,0.9999999999999987,1.0000000000000009
PLATE-1,719,0.12500000000000003,0.09817477042468112,0.7853981633974487,1.0000000000000009,1.0000000000000009
PLATE-1,720,0.12499999999999992,0.09817477042468101,0.7853981633974486,0.9999999999999987,1.0000000000000009
PLATE-1,721,0.12499999999999992,0.09817477042468108,0.7853981633974492,1.0,1.0000000000000009
PLATE-1,722,0.12499999999999983,0.09817477042468108,0.7853981633974496,1.0,1.0000000000000009
PLATE-1,723,0.12499999999999989,0.0981747704246811,0.7853981633974495,1.0000000000000004,1.0000000000000009
PLATE-1,724,0.12499999999999988,0.09817477042468108,0.7853981633974494,0.9999999999999998,1.0000000000000009
PLATE-1,725,0.12499999999999989,0.09817477042468108,0.7853981633974493,0.9999999999999998,1.0000000000000009
PLATE-1,726,0.12499999999999992,0.09817477042468112,0.7853981633974495,1.0000000000000009,1.0000000000000009
PLATE-1,727,0.12499999999999986,0.09817477042468108,0.7853981633974495,0.9999999999999998,1.0000000000000009
PLATE-1,728,0.1249999999999999,0.09817477042468108,0.7853981633974492,0.9999999999999998,1.0000000000000009
PLATE-1,729,0.12499999999999994,0.09817477042468108,0.785398163397449,0.9999999999999998,1.0000000000000009
PLATE-1,730,0.12499999999999986,0.09817477042468108,0.7853981633974495,0.9999999999999998,1.0000000000000009
PLATE-1,731,0.12500000000000003,0.09817477042468112,0.7853981633974487,1.0000000000000009,1.0000000000000009
PLATE-1,732,0.12499999999999996,0.09817477042468112,0.7853981633974492,1.0000000000000009,1.0000000000000009
PLATE-1,733,0.12499999999999972,0.09817477042468101,0.7853981633974498,0.9999999999999987,1.0000000000000009
PLATE-1,734,0.12499999999999997,0.09817477042468112,0.7853981633974492,1.0000000000000009,1.0000000000000009
PLATE-1,735,0.1249999999999998,0.09817477042468101,0.7853981633974493,0.9999999999999987,1.0000000000000009
PLATE-1,736,0.1249999999999998,0.09817477042468112,0.7853981633974502,1.0000000000000009,1.0000000000000009
PLATE-1,737,0.12499999999999986,0.09817477042468112,0.7853981633974498,1.0000000000000009,1.0000000000000009
PLATE-1,738,0.12499999999999997,0.09817477042468101,0.7853981633974483,0.9999999999999987,1.0000000000000009
PLATE-1,739,0.12499999999999992,0.09817477042468112,0.7853981633974495,1.0000000000000009,1.0000000000000009
PLATE-1,740,0.1249999999999998,0.09817477042468101,0.7853981633974493,0.9999999999999987,1.0000000000000009
PLATE-1,741,0.12500000000000003,0.09817477042468097,0.7853981633974475,1.0,0.9999999999999987
PLATE-1,742,0.12499999999999994,0.09817477042468097,0.7853981633974481,1.0,0.9999999999999987
PLATE-1,743,0.125,0.098174770424681,0.785398163397448,1.0000000000000004,0.9999999999999987
PLATE-1,744,0.12499999999999999,0.09817477042468097,0.7853981633974478,0.9999999999999998,0.9999999999999987
PLATE-1,745,0.125,0.09817477042468097,0.7853981633974477,0.9999999999999998,0.9999999999999987
PLATE-1,746,0.12500000000000006,0.09817477042468101,0.7853981633974477,1.0000000000000009,0.9999999999999987
PLATE-1,747,0.125,0.09817477042468097,0.7853981633974477,0.9999999999999998,0.9999999999999987
PLATE-1,748,0.12500000000000003,0.09817477042468097,0.7853981633974475,0.9999999999999998,0.9999999999999987
PLATE-1,749,0.12500000000000006,0.09817477042468097,0.7853981633974474,0.9999999999999998,0.9999999999999987
PLATE-1,750,0.12499999999999997,0.09817477042468097,0.785398163397448,0.9999999999999998,0.9999999999999987
PLATE-1,751,0.12500000000000014,0.09817477042468101,0.7853981633974472,1.0000000000000009,0.9999999999999987
PLATE-1,752,0.12500000000000008,0.09817477042468101,0.7853981633974475,1.0000000000000009,0.9999999999999987
PLATE-1,753,0.12499999999999983,0.09817477042468091,0.7853981633974483,0.9999999999999987,0.9999999999999987
PLATE-1,754,0.12500000000000008,0.09817477042468101,0.7853981633974475,1.0000000000000009,0.9999999999999987
PLATE-1,755,0.12499999999999992,0.09817477042468091,0.7853981633974478,0.9999999999999987,0.9999999999999987
PLATE-1,756,0.12499999999999992,0.09817477042468101,0.7853981633974486,1.0000000000000009,0.9999999999999987
PLATE-1,757,0.12499999999999997,0.09817477042468101,0.7853981633974483,1.0000000000000009,0.9999999999999987
PLATE-1,758,0.12500000000000008,0.09817477042468091,0.7853981633974467,0.9999999999999987,0.9999999999999987
PLATE-1,759,0.12500000000000003,0.09817477042468101,0.7853981633974478,1.0000000000000009,0.9999999999999987
PLATE-1,760,0.12499999999999992,0.09817477042468091,0.7853981633974478,0.9999999999999987,0.9999999999999987
PLATE-1,761,0.12500000000000003,0.09817477042468108,0.7853981633974484,1.0,1.0000000000000009
PLATE-1,762,0.12499999999999994,0.09817477042468108,0.785398163397449,1.0,1.0000000000000009
PLATE-1,763,0.125,0.0981747704246811,0.7853981633974488,1.0000000000000004,1.0000000000000009
PLATE-1,764,0.12499999999999999,0.09817477042468108,0.7853981633974487,0.9999999999999998,1.0000000000000009
PLATE-1,765,0.125,0.09817477042468108,0.7853981633974486,0.9999999999999998,1.0000000000000009
PLATE-1,766,0.12500000000000006,0.09817477042468112,0.7853981633974486,1.0000000000000009,1.0000000000000009
PLATE-1,767,0.125,0.09817477042468108,0.7853981633974486,0.9999999999999998,1.0000000000000009
PLATE-1,768,0.12500000000000003,0.09817477042468108,0.7853981633974484,0.9999999999999998,1.0000000000000009
PLATE-1,769,0.12500000000000006,0.09817477042468108,0.7853981633974483,0.9999999999999998,1.0000000000000009
PLATE-1,770,0.12499999999999997,0.09817477042468108,0.7853981633974488,0.9999999999999998,1.0000000000000009
PLATE-1,771,0.12500000000000014,0.09817477042468112,0.7853981633974481,1.0000000000000009,1.0000000000000009
PLATE-1,772,0.12500000000000008,0.09817477042468112,0.7853981633974484,1.0000000000000009,1.0000000000000009
PLATE-1,773,0.12499999999999983,0.09817477042468101,0.7853981633974491,0.9999999999999987,1.0000000000000009
PLATE-1,774,0.12500000000000008,0.09817477042468112,0.7853981633974484,1.0000000000000009,1.0000000000000009
PLATE-1,775,0.12499999999999992,0.09817477042468101,0.7853981633974486,0.9999999999999987,1.0000000000000009
PLATE-1,776,0.12499999999999992,0.09817477042468112,0.7853981633974495,1.0000000000000009,1.0000000000000009
PLATE-1,777,0.12499999999999997,0.09817477042468112,0.7853981633974492,1.0000000000000009,1.0000000000000009
PLATE-1,778,0.12500000000000008,0.09817477042468101,0.7853981633974475,0.9999999999999987,1.0000000000000009
PLATE-1,779,0.12500000000000003,0.09817477042468112,0.7853981633974487,1.0000000000000009,1.0000000000000009
PLATE-1,780,0.12499999999999992,0.09817477042468101,0.7853981633974486,0.9999999999999987,1.0000000000000009
PLATE-1,781,0.1249999999999998,0.09817477042468097,0.785398163397449,1.0,0.9999999999999987
PLATE-1,782,0.12499999999999972,0.09817477042468097,0.7853981633974495,1.0,0.9999999999999987
PLATE-1,783,0.12499999999999978,0.098174770424681,0.7853981633974494,1.0000000000000004,0.9999999999999987
PLATE-1,784,0.12499999999999976,0.09817477042468097,0.7853981633974492,0.9999999999999998,0.9999999999999987
PLATE-1,785,0.12499999999999978,0.09817477042468097,0.7853981633974492,0.9999999999999998,0.9999999999999987
PLATE-1,786,0.1249999999999998,0.09817477042468101,0.7853981633974493,1.0000000000000009,0.9999999999999987
PLATE-1,787,0.12499999999999975,0.09817477042468097,0.7853981633974493,0.9999999999999998,0.9999999999999987
PLATE-1,788,0.12499999999999979,0.09817477042468097,0.7853981633974491,0.9999999999999998,0.9999999999999987
PLATE-1,789,0.12499999999999983,0.09817477042468097,0.7853981633974487,0.9999999999999998,0.9999999999999987
PLATE-1,790,0.12499999999999975,0.09817477042468097,0.7853981633974493,0.9999999999999998,0.9999999999999987
PLATE-1,791,0.1249999999999999,0.09817477042468101,0.7853981633974486,1.0000000000000009,0.9999999999999987
PLATE-1,792,0.12499999999999985,0.09817477042468101,0.7853981633974491,1.0000000000000009,0.9999999999999987
PLATE-1,793,0.12499999999999961,0.09817477042468091,0.7853981633974497,0.9999999999999987,0.9999999999999987
PLATE-1,794,0.12499999999999986,0.09817477042468101,0.785398163397449,1.0000000000000009,0.9999999999999987
PLATE-1,795,0.1249999999999997,0.09817477042468091,0.7853981633974492,0.9999999999999987,0.9999999999999987
PLATE-1,796,0.1249999999999997,0.09817477042468101,0.7853981633974499,1.0000000000000009,0.9999999999999987
PLATE-1,797,0.12499999999999975,0.09817477042468101,0.7853981633974496,1.0000000000000009,0.9999999999999987
PLATE-1,798,0.12499999999999986,0.09817477042468091,0.7853981633974482,0.9999999999999987,0.9999999999999987
PLATE-1,799,0.1249999999999998,0.09817477042468101,0.7853981633974493,1.0000000000000009,0.9999999999999987
PLATE-1,800,0.1249999999999997,0.09817477042468091,0.7853981633974492,0.9999999999999987,0.9999999999999987
PLATE-1,801,0.12500000000000003,0.09817477042468103,0.7853981633974481,1.0,1.0
PLATE-1,802,0.12499999999999994,0.09817477042468103,0.7853981633974486,1.0,1.0
PLATE-1,803,0.125,0.09817477042468106,0.7853981633974485,1.0000000000000004,1.0
PLATE-1,804,0.12499999999999999,0.09817477042468102,0.7853981633974483,0.9999999999999998,1.0
PLATE-1,805,0.125,0.09817477042468102,0.7853981633974482,0.9999999999999998,1.0
PLATE-1,806,0.12500000000000006,0.09817477042468108,0.7853981633974483,1.0000000000000009,1.0
PLATE-1,807,0.125,0.09817477042468102,0.7853981633974482,0.9999999999999998,1.0
PLATE-1,808,0.12500000000000003,0.09817477042468102,0.785398163397448,0.9999999999999998,1.0
PLATE-1,809,0.12500000000000006,0.09817477042468102,0.7853981633974478,0.9999999999999998,1.0
PLATE-1,810,0.12499999999999997,0.09817477042468102,0.7853981633974484,0.9999999999999998,1.0
PLATE-1,811,0.12500000000000014,0.09817477042468108,0.7853981633974477,1.0000000000000009,1.0
PLATE-1,812,0.12500000000000008,0.09817477042468108,0.7853981633974481,1.0000000000000009,1.0
PLATE-1,813,0.12499999999999983,0.09817477042468097,0.7853981633974487,0.9999999999999987,1.0
PLATE-1,814,0.12500000000000008,0.09817477042468108,0.7853981633974481,1.0000000000000009,1.0
PLATE-1,815,0.12499999999999992,0.09817477042468097,0.7853981633974483,0.9999999999999987,1.0
PLATE-1,816,0.12499999999999992,0.09817477042468108,0.7853981633974492,1.0000000000000009,1.0
PLATE-1,817,0.12499999999999997,0.09817477042468108,0.7853981633974488,1.0000000000000009,1.0
PLATE-1,818,0.12500000000000008,0.09817477042468097,0.7853981633974472,0.9999999999999987,1.0
PLATE-1,819,0.12500000000000003,0.09817477042468108,0.7853981633974484,1.0000000000000009,1.0
PLATE-1,820,0.12499999999999992,0.09817477042468097,0.7853981633974483,0.9999999999999987,1.0
PLATE-1,821,0.12499999999999992,0.09817477042468103,0.7853981633974488,1.0,1.0
PLATE-1,822,0.12499999999999992,0.09817477042468103,0.7853981633974488,1.0,1.0
PLATE-1,823,0.12499999999999992,0.09817477042468106,0.7853981633974491,1.0000000000000004,1.0
PLATE-1,824,0.12499999999999992,0.09817477042468102,0.7853981633974487,0.9999999999999998,1.0
PLATE-1,825,0.12499999999999992,0.09817477042468102,0.7853981633974487,0.9999999999999998,1.0
PLATE-1,826,0.12499999999999994,0.09817477042468108,0.785398163397449,1.0000000000000009,1.0
PLATE-1,827,0.12499999999999992,0.09817477042468102,0.7853981633974487,0.9999999999999998,1.0
PLATE-1,828,0.12499999999999992,0.09817477042468102,0.7853981633974487,0.9999999999999998,1.0
PLATE-1,829,0.12499999999999994,0.09817477042468102,0.7853981633974485,0.9999999999999998,1.0
PLATE-1,830,0.12499999999999986,0.09817477042468102,0.7853981633974491,0.9999999999999998,1.0
PLATE-1,831,0.12500000000000003,0.09817477042468108,0.7853981633974484,1.0000000000000009,1.0
PLATE-1,832,0.12499999999999994,0.09817477042468108,0.785398163397449,1.0000000000000009,1.0
PLATE-1,833,0.12499999999999972,0.09817477042468097,0.7853981633974495,0.9999999999999987,1.0
PLATE-1,834,0.12499999999999997,0.09817477042468108,0.7853981633974488,1.0000000000000009,1.0
PLATE-1,835,0.1249999999999998,0.09817477042468097,0.785398163397449,0.9999999999999987,1.0
PLATE-1,836,0.1249999999999998,0.09817477042468108,0.7853981633974498,1.0000000000000009,1.0
PLATE-1,837,0.12499999999999986,0.09817477042468108,0.7853981633974495,1.0000000000000009,1.0
PLATE-1,838,0.12499999999999997,0.09817477042468097,0.785398163397448,0.9999999999999987,1.0
PLATE-1,839,0.12499999999999992,0.09817477042468108,0.7853981633974492,1.0000000000000009,1.0
PLATE-1,840,0.1249999999999998,0.09817477042468097,0.785398163397449,0.9999999999999987,1.0
PLATE-1,841,0.125,0.09817477042468106,0.7853981633974485,1.0,1.0000000000000004
PLATE-1,842,0.12499999999999992,0.09817477042468106,0.7853981633974491,1.0,1.0000000000000004
PLATE-1,843,0.125,0.09817477042468108,0.7853981633974486,1.0000000000000004,1.0000000000000004
PLATE-1,844,0.12499999999999992,0.09817477042468103,0.7853981633974488,0.9999999999999998,1.0000000000000004
PLATE-1,845,0.12499999999999997,0.09817477042468103,0.7853981633974485,0.9999999999999998,1.0000000000000004
PLATE-1,846,0.12500000000000003,0.0981747704246811,0.7853981633974486,1.0000000000000009,1.0000000000000004
PLATE-1,847,0.125,0.09817477042468103,0.7853981633974483,0.9999999999999998,1.0000000000000004
PLATE-1,848,0.12499999999999994,0.09817477042468103,0.7853981633974486,0.9999999999999998,1.0000000000000004
PLATE-1,849,0.12500000000000003,0.09817477042468103,0.7853981633974481,0.9999999999999998,1.0000000000000004
PLATE-1,850,0.12499999999999994,0.09817477042468103,0.7853981633974486,0.9999999999999998,1.0000000000000004
PLATE-1,851,0.12500000000000006,0.0981747704246811,0.7853981633974485,1.0000000000000009,1.0000000000000004
PLATE-1,852,0.125,0.0981747704246811,0.7853981633974488,1.0000000000000009,1.0000000000000004
PLATE-1,853,0.12499999999999978,0.098174770424681,0.7853981633974494,0.9999999999999987,1.0000000000000004
PLATE-1,854,0.12500000000000006,0.0981747704246811,0.7853981633974485,1.0000000000000009,1.0000000000000004
PLATE-1,855,0.12499999999999989,0.098174770424681,0.7853981633974486,0.9999999999999987,1.0000000000000004
PLATE-1,856,0.12499999999999989,0.0981747704246811,0.7853981633974495,1.0000000000000009,1.0000000000000004
PLATE-1,857,0.12499999999999992,0.0981747704246811,0.7853981633974494,1.0000000000000009,1.0000000000000004
PLATE-1,858,0.12500000000000006,0.098174770424681,0.7853981633974476,0.9999999999999987,1.0000000000000004
PLATE-1,859,0.125,0.0981747704246811,0.7853981633974488,1.0000000000000009,1.0000000000000004
PLATE-1,860,0.12499999999999989,0.098174770424681,0.7853981633974486,0.9999999999999987,1.0000000000000004
PLATE-1,861,0.12499999999999999,0.09817477042468102,0.7853981633974483,1.0,0.9999999999999998
PLATE-1,862,0.12499999999999994,0.09817477042468102,0.7853981633974485,1.0,0.9999999999999998
PLATE-1,863,0.12499999999999996,0.09817477042468103,0.7853981633974485,1.0000000000000004,0.9999999999999998
PLATE-1,864,0.12499999999999994,0.09817477042468101,0.7853981633974484,0.9999999999999998,0.9999999999999998
PLATE-1,865,0.12499999999999996,0.09817477042468101,0.7853981633974483,0.9999999999999998,0.9999999999999998
PLATE-1,866,0.12499999999999997,0.09817477042468108,0.7853981633974488,1.0000000000000009,0.9999999999999998
PLATE-1,867,0.12499999999999992,0.09817477042468101,0.7853981633974486,0.9999999999999998,0.9999999999999998
PLATE-1,868,0.12499999999999994,0.09817477042468101,0.7853981633974484,0.9999999999999998,0.9999999999999998
PLATE-1,869,0.12500000000000003,0.09817477042468101,0.7853981633974478,0.9999999999999998,0.9999999999999998
PLATE-1,870,0.12499999999999993,0.09817477042468101,0.7853981633974485,0.9999999999999998,0.9999999999999998
PLATE-1,871,0.12500000000000006,0.09817477042468108,0.7853981633974483,1.0000000000000009,0.9999999999999998
PLATE-1,872,0.125,0.09817477042468108,0.7853981633974486,1.0000000000000009,0.9999999999999998
PLATE-1,873,0.12499999999999979,0.09817477042468097,0.7853981633974491,0.9999999999999987,0.9999999999999998
PLATE-1,874,0.12500000000000006,0.09817477042468108,0.7853981633974483,1.0000000000000009,0.9999999999999998
PLATE-1,875,0.12499999999999988,0.09817477042468097,0.7853981633974485,0.9999999999999987,0.9999999999999998
PLATE-1,876,0.12499999999999988,0.09817477042468108,0.7853981633974494,1.0000000000000009,0.9999999999999998
PLATE-1,877,0.12499999999999993,0.09817477042468108,0.7853981633974491,1.0000000000000009,0.9999999999999998
PLATE-1,878,0.12500000000000006,0.09817477042468097,0.7853981633974474,0.9999999999999987,0.9999999999999998
PLATE-1,879,0.12499999999999999,0.09817477042468108,0.7853981633974487,1.0000000000000009,0.9999999999999998
PLATE-1,880,0.12499999999999988,0.09817477042468097,0.7853981633974485,0.9999999999999987,0.9999999999999998
PLATE-1,881,0.12499999999999999,0.09817477042468102,0.7853981633974483,1.0,0.9999999999999998
PLATE-1,882,0.12499999999999994,0.09817477042468102,0.7853981633974485,1.0,0.9999999999999998
PLATE-1,883,0.12499999999999996,0.09817477042468103,0.7853981633974485,1.0000000000000004,0.9999999999999998
PLATE-1,884,0.12499999999999999,0.09817477042468101,0.7853981633974482,0.9999999999999998,0.9999999999999998
PLATE-1,885,0.12499999999999999,0.09817477042468101,0.7853981633974482,0.9999999999999998,0.9999999999999998
PLATE-1,886,0.12499999999999997,0.09817477042468108,0.7853981633974488,1.0000000000000009,0.9999999999999998
PLATE-1,887,0.12499999999999992,0.09817477042468101,0.7853981633974486,0.9999999999999998,0.9999999999999998
PLATE-1,888,0.12499999999999997,0.09817477042468101,0.7853981633974483,0.9999999999999998,0.9999999999999998
PLATE-1,889,0.12500000000000003,0.09817477042468101,0.7853981633974478,0.9999999999999998,0.9999999999999998
PLATE-1,890,0.12499999999999993,0.09817477042468101,0.7853981633974485,0.9999999999999998,0.9999999999999998
PLATE-1,891,0.12500000000000006,0.09817477042468108,0.7853981633974483,1.0000000000000009,0.9999999999999998
PLATE-1,892,0.125,0.09817477042468108,0.7853981633974486,1.0000000000000009,0.9999999999999998
PLATE-1,893,0.12499999999999979,0.09817477042468097,0.7853981633974491,0.9999999999999987,0.9999999999999998
PLATE-1,894,0.12500000000000006,0.09817477042468108,0.7853981633974483,1.0000000000000009,0.9999999999999998
PLATE-1,895,0.12499999999999988,0.09817477042468097,0.7853981633974485,0.9999999999999987,0.9999999999999998
PLATE-1,896,0.12499999999999988,0.09817477042468108,0.7853981633974494,1.0000000000000009,0.9999999999999998
PLATE-1,897,0.12499999999999993,0.09817477042468108,0.7853981633974491,1.0000000000000009,0.9999999999999998
PLATE-1,898,0.12500000000000006,0.09817477042468097,0.7853981633974474,0.9999999999999987,0.9999999999999998
PLATE-1,899,0.12499999999999999,0.09817477042468108,0.7853981633974487,1.0000000000000009,0.9999999999999998
PLATE-1,900,0.12499999999999988,0.09817477042468097,0.7853981633974485,0.9999999999999987,0.9999999999999998
PLATE-1,901,0.125,0.09817477042468108,0.7853981633974486,1.0,1.0000000000000009
PLATE-1,902,0.125,0.09817477042468108,0.7853981633974486,1.0,1.0000000000000009
PLATE-1,903,0.125,0.0981747704246811,0.7853981633974488,1.0000000000000004,1.0000000000000009
PLATE-1,904,0.125,0.09817477042468108,0.7853981633974486,0.9999999999999998,1.0000000000000009
PLATE-1,905,0.125,0.09817477042468108,0.7853981633974486,0.9999999999999998,1.0000000000000009
PLATE-1,906,0.12500000000000003,0.09817477042468112,0.7853981633974487,1.0000000000000009,1.0000000000000009
PLATE-1,907,0.125,0.09817477042468108,0.7853981633974486,0.9999999999999998,1.0000000000000009
PLATE-1,908,0.12499999999999997,0.09817477042468108,0.7853981633974488,0.9999999999999998,1.0000000000000009
PLATE-1,909,0.12500000000000003,0.09817477042468108,0.7853981633974484,0.9999999999999998,1.0000000000000009
PLATE-1,910,0.12499999999999994,0.09817477042468108,0.785398163397449,0.9999999999999998,1.0000000000000009
PLATE-1,911,0.12500000000000006,0.09817477042468112,0.7853981633974486,1.0000000000000009,1.0000000000000009
PLATE-1,912,0.125,0.09817477042468112,0.785398163397449,1.0000000000000009,1.0000000000000009
PLATE-1,913,0.12499999999999978,0.09817477042468101,0.7853981633974495,0.9999999999999987,1.0000000000000009
PLATE-1,914,0.12500000000000006,0.09817477042468112,0.7853981633974486,1.0000000000000009,1.0000000000000009
PLATE-1,915,0.12499999999999989,0.09817477042468101,0.7853981633974487,0.9999999999999987,1.0000000000000009
PLATE-1,916,0.12499999999999989,0.09817477042468112,0.7853981633974496,1.0000000000000009,1.0000000000000009
PLATE-1,917,0.12499999999999992,0.09817477042468112,0.7853981633974495,1.0000000000000009,1.0000000000000009
PLATE-1,918,0.12500000000000006,0.09817477042468101,0.7853981633974477,0.9999999999999987,1.0000000000000009
PLATE-1,919,0.125,0.09817477042468112,0.785398163397449,1.0000000000000009,1.0000000000000009
PLATE-1,920,0.12499999999999989,0.09817477042468101,0.7853981633974487,0.9999999999999987,1.0000000000000009
PLATE-1,921,0.125,0.09817477042468102,0.7853981633974482,1.0,0.9999999999999998
PLATE-1,922,0.12499999999999992,0.09817477042468102,0.7853981633974487,1.0,0.9999999999999998
PLATE-1,923,0.125,0.09817477042468103,0.7853981633974483,1.0000000000000004,0.9999999999999998
PLATE-1,924,0.12499999999999992,0.09817477042468101,0.7853981633974486,0.9999999999999998,0.9999999999999998
PLATE-1,925,0.12499999999999997,0.09817477042468101,0.7853981633974483,0.9999999999999998,0.9999999999999998
PLATE-1,926,0.12500000000000003,0.09817477042468108,0.7853981633974484,1.0000000000000009,0.9999999999999998
PLATE-1,927,0.125,0.09817477042468101,0.7853981633974481,0.9999999999999998,0.9999999999999998
PLATE-1,928,0.12499999999999994,0.09817477042468101,0.7853981633974484,0.9999999999999998,0.9999999999999998
PLATE-1,929,0.12500000000000003,0.09817477042468101,0.7853981633974478,0.9999999999999998,0.9999999999999998
PLATE-1,930,0.12499999999999994,0.09817477042468101,0.7853981633974484,0.9999999999999998,0.9999999999999998
PLATE-1,931,0.12500000000000006,0.09817477042468108,0.7853981633974483,1.0000000000000009,0.9999999999999998
PLATE-1,932,0.125,0.09817477042468108,0.7853981633974486,1.0000000000000009,0.9999999999999998
PLATE-1,933,0.12499999999999978,0.09817477042468097,0.7853981633974492,0.9999999999999987,0.9999999999999998
PLATE-1,934,0.12500000000000006,0.09817477042468108,0.7853981633974483,1.0000000000000009,0.9999999999999998
PLATE-1,935,0.12499999999999989,0.09817477042468097,0.7853981633974484,0.9999999999999987,0.9999999999999998
PLATE-1,936,0.12499999999999989,0.09817477042468108,0.7853981633974493,1.0000000000000009,0.9999999999999998
PLATE-1,937,0.12499999999999992,0.09817477042468108,0.7853981633974492,1.0000000000000009,0.9999999999999998
PLATE-1,938,0.12500000000000006,0.09817477042468097,0.7853981633974474,0.9999999999999987,0.9999999999999998
PLATE-1,939,0.125,0.09817477042468108,0.7853981633974486,1.0000000000000009,0.9999999999999998
PLATE-1,940,0.12499999999999989,0.09817477042468097,0.7853981633974484,0.9999999999999987,0.9999999999999998
PLATE-1,941,0.12499999999999999,0.09817477042468102,0.7853981633974483,1.0,0.9999999999999998
PLATE-1,942,0.12499999999999994,0.09817477042468102,0.7853981633974485,1.0,0.9999999999999998
PLATE-1,943,0.12499999999999996,0.09817477042468103,0.7853981633974485,1.0000000000000004,0.9999999999999998
PLATE-1,944,0.12499999999999999,0.09817477042468101,0.7853981633974482,0.9999999999999998,0.9999999999999998
PLATE-1,945,0.12499999999999999,0.09817477042468101,0.7853981633974482,0.9999999999999998,0.9999999999999998
PLATE-1,946,0.12499999999999997,0.09817477042468108,0.7853981633974488,1.0000000000000009,0.9999999999999998
PLATE-1,947,0.12499999999999992,0.09817477042468101,0.7853981633974486,0.9999999999999998,0.9999999999999998
PLATE-1,948,0.12499999999999997,0.09817477042468101,0.7853981633974483,0.9999999999999998,0.9999999999999998
PLATE-1,949,0.12500000000000003,0.09817477042468101,0.7853981633974478,0.9999999999999998,0.9999999999999998
PLATE-1,950,0.12499999999999993,0.09817477042468101,0.7853981633974485,0.9999999999999998,0.9999999999999998
PLATE-1,951,0.12500000000000006,0.09817477042468108,0.7853981633974483,1.0000000000000009,0.9999999999999998
PLATE-1,952,0.125,0.09817477042468108,0.7853981633974486,1.0000000000000009,0.9999999999999998
PLATE-1,953,0.12499999999999979,0.09817477042468097,0.7853981633974491,0.9999999999999987,0.9999999999999998
PLATE-1,954,0.12500000000000006,0.09817477042468108,0.7853981633974483,1.0000000000000009,0.9999999999999998
PLATE-1,955,0.12499999999999988,0.09817477042468097,0.7853981633974485,0.9999999999999987,0.9999999999999998
PLATE-1,956,0.12499999999999988,0.09817477042468108,0.7853981633974494,1.0000000000000009,0.9999999999999998
PLATE-1,957,0.12499999999999993,0.09817477042468108,0.7853981633974491,1.0000000000000009,0.9999999999999998
PLATE-1,958,0.12500000000000006,0.09817477042468097,0.7853981633974474,0.9999999999999987,0.9999999999999998
PLATE-1,959,0.12499999999999999,0.09817477042468108,0.7853981633974487,1.0000000000000009,0.9999999999999998
PLATE-1,960,0.12499999999999988,0.09817477042468097,0.7853981633974485,0.9999999999999987,0.9999999999999998
PLATE-1,961,0.12500000000000003,0.09817477042468102,0.785398163397448,1.0,0.9999999999999998
PLATE-1,962,0.12499999999999994,0.09817477042468102,0.7853981633974485,1.0,0.9999999999999998
PLATE-1,963,0.125,0.09817477042468103,0.7853981633974483,1.0000000000000004,0.9999999999999998
PLATE-1,964,0.12499999999999999,0.09817477042468101,0.7853981633974482,0.9999999999999998,0.9999999999999998
PLATE-1,965,0.125,0.09817477042468101,0.7853981633974481,0.9999999999999998,0.9999999999999998
PLATE-1,966,0.12500000000000006,0.09817477042468108,0.7853981633974483,1.0000000000000009,0.9999999999999998
PLATE-1,967,0.125,0.09817477042468101,0.7853981633974481,0.9999999999999998,0.9999999999999998
PLATE-1,968,0.12500000000000003,0.09817477042468101,0.7853981633974478,0.9999999999999998,0.9999999999999998
PLATE-1,969,0.12500000000000006,0.09817477042468101,0.7853981633974477,0.9999999999999998,0.9999999999999998
PLATE-1,970,0.12499999999999997,0.09817477042468101,0.7853981633974483,0.9999999999999998,0.9999999999999998
PLATE-1,971,0.12500000000000014,0.09817477042468108,0.7853981633974477,1.0000000000000009,0.9999999999999998
PLATE-1,972,0.12500000000000008,0.09817477042468108,0.7853981633974481,1.0000000000000009,0.9999999999999998
PLATE-1,973,0.12499999999999983,0.09817477042468097,0.7853981633974487,0.9999999999999987,0.9999999999999998
PLATE-1,974,0.12500000000000008,0.09817477042468108,0.7853981633974481,1.0000000000000009,0.9999999999999998
PLATE-1,975,0.12499999999999992,0.09817477042468097,0.7853981633974483,0.9999999999999987,0.9999999999999998
PLATE-1,976,0.12499999999999992,0.09817477042468108,0.7853981633974492,1.0000000000000009,0.9999999999999998
PLATE-1,977,0.12499999999999997,0.09817477042468108,0.7853981633974488,1.0000000000000009,0.9999999999999998
PLATE-1,978,0.12500000000000008,0.09817477042468097,0.7853981633974472,0.9999999999999987,0.9999999999999998
PLATE-1,979,0.12500000000000003,0.09817477042468108,0.7853981633974484,1.0000000000000009,0.9999999999999998
PLATE-1,980,0.12499999999999992,0.09817477042468097,0.7853981633974483,0.9999999999999987,0.9999999999999998
PLATE-1,981,0.12499999999999999,0.09817477042468102,0.7853981633974483,1.0,0.9999999999999998
PLATE-1,982,0.12499999999999989,0.09817477042468102,0.7853981633974488,1.0,0.9999999999999998
PLATE-1,983,0.12499999999999996,0.09817477042468103,0.7853981633974485,1.0000000000000004,0.9999999999999998
PLATE-1,984,0.12499999999999992,0.09817477042468101,0.7853981633974486,0.9999999999999998,0.9999999999999998
PLATE-1,985,0.12499999999999996,0.09817477042468101,0.7853981633974483,0.9999999999999998,0.9999999999999998
PLATE-1,986,0.12499999999999997,0.09817477042468108,0.7853981633974488,1.0000000000000009,0.9999999999999998
PLATE-1,987,0.12499999999999992,0.09817477042468101,0.7853981633974486,0.9999999999999998,0.9999999999999998
PLATE-1,988,0.12499999999999994,0.09817477042468101,0.7853981633974484,0.9999999999999998,0.9999999999999998
PLATE-1,989,0.12500000000000003,0.09817477042468101,0.7853981633974478,0.9999999999999998,0.9999999999999998
PLATE-1,990,0.12499999999999993,0.09817477042468101,0.7853981633974485,0.9999999999999998,0.9999999999999998
PLATE-1,991,0.12500000000000006,0.09817477042468108,0.7853981633974483,1.0000000000000009,0.9999999999999998
PLATE-1,992,0.125,0.09817477042468108,0.7853981633974486,1.0000000000000009,0.9999999999999998
PLATE-1,993,0.12499999999999979,0.09817477042468097,0.7853981633974491,0.9999999999999987,0.9999999999999998
PLATE-1,994,0.12500000000000006,0.09817477042468108,0.7853981633974483,1.0000000000000009,0.9999999999999998
PLATE-1,995,0.12499999999999988,0.09817477042468097,0.7853981633974485,0.9999999999999987,0.9999999999999998
PLATE-1,996,0.12499999999999988,0.09817477042468108,0.7853981633974494,1.0000000000000009,0.9999999999999998
PLATE-1,997,0.12499999999999993,0.09817477042468108,0.7853981633974491,1.0000000000000009,0.9999999999999998
PLATE-1,998,0.12500000000000006,0.09817477042468097,0.7853981633974474,0.9999999999999987,0.9999999999999998
PLATE-1,999,0.12499999999999999,0.09817477042468108,0.7853981633974487,1.0000000000000009,0.9999999999999998
PLATE-1,1000,0.12499999999999988,0.09817477042468097,0.7853981633974485,0.9999999999999987,0.9999999999999998
PLATE-1,1001,0.1250000000000002,0.09817477042468108,0.7853981633974474,1.0,1.0000000000000009
PLATE-1,1002,0.12500000000000006,0.09817477042468108,0.7853981633974483,1.0,1.0000000000000009
PLATE-1,1003,0.12500000000000017,0.0981747704246811,0.7853981633974478,1.0000000000000004,1.0000000000000009
PLATE-1,1004,0.1250000000000001,0.09817477042468108,0.785398163397448,0.9999999999999998,1.0000000000000009
PLATE-1,1005,0.12500000000000017,0.09817477042468108,0.7853981633974476,0.9999999999999998,1.0000000000000009
PLATE-1,1006,0.12500000000000017,0.09817477042468112,0.785398163397448,1.0000000000000009,1.0000000000000009
PLATE-1,1007,0.1250000000000001,0.09817477042468108,0.785398163397448,0.9999999999999998,1.0000000000000009
PLATE-1,1008,0.12500000000000014,0.09817477042468108,0.7853981633974477,0.9999999999999998,1.0000000000000009
PLATE-1,1009,0.12500000000000022,0.09817477042468108,0.7853981633974472,0.9999999999999998,1.0000000000000009
PLATE-1,1010,0.12500000000000014,0.09817477042468108,0.7853981633974477,0.9999999999999998,1.0000000000000009
PLATE-1,1011,0.12500000000000025,0.09817477042468112,0.7853981633974474,1.0000000000000009,1.0000000000000009
PLATE-1,1012,0.1250000000000002,0.09817477042468112,0.7853981633974477,1.0000000000000009,1.0000000000000009
PLATE-1,1013,0.12499999999999996,0.09817477042468101,0.7853981633974483,0.9999999999999987,1.0000000000000009
PLATE-1,1014,0.12500000000000025,0.09817477042468112,0.7853981633974474,1.0000000000000009,1.0000000000000009
PLATE-1,1015,0.12500000000000008,0.09817477042468101,0.7853981633974475,0.9999999999999987,1.0000000000000009
PLATE-1,1016,0.12500000000000006,0.09817477042468112,0.7853981633974486,1.0000000000000009,1.0000000000000009
PLATE-1,1017,0.1250000000000001,0.09817477042468112,0.7853981633974483,1.0000000000000009,1.0000000000000009
PLATE-1,1018,0.12500000000000025,0.09817477042468101,0.7853981633974465,0.9999999999999987,1.0000000000000009
PLATE-1,1019,0.1250000000000002,0.09817477042468112,0.7853981633974477,1.0000000000000009,1.0000000000000009
PLATE-1,1020,0.12500000000000008,0.09817477042468101,0.7853981633974475,0.9999999999999987,1.0000000000000009
PLATE-1,1021,0.1250000000000001,0.09817477042468108,0.785398163397448,1.0,1.0000000000000009
PLATE-1,1022,0.12500000000000003,0.09817477042468108,0.7853981633974484,1.0,1.0000000000000009
PLATE-1,1023,0.12500000000000008,0.0981747704246811,0.7853981633974483,1.0000000000000004,1.0000000000000009
PLATE-1,1024,0.12500000000000006,0.09817477042468108,0.7853981633974483,0.9999999999999998,1.0000000000000009
PLATE-1,1025,0.12500000000000008,0.09817477042468108,0.7853981633974481,0.9999999999999998,1.0000000000000009
PLATE-1,1026,0.12500000000000008,0.09817477042468112,0.7853981633974484,1.0000000000000009,1.0000000000000009
PLATE-1,1027,0.12500000000000003,0.09817477042468108,0.7853981633974484,0.9999999999999998,1.0000000000000009
PLATE-1,1028,0.12500000000000008,0.09817477042468108,0.7853981633974481,0.9999999999999998,1.0000000000000009
PLATE-1,1029,0.12500000000000014,0.09817477042468108,0.7853981633974477,0.9999999999999998,1.0000000000000009
PLATE-1,1030,0.12500000000000006,0.09817477042468108,0.7853981633974483,0.9999999999999998,1.0000000000000009
PLATE-1,1031,0.12500000000000022,0.09817477042468112,0.7853981633974475,1.0000000000000009,1.0000000000000009
PLATE-1,1032,0.12500000000000014,0.09817477042468112,0.7853981633974481,1.0000000000000009,1.0000000000000009
PLATE-1,1033,0.12499999999999989,0.09817477042468101,0.7853981633974487,0.9999999999999987,1.0000000000000009
PLATE-1,1034,0.12500000000000017,0.09817477042468112,0.785398163397448,1.0000000000000009,1.0000000000000009
PLATE-1,1035,0.125,0.09817477042468101,0.7853981633974481,0.9999999999999987,1.0000000000000009
PLATE-1,1036,0.125,0.09817477042468112,0.785398163397449,1.0000000000000009,1.0000000000000009
PLATE-1,1037,0.12500000000000006,0.09817477042468112,0.7853981633974486,1.0000000000000009,1.0000000000000009
PLATE-1,1038,0.12500000000000017,0.09817477042468101,0.7853981633974471,0.9999999999999987,1.0000000000000009
PLATE-1,1039,0.1250000000000001,0.09817477042468112,0.7853981633974483,1.0000000000000009,1.0000000000000009
PLATE-1,1040,0.125,0.09817477042468101,0.7853981633974481,0.9999999999999987,1.0000000000000009
PLATE-1,1041,0.12499999999999986,0.09817477042468097,0.7853981633974486,1.0,0.9999999999999987
PLATE-1,1042,0.12499999999999978,0.09817477042468097,0.7853981633974492,1.0,0.9999999999999987
PLATE-1,1043,0.12499999999999983,0.098174770424681,0.785398163397449,1.0000000000000004,0.9999999999999987
PLATE-1,1044,0.1249999999999998,0.09817477042468097,0.785398163397449,0.9999999999999998,0.9999999999999987
PLATE-1,1045,0.12499999999999983,0.09817477042468097,0.7853981633974487,0.9999999999999998,0.9999999999999987
PLATE-1,1046,0.12499999999999986,0.09817477042468101,0.785398163397449,1.0000000000000009,0.9999999999999987
PLATE-1,1047,0.1249999999999998,0.09817477042468097,0.785398163397449,0.9999999999999998,0.9999999999999987
PLATE-1,1048,0.12499999999999983,0.09817477042468097,0.7853981633974487,0.9999999999999998,0.9999999999999987
PLATE-1,1049,0.12499999999999989,0.09817477042468097,0.7853981633974484,0.9999999999999998,0.9999999999999987
PLATE-1,1050,0.1249999999999998,0.09817477042468097,0.785398163397449,0.9999999999999998,0.9999999999999987
PLATE-1,1051,0.12499999999999994,0.09817477042468101,0.7853981633974484,1.0000000000000009,0.9999999999999987
PLATE-1,1052,0.12499999999999989,0.09817477042468101,0.7853981633974487,1.0000000000000009,0.9999999999999987
PLATE-1,1053,0.12499999999999967,0.09817477042468091,0.7853981633974494,0.9999999999999987,0.9999999999999987
PLATE-1,1054,0.12499999999999992,0.09817477042468101,0.7853981633974486,1.0000000000000009,0.9999999999999987
PLATE-1,1055,0.12499999999999975,0.09817477042468091,0.7853981633974488,0.9999999999999987,0.9999999999999987
PLATE-1,1056,0.12499999999999975,0.09817477042468101,0.7853981633974496,1.0000000000000009,0.9999999999999987
PLATE-1,1057,0.1249999999999998,0.09817477042468101,0.7853981633974493,1.0000000000000009,0.9999999999999987
PLATE-1,1058,0.12499999999999994,0.09817477042468091,0.7853981633974476,0.9999999999999987,0.9999999999999987
PLATE-1,1059,0.12499999999999986,0.09817477042468101,0.785398163397449,1.0000000000000009,0.9999999999999987
PLATE-1,1060,0.12499999999999975,0.09817477042468091,0.7853981633974488,0.9999999999999987,0.9999999999999987
PLATE-1,1061,0.1250000000000002,0.09817477042468108,0.7853981633974474,1.0,1.0000000000000009
PLATE-1,1062,0.12500000000000006,0.09817477042468108,0.7853981633974483,1.0,1.0000000000000009
PLATE-1,1063,0.12500000000000017,0.0981747704246811,0.7853981633974478,1.0000000000000004,1.0000000000000009
PLATE-1,1064,0.1250000000000001,0.09817477042468108,0.785398163397448,0.9999999999999998,1.0000000000000009
PLATE-1,1065,0.12500000000000017,0.09817477042468108,0.7853981633974476,0.9999999999999998,1.0000000000000009
PLATE-1,1066,0.12500000000000017,0.09817477042468112,0.785398163397448,1.0000000000000009,1.0000000000000009
PLATE-1,1067,0.1250000000000001,0.09817477042468108,0.785398163397448,0.9999999999999998,1.0000000000000009
PLATE-1,1068,0.12500000000000014,0.09817477042468108,0.7853981633974477,0.9999999999999998,1.0000000000000009
PLATE-1,1069,0.12500000000000022,0.09817477042468108,0.7853981633974472,0.9999999999999998,1.0000000000000009
PLATE-1,1070,0.12500000000000014,0.09817477042468108,0.7853981633974477,0.9999999999999998,1.0000000000000009
PLATE-1,1071,0.12500000000000025,0.09817477042468112,0.7853981633974474,1.0000000000000009,1.0000000000000009
PLATE-1,1072,0.1250000000000002,0.09817477042468112,0.7853981633974477,1.0000000000000009,1.0000000000000009
PLATE-1,1073,0.12499999999999996,0.09817477042468101,0.7853981633974483,0.9999999999999987,1.0000000000000009
PLATE-1,1074,0.12500000000000025,0.09817477042468112,0.7853981633974474,1.0000000000000009,1.0000000000000009
PLATE-1,1075,0.12500000000000008,0.09817477042468101,0.7853981633974475,0.9999999999999987,1.0000000000000009
PLATE-1,1076,0.12500000000000006,0.09817477042468112,0.7853981633974486,1.0000000000000009,1.0000000000000009
PLATE-1,1077,0.1250000000000001,0.09817477042468112,0.7853981633974483,1.0000000000000009,1.0000000000000009
PLATE-1,1078,0.12500000000000025,0.09817477042468101,0.7853981633974465,0.9999999999999987,1.0000000000000009
PLATE-1,1079,0.1250000000000002,0.09817477042468112,0.7853981633974477,1.0000000000000009,1.0000000000000009
PLATE-1,1080,0.12500000000000008,0.09817477042468101,0.7853981633974475,0.9999999999999987,1.0000000000000009
PLATE-1,1081,0.12499999999999992,0.09817477042468097,0.7853981633974483,1.0,0.9999999999999987
PLATE-1,1082,0.12499999999999983,0.09817477042468097,0.7853981633974487,1.0,0.9999999999999987
PLATE-1,1083,0.12499999999999989,0.098174770424681,0.7853981633974486,1.0000000000000004,0.9999999999999987
PLATE-1,1084,0.12499999999999986,0.09817477042468097,0.7853981633974486,0.9999999999999998,0.9999999999999987
PLATE-1,1085,0.12499999999999989,0.09817477042468097,0.7853981633974484,0.9999999999999998,0.9999999999999987
PLATE-1,1086,0.12499999999999992,0.09817477042468101,0.7853981633974486,1.0000000000000009,0.9999999999999987
PLATE-1,1087,0.12499999999999986,0.09817477042468097,0.7853981633974486,0.9999999999999998,0.9999999999999987
PLATE-1,1088,0.12499999999999989,0.09817477042468097,0.7853981633974484,0.9999999999999998,0.9999999999999987
PLATE-1,1089,0.12499999999999994,0.09817477042468097,0.7853981633974481,0.9999999999999998,0.9999999999999987
PLATE-1,1090,0.12499999999999986,0.09817477042468097,0.7853981633974486,0.9999999999999998,0.9999999999999987
PLATE-1,1091,0.12500000000000003,0.09817477042468101,0.7853981633974478,1.0000000000000009,0.9999999999999987
PLATE-1,1092,0.12499999999999994,0.09817477042468101,0.7853981633974484,1.0000000000000009,0.9999999999999987
PLATE-1,1093,0.12499999999999972,0.09817477042468091,0.7853981633974491,0.9999999999999987,0.9999999999999987
PLATE-1,1094,0.12499999999999997,0.09817477042468101,0.7853981633974483,1.0000000000000009,0.9999999999999987
PLATE-1,1095,0.1249999999999998,0.09817477042468091,0.7853981633974485,0.9999999999999987,0.9999999999999987
PLATE-1,1096,0.1249999999999998,0.09817477042468101,0.7853981633974493,1.0000000000000009,0.9999999999999987
PLATE-1,1097,0.12499999999999986,0.09817477042468101,0.785398163397449,1.0000000000000009,0.9999999999999987
PLATE-1,1098,0.12499999999999997,0.09817477042468091,0.7853981633974475,0.9999999999999987,0.9999999999999987
PLATE-1,1099,0.12499999999999992,0.09817477042468101,0.7853981633974486,1.0000000000000009,0.9999999999999987
PLATE-1,1100,0.1249999999999998,0.09817477042468091,0.7853981633974485,0.9999999999999987,0.9999999999999987
PLATE-1,1101,0.12500000000000003,0.09817477042468108,0.7853981633974484,1.0,1.0000000000000009
PLATE-1,1102,0.12499999999999994,0.09817477042468108,0.785398163397449,1.0,1.0000000000000009
PLATE-1,1103,0.125,0.0981747704246811,0.7853981633974488,1.0000000000000004,1.0000000000000009
PLATE-1,1104,0.12499999999999999,0.09817477042468108,0.7853981633974487,0.9999999999999998,1.0000000000000009
PLATE-1,1105,0.125,0.09817477042468108,0.7853981633974486,0.9999999999999998,1.0000000000000009
PLATE-1,1106,0.12500000000000006,0.09817477042468112,0.7853981633974486,1.0000000000000009,1.0000000000000009
PLATE-1,1107,0.125,0.09817477042468108,0.7853981633974486,0.9999999999999998,1.0000000000000009
PLATE-1,1108,0.12500000000000003,0.09817477042468108,0.7853981633974484,0.9999999999999998,1.0000000000000009
PLATE-1,1109,0.12500000000000006,0.09817477042468108,0.7853981633974483,0.9999999999999998,1.0000000000000009
PLATE-1,1110,0.12499999999999997,0.09817477042468108,0.7853981633974488,0.9999999999999998,1.0000000000000009
PLATE-1,1111,0.12500000000000014,0.09817477042468112,0.7853981633974481,1.0000000000000009,1.0000000000000009
PLATE-1,1112,0.12500000000000008,0.09817477042468112,0.7853981633974484,1.0000000000000009,1.0000000000000009
PLATE-1,1113,0.12499999999999983,0.09817477042468101,0.7853981633974491,0.9999999999999987,1.0000000000000009
PLATE-1,1114,0.12500000000000008,0.09817477042468112,0.7853981633974484,1.0000000000000009,1.0000000000000009
PLATE-1,1115,0.12499999999999992,0.09817477042468101,0.7853981633974486,0.9999999999999987,1.0000000000000009
PLATE-1,1116,0.12499999999999992,0.09817477042468112,0.7853981633974495,1.0000000000000009,1.0000000000000009
PLATE-1,1117,0.12499999999999997,0.09817477042468112,0.7853981633974492,1.0000000000000009,1.0000000000000009
PLATE-1,1118,0.12500000000000008,0.09817477042468101,0.7853981633974475,0.9999999999999987,1.0000000000000009
PLATE-1,1119,0.12500000000000003,0.09817477042468112,0.7853981633974487,1.0000000000000009,1.0000000000000009
PLATE-1,1120,0.12499999999999992,0.09817477042468101,0.7853981633974486,0.9999999999999987,1.0000000000000009
PLATE-1,1121,0.12499999999999992,0.09817477042468108,0.7853981633974492,1.0,1.0000000000000009
PLATE-1,1122,0.12499999999999983,0.09817477042468108,0.7853981633974496,1.0,1.0000000000000009
PLATE-1,1123,0.12499999999999989,0.0981747704246811,0.7853981633974495,1.0000000000000004,1.0000000000000009
PLATE-1,1124,0.12499999999999988,0.09817477042468108,0.7853981633974494,0.9999999999999998,1.0000000000000009
PLATE-1,1125,0.12499999999999989,0.09817477042468108,0.7853981633974493,0.9999999999999998,1.0000000000000009
PLATE-1,1126,0.12499999999999992,0.09817477042468112,0.7853981633974495,1.0000000000000009,1.0000000000000009
PLATE-1,1127,0.12499999999999986,0.09817477042468108,0.7853981633974495,0.9999999999999998,1.0000000000000009
PLATE-1,1128,0.1249999999999999,0.09817477042468108,0.7853981633974492,0.9999999999999998,1.0000000000000009
PLATE-1,1129,0.12499999999999994,0.09817477042468108,0.785398163397449,0.9999999999999998,1.0000000000000009
PLATE-1,1130,0.12499999999999986,0.09817477042468108,0.7853981633974495,0.9999999999999998,1.0000000000000009
PLATE-1,1131,0.12500000000000003,0.09817477042468112,0.7853981633974487,1.0000000000000009,1.0000000000000009
PLATE-1,1132,0.12499999999999996,0.09817477042468112,0.7853981633974492,1.0000000000000009,1.0000000000000009
PLATE-1,1133,0.12499999999999972,0.09817477042468101,0.7853981633974498,0.9999999999999987,1.0000000000000009
PLATE-1,1134,0.12499999999999997,0.09817477042468112,0.7853981633974492,1.0000000000000009,1.0000000000000009
PLATE-1,1135,0.1249999999999998,0.09817477042468101,0.7853981633974493,0.9999999999999987,1.0000000000000009
PLATE-1,1136,0.1249999999999998,0.09817477042468112,0.7853981633974502,1.0000000000000009,1.0000000000000009
PLATE-1,1137,0.12499999999999986,0.09817477042468112,0.7853981633974498,1.0000000000000009,1.0000000000000009
PLATE-1,1138,0.12499999999999997,0.09817477042468101,0.7853981633974483,0.9999999999999987,1.0000000000000009
PLATE-1,1139,0.12499999999999992,0.09817477042468112,0.7853981633974495,1.0000000000000009,1.0000000000000009
PLATE-1,1140,0.1249999999999998,0.09817477042468101,0.7853981633974493,0.9999999999999987,1.0000000000000009
PLATE-1,1141,0.12500000000000003,0.09817477042468097,0.7853981633974475,1.0,0.9999999999999987
PLATE-1,1142,0.12499999999999994,0.09817477042468097,0.7853981633974481,1.0,0.9999999999999987
PLATE-1,1143,0.125,0.098174770424681,0.785398163397448,1.0000000000000004,0.9999999999999987
PLATE-1,1144,0.12499999999999999,0.09817477042468097,0.7853981633974478,0.9999999999999998,0.9999999999999987
PLATE-1,1145,0.125,0.09817477042468097,0.7853981633974477,0.9999999999999998,0.9999999999999987
PLATE-1,1146,0.12500000000000006,0.09817477042468101,0.7853981633974477,1.0000000000000009,0.9999999999999987
PLATE-1,1147,0.125,0.09817477042468097,0.7853981633974477,0.9999999999999998,0.9999999999999987
PLATE-1,1148,0.12500000000000003,0.09817477042468097,0.7853981633974475,0.9999999999999998,0.9999999999999987
PLATE-1,1149,0.12500000000000006,0.09817477042468097,0.7853981633974474,0.9999999999999998,0.9999999999999987
PLATE-1,1150,0.12499999999999997,0.09817477042468097,0.785398163397448,0.9999999999999998,0.9999999999999987
PLATE-1,1151,0.12500000000000014,0.09817477042468101,0.7853981633974472,1.0000000000000009,0.9999999999999987
PLATE-1,1152,0.12500000000000008,0.09817477042468101,0.7853981633974475,1.0000000000000009,0.9999999999999987
PLATE-1,1153,0.12499999999999983,0.09817477042468091,0.7853981633974483,0.9999999999999987,0.9999999999999987
PLATE-1,1154,0.12500000000000008,0.09817477042468101,0.7853981633974475,1.0000000000000009,0.9999999999999987
PLATE-1,1155,0.12499999999999992,0.09817477042468091,0.7853981633974478,0.9999999999999987,0.9999999999999987
PLATE-1,1156,0.12499999999999992,0.09817477042468101,0.7853981633974486,1.0000000000000009,0.9999999999999987
PLATE-1,1157,0.12499999999999997,0.09817477042468101,0.7853981633974483,1.0000000000000009,0.9999999999999987
PLATE-1,1158,0.12500000000000008,0.09817477042468091,0.7853981633974467,0.9999999999999987,0.9999999999999987
PLATE-1,1159,0.12500000000000003,0.09817477042468101,0.7853981633974478,1.0000000000000009,0.9999999999999987
PLATE-1,1160,0.12499999999999992,0.09817477042468091,0.7853981633974478,0.9999999999999987,0.9999999999999987
PLATE-1,1161,0.12500000000000003,0.09817477042468108,0.7853981633974484,1.0,1.0000000000000009
PLATE-1,1162,0.12499999999999994,0.09817477042468108,0.785398163397449,1.0,1.0000000000000009
PLATE-1,1163,0.125,0.0981747704246811,0.7853981633974488,1.0000000000000004,1.0000000000000009
PLATE-1,1164,0.12499999999999999,0.09817477042468108,0.7853981633974487,0.9999999999999998,1.0000000000000009
PLATE-1,1165,0.125,0.09817477042468108,0.7853981633974486,0.9999999999999998,1.0000000000000009
PLATE-1,1166,0.12500000000000006,0.09817477042468112,0.7853981633974486,1.0000000000000009,1.0000000000000009
PLATE-1,1167,0.125,0.09817477042468108,0.7853981633974486,0.9999999999999998,1.0000000000000009
PLATE-1,1168,0.12500000000000003,0.09817477042468108,0.7853981633974484,0.9999999999999998,1.0000000000000009
PLATE-1,1169,0.12500000000000006,0.09817477042468108,0.7853981633974483,0.9999999999999998,1.0000000000000009
PLATE-1,1170,0.12499999999999997,0.09817477042468108,0.7853981633974488,0.9999999999999998,1.0000000000000009
PLATE-1,1171,0.12500000000000014,0.09817477042468112,0.7853981633974481,1.0000000000000009,1.0000000000000009
PLATE-1,1172,0.12500000000000008,0.09817477042468112,0.7853981633974484,1.0000000000000009,1.0000000000000009
PLATE-1,1173,0.12499999999999983,0.09817477042468101,0.7853981633974491,0.9999999999999987,1.0000000000000009
PLATE-1,1174,0.12500000000000008,0.09817477042468112,0.7853981633974484,1.0000000000000009,1.0000000000000009
PLATE-1,1175,0.12499999999999992,0.09817477042468101,0.7853981633974486,0.9999999999999987,1.0000000000000009
PLATE-1,1176,0.12499999999999992,0.09817477042468112,0.7853981633974495,1.0000000000000009,1.0000000000000009
PLATE-1,1177,0.12499999999999997,0.09817477042468112,0.7853981633974492,1.0000000000000009,1.0000000000000009
PLATE-1,1178,0.12500000000000008,0.09817477042468101,0.7853981633974475,0.9999999999999987,1.0000000000000009
PLATE-1,1179,0.12500000000000003,0.09817477042468112,0.7853981633974487,1.0000000000000009,1.0000000000000009
PLATE-1,1180,0.12499999999999992,0.09817477042468101,0.7853981633974486,0.9999999999999987,1.0000000000000009
PLATE-1,1181,0.1249999999999998,0.09817477042468097,0.785398163397449,1.0,0.9999999999999987
PLATE-1,1182,0.12499999999999972,0.09817477042468097,0.7853981633974495,1.0,0.9999999999999987
PLATE-1,1183,0.12499999999999978,0.098174770424681,0.7853981633974494,1.0000000000000004,0.9999999999999987
PLATE-1,1184,0.12499999999999976,0.09817477042468097,0.7853981633974492,0.9999999999999998,0.9999999999999987
PLATE-1,1185,0.12499999999999978,0.09817477042468097,0.7853981633974492,0.9999999999999998,0.9999999999999987
PLATE-1,1186,0.1249999999999998,0.09817477042468101,0.7853981633974493,1.0000000000000009,0.9999999999999987
PLATE-1,1187,0.12499999999999975,0.09817477042468097,0.7853981633974493,0.9999999999999998,0.9999999999999987
PLATE-1,1188,0.12499999999999979,0.09817477042468097,0.7853981633974491,0.9999999999999998,0.9999999999999987
PLATE-1,1189,0.12499999999999983,0.09817477042468097,0.7853981633974487,0.9999999999999998,0.9999999999999987
PLATE-1,1190,0.12499999999999975,0.09817477042468097,0.7853981633974493,0.9999999999999998,0.9999999999999987
PLATE-1,1191,0.1249999999999999,0.09817477042468101,0.7853981633974486,1.0000000000000009,0.9999999999999987
PLATE-1,1192,0.12499999999999985,0.09817477042468101,0.7853981633974491,1.0000000000000009,0.9999999999999987
PLATE-1,1193,0.12499999999999961,0.09817477042468091,0.7853981633974497,0.9999999999999987,0.9999999999999987
PLATE-1,1194,0.12499999999999986,0.09817477042468101,0.785398163397449,1.0000000000000009,0.9999999999999987
PLATE-1,1195,0.1249999999999997,0.09817477042468091,0.7853981633974492,0.9999999999999987,0.9999999999999987
PLATE-1,1196,0.1249999999999997,0.09817477042468101,0.7853981633974499,1.0000000000000009,0.9999999999999987
PLATE-1,1197,0.12499999999999975,0.09817477042468101,0.7853981633974496,1.0000000000000009,0.9999999999999987
PLATE-1,1198,0.12499999999999986,0.09817477042468091,0.7853981633974482,0.9999999999999987,0.9999999999999987
PLATE-1,1199,0.1249999999999998,0.09817477042468101,0.7853981633974493,1.0000000000000009,0.9999999999999987
PLATE-1,1200,0.1249999999999997,0.09817477042468091,0.7853981633974492,0.9999999999999987,0.9999999999999987
PLATE-1,1201,0.12500000000000003,0.09817477042468103,0.7853981633974481,1.0,1.0
PLATE-1,1202,0.12499999999999994,0.09817477042468103,0.7853981633974486,1.0,1.0
PLATE-1,1203,0.125,0.09817477042468106,0.7853981633974485,1.0000000000000004,1.0
PLATE-1,1204,0.12499999999999999,0.09817477042468102,0.7853981633974483,0.9999999999999998,1.0
PLATE-1,1205,0.125,0.09817477042468102,0.7853981633974482,0.9999999999999998,1.0
PLATE-1,1206,0.12500000000000006,0.09817477042468108,0.7853981633974483,1.0000000000000009,1.0
PLATE-1,1207,0.125,0.09817477042468102,0.7853981633974482,0.9999999999999998,1.0
PLATE-1,1208,0.12500000000000003,0.09817477042468102,0.785398163397448,0.9999999999999998,1.0
PLATE-1,1209,0.12500000000000006,0.09817477042468102,0.7853981633974478,0.9999999999999998,1.0
PLATE-1,1210,0.12499999999999997,0.09817477042468102,0.7853981633974484,0.9999999999999998,1.0
PLATE-1,1211,0.12500000000000014,0.09817477042468108,0.7853981633974477,1.0000000000000009,1.0
PLATE-1,1212,0.12500000000000008,0.09817477042468108,0.7853981633974481,1.0000000000000009,1.0
PLATE-1,1213,0.12499999999999983,0.09817477042468097,0.7853981633974487,0.9999999999999987,1.0
PLATE-1,1214,0.12500000000000008,0.09817477042468108,0.7853981633974481,1.0000000000000009,1.0
PLATE-1,1215,0.12499999999999992,0.09817477042468097,0.7853981633974483,0.9999999999999987,1.0
PLATE-1,1216,0.12499999999999992,0.09817477042468108,0.7853981633974492,1.0000000000000009,1.0
PLATE-1,1217,0.12499999999999997,0.09817477042468108,0.7853981633974488,1.0000000000000009,1.0
PLATE-1,1218,0.12500000000000008,0.09817477042468097,0.7853981633974472,0.9999999999999987,1.0
PLATE-1,1219,0.12500000000000003,0.09817477042468108,0.7853981633974484,1.0000000000000009,1.0
PLATE-1,1220,0.12499999999999992,0.09817477042468097,0.7853981633974483,0.9999999999999987,1.0
PLATE-1,1221,0.12499999999999992,0.09817477042468103,0.7853981633974488,1.0,1.0
PLATE-1,1222,0.12499999999999992,0.09817477042468103,0.7853981633974488,1.0,1.0
PLATE-1,1223,0.12499999999999992,0.09817477042468106,0.7853981633974491,1.0000000000000004,1.0
PLATE-1,1224,0.12499999999999992,0.09817477042468102,0.7853981633974487,0.9999999999999998,1.0
PLATE-1,1225,0.12499999999999992,0.09817477042468102,0.7853981633974487,0.9999999999999998,1.0
PLATE-1,1226,0.12499999999999994,0.09817477042468108,0.785398163397449,1.0000000000000009,1.0
PLATE-1,1227,0.12499999999999992,0.09817477042468102,0.7853981633974487,0.9999999999999998,1.0
PLATE-1,1228,0.12499999999999992,0.09817477042468102,0.7853981633974487,0.9999999999999998,1.0
PLATE-1,1229,0.12499999999999994,0.09817477042468102,0.7853981633974485,0.9999999999999998,1.0
PLATE-1,1230,0.12499999999999986,0.09817477042468102,0.7853981633974491,0.9999999999999998,1.0
PLATE-1,1231,0.12500000000000003,0.09817477042468108,0.7853981633974484,1.0000000000000009,1.0
PLATE-1,1232,0.12499999999999994,0.09817477042468108,0.785398163397449,1.0000000000000009,1.0
PLATE-1,1233,0.12499999999999972,0.09817477042468097,0.7853981633974495,0.9999999999999987,1.0
PLATE-1,1234,0.12499999999999997,0.09817477042468108,0.7853981633974488,1.0000000000000009,1.0
PLATE-1,1235,0.1249999999999998,0.09817477042468097,0.785398163397449,0.9999999999999987,1.0
PLATE-1,1236,0.1249999999999998,0.09817477042468108,0.7853981633974498,1.0000000000000009,1.0
PLATE-1,1237,0.12499999999999986,0.09817477042468108,0.7853981633974495,1.0000000000000009,1.0
PLATE-1,1238,0.12499999999999997,0.09817477042468097,0.785398163397448,0.9999999999999987,1.0
PLATE-1,1239,0.12499999999999992,0.09817477042468108,0.7853981633974492,1.0000000000000009,1.0
PLATE-1,1240,0.1249999999999998,0.09817477042468097,0.785398163397449,0.9999999999999987,1.0
PLATE-1,1241,0.125,0.09817477042468106,0.7853981633974485,1.0,1.0000000000000004
PLATE-1,1242,0.12499999999999992,0.09817477042468106,0.7853981633974491,1.0,1.0000000000000004
PLATE-1,1243,0.125,0.09817477042468108,0.7853981633974486,1.0000000000000004,1.0000000000000004
PLATE-1,1244,0.12499999999999992,0.09817477042468103,0.7853981633974488,0.9999999999999998,1.0000000000000004
PLATE-1,1245,0.12499999999999997,0.09817477042468103,0.7853981633974485,0.9999999999999998,1.0000000000000004
PLATE-1,1246,0.12500000000000003,0.0981747704246811,0.7853981633974486,1.0000000000000009,1.0000000000000004
PLATE-1,1247,0.125,0.09817477042468103,0.7853981633974483,0.9999999999999998,1.0000000000000004
PLATE-1,1248,0.12499999999999994,0.09817477042468103,0.7853981633974486,0.9999999999999998,1.0000000000000004
PLATE-1,1249,0.12500000000000003,0.09817477042468103,0.7853981633974481,0.9999999999999998,1.0000000000000004
PLATE-1,1250,0.12499999999999994,0.09817477042468103,0.7853981633974486,0.9999999999999998,1.0000000000000004
PLATE-1,1251,0.12500000000000006,0.0981747704246811,0.7853981633974485,1.0000000000000009,1.0000000000000004
PLATE-1,1252,0.125,0.0981747704246811,0.7853981633974488,1.0000000000000009,1.0000000000000004
PLATE-1,1253,0.12499999999999978,0.098174770424681,0.7853981633974494,0.9999999999999987,1.0000000000000004
PLATE-1,1254,0.12500000000000006,0.0981747704246811,0.7853981633974485,1.0000000000000009,1.0000000000000004
PLATE-1,1255,0.12499999999999989,0.098174770424681,0.7853981633974486,0.9999999999999987,1.0000000000000004
PLATE-1,1256,0.12499999999999989,0.0981747704246811,0.7853981633974495,1.0000000000000009,1.0000000000000004
PLATE-1,1257,0.12499999999999992,0.0981747704246811,0.7853981633974494,1.0000000000000009,1.0000000000000004
PLATE-1,1258,0.12500000000000006,0.098174770424681,0.7853981633974476,0.9999999999999987,1.0000000000000004
PLATE-1,1259,0.125,0.0981747704246811,0.7853981633974488,1.0000000000000009,1.0000000000000004
PLATE-1,1260,0.12499999999999989,0.098174770424681,0.7853981633974486,0.9999999999999987,1.0000000000000004
PLATE-1,1261,0.12499999999999999,0.09817477042468102,0.7853981633974483,1.0,0.9999999999999998
PLATE-1,1262,0.12499999999999994,0.09817477042468102,0.7853981633974485,1.0,0.9999999999999998
PLATE-1,1263,0.12499999999999996,0.09817477042468103,0.7853981633974485,1.0000000000000004,0.9999999999999998
PLATE-1,1264,0.12499999999999994,0.09817477042468101,0.7853981633974484,0.9999999999999998,0.9999999999999998
PLATE-1,1265,0.12499999999999996,0.09817477042468101,0.7853981633974483,0.9999999999999998,0.9999999999999998
PLATE-1,1266,0.12499999999999997,0.09817477042468108,0.7853981633974488,1.0000000000000009,0.9999999999999998
PLATE-1,1267,0.12499999999999992,0.09817477042468101,0.7853981633974486,0.9999999999999998,0.9999999999999998
PLATE-1,1268,0.12499999999999994,0.09817477042468101,0.7853981633974484,0.9999999999999998,0.9999999999999998
PLATE-1,1269,0.12500000000000003,0.09817477042468101,0.7853981633974478,0.9999999999999998,0.9999999999999998
PLATE-1,1270,0.12499999999999993,0.09817477042468101,0.7853981633974485,0.9999999999999998,0.9999999999999998
PLATE-1,1271,0.12500000000000006,0.09817477042468108,0.7853981633974483,1.0000000000000009,0.9999999999999998
PLATE-1,1272,0.125,0.09817477042468108,0.7853981633974486,1.0000000000000009,0.9999999999999998
PLATE-1,1273,0.12499999999999979,0.09817477042468097,0.7853981633974491,0.9999999999999987,0.9999999999999998
PLATE-1,1274,0.12500000000000006,0.09817477042468108,0.7853981633974483,1.0000000000000009,0.9999999999999998
PLATE-1,1275,0.12499999999999988,0.09817477042468097,0.7853981633974485,0.9999999999999987,0.9999999999999998
PLATE-1,1276,0.12499999999999988,0.09817477042468108,0.7853981633974494,1.0000000000000009,0.9999999999999998
PLATE-1,1277,0.12499999999999993,0.09817477042468108,0.7853981633974491,1.0000000000000009,0.9999999999999998
PLATE-1,1278,0.12500000000000006,0.09817477042468097,0.7853981633974474,0.9999999999999987,0.9999999999999998
PLATE-1,1279,0.12499999999999999,0.09817477042468108,0.7853981633974487,1.0000000000000009,0.9999999999999998
PLATE-1,1280,0.12499999999999988,0.09817477042468097,0.7853981633974485,0.9999999999999987,0.9999999999999998
PLATE-1,1281,0.12499999999999999,0.09817477042468102,0.7853981633974483,1.0,0.9999999999999998
PLATE-1,1282,0.12499999999999994,0.09817477042468102,0.7853981633974485,1.0,0.9999999999999998
PLATE-1,1283,0.12499999999999996,0.09817477042468103,0.7853981633974485,1.0000000000000004,0.9999999999999998
PLATE-1,1284,0.12499999999999999,0.09817477042468101,0.7853981633974482,0.9999999999999998,0.9999999999999998
PLATE-1,1285,0.12499999999999999,0.09817477042468101,0.7853981633974482,0.9999999999999998,0.9999999999999998
PLATE-1,1286,0.12499999999999997,0.09817477042468108,0.7853981633974488,1.0000000000000009,0.9999999999999998
PLATE-1,1287,0.12499999999999992,0.09817477042468101,0.7853981633974486,0.9999999999999998,0.9999999999999998
PLATE-1,1288,0.12499999999999997,0.09817477042468101,0.7853981633974483,0.9999999999999998,0.9999999999999998
PLATE-1,1289,0.12500000000000003,0.09817477042468101,0.7853981633974478,0.9999999999999998,0.9999999999999998
PLATE-1,1290,0.12499999999999993,0.09817477042468101,0.7853981633974485,0.9999999999999998,0.9999999999999998
PLATE-1,1291,0.12500000000000006,0.09817477042468108,0.7853981633974483,1.0000000000000009,0.9999999999999998
PLATE-1,1292,0.125,0.09817477042468108,0.7853981633974486,1.0000000000000009,0.9999999999999998
PLATE-1,1293,0.12499999999999979,0.09817477042468097,0.7853981633974491,0.9999999999999987,0.9999999999999998
PLATE-1,1294,0.12500000000000006,0.09817477042468108,0.7853981633974483,1.0000000000000009,0.9999999999999998
PLATE-1,1295,0.12499999999999988,0.09817477042468097,0.7853981633974485,0.9999999999999987,0.9999999999999998
PLATE-1,1296,0.12499999999999988,0.09817477042468108,0.7853981633974494,1.0000000000000009,0.9999999999999998
PLATE-1,1297,0.12499999999999993,0.09817477042468108,0.7853981633974491,1.0000000000000009,0.9999999999999998
PLATE-1,1298,0.12500000000000006,0.09817477042468097,0.7853981633974474,0.9999999999999987,0.9999999999999998
PLATE-1,1299,0.12499999999999999,0.09817477042468108,0.7853981633974487,1.0000000000000009,0.9999999999999998
PLATE-1,1300,0.12499999999999988,0.09817477042468097,0.7853981633974485,0.9999999999999987,0.9999999999999998
PLATE-1,1301,0.125,0.09817477042468108,0.7853981633974486,1.0,1.0000000000000009
PLATE-1,1302,0.125,0.09817477042468108,0.7853981633974486,1.0,1.0000000000000009
PLATE-1,1303,0.125,0.0981747704246811,0.7853981633974488,1.0000000000000004,1.0000000000000009
PLATE-1,1304,0.125,0.09817477042468108,0.7853981633974486,0.9999999999999998,1.0000000000000009
PLATE-1,1305,0.125,0.09817477042468108,0.7853981633974486,0.9999999999999998,1.0000000000000009
PLATE-1,1306,0.12500000000000003,0.09817477042468112,0.7853981633974487,1.0000000000000009,1.0000000000000009
PLATE-1,1307,0.125,0.09817477042468108,0.7853981633974486,0.9999999999999998,1.0000000000000009
PLATE-1,1308,0.12499999999999997,0.09817477042468108,0.7853981633974488,0.9999999999999998,1.0000000000000009
PLATE-1,1309,0.12500000000000003,0.09817477042468108,0.7853981633974484,0.9999999999999998,1.0000000000000009
PLATE-1,1310,0.12499999999999994,0.09817477042468108,0.785398163397449,0.9999999999999998,1.0000000000000009
PLATE-1,1311,0.12500000000000006,0.09817477042468112,0.7853981633974486,1.0000000000000009,1.0000000000000009
PLATE-1,1312,0.125,0.09817477042468112,0.785398163397449,1.0000000000000009,1.0000000000000009
PLATE-1,1313,0.12499999999999978,0.09817477042468101,0.7853981633974495,0.9999999999999987,1.0000000000000009
PLATE-1,1314,0.12500000000000006,0.09817477042468112,0.7853981633974486,1.0000000000000009,1.0000000000000009
PLATE-1,1315,0.12499999999999989,0.09817477042468101,0.7853981633974487,0.9999999999999987,1.0000000000000009
PLATE-1,1316,0.12499999999999989,0.09817477042468112,0.7853981633974496,1.0000000000000009,1.0000000000000009
PLATE-1,1317,0.12499999999999992,0.09817477042468112,0.7853981633974495,1.0000000000000009,1.0000000000000009
PLATE-1,1318,0.12500000000000006,0.09817477042468101,0.7853981633974477,0.9999999999999987,1.0000000000000009
PLATE-1,1319,0.125,0.09817477042468112,0.785398163397449,1.0000000000000009,1.0000000000000009
PLATE-1,1320,0.12499999999999989,0.09817477042468101,0.7853981633974487,0.9999999999999987,1.0000000000000009
PLATE-1,1321,0.125,0.09817477042468102,0.7853981633974482,1.0,0.9999999999999998
PLATE-1,1322,0.12499999999999992,0.09817477042468102,0.7853981633974487,1.0,0.9999999999999998
PLATE-1,1323,0.125,0.09817477042468103,0.7853981633974483,1.0000000000000004,0.9999999999999998
PLATE-1,1324,0.12499999999999992,0.09817477042468101,0.7853981633974486,0.9999999999999998,0.9999999999999998
PLATE-1,1325,0.12499999999999997,0.09817477042468101,0.7853981633974483,0.9999999999999998,0.9999999999999998
PLATE-1,1326,0.12500000000000003,0.09817477042468108,0.7853981633974484,1.0000000000000009,0.9999999999999998
PLATE-1,1327,0.125,0.09817477042468101,0.7853981633974481,0.9999999999999998,0.9999999999999998
PLATE-1,1328,0.12499999999999994,0.09817477042468101,0.7853981633974484,0.9999999999999998,0.9999999999999998
PLATE-1,1329,0.12500000000000003,0.09817477042468101,0.7853981633974478,0.9999999999999998,0.9999999999999998
PLATE-1,1330,0.12499999999999994,0.09817477042468101,0.7853981633974484,0.9999999999999998,0.9999999999999998
PLATE-1,1331,0.12500000000000006,0.09817477042468108,0.7853981633974483,1.0000000000000009,0.9999999999999998
PLATE-1,1332,0.125,0.09817477042468108,0.7853981633974486,1.0000000000000009,0.9999999999999998
PLATE-1,1333,0.12499999999999978,0.09817477042468097,0.7853981633974492,0.9999999999999987,0.9999999999999998
PLATE-1,1334,0.12500000000000006,0.09817477042468108,0.7853981633974483,1.0000000000000009,0.9999999999999998
PLATE-1,1335,0.12499999999999989,0.09817477042468097,0.7853981633974484,0.9999999999999987,0.9999999999999998
PLATE-1,1336,0.12499999999999989,0.09817477042468108,0.7853981633974493,1.0000000000000009,0.9999999999999998
PLATE-1,1337,0.12499999999999992,0.09817477042468108,0.7853981633974492,1.0000000000000009,0.9999999999999998
PLATE-1,1338,0.12500000000000006,0.09817477042468097,0.7853981633974474,0.9999999999999987,0.9999999999999998
PLATE-1,1339,0.125,0.09817477042468108,0.7853981633974486,1.0000000000000009,0.9999999999999998
PLATE-1,1340,0.12499999999999989,0.09817477042468097,0.7853981633974484,0.9999999999999987,0.9999999999999998
PLATE-1,1341,0.12499999999999999,0.09817477042468102,0.7853981633974483,1.0,0.9999999999999998
PLATE-1,1342,0.12499999999999994,0.09817477042468102,0.7853981633974485,1.0,0.9999999999999998
PLATE-1,1343,0.12499999999999996,0.09817477042468103,0.7853981633974485,1.0000000000000004,0.9999999999999998
PLATE-1,1344,0.12499999999999999,0.09817477042468101,0.7853981633974482,0.9999999999999998,0.9999999999999998
PLATE-1,1345,0.12499999999999999,0.09817477042468101,0.7853981633974482,0.9999999999999998,0.9999999999999998
PLATE-1,1346,0.12499999999999997,0.09817477042468108,0.7853981633974488,1.0000000000000009,0.9999999999999998
PLATE-1,1347,0.12499999999999992,0.09817477042468101,0.7853981633974486,0.9999999999999998,0.9999999999999998
PLATE-1,1348,0.12499999999999997,0.09817477042468101,0.7853981633974483,0.9999999999999998,0.9999999999999998
PLATE-1,1349,0.12500000000000003,0.09817477042468101,0.7853981633974478,0.9999999999999998,0.9999999999999998
PLATE-1,1350,0.12499999999999993,0.09817477042468101,0.7853981633974485,0.9999999999999998,0.9999999999999998
PLATE-1,1351,0.12500000000000006,0.09817477042468108,0.7853981633974483,1.0000000000000009,0.9999999999999998
PLATE-1,1352,0.125,0.09817477042468108,0.7853981633974486,1.0000000000000009,0.9999999999999998
PLATE-1,1353,0.12499999999999979,0.09817477042468097,0.7853981633974491,0.9999999999999987,0.9999999999999998
PLATE-1,1354,0.12500000000000006,0.09817477042468108,0.7853981633974483,1.0000000000000009,0.9999999999999998
PLATE-1,1355,0.12499999999999988,0.09817477042468097,0.7853981633974485,0.9999999999999987,0.9999999999999998
PLATE-1,1356,0.12499999999999988,0.09817477042468108,0.7853981633974494,1.0000000000000009,0.9999999999999998
PLATE-1,1357,0.12499999999999993,0.09817477042468108,0.7853981633974491,1.0000000000000009,0.9999999999999998
PLATE-1,1358,0.12500000000000006,0.09817477042468097,0.7853981633974474,0.9999999999999987,0.9999999999999998
PLATE-1,1359,0.12499999999999999,0.09817477042468108,0.7853981633974487,1.0000000000000009,0.9999999999999998
PLATE-1,1360,0.12499999999999988,0.09817477042468097,0.7853981633974485,0.9999999999999987,0.9999999999999998
PLATE-1,1361,0.12500000000000003,0.09817477042468102,0.785398163397448,1.0,0.9999999999999998
PLATE-1,1362,0.12499999999999994,0.09817477042468102,0.7853981633974485,1.0,0.9999999999999998
PLATE-1,1363,0.125,0.09817477042468103,0.7853981633974483,1.0000000000000004,0.9999999999999998
PLATE-1,1364,0.12499999999999999,0.09817477042468101,0.7853981633974482,0.9999999999999998,0.9999999999999998
PLATE-1,1365,0.125,0.09817477042468101,0.7853981633974481,0.9999999999999998,0.9999999999999998
PLATE-1,1366,0.12500000000000006,0.09817477042468108,0.7853981633974483,1.0000000000000009,0.9999999999999998
PLATE-1,1367,0.125,0.09817477042468101,0.7853981633974481,0.9999999999999998,0.9999999999999998
PLATE-1,1368,0.12500000000000003,0.09817477042468101,0.7853981633974478,0.9999999999999998,0.9999999999999998
PLATE-1,1369,0.12500000000000006,0.09817477042468101,0.7853981633974477,0.9999999999999998,0.9999999999999998
PLATE-1,1370,0.12499999999999997,0.09817477042468101,0.7853981633974483,0.9999999999999998,0.9999999999999998
PLATE-1,1371,0.12500000000000014,0.09817477042468108,0.7853981633974477,1.0000000000000009,0.9999999999999998
PLATE-1,1372,0.12500000000000008,0.09817477042468108,0.7853981633974481,1.0000000000000009,0.9999999999999998
PLATE-1,1373,0.12499999999999983,0.09817477042468097,0.7853981633974487,0.9999999999999987,0.9999999999999998
PLATE-1,1374,0.12500000000000008,0.09817477042468108,0.7853981633974481,1.0000000000000009,0.9999999999999998
PLATE-1,1375,0.12499999999999992,0.09817477042468097,0.7853981633974483,0.9999999999999987,0.9999999999999998
PLATE-1,1376,0.12499999999999992,0.09817477042468108,0.7853981633974492,1.0000000000000009,0.9999999999999998
PLATE-1,1377,0.12499999999999997,0.09817477042468108,0.7853981633974488,1.0000000000000009,0.9999999999999998
PLATE-1,1378,0.12500000000000008,0.09817477042468097,0.7853981633974472,0.9999999999999987,0.9999999999999998
PLATE-1,1379,0.12500000000000003,0.09817477042468108,0.7853981633974484,1.0000000000000009,0.9999999999999998
PLATE-1,1380,0.12499999999999992,0.09817477042468097,0.7853981633974483,0.9999999999999987,0.9999999999999998
PLATE-1,1381,0.12499999999999999,0.09817477042468102,0.7853981633974483,1.0,0.9999999999999998
PLATE-1,1382,0.12499999999999989,0.09817477042468102,0.7853981633974488,1.0,0.9999999999999998
PLATE-1,1383,0.12499999999999996,0.09817477042468103,0.7853981633974485,1.0000000000000004,0.9999999999999998
PLATE-1,1384,0.12499999999999992,0.09817477042468101,0.7853981633974486,0.9999999999999998,0.9999999999999998
PLATE-1,1385,0.12499999999999996,0.09817477042468101,0.7853981633974483,0.9999999999999998,0.9999999999999998
PLATE-1,1386,0.12499999999999997,0.09817477042468108,0.7853981633974488,1.0000000000000009,0.9999999999999998
PLATE-1,1387,0.12499999999999992,0.09817477042468101,0.7853981633974486,0.9999999999999998,0.9999999999999998
PLATE-1,1388,0.12499999999999994,0.09817477042468101,0.7853981633974484,0.9999999999999998,0.9999999999999998
PLATE-1,1389,0.12500000000000003,0.09817477042468101,0.7853981633974478,0.9999999999999998,0.9999999999999998
PLATE-1,1390,0.12499999999999993,0.09817477042468101,0.7853981633974485,0.9999999999999998,0.9999999999999998
PLATE-1,1391,0.12500000000000006,0.09817477042468108,0.7853981633974483,1.0000000000000009,0.9999999999999998
PLATE-1,1392,0.125,0.09817477042468108,0.7853981633974486,1.0000000000000009,0.9999999999999998
PLATE-1,1393,0.12499999999999979,0.09817477042468097,0.7853981633974491,0.9999999999999987,0.9999999999999998
PLATE-1,1394,0.12500000000000006,0.09817477042468108,0.7853981633974483,1.0000000000000009,0.9999999999999998
PLATE-1,1395,0.12499999999999988,0.09817477042468097,0.7853981633974485,0.9999999999999987,0.9999999999999998
PLATE-1,1396,0.12499999999999988,0.09817477042468108,0.7853981633974494,1.0000000000000009,0.9999999999999998
PLATE-1,1397,0.12499999999999993,0.09817477042468108,0.7853981633974491,1.0000000000000009,0.9999999999999998
PLATE-1,1398,0.12500000000000006,0.09817477042468097,0.7853981633974474,0.9999999999999987,0.9999999999999998
PLATE-1,1399,0.12499999999999999,0.09817477042468108,0.7853981633974487,1.0000000000000009,0.9999999999999998
PLATE-1,1400,0.12499999999999988,0.09817477042468097,0.7853981633974485,0.9999999999999987,0.9999999999999998
PLATE-1,1401,0.1250000000000002,0.09817477042468108,0.7853981633974474,1.0,1.0000000000000009
PLATE-1,1402,0.12500000000000006,0.09817477042468108,0.7853981633974483,1.0,1.0000000000000009
PLATE-1,1403,0.12500000000000017,0.0981747704246811,0.7853981633974478,1.0000000000000004,1.0000000000000009
PLATE-1,1404,0.1250000000000001,0.09817477042468108,0.785398163397448,0.9999999999999998,1.0000000000000009
PLATE-1,1405,0.12500000000000017,0.09817477042468108,0.7853981633974476,0.9999999999999998,1.0000000000000009
PLATE-1,1406,0.12500000000000017,0.09817477042468112,0.785398163397448,1.0000000000000009,1.0000000000000009
PLATE-1,1407,0.1250000000000001,0.09817477042468108,0.785398163397448,0.9999999999999998,1.0000000000000009
PLATE-1,1408,0.12500000000000014,0.09817477042468108,0.7853981633974477,0.9999999999999998,1.0000000000000009
PLATE-1,1409,0.12500000000000022,0.09817477042468108,0.7853981633974472,0.9999999999999998,1.0000000000000009
PLATE-1,1410,0.12500000000000014,0.09817477042468108,0.7853981633974477,0.9999999999999998,1.0000000000000009
PLATE-1,1411,0.12500000000000025,0.09817477042468112,0.7853981633974474,1.0000000000000009,1.0000000000000009
PLATE-1,1412,0.1250000000000002,0.09817477042468112,0.7853981633974477,1.0000000000000009,1.0000000000000009
PLATE-1,1413,0.12499999999999996,0.09817477042468101,0.7853981633974483,0.9999999999999987,1.0000000000000009
PLATE-1,1414,0.12500000000000025,0.09817477042468112,0.7853981633974474,1.0000000000000009,1.0000000000000009
PLATE-1,1415,0.12500000000000008,0.09817477042468101,0.7853981633974475,0.9999999999999987,1.0000000000000009
PLATE-1,1416,0.12500000000000006,0.09817477042468112,0.7853981633974486,1.0000000000000009,1.0000000000000009
PLATE-1,1417,0.1250000000000001,0.09817477042468112,0.7853981633974483,1.0000000000000009,1.0000000000000009
PLATE-1,1418,0.12500000000000025,0.09817477042468101,0.7853981633974465,0.9999999999999987,1.0000000000000009
PLATE-1,1419,0.1250000000000002,0.09817477042468112,0.7853981633974477,1.0000000000000009,1.0000000000000009
PLATE-1,1420,0.12500000000000008,0.09817477042468101,0.7853981633974475,0.9999999999999987,1.0000000000000009
PLATE-1,1421,0.1250000000000001,0.09817477042468108,0.785398163397448,1.0,1.0000000000000009
PLATE-1,1422,0.12500000000000003,0.09817477042468108,0.7853981633974484,1.0,1.0000000000000009
PLATE-1,1423,0.12500000000000008,0.0981747704246811,0.7853981633974483,1.0000000000000004,1.0000000000000009
PLATE-1,1424,0.12500000000000006,0.09817477042468108,0.7853981633974483,0.9999999999999998,1.0000000000000009
PLATE-1,1425,0.12500000000000008,0.09817477042468108,0.7853981633974481,0.9999999999999998,1.0000000000000009
PLATE-1,1426,0.12500000000000008,0.09817477042468112,0.7853981633974484,1.0000000000000009,1.0000000000000009
PLATE-1,1427,0.12500000000000003,0.09817477042468108,0.7853981633974484,0.9999999999999998,1.0000000000000009
PLATE-1,1428,0.12500000000000008,0.09817477042468108,0.7853981633974481,0.9999999999999998,1.0000000000000009
PLATE-1,1429,0.12500000000000014,0.09817477042468108,0.7853981633974477,0.9999999999999998,1.0000000000000009
PLATE-1,1430,0.12500000000000006,0.09817477042468108,0.7853981633974483,0.9999999999999998,1.0000000000000009
PLATE-1,1431,0.12500000000000022,0.09817477042468112,0.7853981633974475,1.0000000000000009,1.0000000000000009
PLATE-1,1432,0.12500000000000014,0.09817477042468112,0.7853981633974481,1.0000000000000009,1.0000000000000009
PLATE-1,1433,0.12499999999999989,0.09817477042468101,0.7853981633974487,0.9999999999999987,1.0000000000000009
PLATE-1,1434,0.12500000000000017,0.09817477042468112,0.785398163397448,1.0000000000000009,1.0000000000000009
PLATE-1,1435,0.125,0.09817477042468101,0.7853981633974481,0.9999999999999987,1.0000000000000009
PLATE-1,1436,0.125,0.09817477042468112,0.785398163397449,1.0000000000000009,1.0000000000000009
PLATE-1,1437,0.12500000000000006,0.09817477042468112,0.7853981633974486,1.0000000000000009,1.0000000000000009
PLATE-1,1438,0.12500000000000017,0.09817477042468101,0.7853981633974471,0.9999999999999987,1.0000000000000009
PLATE-1,1439,0.1250000000000001,0.09817477042468112,0.7853981633974483,1.0000000000000009,1.0000000000000009
PLATE-1,1440,0.125,0.09817477042468101,0.7853981633974481,0.9999999999999987,1.0000000000000009
PLATE-1,1441,0.12499999999999986,0.09817477042468097,0.7853981633974486,1.0,0.9999999999999987
PLATE-1,1442,0.12499999999999978,0.09817477042468097,0.7853981633974492,1.0,0.9999999999999987
PLATE-1,1443,0.12499999999999983,0.098174770424681,0.785398163397449,1.0000000000000004,0.9999999999999987
PLATE-1,1444,0.1249999999999998,0.09817477042468097,0.785398163397449,0.9999999999999998,0.9999999999999987
PLATE-1,1445,0.12499999999999983,0.09817477042468097,0.7853981633974487,0.9999999999999998,0.9999999999999987
PLATE-1,1446,0.12499999999999986,0.09817477042468101,0.785398163397449,1.0000000000000009,0.9999999999999987
PLATE-1,1447,0.1249999999999998,0.09817477042468097,0.785398163397449,0.9999999999999998,0.9999999999999987
PLATE-1,1448,0.12499999999999983,0.09817477042468097,0.7853981633974487,0.9999999999999998,0.9999999999999987
PLATE-1,1449,0.12499999999999989,0.09817477042468097,0.7853981633974484,0.9999999999999998,0.9999999999999987
PLATE-1,1450,0.1249999999999998,0.09817477042468097,0.785398163397449,0.9999999999999998,0.9999999999999987
PLATE-1,1451,0.12499999999999994,0.09817477042468101,0.7853981633974484,1.0000000000000009,0.9999999999999987
PLATE-1,1452,0.12499999999999989,0.09817477042468101,0.7853981633974487,1.0000000000000009,0.9999999999999987
PLATE-1,1453,0.12499999999999967,0.09817477042468091,0.7853981633974494,0.9999999999999987,0.9999999999999987
PLATE-1,1454,0.12499999999999992,0.09817477042468101,0.7853981633974486,1.0000000000000009,0.9999999999999987
PLATE-1,1455,0.12499999999999975,0.09817477042468091,0.7853981633974488,0.9999999999999987,0.9999999999999987
PLATE-1,1456,0.12499999999999975,0.09817477042468101,0.7853981633974496,1.0000000000000009,0.9999999999999987
PLATE-1,1457,0.1249999999999998,0.09817477042468101,0.7853981633974493,1.0000000000000009,0.9999999999999987
PLATE-1,1458,0.12499999999999994,0.09817477042468091,0.7853981633974476,0.9999999999999987,0.9999999999999987
PLATE-1,1459,0.12499999999999986,0.09817477042468101,0.785398163397449,1.0000000000000009,0.9999999999999987
PLATE-1,1460,0.12499999999999975,0.09817477042468091,0.7853981633974488,0.9999999999999987,0.9999999999999987
PLATE-1,1461,0.1250000000000002,0.09817477042468108,0.7853981633974474,1.0,1.0000000000000009
PLATE-1,1462,0.12500000000000006,0.09817477042468108,0.7853981633974483,1.0,1.0000000000000009
PLATE-1,1463,0.12500000000000017,0.0981747704246811,0.7853981633974478,1.0000000000000004,1.0000000000000009
PLATE-1,1464,0.1250000000000001,0.09817477042468108,0.785398163397448,0.9999999999999998,1.0000000000000009
PLATE-1,1465,0.12500000000000017,0.09817477042468108,0.7853981633974476,0.9999999999999998,1.0000000000000009
PLATE-1,1466,0.12500000000000017,0.09817477042468112,0.785398163397448,1.0000000000000009,1.0000000000000009
PLATE-1,1467,0.1250000000000001,0.09817477042468108,0.785398163397448,0.9999999999999998,1.0000000000000009
PLATE-1,1468,0.12500000000000014,0.09817477042468108,0.7853981633974477,0.9999999999999998,1.0000000000000009
PLATE-1,1469,0.12500000000000022,0.09817477042468108,0.7853981633974472,0.9999999999999998,1.0000000000000009
PLATE-1,1470,0.12500000000000014,0.09817477042468108,0.7853981633974477,0.9999999999999998,1.0000000000000009
PLATE-1,1471,0.12500000000000025,0.09817477042468112,0.7853981633974474,1.0000000000000009,1.0000000000000009
PLATE-1,1472,0.1250000000000002,0.09817477042468112,0.7853981633974477,1.0000000000000009,1.0000000000000009
PLATE-1,1473,0.12499999999999996,0.09817477042468101,0.7853981633974483,0.9999999999999987,1.0000000000000009
PLATE-1,1474,0.12500000000000025,0.09817477042468112,0.7853981633974474,1.0000000000000009,1.0000000000000009
PLATE-1,1475,0.12500000000000008,0.09817477042468101,0.7853981633974475,0.9999999999999987,1.0000000000000009
PLATE-1,1476,0.12500000000000006,0.09817477042468112,0.7853981633974486,1.0000000000000009,1.0000000000000009
PLATE-1,1477,0.1250000000000001,0.09817477042468112,0.7853981633974483,1.0000000000000009,1.0000000000000009
PLATE-1,1478,0.12500000000000025,0.09817477042468101,0.7853981633974465,0.9999999999999987,1.0000000000000009
PLATE-1,1479,0.1250000000000002,0.09817477042468112,0.7853981633974477,1.0000000000000009,1.0000000000000009
PLATE-1,1480,0.12500000000000008,0.09817477042468101,0.7853981633974475,0.9999999999999987,1.0000000000000009
PLATE-1,1481,0.12499999999999992,0.09817477042468097,0.7853981633974483,1.0,0.9999999999999987
PLATE-1,1482,0.12499999999999983,0.09817477042468097,0.7853981633974487,1.0,0.9999999999999987
PLATE-1,1483,0.12499999999999989,0.098174770424681,0.7853981633974486,1.0000000000000004,0.9999999999999987
PLATE-1,1484,0.12499999999999986,0.09817477042468097,0.7853981633974486,0.9999999999999998,0.9999999999999987
PLATE-1,1485,0.12499999999999989,0.09817477042468097,0.7853981633974484,0.9999999999999998,0.9999999999999987
PLATE-1,1486,0.12499999999999992,0.09817477042468101,0.7853981633974486,1.0000000000000009,0.9999999999999987
PLATE-1,1487,0.12499999999999986,0.09817477042468097,0.7853981633974486,0.9999999999999998,0.9999999999999987
PLATE-1,1488,0.12499999999999989,0.09817477042468097,0.7853981633974484,0.9999999999999998,0.9999999999999987
PLATE-1,1489,0.12499999999999994,0.09817477042468097,0.7853981633974481,0.9999999999999998,0.9999999999999987
PLATE-1,1490,0.12499999999999986,0.09817477042468097,0.7853981633974486,0.9999999999999998,0.9999999999999987
PLATE-1,1491,0.12500000000000003,0.09817477042468101,0.7853981633974478,1.0000000000000009,0.9999999999999987
PLATE-1,1492,0.12499999999999994,0.09817477042468101,0.7853981633974484,1.0000000000000009,0.9999999999999987
PLATE-1,1493,0.12499999999999972,0.09817477042468091,0.7853981633974491,0.9999999999999987,0.9999999999999987
PLATE-1,1494,0.12499999999999997,0.09817477042468101,0.7853981633974483,1.0000000000000009,0.9999999999999987
PLATE-1,1495,0.1249999999999998,0.09817477042468091,0.7853981633974485,0.9999999999999987,0.9999999999999987
PLATE-1,1496,0.1249999999999998,0.09817477042468101,0.7853981633974493,1.0000000000000009,0.9999999999999987
PLATE-1,1497,0.12499999999999986,0.09817477042468101,0.785398163397449,1.0000000000000009,0.9999999999999987
PLATE-1,1498,0.12499999999999997,0.09817477042468091,0.7853981633974475,0.9999999999999987,0.9999999999999987
PLATE-1,1499,0.12499999999999992,0.09817477042468101,0.7853981633974486,1.0000000000000009,0.9999999999999987
PLATE-1,1500,0.1249999999999998,0.09817477042468091,0.7853981633974485,0.9999999999999987,0.9999999999999987
PLATE-1,1501,0.12500000000000003,0.09817477042468108,0.7853981633974484,1.0,1.0000000000000009
PLATE-1,1502,0.12499999999999994,0.09817477042468108,0.785398163397449,1.0,1.0000000000000009
PLATE-1,1503,0.125,0.0981747704246811,0.7853981633974488,1.0000000000000004,1.0000000000000009
PLATE-1,1504,0.12499999999999999,0.09817477042468108,0.7853981633974487,0.9999999999999998,1.0000000000000009
PLATE-1,1505,0.125,0.09817477042468108,0.7853981633974486,0.9999999999999998,1.0000000000000009
PLATE-1,1506,0.12500000000000006,0.09817477042468112,0.7853981633974486,1.0000000000000009,1.0000000000000009
PLATE-1,1507,0.125,0.09817477042468108,0.7853981633974486,0.9999999999999998,1.0000000000000009
PLATE-1,1508,0.12500000000000003,0.09817477042468108,0.7853981633974484,0.9999999999999998,1.0000000000000009
PLATE-1,1509,0.12500000000000006,0.09817477042468108,0.7853981633974483,0.9999999999999998,1.0000000000000009
PLATE-1,1510,0.12499999999999997,0.09817477042468108,0.7853981633974488,0.9999999999999998,1.0000000000000009
PLATE-1,1511,0.12500000000000014,0.09817477042468112,0.7853981633974481,1.0000000000000009,1.0000000000000009
PLATE-1,1512,0.12500000000000008,0.09817477042468112,0.7853981633974484,1.0000000000000009,1.0000000000000009
PLATE-1,1513,0.12499999999999983,0.09817477042468101,0.7853981633974491,0.9999999999999987,1.0000000000000009
PLATE-1,1514,0.12500000000000008,0.09817477042468112,0.7853981633974484,1.0000000000000009,1.0000000000000009
PLATE-1,1515,0.12499999999999992,0.09817477042468101,0.7853981633974486,0.9999999999999987,1.0000000000000009
PLATE-1,1516,0.12499999999999992,0.09817477042468112,0.7853981633974495,1.0000000000000009,1.0000000000000009
PLATE-1,1517,0.12499999999999997,0.09817477042468112,0.7853981633974492,1.0000000000000009,1.0000000000000009
PLATE-1,1518,0.12500000000000008,0.09817477042468101,0.7853981633974475,0.9999999999999987,1.0000000000000009
PLATE-1,1519,0.12500000000000003,0.09817477042468112,0.7853981633974487,1.0000000000000009,1.0000000000000009
PLATE-1,1520,0.12499999999999992,0.09817477042468101,0.7853981633974486,0.9999999999999987,1.0000000000000009
PLATE-1,1521,0.12499999999999992,0.09817477042468108,0.7853981633974492,1.0,1.0000000000000009
PLATE-1,1522,0.12499999999999983,0.09817477042468108,0.7853981633974496,1.0,1.0000000000000009
PLATE-1,1523,0.12499999999999989,0.0981747704246811,0.7853981633974495,1.0000000000000004,1.0000000000000009
PLATE-1,1524,0.12499999999999988,0.09817477042468108,0.7853981633974494,0.9999999999999998,1.0000000000000009
PLATE-1,1525,0.12499999999999989,0.09817477042468108,0.7853981633974493,0.9999999999999998,1.0000000000000009
PLATE-1,1526,0.12499999999999992,0.09817477042468112,0.7853981633974495,1.0000000000000009,1.0000000000000009
PLATE-1,1527,0.12499999999999986,0.09817477042468108,0.7853981633974495,0.9999999999999998,1.0000000000000009
PLATE-1,1528,0.1249999999999999,0.09817477042468108,0.7853981633974492,0.9999999999999998,1.0000000000000009
PLATE-1,1529,0.12499999999999994,0.09817477042468108,0.785398163397449,0.9999999999999998,1.0000000000000009
PLATE-1,1530,0.12499999999999986,0.09817477042468108,0.7853981633974495,0.9999999999999998,1.0000000000000009
PLATE-1,1531,0.12500000000000003,0.09817477042468112,0.7853981633974487,1.0000000000000009,1.0000000000000009
PLATE-1,1532,0.12499999999999996,0.09817477042468112,0.7853981633974492,1.0000000000000009,1.0000000000000009
PLATE-1,1533,0.12499999999999972,0.09817477042468101,0.7853981633974498,0.9999999999999987,1.0000000000000009
PLATE-1,1534,0.12499999999999997,0.09817477042468112,0.7853981633974492,1.0000000000000009,1.0000000000000009
PLATE-1,1535,0.1249999999999998,0.09817477042468101,0.7853981633974493,0.9999999999999987,1.0000000000000009
PLATE-1,1536,0.1249999999999998,0.09817477042468112,0.7853981633974502,1.0000000000000009,1.0000000000000009
PLATE-1,1537,0.12499999999999986,0.09817477042468112,0.7853981633974498,1.0000000000000009,1.0000000000000009
PLATE-1,1538,0.12499999999999997,0.09817477042468101,0.7853981633974483,0.9999999999999987,1.0000000000000009
PLATE-1,1539,0.12499999999999992,0.09817477042468112,0.7853981633974495,1.0000000000000009,1.0000000000000009
PLATE-1,1540,0.1249999999999998,0.09817477042468101,0.7853981633974493,0.9999999999999987,1.0000000000000009
PLATE-1,1541,0.12500000000000003,0.09817477042468097,0.7853981633974475,1.0,0.9999999999999987
PLATE-1,1542,0.12499999999999994,0.09817477042468097,0.7853981633974481,1.0,0.9999999999999987
PLATE-1,1543,0.125,0.098174770424681,0.785398163397448,1.0000000000000004,0.9999999999999987
PLATE-1,1544,0.12499999999999999,0.09817477042468097,0.7853981633974478,0.9999999999999998,0.9999999999999987
PLATE-1,1545,0.125,0.09817477042468097,0.7853981633974477,0.9999999999999998,0.9999999999999987
PLATE-1,1546,0.12500000000000006,0.09817477042468101,0.7853981633974477,1.0000000000000009,0.9999999999999987
PLATE-1,1547,0.125,0.09817477042468097,0.7853981633974477,0.9999999999999998,0.9999999999999987
PLATE-1,1548,0.12500000000000003,0.09817477042468097,0.7853981633974475,0.9999999999999998,0.9999999999999987
PLATE-1,1549,0.12500000000000006,0.09817477042468097,0.7853981633974474,0.9999999999999998,0.9999999999999987
PLATE-1,1550,0.12499999999999997,0.09817477042468097,0.785398163397448,0.9999999999999998,0.9999999999999987
PLATE-1,1551,0.12500000000000014,0.09817477042468101,0.7853981633974472,1.0000000000000009,0.9999999999999987
PLATE-1,1552,0.12500000000000008,0.09817477042468101,0.7853981633974475,1.0000000000000009,0.9999999999999987
PLATE-1,1553,0.12499999999999983,0.09817477042468091,0.7853981633974483,0.9999999999999987,0.9999999999999987
PLATE-1,1554,0.12500000000000008,0.09817477042468101,0.7853981633974475,1.0000000000000009,0.9999999999999987
PLATE-1,1555,0.12499999999999992,0.09817477042468091,0.7853981633974478,0.9999999999999987,0.9999999999999987
PLATE-1,1556,0.12499999999999992,0.09817477042468101,0.7853981633974486,1.0000000000000009,0.9999999999999987
PLATE-1,1557,0.12499999999999997,0.09817477042468101,0.7853981633974483,1.0000000000000009,0.9999999999999987
PLATE-1,1558,0.12500000000000008,0.09817477042468091,0.7853981633974467,0.9999999999999987,0.9999999999999987
PLATE-1,1559,0.12500000000000003,0.09817477042468101,0.7853981633974478,1.0000000000000009,0.9999999999999987
PLATE-1,1560,0.12499999999999992,0.09817477042468091,0.7853981633974478,0.9999999999999987,0.9999999999999987
PLATE-1,1561,0.12500000000000003,0.09817477042468108,0.7853981633974484,1.0,1.0000000000000009
PLATE-1,1562,0.12499999999999994,0.09817477042468108,0.785398163397449,1.0,1.0000000000000009
PLATE-1,1563,0.125,0.0981747704246811,0.7853981633974488,1.0000000000000004,1.0000000000000009
PLATE-1,1564,0.12499999999999999,0.09817477042468108,0.7853981633974487,0.9999999999999998,1.0000000000000009
PLATE-1,1565,0.125,0.09817477042468108,0.7853981633974486,0.9999999999999998,1.0000000000000009
PLATE-1,1566,0.12500000000000006,0.09817477042468112,0.7853981633974486,1.0000000000000009,1.0000000000000009
PLATE-1,1567,0.125,0.09817477042468108,0.7853981633974486,0.9999999999999998,1.0000000000000009
PLATE-1,1568,0.12500000000000003,0.09817477042468108,0.7853981633974484,0.9999999999999998,1.0000000000000009
PLATE-1,1569,0.12500000000000006,0.09817477042468108,0.7853981633974483,0.9999999999999998,1.0000000000000009
PLATE-1,1570,0.12499999999999997,0.09817477042468108,0.7853981633974488,0.9999999999999998,1.0000000000000009
PLATE-1,1571,0.12500000000000014,0.09817477042468112,0.7853981633974481,1.0000000000000009,1.0000000000000009
PLATE-1,1572,0.12500000000000008,0.09817477042468112,0.7853981633974484,1.0000000000000009,1.0000000000000009
PLATE-1,1573,0.12499999999999983,0.09817477042468101,0.7853981633974491,0.9999999999999987,1.0000000000000009
PLATE-1,1574,0.12500000000000008,0.09817477042468112,0.7853981633974484,1.0000000000000009,1.0000000000000009
PLATE-1,1575,0.12499999999999992,0.09817477042468101,0.7853981633974486,0.9999999999999987,1.0000000000000009
PLATE-1,1576,0.12499999999999992,0.09817477042468112,0.7853981633974495,1.0000000000000009,1.0000000000000009
PLATE-1,1577,0.12499999999999997,0.09817477042468112,0.7853981633974492,1.0000000000000009,1.0000000000000009
PLATE-1,1578,0.12500000000000008,0.09817477042468101,0.7853981633974475,0.9999999999999987,1.0000000000000009
PLATE-1,1579,0.12500000000000003,0.09817477042468112,0.7853981633974487,1.0000000000000009,1.0000000000000009
PLATE-1,1580,0.12499999999999992,0.09817477042468101,0.7853981633974486,0.9999999999999987,1.0000000000000009
PLATE-1,1581,0.1249999999999998,0.09817477042468097,0.785398163397449,1.0,0.9999999999999987
PLATE-1,1582,0.12499999999999972,0.09817477042468097,0.7853981633974495,1.0,0.9999999999999987
PLATE-1,1583,0.12499999999999978,0.098174770424681,0.7853981633974494,1.0000000000000004,0.9999999999999987
PLATE-1,1584,0.12499999999999976,0.09817477042468097,0.7853981633974492,0.9999999999999998,0.9999999999999987
PLATE-1,1585,0.12499999999999978,0.09817477042468097,0.7853981633974492,0.9999999999999998,0.9999999999999987
PLATE-1,1586,0.1249999999999998,0.09817477042468101,0.7853981633974493,1.0000000000000009,0.9999999999999987
PLATE-1,1587,0.12499999999999975,0.09817477042468097,0.7853981633974493,0.9999999999999998,0.9999999999999987
PLATE-1,1588,0.12499999999999979,0.09817477042468097,0.7853981633974491,0.9999999999999998,0.9999999999999987
PLATE-1,1589,0.12499999999999983,0.09817477042468097,0.7853981633974487,0.9999999999999998,0.9999999999999987
PLATE-1,1590,0.12499999999999975,0.09817477042468097,0.7853981633974493,0.9999999999999998,0.9999999999999987
PLATE-1,1591,0.1249999999999999,0.09817477042468101,0.7853981633974486,1.0000000000000009,0.9999999999999987
PLATE-1,1592,0.12499999999999985,0.09817477042468101,0.7853981633974491,1.0000000000000009,0.9999999999999987
PLATE-1,1593,0.12499999999999961,0.09817477042468091,0.7853981633974497,0.9999999999999987,0.9999999999999987
PLATE-1,1594,0.12499999999999986,0.09817477042468101,0.785398163397449,1.0000000000000009,0.9999999999999987
PLATE-1,1595,0.1249999999999997,0.09817477042468091,0.7853981633974492,0.9999999999999987,0.9999999999999987
PLATE-1,1596,0.1249999999999997,0.09817477042468101,0.7853981633974499,1.0000000000000009,0.9999999999999987
PLATE-1,1597,0.12499999999999975,0.09817477042468101,0.7853981633974496,1.0000000000000009,0.9999999999999987
PLATE-1,1598,0.12499999999999986,0.09817477042468091,0.7853981633974482,0.9999999999999987,0.9999999999999987
PLATE-1,1599,0.1249999999999998,0.09817477042468101,0.7853981633974493,1.0000000000000009,0.9999999999999987
PLATE-1,1600,0.1249999999999997,0.09817477042468091,0.7853981633974492,0.9999999999999987,0.9999999999999987
