# vtk DataFile Version 3.0
embmesh host/fiber visualization
ASCII
DATASET POLYDATA
POINTS 13440 float
0 0 0
0.5 0 0
0.5 0.5 0
0 0.5 0
0 0 0.5
0.5 0 0.5
0.5 0.5 0.5
0 0.5 0.5
0.5 0 0
1 0 0
1 0.5 0
0.5 0.5 0
0.5 0 0.5
1 0 0.5
1 0.5 0.5
0.5 0.5 0.5
1 0 0
1.5 0 0
1.5 0.5 0
1 0.5 0
1 0 0.5
1.5 0 0.5
1.5 0.5 0.5
1 0.5 0.5
1.5 0 0
2 0 0
2 0.5 0
1.5 0.5 0
1.5 0 0.5
2 0 0.5
2 0.5 0.5
1.5 0.5 0.5
2 0 0
2.5 0 0
2.5 0.5 0
2 0.5 0
2 0 0.5
2.5 0 0.5
2.5 0.5 0.5
2 0.5 0.5
2.5 0 0
3 0 0
3 0.5 0
2.5 0.5 0
2.5 0 0.5
3 0 0.5
3 0.5 0.5
2.5 0.5 0.5
3 0 0
3.5 0 0
3.5 0.5 0
3 0.5 0
3 0 0.5
3.5 0 0.5
3.5 0.5 0.5
3 0.5 0.5
3.5 0 0
4 0 0
4 0.5 0
3.5 0.5 0
3.5 0 0.5
4 0 0.5
4 0.5 0.5
3.5 0.5 0.5
4 0 0
4.5 0 0
4.5 0.5 0
4 0.5 0
4 0 0.5
4.5 0 0.5
4.5 0.5 0.5
4 0.5 0.5
4.5 0 0
5 0 0
5 0.5 0
4.5 0.5 0
4.5 0 0.5
5 0 0.5
5 0.5 0.5
4.5 0.5 0.5
5 0 0
5.5 0 0
5.5 0.5 0
5 0.5 0
5 0 0.5
5.5 0 0.5
5.5 0.5 0.5
5 0.5 0.5
5.5 0 0
6 0 0
6 0.5 0
5.5 0.5 0
5.5 0 0.5
6 0 0.5
6 0.5 0.5
5.5 0.5 0.5
6 0 0
6.5 0 0
6.5 0.5 0
6 0.5 0
6 0 0.5
6.5 0 0.5
6.5 0.5 0.5
6 0.5 0.5
6.5 0 0
7 0 0
7 0.5 0
6.5 0.5 0
6.5 0 0.5
7 0 0.5
7 0.5 0.5
6.5 0.5 0.5
7 0 0
7.5 0 0
7.5 0.5 0
7 0.5 0
7 0 0.5
7.5 0 0.5
7.5 0.5 0.5
7 0.5 0.5
7.5 0 0
8 0 0
8 0.5 0
7.5 0.5 0
7.5 0 0.5
8 0 0.5
8 0.5 0.5
7.5 0.5 0.5
8 0 0
8.5 0 0
8.5 0.5 0
8 0.5 0
8 0 0.5
8.5 0 0.5
8.5 0.5 0.5
8 0.5 0.5
8.5 0 0
9 0 0
9 0.5 0
8.5 0.5 0
8.5 0 0.5
9 0 0.5
9 0.5 0.5
8.5 0.5 0.5
9 0 0
9.5 0 0
9.5 0.5 0
9 0.5 0
9 0 0.5
9.5 0 0.5
9.5 0.5 0.5
9 0.5 0.5
9.5 0 0
10 0 0
10 0.5 0
9.5 0.5 0
9.5 0 0.5
10 0 0.5
10 0.5 0.5
9.5 0.5 0.5
0 0.5 0
0.5 0.5 0
0.5 1 0
0 1 0
0 0.5 0.5
0.5 0.5 0.5
0.5 1 0.5
0 1 0.5
0.5 0.5 0
1 0.5 0
1 1 0
0.5 1 0
0.5 0.5 0.5
1 0.5 0.5
1 1 0.5
0.5 1 0.5
1 0.5 0
1.5 0.5 0
1.5 1 0
1 1 0
1 0.5 0.5
1.5 0.5 0.5
1.5 1 0.5
1 1 0.5
1.5 0.5 0
2 0.5 0
2 1 0
1.5 1 0
1.5 0.5 0.5
2 0.5 0.5
2 1 0.5
1.5 1 0.5
2 0.5 0
2.5 0.5 0
2.5 1 0
2 1 0
2 0.5 0.5
2.5 0.5 0.5
2.5 1 0.5
2 1 0.5
2.5 0.5 0
3 0.5 0
3 1 0
2.5 1 0
2.5 0.5 0.5
3 0.5 0.5
3 1 0.5
2.5 1 0.5
3 0.5 0
3.5 0.5 0
3.5 1 0
3 1 0
3 0.5 0.5
3.5 0.5 0.5
3.5 1 0.5
3 1 0.5
3.5 0.5 0
4 0.5 0
4 1 0
3.5 1 0
3.5 0.5 0.5
4 0.5 0.5
4 1 0.5
3.5 1 0.5
4 0.5 0
4.5 0.5 0
4.5 1 0
4 1 0
4 0.5 0.5
4.5 0.5 0.5
4.5 1 0.5
4 1 0.5
4.5 0.5 0
5 0.5 0
5 1 0
4.5 1 0
4.5 0.5 0.5
5 0.5 0.5
5 1 0.5
4.5 1 0.5
5 0.5 0
5.5 0.5 0
5.5 1 0
5 1 0
5 0.5 0.5
5.5 0.5 0.5
5.5 1 0.5
5 1 0.5
5.5 0.5 0
6 0.5 0
6 1 0
5.5 1 0
5.5 0.5 0.5
6 0.5 0.5
6 1 0.5
5.5 1 0.5
6 0.5 0
6.5 0.5 0
6.5 1 0
6 1 0
6 0.5 0.5
6.5 0.5 0.5
6.5 1 0.5
6 1 0.5
6.5 0.5 0
7 0.5 0
7 1 0
6.5 1 0
6.5 0.5 0.5
7 0.5 0.5
7 1 0.5
6.5 1 0.5
7 0.5 0
7.5 0.5 0
7.5 1 0
7 1 0
7 0.5 0.5
7.5 0.5 0.5
7.5 1 0.5
7 1 0.5
7.5 0.5 0
8 0.5 0
8 1 0
7.5 1 0
7.5 0.5 0.5
8 0.5 0.5
8 1 0.5
7.5 1 0.5
8 0.5 0
8.5 0.5 0
8.5 1 0
8 1 0
8 0.5 0.5
8.5 0.5 0.5
8.5 1 0.5
8 1 0.5
8.5 0.5 0
9 0.5 0
9 1 0
8.5 1 0
8.5 0.5 0.5
9 0.5 0.5
9 1 0.5
8.5 1 0.5
9 0.5 0
9.5 0.5 0
9.5 1 0
9 1 0
9 0.5 0.5
9.5 0.5 0.5
9.5 1 0.5
9 1 0.5
9.5 0.5 0
10 0.5 0
10 1 0
9.5 1 0
9.5 0.5 0.5
10 0.5 0.5
10 1 0.5
9.5 1 0.5
0 1 0
0.5 1 0
0.5 1.5 0
0 1.5 0
0 1 0.5
0.5 1 0.5
0.5 1.5 0.5
0 1.5 0.5
0.5 1 0
1 1 0
1 1.5 0
0.5 1.5 0
0.5 1 0.5
1 1 0.5
1 1.5 0.5
0.5 1.5 0.5
1 1 0
1.5 1 0
1.5 1.5 0
1 1.5 0
1 1 0.5
1.5 1 0.5
1.5 1.5 0.5
1 1.5 0.5
1.5 1 0
2 1 0
2 1.5 0
1.5 1.5 0
1.5 1 0.5
2 1 0.5
2 1.5 0.5
1.5 1.5 0.5
2 1 0
2.5 1 0
2.5 1.5 0
2 1.5 0
2 1 0.5
2.5 1 0.5
2.5 1.5 0.5
2 1.5 0.5
2.5 1 0
3 1 0
3 1.5 0
2.5 1.5 0
2.5 1 0.5
3 1 0.5
3 1.5 0.5
2.5 1.5 0.5
3 1 0
3.5 1 0
3.5 1.5 0
3 1.5 0
3 1 0.5
3.5 1 0.5
3.5 1.5 0.5
3 1.5 0.5
3.5 1 0
4 1 0
4 1.5 0
3.5 1.5 0
3.5 1 0.5
4 1 0.5
4 1.5 0.5
3.5 1.5 0.5
4 1 0
4.5 1 0
4.5 1.5 0
4 1.5 0
4 1 0.5
4.5 1 0.5
4.5 1.5 0.5
4 1.5 0.5
4.5 1 0
5 1 0
5 1.5 0
4.5 1.5 0
4.5 1 0.5
5 1 0.5
5 1.5 0.5
4.5 1.5 0.5
5 1 0
5.5 1 0
5.5 1.5 0
5 1.5 0
5 1 0.5
5.5 1 0.5
5.5 1.5 0.5
5 1.5 0.5
5.5 1 0
6 1 0
6 1.5 0
5.5 1.5 0
5.5 1 0.5
6 1 0.5
6 1.5 0.5
5.5 1.5 0.5
6 1 0
6.5 1 0
6.5 1.5 0
6 1.5 0
6 1 0.5
6.5 1 0.5
6.5 1.5 0.5
6 1.5 0.5
6.5 1 0
7 1 0
7 1.5 0
6.5 1.5 0
6.5 1 0.5
7 1 0.5
7 1.5 0.5
6.5 1.5 0.5
7 1 0
7.5 1 0
7.5 1.5 0
7 1.5 0
7 1 0.5
7.5 1 0.5
7.5 1.5 0.5
7 1.5 0.5
7.5 1 0
8 1 0
8 1.5 0
7.5 1.5 0
7.5 1 0.5
8 1 0.5
8 1.5 0.5
7.5 1.5 0.5
8 1 0
8.5 1 0
8.5 1.5 0
8 1.5 0
8 1 0.5
8.5 1 0.5
8.5 1.5 0.5
8 1.5 0.5
8.5 1 0
9 1 0
9 1.5 0
8.5 1.5 0
8.5 1 0.5
9 1 0.5
9 1.5 0.5
8.5 1.5 0.5
9 1 0
9.5 1 0
9.5 1.5 0
9 1.5 0
9 1 0.5
9.5 1 0.5
9.5 1.5 0.5
9 1.5 0.5
9.5 1 0
10 1 0
10 1.5 0
9.5 1.5 0
9.5 1 0.5
10 1 0.5
10 1.5 0.5
9.5 1.5 0.5
0 1.5 0
0.5 1.5 0
0.5 2 0
0 2 0
0 1.5 0.5
0.5 1.5 0.5
0.5 2 0.5
0 2 0.5
0.5 1.5 0
1 1.5 0
1 2 0
0.5 2 0
0.5 1.5 0.5
1 1.5 0.5
1 2 0.5
0.5 2 0.5
1 1.5 0
1.5 1.5 0
1.5 2 0
1 2 0
1 1.5 0.5
1.5 1.5 0.5
1.5 2 0.5
1 2 0.5
1.5 1.5 0
2 1.5 0
2 2 0
1.5 2 0
1.5 1.5 0.5
2 1.5 0.5
2 2 0.5
1.5 2 0.5
2 1.5 0
2.5 1.5 0
2.5 2 0
2 2 0
2 1.5 0.5
2.5 1.5 0.5
2.5 2 0.5
2 2 0.5
2.5 1.5 0
3 1.5 0
3 2 0
2.5 2 0
2.5 1.5 0.5
3 1.5 0.5
3 2 0.5
2.5 2 0.5
3 1.5 0
3.5 1.5 0
3.5 2 0
3 2 0
3 1.5 0.5
3.5 1.5 0.5
3.5 2 0.5
3 2 0.5
3.5 1.5 0
4 1.5 0
4 2 0
3.5 2 0
3.5 1.5 0.5
4 1.5 0.5
4 2 0.5
3.5 2 0.5
4 1.5 0
4.5 1.5 0
4.5 2 0
4 2 0
4 1.5 0.5
4.5 1.5 0.5
4.5 2 0.5
4 2 0.5
4.5 1.5 0
5 1.5 0
5 2 0
4.5 2 0
4.5 1.5 0.5
5 1.5 0.5
5 2 0.5
4.5 2 0.5
5 1.5 0
5.5 1.5 0
5.5 2 0
5 2 0
5 1.5 0.5
5.5 1.5 0.5
5.5 2 0.5
5 2 0.5
5.5 1.5 0
6 1.5 0
6 2 0
5.5 2 0
5.5 1.5 0.5
6 1.5 0.5
6 2 0.5
5.5 2 0.5
6 1.5 0
6.5 1.5 0
6.5 2 0
6 2 0
6 1.5 0.5
6.5 1.5 0.5
6.5 2 0.5
6 2 0.5
6.5 1.5 0
7 1.5 0
7 2 0
6.5 2 0
6.5 1.5 0.5
7 1.5 0.5
7 2 0.5
6.5 2 0.5
7 1.5 0
7.5 1.5 0
7.5 2 0
7 2 0
7 1.5 0.5
7.5 1.5 0.5
7.5 2 0.5
7 2 0.5
7.5 1.5 0
8 1.5 0
8 2 0
7.5 2 0
7.5 1.5 0.5
8 1.5 0.5
8 2 0.5
7.5 2 0.5
8 1.5 0
8.5 1.5 0
8.5 2 0
8 2 0
8 1.5 0.5
8.5 1.5 0.5
8.5 2 0.5
8 2 0.5
8.5 1.5 0
9 1.5 0
9 2 0
8.5 2 0
8.5 1.5 0.5
9 1.5 0.5
9 2 0.5
8.5 2 0.5
9 1.5 0
9.5 1.5 0
9.5 2 0
9 2 0
9 1.5 0.5
9.5 1.5 0.5
9.5 2 0.5
9 2 0.5
9.5 1.5 0
10 1.5 0
10 2 0
9.5 2 0
9.5 1.5 0.5
10 1.5 0.5
10 2 0.5
9.5 2 0.5
0 2 0
0.5 2 0
0.5 2.5 0
0 2.5 0
0 2 0.5
0.5 2 0.5
0.5 2.5 0.5
0 2.5 0.5
0.5 2 0
1 2 0
1 2.5 0
0.5 2.5 0
0.5 2 0.5
1 2 0.5
1 2.5 0.5
0.5 2.5 0.5
1 2 0
1.5 2 0
1.5 2.5 0
1 2.5 0
1 2 0.5
1.5 2 0.5
1.5 2.5 0.5
1 2.5 0.5
1.5 2 0
2 2 0
2 2.5 0
1.5 2.5 0
1.5 2 0.5
2 2 0.5
2 2.5 0.5
1.5 2.5 0.5
2 2 0
2.5 2 0
2.5 2.5 0
2 2.5 0
2 2 0.5
2.5 2 0.5
2.5 2.5 0.5
2 2.5 0.5
2.5 2 0
3 2 0
3 2.5 0
2.5 2.5 0
2.5 2 0.5
3 2 0.5
3 2.5 0.5
2.5 2.5 0.5
3 2 0
3.5 2 0
3.5 2.5 0
3 2.5 0
3 2 0.5
3.5 2 0.5
3.5 2.5 0.5
3 2.5 0.5
3.5 2 0
4 2 0
4 2.5 0
3.5 2.5 0
3.5 2 0.5
4 2 0.5
4 2.5 0.5
3.5 2.5 0.5
4 2 0
4.5 2 0
4.5 2.5 0
4 2.5 0
4 2 0.5
4.5 2 0.5
4.5 2.5 0.5
4 2.5 0.5
4.5 2 0
5 2 0
5 2.5 0
4.5 2.5 0
4.5 2 0.5
5 2 0.5
5 2.5 0.5
4.5 2.5 0.5
5 2 0
5.5 2 0
5.5 2.5 0
5 2.5 0
5 2 0.5
5.5 2 0.5
5.5 2.5 0.5
5 2.5 0.5
5.5 2 0
6 2 0
6 2.5 0
5.5 2.5 0
5.5 2 0.5
6 2 0.5
6 2.5 0.5
5.5 2.5 0.5
6 2 0
6.5 2 0
6.5 2.5 0
6 2.5 0
6 2 0.5
6.5 2 0.5
6.5 2.5 0.5
6 2.5 0.5
6.5 2 0
7 2 0
7 2.5 0
6.5 2.5 0
6.5 2 0.5
7 2 0.5
7 2.5 0.5
6.5 2.5 0.5
7 2 0
7.5 2 0
7.5 2.5 0
7 2.5 0
7 2 0.5
7.5 2 0.5
7.5 2.5 0.5
7 2.5 0.5
7.5 2 0
8 2 0
8 2.5 0
7.5 2.5 0
7.5 2 0.5
8 2 0.5
8 2.5 0.5
7.5 2.5 0.5
8 2 0
8.5 2 0
8.5 2.5 0
8 2.5 0
8 2 0.5
8.5 2 0.5
8.5 2.5 0.5
8 2.5 0.5
8.5 2 0
9 2 0
9 2.5 0
8.5 2.5 0
8.5 2 0.5
9 2 0.5
9 2.5 0.5
8.5 2.5 0.5
9 2 0
9.5 2 0
9.5 2.5 0
9 2.5 0
9 2 0.5
9.5 2 0.5
9.5 2.5 0.5
9 2.5 0.5
9.5 2 0
10 2 0
10 2.5 0
9.5 2.5 0
9.5 2 0.5
10 2 0.5
10 2.5 0.5
9.5 2.5 0.5
0 2.5 0
0.5 2.5 0
0.5 3 0
0 3 0
0 2.5 0.5
0.5 2.5 0.5
0.5 3 0.5
0 3 0.5
0.5 2.5 0
1 2.5 0
1 3 0
0.5 3 0
0.5 2.5 0.5
1 2.5 0.5
1 3 0.5
0.5 3 0.5
1 2.5 0
1.5 2.5 0
1.5 3 0
1 3 0
1 2.5 0.5
1.5 2.5 0.5
1.5 3 0.5
1 3 0.5
1.5 2.5 0
2 2.5 0
2 3 0
1.5 3 0
1.5 2.5 0.5
2 2.5 0.5
2 3 0.5
1.5 3 0.5
2 2.5 0
2.5 2.5 0
2.5 3 0
2 3 0
2 2.5 0.5
2.5 2.5 0.5
2.5 3 0.5
2 3 0.5
2.5 2.5 0
3 2.5 0
3 3 0
2.5 3 0
2.5 2.5 0.5
3 2.5 0.5
3 3 0.5
2.5 3 0.5
3 2.5 0
3.5 2.5 0
3.5 3 0
3 3 0
3 2.5 0.5
3.5 2.5 0.5
3.5 3 0.5
3 3 0.5
3.5 2.5 0
4 2.5 0
4 3 0
3.5 3 0
3.5 2.5 0.5
4 2.5 0.5
4 3 0.5
3.5 3 0.5
4 2.5 0
4.5 2.5 0
4.5 3 0
4 3 0
4 2.5 0.5
4.5 2.5 0.5
4.5 3 0.5
4 3 0.5
4.5 2.5 0
5 2.5 0
5 3 0
4.5 3 0
4.5 2.5 0.5
5 2.5 0.5
5 3 0.5
4.5 3 0.5
5 2.5 0
5.5 2.5 0
5.5 3 0
5 3 0
5 2.5 0.5
5.5 2.5 0.5
5.5 3 0.5
5 3 0.5
5.5 2.5 0
6 2.5 0
6 3 0
5.5 3 0
5.5 2.5 0.5
6 2.5 0.5
6 3 0.5
5.5 3 0.5
6 2.5 0
6.5 2.5 0
6.5 3 0
6 3 0
6 2.5 0.5
6.5 2.5 0.5
6.5 3 0.5
6 3 0.5
6.5 2.5 0
7 2.5 0
7 3 0
6.5 3 0
6.5 2.5 0.5
7 2.5 0.5
7 3 0.5
6.5 3 0.5
7 2.5 0
7.5 2.5 0
7.5 3 0
7 3 0
7 2.5 0.5
7.5 2.5 0.5
7.5 3 0.5
7 3 0.5
7.5 2.5 0
8 2.5 0
8 3 0
7.5 3 0
7.5 2.5 0.5
8 2.5 0.5
8 3 0.5
7.5 3 0.5
8 2.5 0
8.5 2.5 0
8.5 3 0
8 3 0
8 2.5 0.5
8.5 2.5 0.5
8.5 3 0.5
8 3 0.5
8.5 2.5 0
9 2.5 0
9 3 0
8.5 3 0
8.5 2.5 0.5
9 2.5 0.5
9 3 0.5
8.5 3 0.5
9 2.5 0
9.5 2.5 0
9.5 3 0
9 3 0
9 2.5 0.5
9.5 2.5 0.5
9.5 3 0.5
9 3 0.5
9.5 2.5 0
10 2.5 0
10 3 0
9.5 3 0
9.5 2.5 0.5
10 2.5 0.5
10 3 0.5
9.5 3 0.5
0 3 0
0.5 3 0
0.5 3.5 0
0 3.5 0
0 3 0.5
0.5 3 0.5
0.5 3.5 0.5
0 3.5 0.5
0.5 3 0
1 3 0
1 3.5 0
0.5 3.5 0
0.5 3 0.5
1 3 0.5
1 3.5 0.5
0.5 3.5 0.5
1 3 0
1.5 3 0
1.5 3.5 0
1 3.5 0
1 3 0.5
1.5 3 0.5
1.5 3.5 0.5
1 3.5 0.5
1.5 3 0
2 3 0
2 3.5 0
1.5 3.5 0
1.5 3 0.5
2 3 0.5
2 3.5 0.5
1.5 3.5 0.5
2 3 0
2.5 3 0
2.5 3.5 0
2 3.5 0
2 3 0.5
2.5 3 0.5
2.5 3.5 0.5
2 3.5 0.5
2.5 3 0
3 3 0
3 3.5 0
2.5 3.5 0
2.5 3 0.5
3 3 0.5
3 3.5 0.5
2.5 3.5 0.5
3 3 0
3.5 3 0
3.5 3.5 0
3 3.5 0
3 3 0.5
3.5 3 0.5
3.5 3.5 0.5
3 3.5 0.5
3.5 3 0
4 3 0
4 3.5 0
3.5 3.5 0
3.5 3 0.5
4 3 0.5
4 3.5 0.5
3.5 3.5 0.5
4 3 0
4.5 3 0
4.5 3.5 0
4 3.5 0
4 3 0.5
4.5 3 0.5
4.5 3.5 0.5
4 3.5 0.5
4.5 3 0
5 3 0
5 3.5 0
4.5 3.5 0
4.5 3 0.5
5 3 0.5
5 3.5 0.5
4.5 3.5 0.5
5 3 0
5.5 3 0
5.5 3.5 0
5 3.5 0
5 3 0.5
5.5 3 0.5
5.5 3.5 0.5
5 3.5 0.5
5.5 3 0
6 3 0
6 3.5 0
5.5 3.5 0
5.5 3 0.5
6 3 0.5
6 3.5 0.5
5.5 3.5 0.5
6 3 0
6.5 3 0
6.5 3.5 0
6 3.5 0
6 3 0.5
6.5 3 0.5
6.5 3.5 0.5
6 3.5 0.5
6.5 3 0
7 3 0
7 3.5 0
6.5 3.5 0
6.5 3 0.5
7 3 0.5
7 3.5 0.5
6.5 3.5 0.5
7 3 0
7.5 3 0
7.5 3.5 0
7 3.5 0
7 3 0.5
7.5 3 0.5
7.5 3.5 0.5
7 3.5 0.5
7.5 3 0
8 3 0
8 3.5 0
7.5 3.5 0
7.5 3 0.5
8 3 0.5
8 3.5 0.5
7.5 3.5 0.5
8 3 0
8.5 3 0
8.5 3.5 0
8 3.5 0
8 3 0.5
8.5 3 0.5
8.5 3.5 0.5
8 3.5 0.5
8.5 3 0
9 3 0
9 3.5 0
8.5 3.5 0
8.5 3 0.5
9 3 0.5
9 3.5 0.5
8.5 3.5 0.5
9 3 0
9.5 3 0
9.5 3.5 0
9 3.5 0
9 3 0.5
9.5 3 0.5
9.5 3.5 0.5
9 3.5 0.5
9.5 3 0
10 3 0
10 3.5 0
9.5 3.5 0
9.5 3 0.5
10 3 0.5
10 3.5 0.5
9.5 3.5 0.5
0 3.5 0
0.5 3.5 0
0.5 4 0
0 4 0
0 3.5 0.5
0.5 3.5 0.5
0.5 4 0.5
0 4 0.5
0.5 3.5 0
1 3.5 0
1 4 0
0.5 4 0
0.5 3.5 0.5
1 3.5 0.5
1 4 0.5
0.5 4 0.5
1 3.5 0
1.5 3.5 0
1.5 4 0
1 4 0
1 3.5 0.5
1.5 3.5 0.5
1.5 4 0.5
1 4 0.5
1.5 3.5 0
2 3.5 0
2 4 0
1.5 4 0
1.5 3.5 0.5
2 3.5 0.5
2 4 0.5
1.5 4 0.5
2 3.5 0
2.5 3.5 0
2.5 4 0
2 4 0
2 3.5 0.5
2.5 3.5 0.5
2.5 4 0.5
2 4 0.5
2.5 3.5 0
3 3.5 0
3 4 0
2.5 4 0
2.5 3.5 0.5
3 3.5 0.5
3 4 0.5
2.5 4 0.5
3 3.5 0
3.5 3.5 0
3.5 4 0
3 4 0
3 3.5 0.5
3.5 3.5 0.5
3.5 4 0.5
3 4 0.5
3.5 3.5 0
4 3.5 0
4 4 0
3.5 4 0
3.5 3.5 0.5
4 3.5 0.5
4 4 0.5
3.5 4 0.5
4 3.5 0
4.5 3.5 0
4.5 4 0
4 4 0
4 3.5 0.5
4.5 3.5 0.5
4.5 4 0.5
4 4 0.5
4.5 3.5 0
5 3.5 0
5 4 0
4.5 4 0
4.5 3.5 0.5
5 3.5 0.5
5 4 0.5
4.5 4 0.5
5 3.5 0
5.5 3.5 0
5.5 4 0
5 4 0
5 3.5 0.5
5.5 3.5 0.5
5.5 4 0.5
5 4 0.5
5.5 3.5 0
6 3.5 0
6 4 0
5.5 4 0
5.5 3.5 0.5
6 3.5 0.5
6 4 0.5
5.5 4 0.5
6 3.5 0
6.5 3.5 0
6.5 4 0
6 4 0
6 3.5 0.5
6.5 3.5 0.5
6.5 4 0.5
6 4 0.5
6.5 3.5 0
7 3.5 0
7 4 0
6.5 4 0
6.5 3.5 0.5
7 3.5 0.5
7 4 0.5
6.5 4 0.5
7 3.5 0
7.5 3.5 0
7.5 4 0
7 4 0
7 3.5 0.5
7.5 3.5 0.5
7.5 4 0.5
7 4 0.5
7.5 3.5 0
8 3.5 0
8 4 0
7.5 4 0
7.5 3.5 0.5
8 3.5 0.5
8 4 0.5
7.5 4 0.5
8 3.5 0
8.5 3.5 0
8.5 4 0
8 4 0
8 3.5 0.5
8.5 3.5 0.5
8.5 4 0.5
8 4 0.5
8.5 3.5 0
9 3.5 0
9 4 0
8.5 4 0
8.5 3.5 0.5
9 3.5 0.5
9 4 0.5
8.5 4 0.5
9 3.5 0
9.5 3.5 0
9.5 4 0
9 4 0
9 3.5 0.5
9.5 3.5 0.5
9.5 4 0.5
9 4 0.5
9.5 3.5 0
10 3.5 0
10 4 0
9.5 4 0
9.5 3.5 0.5
10 3.5 0.5
10 4 0.5
9.5 4 0.5
0 4 0
0.5 4 0
0.5 4.5 0
0 4.5 0
0 4 0.5
0.5 4 0.5
0.5 4.5 0.5
0 4.5 0.5
0.5 4 0
1 4 0
1 4.5 0
0.5 4.5 0
0.5 4 0.5
1 4 0.5
1 4.5 0.5
0.5 4.5 0.5
1 4 0
1.5 4 0
1.5 4.5 0
1 4.5 0
1 4 0.5
1.5 4 0.5
1.5 4.5 0.5
1 4.5 0.5
1.5 4 0
2 4 0
2 4.5 0
1.5 4.5 0
1.5 4 0.5
2 4 0.5
2 4.5 0.5
1.5 4.5 0.5
2 4 0
2.5 4 0
2.5 4.5 0
2 4.5 0
2 4 0.5
2.5 4 0.5
2.5 4.5 0.5
2 4.5 0.5
2.5 4 0
3 4 0
3 4.5 0
2.5 4.5 0
2.5 4 0.5
3 4 0.5
3 4.5 0.5
2.5 4.5 0.5
3 4 0
3.5 4 0
3.5 4.5 0
3 4.5 0
3 4 0.5
3.5 4 0.5
3.5 4.5 0.5
3 4.5 0.5
3.5 4 0
4 4 0
4 4.5 0
3.5 4.5 0
3.5 4 0.5
4 4 0.5
4 4.5 0.5
3.5 4.5 0.5
4 4 0
4.5 4 0
4.5 4.5 0
4 4.5 0
4 4 0.5
4.5 4 0.5
4.5 4.5 0.5
4 4.5 0.5
4.5 4 0
5 4 0
5 4.5 0
4.5 4.5 0
4.5 4 0.5
5 4 0.5
5 4.5 0.5
4.5 4.5 0.5
5 4 0
5.5 4 0
5.5 4.5 0
5 4.5 0
5 4 0.5
5.5 4 0.5
5.5 4.5 0.5
5 4.5 0.5
5.5 4 0
6 4 0
6 4.5 0
5.5 4.5 0
5.5 4 0.5
6 4 0.5
6 4.5 0.5
5.5 4.5 0.5
6 4 0
6.5 4 0
6.5 4.5 0
6 4.5 0
6 4 0.5
6.5 4 0.5
6.5 4.5 0.5
6 4.5 0.5
6.5 4 0
7 4 0
7 4.5 0
6.5 4.5 0
6.5 4 0.5
7 4 0.5
7 4.5 0.5
6.5 4.5 0.5
7 4 0
7.5 4 0
7.5 4.5 0
7 4.5 0
7 4 0.5
7.5 4 0.5
7.5 4.5 0.5
7 4.5 0.5
7.5 4 0
8 4 0
8 4.5 0
7.5 4.5 0
7.5 4 0.5
8 4 0.5
8 4.5 0.5
7.5 4.5 0.5
8 4 0
8.5 4 0
8.5 4.5 0
8 4.5 0
8 4 0.5
8.5 4 0.5
8.5 4.5 0.5
8 4.5 0.5
8.5 4 0
9 4 0
9 4.5 0
8.5 4.5 0
8.5 4 0.5
9 4 0.5
9 4.5 0.5
8.5 4.5 0.5
9 4 0
9.5 4 0
9.5 4.5 0
9 4.5 0
9 4 0.5
9.5 4 0.5
9.5 4.5 0.5
9 4.5 0.5
9.5 4 0
10 4 0
10 4.5 0
9.5 4.5 0
9.5 4 0.5
10 4 0.5
10 4.5 0.5
9.5 4.5 0.5
0 4.5 0
0.5 4.5 0
0.5 5 0
0 5 0
0 4.5 0.5
0.5 4.5 0.5
0.5 5 0.5
0 5 0.5
0.5 4.5 0
1 4.5 0
1 5 0
0.5 5 0
0.5 4.5 0.5
1 4.5 0.5
1 5 0.5
0.5 5 0.5
1 4.5 0
1.5 4.5 0
1.5 5 0
1 5 0
1 4.5 0.5
1.5 4.5 0.5
1.5 5 0.5
1 5 0.5
1.5 4.5 0
2 4.5 0
2 5 0
1.5 5 0
1.5 4.5 0.5
2 4.5 0.5
2 5 0.5
1.5 5 0.5
2 4.5 0
2.5 4.5 0
2.5 5 0
2 5 0
2 4.5 0.5
2.5 4.5 0.5
2.5 5 0.5
2 5 0.5
2.5 4.5 0
3 4.5 0
3 5 0
2.5 5 0
2.5 4.5 0.5
3 4.5 0.5
3 5 0.5
2.5 5 0.5
3 4.5 0
3.5 4.5 0
3.5 5 0
3 5 0
3 4.5 0.5
3.5 4.5 0.5
3.5 5 0.5
3 5 0.5
3.5 4.5 0
4 4.5 0
4 5 0
3.5 5 0
3.5 4.5 0.5
4 4.5 0.5
4 5 0.5
3.5 5 0.5
4 4.5 0
4.5 4.5 0
4.5 5 0
4 5 0
4 4.5 0.5
4.5 4.5 0.5
4.5 5 0.5
4 5 0.5
4.5 4.5 0
5 4.5 0
5 5 0
4.5 5 0
4.5 4.5 0.5
5 4.5 0.5
5 5 0.5
4.5 5 0.5
5 4.5 0
5.5 4.5 0
5.5 5 0
5 5 0
5 4.5 0.5
5.5 4.5 0.5
5.5 5 0.5
5 5 0.5
5.5 4.5 0
6 4.5 0
6 5 0
5.5 5 0
5.5 4.5 0.5
6 4.5 0.5
6 5 0.5
5.5 5 0.5
6 4.5 0
6.5 4.5 0
6.5 5 0
6 5 0
6 4.5 0.5
6.5 4.5 0.5
6.5 5 0.5
6 5 0.5
6.5 4.5 0
7 4.5 0
7 5 0
6.5 5 0
6.5 4.5 0.5
7 4.5 0.5
7 5 0.5
6.5 5 0.5
7 4.5 0
7.5 4.5 0
7.5 5 0
7 5 0
7 4.5 0.5
7.5 4.5 0.5
7.5 5 0.5
7 5 0.5
7.5 4.5 0
8 4.5 0
8 5 0
7.5 5 0
7.5 4.5 0.5
8 4.5 0.5
8 5 0.5
7.5 5 0.5
8 4.5 0
8.5 4.5 0
8.5 5 0
8 5 0
8 4.5 0.5
8.5 4.5 0.5
8.5 5 0.5
8 5 0.5
8.5 4.5 0
9 4.5 0
9 5 0
8.5 5 0
8.5 4.5 0.5
9 4.5 0.5
9 5 0.5
8.5 5 0.5
9 4.5 0
9.5 4.5 0
9.5 5 0
9 5 0
9 4.5 0.5
9.5 4.5 0.5
9.5 5 0.5
9 5 0.5
9.5 4.5 0
10 4.5 0
10 5 0
9.5 5 0
9.5 4.5 0.5
10 4.5 0.5
10 5 0.5
9.5 5 0.5
0 5 0
0.5 5 0
0.5 5.5 0
0 5.5 0
0 5 0.5
0.5 5 0.5
0.5 5.5 0.5
0 5.5 0.5
0.5 5 0
1 5 0
1 5.5 0
0.5 5.5 0
0.5 5 0.5
1 5 0.5
1 5.5 0.5
0.5 5.5 0.5
1 5 0
1.5 5 0
1.5 5.5 0
1 5.5 0
1 5 0.5
1.5 5 0.5
1.5 5.5 0.5
1 5.5 0.5
1.5 5 0
2 5 0
2 5.5 0
1.5 5.5 0
1.5 5 0.5
2 5 0.5
2 5.5 0.5
1.5 5.5 0.5
2 5 0
2.5 5 0
2.5 5.5 0
2 5.5 0
2 5 0.5
2.5 5 0.5
2.5 5.5 0.5
2 5.5 0.5
2.5 5 0
3 5 0
3 5.5 0
2.5 5.5 0
2.5 5 0.5
3 5 0.5
3 5.5 0.5
2.5 5.5 0.5
3 5 0
3.5 5 0
3.5 5.5 0
3 5.5 0
3 5 0.5
3.5 5 0.5
3.5 5.5 0.5
3 5.5 0.5
3.5 5 0
4 5 0
4 5.5 0
3.5 5.5 0
3.5 5 0.5
4 5 0.5
4 5.5 0.5
3.5 5.5 0.5
4 5 0
4.5 5 0
4.5 5.5 0
4 5.5 0
4 5 0.5
4.5 5 0.5
4.5 5.5 0.5
4 5.5 0.5
4.5 5 0
5 5 0
5 5.5 0
4.5 5.5 0
4.5 5 0.5
5 5 0.5
5 5.5 0.5
4.5 5.5 0.5
5 5 0
5.5 5 0
5.5 5.5 0
5 5.5 0
5 5 0.5
5.5 5 0.5
5.5 5.5 0.5
5 5.5 0.5
5.5 5 0
6 5 0
6 5.5 0
5.5 5.5 0
5.5 5 0.5
6 5 0.5
6 5.5 0.5
5.5 5.5 0.5
6 5 0
6.5 5 0
6.5 5.5 0
6 5.5 0
6 5 0.5
6.5 5 0.5
6.5 5.5 0.5
6 5.5 0.5
6.5 5 0
7 5 0
7 5.5 0
6.5 5.5 0
6.5 5 0.5
7 5 0.5
7 5.5 0.5
6.5 5.5 0.5
7 5 0
7.5 5 0
7.5 5.5 0
7 5.5 0
7 5 0.5
7.5 5 0.5
7.5 5.5 0.5
7 5.5 0.5
7.5 5 0
8 5 0
8 5.5 0
7.5 5.5 0
7.5 5 0.5
8 5 0.5
8 5.5 0.5
7.5 5.5 0.5
8 5 0
8.5 5 0
8.5 5.5 0
8 5.5 0
8 5 0.5
8.5 5 0.5
8.5 5.5 0.5
8 5.5 0.5
8.5 5 0
9 5 0
9 5.5 0
8.5 5.5 0
8.5 5 0.5
9 5 0.5
9 5.5 0.5
8.5 5.5 0.5
9 5 0
9.5 5 0
9.5 5.5 0
9 5.5 0
9 5 0.5
9.5 5 0.5
9.5 5.5 0.5
9 5.5 0.5
9.5 5 0
10 5 0
10 5.5 0
9.5 5.5 0
9.5 5 0.5
10 5 0.5
10 5.5 0.5
9.5 5.5 0.5
0 5.5 0
0.5 5.5 0
0.5 6 0
0 6 0
0 5.5 0.5
0.5 5.5 0.5
0.5 6 0.5
0 6 0.5
0.5 5.5 0
1 5.5 0
1 6 0
0.5 6 0
0.5 5.5 0.5
1 5.5 0.5
1 6 0.5
0.5 6 0.5
1 5.5 0
1.5 5.5 0
1.5 6 0
1 6 0
1 5.5 0.5
1.5 5.5 0.5
1.5 6 0.5
1 6 0.5
1.5 5.5 0
2 5.5 0
2 6 0
1.5 6 0
1.5 5.5 0.5
2 5.5 0.5
2 6 0.5
1.5 6 0.5
2 5.5 0
2.5 5.5 0
2.5 6 0
2 6 0
2 5.5 0.5
2.5 5.5 0.5
2.5 6 0.5
2 6 0.5
2.5 5.5 0
3 5.5 0
3 6 0
2.5 6 0
2.5 5.5 0.5
3 5.5 0.5
3 6 0.5
2.5 6 0.5
3 5.5 0
3.5 5.5 0
3.5 6 0
3 6 0
3 5.5 0.5
3.5 5.5 0.5
3.5 6 0.5
3 6 0.5
3.5 5.5 0
4 5.5 0
4 6 0
3.5 6 0
3.5 5.5 0.5
4 5.5 0.5
4 6 0.5
3.5 6 0.5
4 5.5 0
4.5 5.5 0
4.5 6 0
4 6 0
4 5.5 0.5
4.5 5.5 0.5
4.5 6 0.5
4 6 0.5
4.5 5.5 0
5 5.5 0
5 6 0
4.5 6 0
4.5 5.5 0.5
5 5.5 0.5
5 6 0.5
4.5 6 0.5
5 5.5 0
5.5 5.5 0
5.5 6 0
5 6 0
5 5.5 0.5
5.5 5.5 0.5
5.5 6 0.5
5 6 0.5
5.5 5.5 0
6 5.5 0
6 6 0
5.5 6 0
5.5 5.5 0.5
6 5.5 0.5
6 6 0.5
5.5 6 0.5
6 5.5 0
6.5 5.5 0
6.5 6 0
6 6 0
6 5.5 0.5
6.5 5.5 0.5
6.5 6 0.5
6 6 0.5
6.5 5.5 0
7 5.5 0
7 6 0
6.5 6 0
6.5 5.5 0.5
7 5.5 0.5
7 6 0.5
6.5 6 0.5
7 5.5 0
7.5 5.5 0
7.5 6 0
7 6 0
7 5.5 0.5
7.5 5.5 0.5
7.5 6 0.5
7 6 0.5
7.5 5.5 0
8 5.5 0
8 6 0
7.5 6 0
7.5 5.5 0.5
8 5.5 0.5
8 6 0.5
7.5 6 0.5
8 5.5 0
8.5 5.5 0
8.5 6 0
8 6 0
8 5.5 0.5
8.5 5.5 0.5
8.5 6 0.5
8 6 0.5
8.5 5.5 0
9 5.5 0
9 6 0
8.5 6 0
8.5 5.5 0.5
9 5.5 0.5
9 6 0.5
8.5 6 0.5
9 5.5 0
9.5 5.5 0
9.5 6 0
9 6 0
9 5.5 0.5
9.5 5.5 0.5
9.5 6 0.5
9 6 0.5
9.5 5.5 0
10 5.5 0
10 6 0
9.5 6 0
9.5 5.5 0.5
10 5.5 0.5
10 6 0.5
9.5 6 0.5
0 6 0
0.5 6 0
0.5 6.5 0
0 6.5 0
0 6 0.5
0.5 6 0.5
0.5 6.5 0.5
0 6.5 0.5
0.5 6 0
1 6 0
1 6.5 0
0.5 6.5 0
0.5 6 0.5
1 6 0.5
1 6.5 0.5
0.5 6.5 0.5
1 6 0
1.5 6 0
1.5 6.5 0
1 6.5 0
1 6 0.5
1.5 6 0.5
1.5 6.5 0.5
1 6.5 0.5
1.5 6 0
2 6 0
2 6.5 0
1.5 6.5 0
1.5 6 0.5
2 6 0.5
2 6.5 0.5
1.5 6.5 0.5
2 6 0
2.5 6 0
2.5 6.5 0
2 6.5 0
2 6 0.5
2.5 6 0.5
2.5 6.5 0.5
2 6.5 0.5
2.5 6 0
3 6 0
3 6.5 0
2.5 6.5 0
2.5 6 0.5
3 6 0.5
3 6.5 0.5
2.5 6.5 0.5
3 6 0
3.5 6 0
3.5 6.5 0
3 6.5 0
3 6 0.5
3.5 6 0.5
3.5 6.5 0.5
3 6.5 0.5
3.5 6 0
4 6 0
4 6.5 0
3.5 6.5 0
3.5 6 0.5
4 6 0.5
4 6.5 0.5
3.5 6.5 0.5
4 6 0
4.5 6 0
4.5 6.5 0
4 6.5 0
4 6 0.5
4.5 6 0.5
4.5 6.5 0.5
4 6.5 0.5
4.5 6 0
5 6 0
5 6.5 0
4.5 6.5 0
4.5 6 0.5
5 6 0.5
5 6.5 0.5
4.5 6.5 0.5
5 6 0
5.5 6 0
5.5 6.5 0
5 6.5 0
5 6 0.5
5.5 6 0.5
5.5 6.5 0.5
5 6.5 0.5
5.5 6 0
6 6 0
6 6.5 0
5.5 6.5 0
5.5 6 0.5
6 6 0.5
6 6.5 0.5
5.5 6.5 0.5
6 6 0
6.5 6 0
6.5 6.5 0
6 6.5 0
6 6 0.5
6.5 6 0.5
6.5 6.5 0.5
6 6.5 0.5
6.5 6 0
7 6 0
7 6.5 0
6.5 6.5 0
6.5 6 0.5
7 6 0.5
7 6.5 0.5
6.5 6.5 0.5
7 6 0
7.5 6 0
7.5 6.5 0
7 6.5 0
7 6 0.5
7.5 6 0.5
7.5 6.5 0.5
7 6.5 0.5
7.5 6 0
8 6 0
8 6.5 0
7.5 6.5 0
7.5 6 0.5
8 6 0.5
8 6.5 0.5
7.5 6.5 0.5
8 6 0
8.5 6 0
8.5 6.5 0
8 6.5 0
8 6 0.5
8.5 6 0.5
8.5 6.5 0.5
8 6.5 0.5
8.5 6 0
9 6 0
9 6.5 0
8.5 6.5 0
8.5 6 0.5
9 6 0.5
9 6.5 0.5
8.5 6.5 0.5
9 6 0
9.5 6 0
9.5 6.5 0
9 6.5 0
9 6 0.5
9.5 6 0.5
9.5 6.5 0.5
9 6.5 0.5
9.5 6 0
10 6 0
10 6.5 0
9.5 6.5 0
9.5 6 0.5
10 6 0.5
10 6.5 0.5
9.5 6.5 0.5
0 6.5 0
0.5 6.5 0
0.5 7 0
0 7 0
0 6.5 0.5
0.5 6.5 0.5
0.5 7 0.5
0 7 0.5
0.5 6.5 0
1 6.5 0
1 7 0
0.5 7 0
0.5 6.5 0.5
1 6.5 0.5
1 7 0.5
0.5 7 0.5
1 6.5 0
1.5 6.5 0
1.5 7 0
1 7 0
1 6.5 0.5
1.5 6.5 0.5
1.5 7 0.5
1 7 0.5
1.5 6.5 0
2 6.5 0
2 7 0
1.5 7 0
1.5 6.5 0.5
2 6.5 0.5
2 7 0.5
1.5 7 0.5
2 6.5 0
2.5 6.5 0
2.5 7 0
2 7 0
2 6.5 0.5
2.5 6.5 0.5
2.5 7 0.5
2 7 0.5
2.5 6.5 0
3 6.5 0
3 7 0
2.5 7 0
2.5 6.5 0.5
3 6.5 0.5
3 7 0.5
2.5 7 0.5
3 6.5 0
3.5 6.5 0
3.5 7 0
3 7 0
3 6.5 0.5
3.5 6.5 0.5
3.5 7 0.5
3 7 0.5
3.5 6.5 0
4 6.5 0
4 7 0
3.5 7 0
3.5 6.5 0.5
4 6.5 0.5
4 7 0.5
3.5 7 0.5
4 6.5 0
4.5 6.5 0
4.5 7 0
4 7 0
4 6.5 0.5
4.5 6.5 0.5
4.5 7 0.5
4 7 0.5
4.5 6.5 0
5 6.5 0
5 7 0
4.5 7 0
4.5 6.5 0.5
5 6.5 0.5
5 7 0.5
4.5 7 0.5
5 6.5 0
5.5 6.5 0
5.5 7 0
5 7 0
5 6.5 0.5
5.5 6.5 0.5
5.5 7 0.5
5 7 0.5
5.5 6.5 0
6 6.5 0
6 7 0
5.5 7 0
5.5 6.5 0.5
6 6.5 0.5
6 7 0.5
5.5 7 0.5
6 6.5 0
6.5 6.5 0
6.5 7 0
6 7 0
6 6.5 0.5
6.5 6.5 0.5
6.5 7 0.5
6 7 0.5
6.5 6.5 0
7 6.5 0
7 7 0
6.5 7 0
6.5 6.5 0.5
7 6.5 0.5
7 7 0.5
6.5 7 0.5
7 6.5 0
7.5 6.5 0
7.5 7 0
7 7 0
7 6.5 0.5
7.5 6.5 0.5
7.5 7 0.5
7 7 0.5
7.5 6.5 0
8 6.5 0
8 7 0
7.5 7 0
7.5 6.5 0.5
8 6.5 0.5
8 7 0.5
7.5 7 0.5
8 6.5 0
8.5 6.5 0
8.5 7 0
8 7 0
8 6.5 0.5
8.5 6.5 0.5
8.5 7 0.5
8 7 0.5
8.5 6.5 0
9 6.5 0
9 7 0
8.5 7 0
8.5 6.5 0.5
9 6.5 0.5
9 7 0.5
8.5 7 0.5
9 6.5 0
9.5 6.5 0
9.5 7 0
9 7 0
9 6.5 0.5
9.5 6.5 0.5
9.5 7 0.5
9 7 0.5
9.5 6.5 0
10 6.5 0
10 7 0
9.5 7 0
9.5 6.5 0.5
10 6.5 0.5
10 7 0.5
9.5 7 0.5
0 7 0
0.5 7 0
0.5 7.5 0
0 7.5 0
0 7 0.5
0.5 7 0.5
0.5 7.5 0.5
0 7.5 0.5
0.5 7 0
1 7 0
1 7.5 0
0.5 7.5 0
0.5 7 0.5
1 7 0.5
1 7.5 0.5
0.5 7.5 0.5
1 7 0
1.5 7 0
1.5 7.5 0
1 7.5 0
1 7 0.5
1.5 7 0.5
1.5 7.5 0.5
1 7.5 0.5
1.5 7 0
2 7 0
2 7.5 0
1.5 7.5 0
1.5 7 0.5
2 7 0.5
2 7.5 0.5
1.5 7.5 0.5
2 7 0
2.5 7 0
2.5 7.5 0
2 7.5 0
2 7 0.5
2.5 7 0.5
2.5 7.5 0.5
2 7.5 0.5
2.5 7 0
3 7 0
3 7.5 0
2.5 7.5 0
2.5 7 0.5
3 7 0.5
3 7.5 0.5
2.5 7.5 0.5
3 7 0
3.5 7 0
3.5 7.5 0
3 7.5 0
3 7 0.5
3.5 7 0.5
3.5 7.5 0.5
3 7.5 0.5
3.5 7 0
4 7 0
4 7.5 0
3.5 7.5 0
3.5 7 0.5
4 7 0.5
4 7.5 0.5
3.5 7.5 0.5
4 7 0
4.5 7 0
4.5 7.5 0
4 7.5 0
4 7 0.5
4.5 7 0.5
4.5 7.5 0.5
4 7.5 0.5
4.5 7 0
5 7 0
5 7.5 0
4.5 7.5 0
4.5 7 0.5
5 7 0.5
5 7.5 0.5
4.5 7.5 0.5
5 7 0
5.5 7 0
5.5 7.5 0
5 7.5 0
5 7 0.5
5.5 7 0.5
5.5 7.5 0.5
5 7.5 0.5
5.5 7 0
6 7 0
6 7.5 0
5.5 7.5 0
5.5 7 0.5
6 7 0.5
6 7.5 0.5
5.5 7.5 0.5
6 7 0
6.5 7 0
6.5 7.5 0
6 7.5 0
6 7 0.5
6.5 7 0.5
6.5 7.5 0.5
6 7.5 0.5
6.5 7 0
7 7 0
7 7.5 0
6.5 7.5 0
6.5 7 0.5
7 7 0.5
7 7.5 0.5
6.5 7.5 0.5
7 7 0
7.5 7 0
7.5 7.5 0
7 7.5 0
7 7 0.5
7.5 7 0.5
7.5 7.5 0.5
7 7.5 0.5
7.5 7 0
8 7 0
8 7.5 0
7.5 7.5 0
7.5 7 0.5
8 7 0.5
8 7.5 0.5
7.5 7.5 0.5
8 7 0
8.5 7 0
8.5 7.5 0
8 7.5 0
8 7 0.5
8.5 7 0.5
8.5 7.5 0.5
8 7.5 0.5
8.5 7 0
9 7 0
9 7.5 0
8.5 7.5 0
8.5 7 0.5
9 7 0.5
9 7.5 0.5
8.5 7.5 0.5
9 7 0
9.5 7 0
9.5 7.5 0
9 7.5 0
9 7 0.5
9.5 7 0.5
9.5 7.5 0.5
9 7.5 0.5
9.5 7 0
10 7 0
10 7.5 0
9.5 7.5 0
9.5 7 0.5
10 7 0.5
10 7.5 0.5
9.5 7.5 0.5
0 7.5 0
0.5 7.5 0
0.5 8 0
0 8 0
0 7.5 0.5
0.5 7.5 0.5
0.5 8 0.5
0 8 0.5
0.5 7.5 0
1 7.5 0
1 8 0
0.5 8 0
0.5 7.5 0.5
1 7.5 0.5
1 8 0.5
0.5 8 0.5
1 7.5 0
1.5 7.5 0
1.5 8 0
1 8 0
1 7.5 0.5
1.5 7.5 0.5
1.5 8 0.5
1 8 0.5
1.5 7.5 0
2 7.5 0
2 8 0
1.5 8 0
1.5 7.5 0.5
2 7.5 0.5
2 8 0.5
1.5 8 0.5
2 7.5 0
2.5 7.5 0
2.5 8 0
2 8 0
2 7.5 0.5
2.5 7.5 0.5
2.5 8 0.5
2 8 0.5
2.5 7.5 0
3 7.5 0
3 8 0
2.5 8 0
2.5 7.5 0.5
3 7.5 0.5
3 8 0.5
2.5 8 0.5
3 7.5 0
3.5 7.5 0
3.5 8 0
3 8 0
3 7.5 0.5
3.5 7.5 0.5
3.5 8 0.5
3 8 0.5
3.5 7.5 0
4 7.5 0
4 8 0
3.5 8 0
3.5 7.5 0.5
4 7.5 0.5
4 8 0.5
3.5 8 0.5
4 7.5 0
4.5 7.5 0
4.5 8 0
4 8 0
4 7.5 0.5
4.5 7.5 0.5
4.5 8 0.5
4 8 0.5
4.5 7.5 0
5 7.5 0
5 8 0
4.5 8 0
4.5 7.5 0.5
5 7.5 0.5
5 8 0.5
4.5 8 0.5
5 7.5 0
5.5 7.5 0
5.5 8 0
5 8 0
5 7.5 0.5
5.5 7.5 0.5
5.5 8 0.5
5 8 0.5
5.5 7.5 0
6 7.5 0
6 8 0
5.5 8 0
5.5 7.5 0.5
6 7.5 0.5
6 8 0.5
5.5 8 0.5
6 7.5 0
6.5 7.5 0
6.5 8 0
6 8 0
6 7.5 0.5
6.5 7.5 0.5
6.5 8 0.5
6 8 0.5
6.5 7.5 0
7 7.5 0
7 8 0
6.5 8 0
6.5 7.5 0.5
7 7.5 0.5
7 8 0.5
6.5 8 0.5
7 7.5 0
7.5 7.5 0
7.5 8 0
7 8 0
7 7.5 0.5
7.5 7.5 0.5
7.5 8 0.5
7 8 0.5
7.5 7.5 0
8 7.5 0
8 8 0
7.5 8 0
7.5 7.5 0.5
8 7.5 0.5
8 8 0.5
7.5 8 0.5
8 7.5 0
8.5 7.5 0
8.5 8 0
8 8 0
8 7.5 0.5
8.5 7.5 0.5
8.5 8 0.5
8 8 0.5
8.5 7.5 0
9 7.5 0
9 8 0
8.5 8 0
8.5 7.5 0.5
9 7.5 0.5
9 8 0.5
8.5 8 0.5
9 7.5 0
9.5 7.5 0
9.5 8 0
9 8 0
9 7.5 0.5
9.5 7.5 0.5
9.5 8 0.5
9 8 0.5
9.5 7.5 0
10 7.5 0
10 8 0
9.5 8 0
9.5 7.5 0.5
10 7.5 0.5
10 8 0.5
9.5 8 0.5
0 8 0
0.5 8 0
0.5 8.5 0
0 8.5 0
0 8 0.5
0.5 8 0.5
0.5 8.5 0.5
0 8.5 0.5
0.5 8 0
1 8 0
1 8.5 0
0.5 8.5 0
0.5 8 0.5
1 8 0.5
1 8.5 0.5
0.5 8.5 0.5
1 8 0
1.5 8 0
1.5 8.5 0
1 8.5 0
1 8 0.5
1.5 8 0.5
1.5 8.5 0.5
1 8.5 0.5
1.5 8 0
2 8 0
2 8.5 0
1.5 8.5 0
1.5 8 0.5
2 8 0.5
2 8.5 0.5
1.5 8.5 0.5
2 8 0
2.5 8 0
2.5 8.5 0
2 8.5 0
2 8 0.5
2.5 8 0.5
2.5 8.5 0.5
2 8.5 0.5
2.5 8 0
3 8 0
3 8.5 0
2.5 8.5 0
2.5 8 0.5
3 8 0.5
3 8.5 0.5
2.5 8.5 0.5
3 8 0
3.5 8 0
3.5 8.5 0
3 8.5 0
3 8 0.5
3.5 8 0.5
3.5 8.5 0.5
3 8.5 0.5
3.5 8 0
4 8 0
4 8.5 0
3.5 8.5 0
3.5 8 0.5
4 8 0.5
4 8.5 0.5
3.5 8.5 0.5
4 8 0
4.5 8 0
4.5 8.5 0
4 8.5 0
4 8 0.5
4.5 8 0.5
4.5 8.5 0.5
4 8.5 0.5
4.5 8 0
5 8 0
5 8.5 0
4.5 8.5 0
4.5 8 0.5
5 8 0.5
5 8.5 0.5
4.5 8.5 0.5
5 8 0
5.5 8 0
5.5 8.5 0
5 8.5 0
5 8 0.5
5.5 8 0.5
5.5 8.5 0.5
5 8.5 0.5
5.5 8 0
6 8 0
6 8.5 0
5.5 8.5 0
5.5 8 0.5
6 8 0.5
6 8.5 0.5
5.5 8.5 0.5
6 8 0
6.5 8 0
6.5 8.5 0
6 8.5 0
6 8 0.5
6.5 8 0.5
6.5 8.5 0.5
6 8.5 0.5
6.5 8 0
7 8 0
7 8.5 0
6.5 8.5 0
6.5 8 0.5
7 8 0.5
7 8.5 0.5
6.5 8.5 0.5
7 8 0
7.5 8 0
7.5 8.5 0
7 8.5 0
7 8 0.5
7.5 8 0.5
7.5 8.5 0.5
7 8.5 0.5
7.5 8 0
8 8 0
8 8.5 0
7.5 8.5 0
7.5 8 0.5
8 8 0.5
8 8.5 0.5
7.5 8.5 0.5
8 8 0
8.5 8 0
8.5 8.5 0
8 8.5 0
8 8 0.5
8.5 8 0.5
8.5 8.5 0.5
8 8.5 0.5
8.5 8 0
9 8 0
9 8.5 0
8.5 8.5 0
8.5 8 0.5
9 8 0.5
9 8.5 0.5
8.5 8.5 0.5
9 8 0
9.5 8 0
9.5 8.5 0
9 8.5 0
9 8 0.5
9.5 8 0.5
9.5 8.5 0.5
9 8.5 0.5
9.5 8 0
10 8 0
10 8.5 0
9.5 8.5 0
9.5 8 0.5
10 8 0.5
10 8.5 0.5
9.5 8.5 0.5
0 8.5 0
0.5 8.5 0
0.5 9 0
0 9 0
0 8.5 0.5
0.5 8.5 0.5
0.5 9 0.5
0 9 0.5
0.5 8.5 0
1 8.5 0
1 9 0
0.5 9 0
0.5 8.5 0.5
1 8.5 0.5
1 9 0.5
0.5 9 0.5
1 8.5 0
1.5 8.5 0
1.5 9 0
1 9 0
1 8.5 0.5
1.5 8.5 0.5
1.5 9 0.5
1 9 0.5
1.5 8.5 0
2 8.5 0
2 9 0
1.5 9 0
1.5 8.5 0.5
2 8.5 0.5
2 9 0.5
1.5 9 0.5
2 8.5 0
2.5 8.5 0
2.5 9 0
2 9 0
2 8.5 0.5
2.5 8.5 0.5
2.5 9 0.5
2 9 0.5
2.5 8.5 0
3 8.5 0
3 9 0
2.5 9 0
2.5 8.5 0.5
3 8.5 0.5
3 9 0.5
2.5 9 0.5
3 8.5 0
3.5 8.5 0
3.5 9 0
3 9 0
3 8.5 0.5
3.5 8.5 0.5
3.5 9 0.5
3 9 0.5
3.5 8.5 0
4 8.5 0
4 9 0
3.5 9 0
3.5 8.5 0.5
4 8.5 0.5
4 9 0.5
3.5 9 0.5
4 8.5 0
4.5 8.5 0
4.5 9 0
4 9 0
4 8.5 0.5
4.5 8.5 0.5
4.5 9 0.5
4 9 0.5
4.5 8.5 0
5 8.5 0
5 9 0
4.5 9 0
4.5 8.5 0.5
5 8.5 0.5
5 9 0.5
4.5 9 0.5
5 8.5 0
5.5 8.5 0
5.5 9 0
5 9 0
5 8.5 0.5
5.5 8.5 0.5
5.5 9 0.5
5 9 0.5
5.5 8.5 0
6 8.5 0
6 9 0
5.5 9 0
5.5 8.5 0.5
6 8.5 0.5
6 9 0.5
5.5 9 0.5
6 8.5 0
6.5 8.5 0
6.5 9 0
6 9 0
6 8.5 0.5
6.5 8.5 0.5
6.5 9 0.5
6 9 0.5
6.5 8.5 0
7 8.5 0
7 9 0
6.5 9 0
6.5 8.5 0.5
7 8.5 0.5
7 9 0.5
6.5 9 0.5
7 8.5 0
7.5 8.5 0
7.5 9 0
7 9 0
7 8.5 0.5
7.5 8.5 0.5
7.5 9 0.5
7 9 0.5
7.5 8.5 0
8 8.5 0
8 9 0
7.5 9 0
7.5 8.5 0.5
8 8.5 0.5
8 9 0.5
7.5 9 0.5
8 8.5 0
8.5 8.5 0
8.5 9 0
8 9 0
8 8.5 0.5
8.5 8.5 0.5
8.5 9 0.5
8 9 0.5
8.5 8.5 0
9 8.5 0
9 9 0
8.5 9 0
8.5 8.5 0.5
9 8.5 0.5
9 9 0.5
8.5 9 0.5
9 8.5 0
9.5 8.5 0
9.5 9 0
9 9 0
9 8.5 0.5
9.5 8.5 0.5
9.5 9 0.5
9 9 0.5
9.5 8.5 0
10 8.5 0
10 9 0
9.5 9 0
9.5 8.5 0.5
10 8.5 0.5
10 9 0.5
9.5 9 0.5
0 9 0
0.5 9 0
0.5 9.5 0
0 9.5 0
0 9 0.5
0.5 9 0.5
0.5 9.5 0.5
0 9.5 0.5
0.5 9 0
1 9 0
1 9.5 0
0.5 9.5 0
0.5 9 0.5
1 9 0.5
1 9.5 0.5
0.5 9.5 0.5
1 9 0
1.5 9 0
1.5 9.5 0
1 9.5 0
1 9 0.5
1.5 9 0.5
1.5 9.5 0.5
1 9.5 0.5
1.5 9 0
2 9 0
2 9.5 0
1.5 9.5 0
1.5 9 0.5
2 9 0.5
2 9.5 0.5
1.5 9.5 0.5
2 9 0
2.5 9 0
2.5 9.5 0
2 9.5 0
2 9 0.5
2.5 9 0.5
2.5 9.5 0.5
2 9.5 0.5
2.5 9 0
3 9 0
3 9.5 0
2.5 9.5 0
2.5 9 0.5
3 9 0.5
3 9.5 0.5
2.5 9.5 0.5
3 9 0
3.5 9 0
3.5 9.5 0
3 9.5 0
3 9 0.5
3.5 9 0.5
3.5 9.5 0.5
3 9.5 0.5
3.5 9 0
4 9 0
4 9.5 0
3.5 9.5 0
3.5 9 0.5
4 9 0.5
4 9.5 0.5
3.5 9.5 0.5
4 9 0
4.5 9 0
4.5 9.5 0
4 9.5 0
4 9 0.5
4.5 9 0.5
4.5 9.5 0.5
4 9.5 0.5
4.5 9 0
5 9 0
5 9.5 0
4.5 9.5 0
4.5 9 0.5
5 9 0.5
5 9.5 0.5
4.5 9.5 0.5
5 9 0
5.5 9 0
5.5 9.5 0
5 9.5 0
5 9 0.5
5.5 9 0.5
5.5 9.5 0.5
5 9.5 0.5
5.5 9 0
6 9 0
6 9.5 0
5.5 9.5 0
5.5 9 0.5
6 9 0.5
6 9.5 0.5
5.5 9.5 0.5
6 9 0
6.5 9 0
6.5 9.5 0
6 9.5 0
6 9 0.5
6.5 9 0.5
6.5 9.5 0.5
6 9.5 0.5
6.5 9 0
7 9 0
7 9.5 0
6.5 9.5 0
6.5 9 0.5
7 9 0.5
7 9.5 0.5
6.5 9.5 0.5
7 9 0
7.5 9 0
7.5 9.5 0
7 9.5 0
7 9 0.5
7.5 9 0.5
7.5 9.5 0.5
7 9.5 0.5
7.5 9 0
8 9 0
8 9.5 0
7.5 9.5 0
7.5 9 0.5
8 9 0.5
8 9.5 0.5
7.5 9.5 0.5
8 9 0
8.5 9 0
8.5 9.5 0
8 9.5 0
8 9 0.5
8.5 9 0.5
8.5 9.5 0.5
8 9.5 0.5
8.5 9 0
9 9 0
9 9.5 0
8.5 9.5 0
8.5 9 0.5
9 9 0.5
9 9.5 0.5
8.5 9.5 0.5
9 9 0
9.5 9 0
9.5 9.5 0
9 9.5 0
9 9 0.5
9.5 9 0.5
9.5 9.5 0.5
9 9.5 0.5
9.5 9 0
10 9 0
10 9.5 0
9.5 9.5 0
9.5 9 0.5
10 9 0.5
10 9.5 0.5
9.5 9.5 0.5
0 9.5 0
0.5 9.5 0
0.5 10 0
0 10 0
0 9.5 0.5
0.5 9.5 0.5
0.5 10 0.5
0 10 0.5
0.5 9.5 0
1 9.5 0
1 10 0
0.5 10 0
0.5 9.5 0.5
1 9.5 0.5
1 10 0.5
0.5 10 0.5
1 9.5 0
1.5 9.5 0
1.5 10 0
1 10 0
1 9.5 0.5
1.5 9.5 0.5
1.5 10 0.5
1 10 0.5
1.5 9.5 0
2 9.5 0
2 10 0
1.5 10 0
1.5 9.5 0.5
2 9.5 0.5
2 10 0.5
1.5 10 0.5
2 9.5 0
2.5 9.5 0
2.5 10 0
2 10 0
2 9.5 0.5
2.5 9.5 0.5
2.5 10 0.5
2 10 0.5
2.5 9.5 0
3 9.5 0
3 10 0
2.5 10 0
2.5 9.5 0.5
3 9.5 0.5
3 10 0.5
2.5 10 0.5
3 9.5 0
3.5 9.5 0
3.5 10 0
3 10 0
3 9.5 0.5
3.5 9.5 0.5
3.5 10 0.5
3 10 0.5
3.5 9.5 0
4 9.5 0
4 10 0
3.5 10 0
3.5 9.5 0.5
4 9.5 0.5
4 10 0.5
3.5 10 0.5
4 9.5 0
4.5 9.5 0
4.5 10 0
4 10 0
4 9.5 0.5
4.5 9.5 0.5
4.5 10 0.5
4 10 0.5
4.5 9.5 0
5 9.5 0
5 10 0
4.5 10 0
4.5 9.5 0.5
5 9.5 0.5
5 10 0.5
4.5 10 0.5
5 9.5 0
5.5 9.5 0
5.5 10 0
5 10 0
5 9.5 0.5
5.5 9.5 0.5
5.5 10 0.5
5 10 0.5
5.5 9.5 0
6 9.5 0
6 10 0
5.5 10 0
5.5 9.5 0.5
6 9.5 0.5
6 10 0.5
5.5 10 0.5
6 9.5 0
6.5 9.5 0
6.5 10 0
6 10 0
6 9.5 0.5
6.5 9.5 0.5
6.5 10 0.5
6 10 0.5
6.5 9.5 0
7 9.5 0
7 10 0
6.5 10 0
6.5 9.5 0.5
7 9.5 0.5
7 10 0.5
6.5 10 0.5
7 9.5 0
7.5 9.5 0
7.5 10 0
7 10 0
7 9.5 0.5
7.5 9.5 0.5
7.5 10 0.5
7 10 0.5
7.5 9.5 0
8 9.5 0
8 10 0
7.5 10 0
7.5 9.5 0.5
8 9.5 0.5
8 10 0.5
7.5 10 0.5
8 9.5 0
8.5 9.5 0
8.5 10 0
8 10 0
8 9.5 0.5
8.5 9.5 0.5
8.5 10 0.5
8 10 0.5
8.5 9.5 0
9 9.5 0
9 10 0
8.5 10 0
8.5 9.5 0.5
9 9.5 0.5
9 10 0.5
8.5 10 0.5
9 9.5 0
9.5 9.5 0
9.5 10 0
9 10 0
9 9.5 0.5
9.5 9.5 0.5
9.5 10 0.5
9 10 0.5
9.5 9.5 0
10 9.5 0
10 10 0
9.5 10 0
9.5 9.5 0.5
10 9.5 0.5
10 10 0.5
9.5 10 0.5
0 0 0.5
0.5 0 0.5
0.5 0.5 0.5
0 0.5 0.5
0 0 1
0.5 0 1
0.5 0.5 1
0 0.5 1
0.5 0 0.5
1 0 0.5
1 0.5 0.5
0.5 0.5 0.5
0.5 0 1
1 0 1
1 0.5 1
0.5 0.5 1
1 0 0.5
1.5 0 0.5
1.5 0.5 0.5
1 0.5 0.5
1 0 1
1.5 0 1
1.5 0.5 1
1 0.5 1
1.5 0 0.5
2 0 0.5
2 0.5 0.5
1.5 0.5 0.5
1.5 0 1
2 0 1
2 0.5 1
1.5 0.5 1
2 0 0.5
2.5 0 0.5
2.5 0.5 0.5
2 0.5 0.5
2 0 1
2.5 0 1
2.5 0.5 1
2 0.5 1
2.5 0 0.5
3 0 0.5
3 0.5 0.5
2.5 0.5 0.5
2.5 0 1
3 0 1
3 0.5 1
2.5 0.5 1
3 0 0.5
3.5 0 0.5
3.5 0.5 0.5
3 0.5 0.5
3 0 1
3.5 0 1
3.5 0.5 1
3 0.5 1
3.5 0 0.5
4 0 0.5
4 0.5 0.5
3.5 0.5 0.5
3.5 0 1
4 0 1
4 0.5 1
3.5 0.5 1
4 0 0.5
4.5 0 0.5
4.5 0.5 0.5
4 0.5 0.5
4 0 1
4.5 0 1
4.5 0.5 1
4 0.5 1
4.5 0 0.5
5 0 0.5
5 0.5 0.5
4.5 0.5 0.5
4.5 0 1
5 0 1
5 0.5 1
4.5 0.5 1
5 0 0.5
5.5 0 0.5
5.5 0.5 0.5
5 0.5 0.5
5 0 1
5.5 0 1
5.5 0.5 1
5 0.5 1
5.5 0 0.5
6 0 0.5
6 0.5 0.5
5.5 0.5 0.5
5.5 0 1
6 0 1
6 0.5 1
5.5 0.5 1
6 0 0.5
6.5 0 0.5
6.5 0.5 0.5
6 0.5 0.5
6 0 1
6.5 0 1
6.5 0.5 1
6 0.5 1
6.5 0 0.5
7 0 0.5
7 0.5 0.5
6.5 0.5 0.5
6.5 0 1
7 0 1
7 0.5 1
6.5 0.5 1
7 0 0.5
7.5 0 0.5
7.5 0.5 0.5
7 0.5 0.5
7 0 1
7.5 0 1
7.5 0.5 1
7 0.5 1
7.5 0 0.5
8 0 0.5
8 0.5 0.5
7.5 0.5 0.5
7.5 0 1
8 0 1
8 0.5 1
7.5 0.5 1
8 0 0.5
8.5 0 0.5
8.5 0.5 0.5
8 0.5 0.5
8 0 1
8.5 0 1
8.5 0.5 1
8 0.5 1
8.5 0 0.5
9 0 0.5
9 0.5 0.5
8.5 0.5 0.5
8.5 0 1
9 0 1
9 0.5 1
8.5 0.5 1
9 0 0.5
9.5 0 0.5
9.5 0.5 0.5
9 0.5 0.5
9 0 1
9.5 0 1
9.5 0.5 1
9 0.5 1
9.5 0 0.5
10 0 0.5
10 0.5 0.5
9.5 0.5 0.5
9.5 0 1
10 0 1
10 0.5 1
9.5 0.5 1
0 0.5 0.5
0.5 0.5 0.5
0.5 1 0.5
0 1 0.5
0 0.5 1
0.5 0.5 1
0.5 1 1
0 1 1
0.5 0.5 0.5
1 0.5 0.5
1 1 0.5
0.5 1 0.5
0.5 0.5 1
1 0.5 1
1 1 1
0.5 1 1
1 0.5 0.5
1.5 0.5 0.5
1.5 1 0.5
1 1 0.5
1 0.5 1
1.5 0.5 1
1.5 1 1
1 1 1
1.5 0.5 0.5
2 0.5 0.5
2 1 0.5
1.5 1 0.5
1.5 0.5 1
2 0.5 1
2 1 1
1.5 1 1
2 0.5 0.5
2.5 0.5 0.5
2.5 1 0.5
2 1 0.5
2 0.5 1
2.5 0.5 1
2.5 1 1
2 1 1
2.5 0.5 0.5
3 0.5 0.5
3 1 0.5
2.5 1 0.5
2.5 0.5 1
3 0.5 1
3 1 1
2.5 1 1
3 0.5 0.5
3.5 0.5 0.5
3.5 1 0.5
3 1 0.5
3 0.5 1
3.5 0.5 1
3.5 1 1
3 1 1
3.5 0.5 0.5
4 0.5 0.5
4 1 0.5
3.5 1 0.5
3.5 0.5 1
4 0.5 1
4 1 1
3.5 1 1
4 0.5 0.5
4.5 0.5 0.5
4.5 1 0.5
4 1 0.5
4 0.5 1
4.5 0.5 1
4.5 1 1
4 1 1
4.5 0.5 0.5
5 0.5 0.5
5 1 0.5
4.5 1 0.5
4.5 0.5 1
5 0.5 1
5 1 1
4.5 1 1
5 0.5 0.5
5.5 0.5 0.5
5.5 1 0.5
5 1 0.5
5 0.5 1
5.5 0.5 1
5.5 1 1
5 1 1
5.5 0.5 0.5
6 0.5 0.5
6 1 0.5
5.5 1 0.5
5.5 0.5 1
6 0.5 1
6 1 1
5.5 1 1
6 0.5 0.5
6.5 0.5 0.5
6.5 1 0.5
6 1 0.5
6 0.5 1
6.5 0.5 1
6.5 1 1
6 1 1
6.5 0.5 0.5
7 0.5 0.5
7 1 0.5
6.5 1 0.5
6.5 0.5 1
7 0.5 1
7 1 1
6.5 1 1
7 0.5 0.5
7.5 0.5 0.5
7.5 1 0.5
7 1 0.5
7 0.5 1
7.5 0.5 1
7.5 1 1
7 1 1
7.5 0.5 0.5
8 0.5 0.5
8 1 0.5
7.5 1 0.5
7.5 0.5 1
8 0.5 1
8 1 1
7.5 1 1
8 0.5 0.5
8.5 0.5 0.5
8.5 1 0.5
8 1 0.5
8 0.5 1
8.5 0.5 1
8.5 1 1
8 1 1
8.5 0.5 0.5
9 0.5 0.5
9 1 0.5
8.5 1 0.5
8.5 0.5 1
9 0.5 1
9 1 1
8.5 1 1
9 0.5 0.5
9.5 0.5 0.5
9.5 1 0.5
9 1 0.5
9 0.5 1
9.5 0.5 1
9.5 1 1
9 1 1
9.5 0.5 0.5
10 0.5 0.5
10 1 0.5
9.5 1 0.5
9.5 0.5 1
10 0.5 1
10 1 1
9.5 1 1
0 1 0.5
0.5 1 0.5
0.5 1.5 0.5
0 1.5 0.5
0 1 1
0.5 1 1
0.5 1.5 1
0 1.5 1
0.5 1 0.5
1 1 0.5
1 1.5 0.5
0.5 1.5 0.5
0.5 1 1
1 1 1
1 1.5 1
0.5 1.5 1
1 1 0.5
1.5 1 0.5
1.5 1.5 0.5
1 1.5 0.5
1 1 1
1.5 1 1
1.5 1.5 1
1 1.5 1
1.5 1 0.5
2 1 0.5
2 1.5 0.5
1.5 1.5 0.5
1.5 1 1
2 1 1
2 1.5 1
1.5 1.5 1
2 1 0.5
2.5 1 0.5
2.5 1.5 0.5
2 1.5 0.5
2 1 1
2.5 1 1
2.5 1.5 1
2 1.5 1
2.5 1 0.5
3 1 0.5
3 1.5 0.5
2.5 1.5 0.5
2.5 1 1
3 1 1
3 1.5 1
2.5 1.5 1
3 1 0.5
3.5 1 0.5
3.5 1.5 0.5
3 1.5 0.5
3 1 1
3.5 1 1
3.5 1.5 1
3 1.5 1
3.5 1 0.5
4 1 0.5
4 1.5 0.5
3.5 1.5 0.5
3.5 1 1
4 1 1
4 1.5 1
3.5 1.5 1
4 1 0.5
4.5 1 0.5
4.5 1.5 0.5
4 1.5 0.5
4 1 1
4.5 1 1
4.5 1.5 1
4 1.5 1
4.5 1 0.5
5 1 0.5
5 1.5 0.5
4.5 1.5 0.5
4.5 1 1
5 1 1
5 1.5 1
4.5 1.5 1
5 1 0.5
5.5 1 0.5
5.5 1.5 0.5
5 1.5 0.5
5 1 1
5.5 1 1
5.5 1.5 1
5 1.5 1
5.5 1 0.5
6 1 0.5
6 1.5 0.5
5.5 1.5 0.5
5.5 1 1
6 1 1
6 1.5 1
5.5 1.5 1
6 1 0.5
6.5 1 0.5
6.5 1.5 0.5
6 1.5 0.5
6 1 1
6.5 1 1
6.5 1.5 1
6 1.5 1
6.5 1 0.5
7 1 0.5
7 1.5 0.5
6.5 1.5 0.5
6.5 1 1
7 1 1
7 1.5 1
6.5 1.5 1
7 1 0.5
7.5 1 0.5
7.5 1.5 0.5
7 1.5 0.5
7 1 1
7.5 1 1
7.5 1.5 1
7 1.5 1
7.5 1 0.5
8 1 0.5
8 1.5 0.5
7.5 1.5 0.5
7.5 1 1
8 1 1
8 1.5 1
7.5 1.5 1
8 1 0.5
8.5 1 0.5
8.5 1.5 0.5
8 1.5 0.5
8 1 1
8.5 1 1
8.5 1.5 1
8 1.5 1
8.5 1 0.5
9 1 0.5
9 1.5 0.5
8.5 1.5 0.5
8.5 1 1
9 1 1
9 1.5 1
8.5 1.5 1
9 1 0.5
9.5 1 0.5
9.5 1.5 0.5
9 1.5 0.5
9 1 1
9.5 1 1
9.5 1.5 1
9 1.5 1
9.5 1 0.5
10 1 0.5
10 1.5 0.5
9.5 1.5 0.5
9.5 1 1
10 1 1
10 1.5 1
9.5 1.5 1
0 1.5 0.5
0.5 1.5 0.5
0.5 2 0.5
0 2 0.5
0 1.5 1
0.5 1.5 1
0.5 2 1
0 2 1
0.5 1.5 0.5
1 1.5 0.5
1 2 0.5
0.5 2 0.5
0.5 1.5 1
1 1.5 1
1 2 1
0.5 2 1
1 1.5 0.5
1.5 1.5 0.5
1.5 2 0.5
1 2 0.5
1 1.5 1
1.5 1.5 1
1.5 2 1
1 2 1
1.5 1.5 0.5
2 1.5 0.5
2 2 0.5
1.5 2 0.5
1.5 1.5 1
2 1.5 1
2 2 1
1.5 2 1
2 1.5 0.5
2.5 1.5 0.5
2.5 2 0.5
2 2 0.5
2 1.5 1
2.5 1.5 1
2.5 2 1
2 2 1
2.5 1.5 0.5
3 1.5 0.5
3 2 0.5
2.5 2 0.5
2.5 1.5 1
3 1.5 1
3 2 1
2.5 2 1
3 1.5 0.5
3.5 1.5 0.5
3.5 2 0.5
3 2 0.5
3 1.5 1
3.5 1.5 1
3.5 2 1
3 2 1
3.5 1.5 0.5
4 1.5 0.5
4 2 0.5
3.5 2 0.5
3.5 1.5 1
4 1.5 1
4 2 1
3.5 2 1
4 1.5 0.5
4.5 1.5 0.5
4.5 2 0.5
4 2 0.5
4 1.5 1
4.5 1.5 1
4.5 2 1
4 2 1
4.5 1.5 0.5
5 1.5 0.5
5 2 0.5
4.5 2 0.5
4.5 1.5 1
5 1.5 1
5 2 1
4.5 2 1
5 1.5 0.5
5.5 1.5 0.5
5.5 2 0.5
5 2 0.5
5 1.5 1
5.5 1.5 1
5.5 2 1
5 2 1
5.5 1.5 0.5
6 1.5 0.5
6 2 0.5
5.5 2 0.5
5.5 1.5 1
6 1.5 1
6 2 1
5.5 2 1
6 1.5 0.5
6.5 1.5 0.5
6.5 2 0.5
6 2 0.5
6 1.5 1
6.5 1.5 1
6.5 2 1
6 2 1
6.5 1.5 0.5
7 1.5 0.5
7 2 0.5
6.5 2 0.5
6.5 1.5 1
7 1.5 1
7 2 1
6.5 2 1
7 1.5 0.5
7.5 1.5 0.5
7.5 2 0.5
7 2 0.5
7 1.5 1
7.5 1.5 1
7.5 2 1
7 2 1
7.5 1.5 0.5
8 1.5 0.5
8 2 0.5
7.5 2 0.5
7.5 1.5 1
8 1.5 1
8 2 1
7.5 2 1
8 1.5 0.5
8.5 1.5 0.5
8.5 2 0.5
8 2 0.5
8 1.5 1
8.5 1.5 1
8.5 2 1
8 2 1
8.5 1.5 0.5
9 1.5 0.5
9 2 0.5
8.5 2 0.5
8.5 1.5 1
9 1.5 1
9 2 1
8.5 2 1
9 1.5 0.5
9.5 1.5 0.5
9.5 2 0.5
9 2 0.5
9 1.5 1
9.5 1.5 1
9.5 2 1
9 2 1
9.5 1.5 0.5
10 1.5 0.5
10 2 0.5
9.5 2 0.5
9.5 1.5 1
10 1.5 1
10 2 1
9.5 2 1
0 2 0.5
0.5 2 0.5
0.5 2.5 0.5
0 2.5 0.5
0 2 1
0.5 2 1
0.5 2.5 1
0 2.5 1
0.5 2 0.5
1 2 0.5
1 2.5 0.5
0.5 2.5 0.5
0.5 2 1
1 2 1
1 2.5 1
0.5 2.5 1
1 2 0.5
1.5 2 0.5
1.5 2.5 0.5
1 2.5 0.5
1 2 1
1.5 2 1
1.5 2.5 1
1 2.5 1
1.5 2 0.5
2 2 0.5
2 2.5 0.5
1.5 2.5 0.5
1.5 2 1
2 2 1
2 2.5 1
1.5 2.5 1
2 2 0.5
2.5 2 0.5
2.5 2.5 0.5
2 2.5 0.5
2 2 1
2.5 2 1
2.5 2.5 1
2 2.5 1
2.5 2 0.5
3 2 0.5
3 2.5 0.5
2.5 2.5 0.5
2.5 2 1
3 2 1
3 2.5 1
2.5 2.5 1
3 2 0.5
3.5 2 0.5
3.5 2.5 0.5
3 2.5 0.5
3 2 1
3.5 2 1
3.5 2.5 1
3 2.5 1
3.5 2 0.5
4 2 0.5
4 2.5 0.5
3.5 2.5 0.5
3.5 2 1
4 2 1
4 2.5 1
3.5 2.5 1
4 2 0.5
4.5 2 0.5
4.5 2.5 0.5
4 2.5 0.5
4 2 1
4.5 2 1
4.5 2.5 1
4 2.5 1
4.5 2 0.5
5 2 0.5
5 2.5 0.5
4.5 2.5 0.5
4.5 2 1
5 2 1
5 2.5 1
4.5 2.5 1
5 2 0.5
5.5 2 0.5
5.5 2.5 0.5
5 2.5 0.5
5 2 1
5.5 2 1
5.5 2.5 1
5 2.5 1
5.5 2 0.5
6 2 0.5
6 2.5 0.5
5.5 2.5 0.5
5.5 2 1
6 2 1
6 2.5 1
5.5 2.5 1
6 2 0.5
6.5 2 0.5
6.5 2.5 0.5
6 2.5 0.5
6 2 1
6.5 2 1
6.5 2.5 1
6 2.5 1
6.5 2 0.5
7 2 0.5
7 2.5 0.5
6.5 2.5 0.5
6.5 2 1
7 2 1
7 2.5 1
6.5 2.5 1
7 2 0.5
7.5 2 0.5
7.5 2.5 0.5
7 2.5 0.5
7 2 1
7.5 2 1
7.5 2.5 1
7 2.5 1
7.5 2 0.5
8 2 0.5
8 2.5 0.5
7.5 2.5 0.5
7.5 2 1
8 2 1
8 2.5 1
7.5 2.5 1
8 2 0.5
8.5 2 0.5
8.5 2.5 0.5
8 2.5 0.5
8 2 1
8.5 2 1
8.5 2.5 1
8 2.5 1
8.5 2 0.5
9 2 0.5
9 2.5 0.5
8.5 2.5 0.5
8.5 2 1
9 2 1
9 2.5 1
8.5 2.5 1
9 2 0.5
9.5 2 0.5
9.5 2.5 0.5
9 2.5 0.5
9 2 1
9.5 2 1
9.5 2.5 1
9 2.5 1
9.5 2 0.5
10 2 0.5
10 2.5 0.5
9.5 2.5 0.5
9.5 2 1
10 2 1
10 2.5 1
9.5 2.5 1
0 2.5 0.5
0.5 2.5 0.5
0.5 3 0.5
0 3 0.5
0 2.5 1
0.5 2.5 1
0.5 3 1
0 3 1
0.5 2.5 0.5
1 2.5 0.5
1 3 0.5
0.5 3 0.5
0.5 2.5 1
1 2.5 1
1 3 1
0.5 3 1
1 2.5 0.5
1.5 2.5 0.5
1.5 3 0.5
1 3 0.5
1 2.5 1
1.5 2.5 1
1.5 3 1
1 3 1
1.5 2.5 0.5
2 2.5 0.5
2 3 0.5
1.5 3 0.5
1.5 2.5 1
2 2.5 1
2 3 1
1.5 3 1
2 2.5 0.5
2.5 2.5 0.5
2.5 3 0.5
2 3 0.5
2 2.5 1
2.5 2.5 1
2.5 3 1
2 3 1
2.5 2.5 0.5
3 2.5 0.5
3 3 0.5
2.5 3 0.5
2.5 2.5 1
3 2.5 1
3 3 1
2.5 3 1
3 2.5 0.5
3.5 2.5 0.5
3.5 3 0.5
3 3 0.5
3 2.5 1
3.5 2.5 1
3.5 3 1
3 3 1
3.5 2.5 0.5
4 2.5 0.5
4 3 0.5
3.5 3 0.5
3.5 2.5 1
4 2.5 1
4 3 1
3.5 3 1
4 2.5 0.5
4.5 2.5 0.5
4.5 3 0.5
4 3 0.5
4 2.5 1
4.5 2.5 1
4.5 3 1
4 3 1
4.5 2.5 0.5
5 2.5 0.5
5 3 0.5
4.5 3 0.5
4.5 2.5 1
5 2.5 1
5 3 1
4.5 3 1
5 2.5 0.5
5.5 2.5 0.5
5.5 3 0.5
5 3 0.5
5 2.5 1
5.5 2.5 1
5.5 3 1
5 3 1
5.5 2.5 0.5
6 2.5 0.5
6 3 0.5
5.5 3 0.5
5.5 2.5 1
6 2.5 1
6 3 1
5.5 3 1
6 2.5 0.5
6.5 2.5 0.5
6.5 3 0.5
6 3 0.5
6 2.5 1
6.5 2.5 1
6.5 3 1
6 3 1
6.5 2.5 0.5
7 2.5 0.5
7 3 0.5
6.5 3 0.5
6.5 2.5 1
7 2.5 1
7 3 1
6.5 3 1
7 2.5 0.5
7.5 2.5 0.5
7.5 3 0.5
7 3 0.5
7 2.5 1
7.5 2.5 1
7.5 3 1
7 3 1
7.5 2.5 0.5
8 2.5 0.5
8 3 0.5
7.5 3 0.5
7.5 2.5 1
8 2.5 1
8 3 1
7.5 3 1
8 2.5 0.5
8.5 2.5 0.5
8.5 3 0.5
8 3 0.5
8 2.5 1
8.5 2.5 1
8.5 3 1
8 3 1
8.5 2.5 0.5
9 2.5 0.5
9 3 0.5
8.5 3 0.5
8.5 2.5 1
9 2.5 1
9 3 1
8.5 3 1
9 2.5 0.5
9.5 2.5 0.5
9.5 3 0.5
9 3 0.5
9 2.5 1
9.5 2.5 1
9.5 3 1
9 3 1
9.5 2.5 0.5
10 2.5 0.5
10 3 0.5
9.5 3 0.5
9.5 2.5 1
10 2.5 1
10 3 1
9.5 3 1
0 3 0.5
0.5 3 0.5
0.5 3.5 0.5
0 3.5 0.5
0 3 1
0.5 3 1
0.5 3.5 1
0 3.5 1
0.5 3 0.5
1 3 0.5
1 3.5 0.5
0.5 3.5 0.5
0.5 3 1
1 3 1
1 3.5 1
0.5 3.5 1
1 3 0.5
1.5 3 0.5
1.5 3.5 0.5
1 3.5 0.5
1 3 1
1.5 3 1
1.5 3.5 1
1 3.5 1
1.5 3 0.5
2 3 0.5
2 3.5 0.5
1.5 3.5 0.5
1.5 3 1
2 3 1
2 3.5 1
1.5 3.5 1
2 3 0.5
2.5 3 0.5
2.5 3.5 0.5
2 3.5 0.5
2 3 1
2.5 3 1
2.5 3.5 1
2 3.5 1
2.5 3 0.5
3 3 0.5
3 3.5 0.5
2.5 3.5 0.5
2.5 3 1
3 3 1
3 3.5 1
2.5 3.5 1
3 3 0.5
3.5 3 0.5
3.5 3.5 0.5
3 3.5 0.5
3 3 1
3.5 3 1
3.5 3.5 1
3 3.5 1
3.5 3 0.5
4 3 0.5
4 3.5 0.5
3.5 3.5 0.5
3.5 3 1
4 3 1
4 3.5 1
3.5 3.5 1
4 3 0.5
4.5 3 0.5
4.5 3.5 0.5
4 3.5 0.5
4 3 1
4.5 3 1
4.5 3.5 1
4 3.5 1
4.5 3 0.5
5 3 0.5
5 3.5 0.5
4.5 3.5 0.5
4.5 3 1
5 3 1
5 3.5 1
4.5 3.5 1
5 3 0.5
5.5 3 0.5
5.5 3.5 0.5
5 3.5 0.5
5 3 1
5.5 3 1
5.5 3.5 1
5 3.5 1
5.5 3 0.5
6 3 0.5
6 3.5 0.5
5.5 3.5 0.5
5.5 3 1
6 3 1
6 3.5 1
5.5 3.5 1
6 3 0.5
6.5 3 0.5
6.5 3.5 0.5
6 3.5 0.5
6 3 1
6.5 3 1
6.5 3.5 1
6 3.5 1
6.5 3 0.5
7 3 0.5
7 3.5 0.5
6.5 3.5 0.5
6.5 3 1
7 3 1
7 3.5 1
6.5 3.5 1
7 3 0.5
7.5 3 0.5
7.5 3.5 0.5
7 3.5 0.5
7 3 1
7.5 3 1
7.5 3.5 1
7 3.5 1
7.5 3 0.5
8 3 0.5
8 3.5 0.5
7.5 3.5 0.5
7.5 3 1
8 3 1
8 3.5 1
7.5 3.5 1
8 3 0.5
8.5 3 0.5
8.5 3.5 0.5
8 3.5 0.5
8 3 1
8.5 3 1
8.5 3.5 1
8 3.5 1
8.5 3 0.5
9 3 0.5
9 3.5 0.5
8.5 3.5 0.5
8.5 3 1
9 3 1
9 3.5 1
8.5 3.5 1
9 3 0.5
9.5 3 0.5
9.5 3.5 0.5
9 3.5 0.5
9 3 1
9.5 3 1
9.5 3.5 1
9 3.5 1
9.5 3 0.5
10 3 0.5
10 3.5 0.5
9.5 3.5 0.5
9.5 3 1
10 3 1
10 3.5 1
9.5 3.5 1
0 3.5 0.5
0.5 3.5 0.5
0.5 4 0.5
0 4 0.5
0 3.5 1
0.5 3.5 1
0.5 4 1
0 4 1
0.5 3.5 0.5
1 3.5 0.5
1 4 0.5
0.5 4 0.5
0.5 3.5 1
1 3.5 1
1 4 1
0.5 4 1
1 3.5 0.5
1.5 3.5 0.5
1.5 4 0.5
1 4 0.5
1 3.5 1
1.5 3.5 1
1.5 4 1
1 4 1
1.5 3.5 0.5
2 3.5 0.5
2 4 0.5
1.5 4 0.5
1.5 3.5 1
2 3.5 1
2 4 1
1.5 4 1
2 3.5 0.5
2.5 3.5 0.5
2.5 4 0.5
2 4 0.5
2 3.5 1
2.5 3.5 1
2.5 4 1
2 4 1
2.5 3.5 0.5
3 3.5 0.5
3 4 0.5
2.5 4 0.5
2.5 3.5 1
3 3.5 1
3 4 1
2.5 4 1
3 3.5 0.5
3.5 3.5 0.5
3.5 4 0.5
3 4 0.5
3 3.5 1
3.5 3.5 1
3.5 4 1
3 4 1
3.5 3.5 0.5
4 3.5 0.5
4 4 0.5
3.5 4 0.5
3.5 3.5 1
4 3.5 1
4 4 1
3.5 4 1
4 3.5 0.5
4.5 3.5 0.5
4.5 4 0.5
4 4 0.5
4 3.5 1
4.5 3.5 1
4.5 4 1
4 4 1
4.5 3.5 0.5
5 3.5 0.5
5 4 0.5
4.5 4 0.5
4.5 3.5 1
5 3.5 1
5 4 1
4.5 4 1
5 3.5 0.5
5.5 3.5 0.5
5.5 4 0.5
5 4 0.5
5 3.5 1
5.5 3.5 1
5.5 4 1
5 4 1
5.5 3.5 0.5
6 3.5 0.5
6 4 0.5
5.5 4 0.5
5.5 3.5 1
6 3.5 1
6 4 1
5.5 4 1
6 3.5 0.5
6.5 3.5 0.5
6.5 4 0.5
6 4 0.5
6 3.5 1
6.5 3.5 1
6.5 4 1
6 4 1
6.5 3.5 0.5
7 3.5 0.5
7 4 0.5
6.5 4 0.5
6.5 3.5 1
7 3.5 1
7 4 1
6.5 4 1
7 3.5 0.5
7.5 3.5 0.5
7.5 4 0.5
7 4 0.5
7 3.5 1
7.5 3.5 1
7.5 4 1
7 4 1
7.5 3.5 0.5
8 3.5 0.5
8 4 0.5
7.5 4 0.5
7.5 3.5 1
8 3.5 1
8 4 1
7.5 4 1
8 3.5 0.5
8.5 3.5 0.5
8.5 4 0.5
8 4 0.5
8 3.5 1
8.5 3.5 1
8.5 4 1
8 4 1
8.5 3.5 0.5
9 3.5 0.5
9 4 0.5
8.5 4 0.5
8.5 3.5 1
9 3.5 1
9 4 1
8.5 4 1
9 3.5 0.5
9.5 3.5 0.5
9.5 4 0.5
9 4 0.5
9 3.5 1
9.5 3.5 1
9.5 4 1
9 4 1
9.5 3.5 0.5
10 3.5 0.5
10 4 0.5
9.5 4 0.5
9.5 3.5 1
10 3.5 1
10 4 1
9.5 4 1
0 4 0.5
0.5 4 0.5
0.5 4.5 0.5
0 4.5 0.5
0 4 1
0.5 4 1
0.5 4.5 1
0 4.5 1
0.5 4 0.5
1 4 0.5
1 4.5 0.5
0.5 4.5 0.5
0.5 4 1
1 4 1
1 4.5 1
0.5 4.5 1
1 4 0.5
1.5 4 0.5
1.5 4.5 0.5
1 4.5 0.5
1 4 1
1.5 4 1
1.5 4.5 1
1 4.5 1
1.5 4 0.5
2 4 0.5
2 4.5 0.5
1.5 4.5 0.5
1.5 4 1
2 4 1
2 4.5 1
1.5 4.5 1
2 4 0.5
2.5 4 0.5
2.5 4.5 0.5
2 4.5 0.5
2 4 1
2.5 4 1
2.5 4.5 1
2 4.5 1
2.5 4 0.5
3 4 0.5
3 4.5 0.5
2.5 4.5 0.5
2.5 4 1
3 4 1
3 4.5 1
2.5 4.5 1
3 4 0.5
3.5 4 0.5
3.5 4.5 0.5
3 4.5 0.5
3 4 1
3.5 4 1
3.5 4.5 1
3 4.5 1
3.5 4 0.5
4 4 0.5
4 4.5 0.5
3.5 4.5 0.5
3.5 4 1
4 4 1
4 4.5 1
3.5 4.5 1
4 4 0.5
4.5 4 0.5
4.5 4.5 0.5
4 4.5 0.5
4 4 1
4.5 4 1
4.5 4.5 1
4 4.5 1
4.5 4 0.5
5 4 0.5
5 4.5 0.5
4.5 4.5 0.5
4.5 4 1
5 4 1
5 4.5 1
4.5 4.5 1
5 4 0.5
5.5 4 0.5
5.5 4.5 0.5
5 4.5 0.5
5 4 1
5.5 4 1
5.5 4.5 1
5 4.5 1
5.5 4 0.5
6 4 0.5
6 4.5 0.5
5.5 4.5 0.5
5.5 4 1
6 4 1
6 4.5 1
5.5 4.5 1
6 4 0.5
6.5 4 0.5
6.5 4.5 0.5
6 4.5 0.5
6 4 1
6.5 4 1
6.5 4.5 1
6 4.5 1
6.5 4 0.5
7 4 0.5
7 4.5 0.5
6.5 4.5 0.5
6.5 4 1
7 4 1
7 4.5 1
6.5 4.5 1
7 4 0.5
7.5 4 0.5
7.5 4.5 0.5
7 4.5 0.5
7 4 1
7.5 4 1
7.5 4.5 1
7 4.5 1
7.5 4 0.5
8 4 0.5
8 4.5 0.5
7.5 4.5 0.5
7.5 4 1
8 4 1
8 4.5 1
7.5 4.5 1
8 4 0.5
8.5 4 0.5
8.5 4.5 0.5
8 4.5 0.5
8 4 1
8.5 4 1
8.5 4.5 1
8 4.5 1
8.5 4 0.5
9 4 0.5
9 4.5 0.5
8.5 4.5 0.5
8.5 4 1
9 4 1
9 4.5 1
8.5 4.5 1
9 4 0.5
9.5 4 0.5
9.5 4.5 0.5
9 4.5 0.5
9 4 1
9.5 4 1
9.5 4.5 1
9 4.5 1
9.5 4 0.5
10 4 0.5
10 4.5 0.5
9.5 4.5 0.5
9.5 4 1
10 4 1
10 4.5 1
9.5 4.5 1
0 4.5 0.5
0.5 4.5 0.5
0.5 5 0.5
0 5 0.5
0 4.5 1
0.5 4.5 1
0.5 5 1
0 5 1
0.5 4.5 0.5
1 4.5 0.5
1 5 0.5
0.5 5 0.5
0.5 4.5 1
1 4.5 1
1 5 1
0.5 5 1
1 4.5 0.5
1.5 4.5 0.5
1.5 5 0.5
1 5 0.5
1 4.5 1
1.5 4.5 1
1.5 5 1
1 5 1
1.5 4.5 0.5
2 4.5 0.5
2 5 0.5
1.5 5 0.5
1.5 4.5 1
2 4.5 1
2 5 1
1.5 5 1
2 4.5 0.5
2.5 4.5 0.5
2.5 5 0.5
2 5 0.5
2 4.5 1
2.5 4.5 1
2.5 5 1
2 5 1
2.5 4.5 0.5
3 4.5 0.5
3 5 0.5
2.5 5 0.5
2.5 4.5 1
3 4.5 1
3 5 1
2.5 5 1
3 4.5 0.5
3.5 4.5 0.5
3.5 5 0.5
3 5 0.5
3 4.5 1
3.5 4.5 1
3.5 5 1
3 5 1
3.5 4.5 0.5
4 4.5 0.5
4 5 0.5
3.5 5 0.5
3.5 4.5 1
4 4.5 1
4 5 1
3.5 5 1
4 4.5 0.5
4.5 4.5 0.5
4.5 5 0.5
4 5 0.5
4 4.5 1
4.5 4.5 1
4.5 5 1
4 5 1
4.5 4.5 0.5
5 4.5 0.5
5 5 0.5
4.5 5 0.5
4.5 4.5 1
5 4.5 1
5 5 1
4.5 5 1
5 4.5 0.5
5.5 4.5 0.5
5.5 5 0.5
5 5 0.5
5 4.5 1
5.5 4.5 1
5.5 5 1
5 5 1
5.5 4.5 0.5
6 4.5 0.5
6 5 0.5
5.5 5 0.5
5.5 4.5 1
6 4.5 1
6 5 1
5.5 5 1
6 4.5 0.5
6.5 4.5 0.5
6.5 5 0.5
6 5 0.5
6 4.5 1
6.5 4.5 1
6.5 5 1
6 5 1
6.5 4.5 0.5
7 4.5 0.5
7 5 0.5
6.5 5 0.5
6.5 4.5 1
7 4.5 1
7 5 1
6.5 5 1
7 4.5 0.5
7.5 4.5 0.5
7.5 5 0.5
7 5 0.5
7 4.5 1
7.5 4.5 1
7.5 5 1
7 5 1
7.5 4.5 0.5
8 4.5 0.5
8 5 0.5
7.5 5 0.5
7.5 4.5 1
8 4.5 1
8 5 1
7.5 5 1
8 4.5 0.5
8.5 4.5 0.5
8.5 5 0.5
8 5 0.5
8 4.5 1
8.5 4.5 1
8.5 5 1
8 5 1
8.5 4.5 0.5
9 4.5 0.5
9 5 0.5
8.5 5 0.5
8.5 4.5 1
9 4.5 1
9 5 1
8.5 5 1
9 4.5 0.5
9.5 4.5 0.5
9.5 5 0.5
9 5 0.5
9 4.5 1
9.5 4.5 1
9.5 5 1
9 5 1
9.5 4.5 0.5
10 4.5 0.5
10 5 0.5
9.5 5 0.5
9.5 4.5 1
10 4.5 1
10 5 1
9.5 5 1
0 5 0.5
0.5 5 0.5
0.5 5.5 0.5
0 5.5 0.5
0 5 1
0.5 5 1
0.5 5.5 1
0 5.5 1
0.5 5 0.5
1 5 0.5
1 5.5 0.5
0.5 5.5 0.5
0.5 5 1
1 5 1
1 5.5 1
0.5 5.5 1
1 5 0.5
1.5 5 0.5
1.5 5.5 0.5
1 5.5 0.5
1 5 1
1.5 5 1
1.5 5.5 1
1 5.5 1
1.5 5 0.5
2 5 0.5
2 5.5 0.5
1.5 5.5 0.5
1.5 5 1
2 5 1
2 5.5 1
1.5 5.5 1
2 5 0.5
2.5 5 0.5
2.5 5.5 0.5
2 5.5 0.5
2 5 1
2.5 5 1
2.5 5.5 1
2 5.5 1
2.5 5 0.5
3 5 0.5
3 5.5 0.5
2.5 5.5 0.5
2.5 5 1
3 5 1
3 5.5 1
2.5 5.5 1
3 5 0.5
3.5 5 0.5
3.5 5.5 0.5
3 5.5 0.5
3 5 1
3.5 5 1
3.5 5.5 1
3 5.5 1
3.5 5 0.5
4 5 0.5
4 5.5 0.5
3.5 5.5 0.5
3.5 5 1
4 5 1
4 5.5 1
3.5 5.5 1
4 5 0.5
4.5 5 0.5
4.5 5.5 0.5
4 5.5 0.5
4 5 1
4.5 5 1
4.5 5.5 1
4 5.5 1
4.5 5 0.5
5 5 0.5
5 5.5 0.5
4.5 5.5 0.5
4.5 5 1
5 5 1
5 5.5 1
4.5 5.5 1
5 5 0.5
5.5 5 0.5
5.5 5.5 0.5
5 5.5 0.5
5 5 1
5.5 5 1
5.5 5.5 1
5 5.5 1
5.5 5 0.5
6 5 0.5
6 5.5 0.5
5.5 5.5 0.5
5.5 5 1
6 5 1
6 5.5 1
5.5 5.5 1
6 5 0.5
6.5 5 0.5
6.5 5.5 0.5
6 5.5 0.5
6 5 1
6.5 5 1
6.5 5.5 1
6 5.5 1
6.5 5 0.5
7 5 0.5
7 5.5 0.5
6.5 5.5 0.5
6.5 5 1
7 5 1
7 5.5 1
6.5 5.5 1
7 5 0.5
7.5 5 0.5
7.5 5.5 0.5
7 5.5 0.5
7 5 1
7.5 5 1
7.5 5.5 1
7 5.5 1
7.5 5 0.5
8 5 0.5
8 5.5 0.5
7.5 5.5 0.5
7.5 5 1
8 5 1
8 5.5 1
7.5 5.5 1
8 5 0.5
8.5 5 0.5
8.5 5.5 0.5
8 5.5 0.5
8 5 1
8.5 5 1
8.5 5.5 1
8 5.5 1
8.5 5 0.5
9 5 0.5
9 5.5 0.5
8.5 5.5 0.5
8.5 5 1
9 5 1
9 5.5 1
8.5 5.5 1
9 5 0.5
9.5 5 0.5
9.5 5.5 0.5
9 5.5 0.5
9 5 1
9.5 5 1
9.5 5.5 1
9 5.5 1
9.5 5 0.5
10 5 0.5
10 5.5 0.5
9.5 5.5 0.5
9.5 5 1
10 5 1
10 5.5 1
9.5 5.5 1
0 5.5 0.5
0.5 5.5 0.5
0.5 6 0.5
0 6 0.5
0 5.5 1
0.5 5.5 1
0.5 6 1
0 6 1
0.5 5.5 0.5
1 5.5 0.5
1 6 0.5
0.5 6 0.5
0.5 5.5 1
1 5.5 1
1 6 1
0.5 6 1
1 5.5 0.5
1.5 5.5 0.5
1.5 6 0.5
1 6 0.5
1 5.5 1
1.5 5.5 1
1.5 6 1
1 6 1
1.5 5.5 0.5
2 5.5 0.5
2 6 0.5
1.5 6 0.5
1.5 5.5 1
2 5.5 1
2 6 1
1.5 6 1
2 5.5 0.5
2.5 5.5 0.5
2.5 6 0.5
2 6 0.5
2 5.5 1
2.5 5.5 1
2.5 6 1
2 6 1
2.5 5.5 0.5
3 5.5 0.5
3 6 0.5
2.5 6 0.5
2.5 5.5 1
3 5.5 1
3 6 1
2.5 6 1
3 5.5 0.5
3.5 5.5 0.5
3.5 6 0.5
3 6 0.5
3 5.5 1
3.5 5.5 1
3.5 6 1
3 6 1
3.5 5.5 0.5
4 5.5 0.5
4 6 0.5
3.5 6 0.5
3.5 5.5 1
4 5.5 1
4 6 1
3.5 6 1
4 5.5 0.5
4.5 5.5 0.5
4.5 6 0.5
4 6 0.5
4 5.5 1
4.5 5.5 1
4.5 6 1
4 6 1
4.5 5.5 0.5
5 5.5 0.5
5 6 0.5
4.5 6 0.5
4.5 5.5 1
5 5.5 1
5 6 1
4.5 6 1
5 5.5 0.5
5.5 5.5 0.5
5.5 6 0.5
5 6 0.5
5 5.5 1
5.5 5.5 1
5.5 6 1
5 6 1
5.5 5.5 0.5
6 5.5 0.5
6 6 0.5
5.5 6 0.5
5.5 5.5 1
6 5.5 1
6 6 1
5.5 6 1
6 5.5 0.5
6.5 5.5 0.5
6.5 6 0.5
6 6 0.5
6 5.5 1
6.5 5.5 1
6.5 6 1
6 6 1
6.5 5.5 0.5
7 5.5 0.5
7 6 0.5
6.5 6 0.5
6.5 5.5 1
7 5.5 1
7 6 1
6.5 6 1
7 5.5 0.5
7.5 5.5 0.5
7.5 6 0.5
7 6 0.5
7 5.5 1
7.5 5.5 1
7.5 6 1
7 6 1
7.5 5.5 0.5
8 5.5 0.5
8 6 0.5
7.5 6 0.5
7.5 5.5 1
8 5.5 1
8 6 1
7.5 6 1
8 5.5 0.5
8.5 5.5 0.5
8.5 6 0.5
8 6 0.5
8 5.5 1
8.5 5.5 1
8.5 6 1
8 6 1
8.5 5.5 0.5
9 5.5 0.5
9 6 0.5
8.5 6 0.5
8.5 5.5 1
9 5.5 1
9 6 1
8.5 6 1
9 5.5 0.5
9.5 5.5 0.5
9.5 6 0.5
9 6 0.5
9 5.5 1
9.5 5.5 1
9.5 6 1
9 6 1
9.5 5.5 0.5
10 5.5 0.5
10 6 0.5
9.5 6 0.5
9.5 5.5 1
10 5.5 1
10 6 1
9.5 6 1
0 6 0.5
0.5 6 0.5
0.5 6.5 0.5
0 6.5 0.5
0 6 1
0.5 6 1
0.5 6.5 1
0 6.5 1
0.5 6 0.5
1 6 0.5
1 6.5 0.5
0.5 6.5 0.5
0.5 6 1
1 6 1
1 6.5 1
0.5 6.5 1
1 6 0.5
1.5 6 0.5
1.5 6.5 0.5
1 6.5 0.5
1 6 1
1.5 6 1
1.5 6.5 1
1 6.5 1
1.5 6 0.5
2 6 0.5
2 6.5 0.5
1.5 6.5 0.5
1.5 6 1
2 6 1
2 6.5 1
1.5 6.5 1
2 6 0.5
2.5 6 0.5
2.5 6.5 0.5
2 6.5 0.5
2 6 1
2.5 6 1
2.5 6.5 1
2 6.5 1
2.5 6 0.5
3 6 0.5
3 6.5 0.5
2.5 6.5 0.5
2.5 6 1
3 6 1
3 6.5 1
2.5 6.5 1
3 6 0.5
3.5 6 0.5
3.5 6.5 0.5
3 6.5 0.5
3 6 1
3.5 6 1
3.5 6.5 1
3 6.5 1
3.5 6 0.5
4 6 0.5
4 6.5 0.5
3.5 6.5 0.5
3.5 6 1
4 6 1
4 6.5 1
3.5 6.5 1
4 6 0.5
4.5 6 0.5
4.5 6.5 0.5
4 6.5 0.5
4 6 1
4.5 6 1
4.5 6.5 1
4 6.5 1
4.5 6 0.5
5 6 0.5
5 6.5 0.5
4.5 6.5 0.5
4.5 6 1
5 6 1
5 6.5 1
4.5 6.5 1
5 6 0.5
5.5 6 0.5
5.5 6.5 0.5
5 6.5 0.5
5 6 1
5.5 6 1
5.5 6.5 1
5 6.5 1
5.5 6 0.5
6 6 0.5
6 6.5 0.5
5.5 6.5 0.5
5.5 6 1
6 6 1
6 6.5 1
5.5 6.5 1
6 6 0.5
6.5 6 0.5
6.5 6.5 0.5
6 6.5 0.5
6 6 1
6.5 6 1
6.5 6.5 1
6 6.5 1
6.5 6 0.5
7 6 0.5
7 6.5 0.5
6.5 6.5 0.5
6.5 6 1
7 6 1
7 6.5 1
6.5 6.5 1
7 6 0.5
7.5 6 0.5
7.5 6.5 0.5
7 6.5 0.5
7 6 1
7.5 6 1
7.5 6.5 1
7 6.5 1
7.5 6 0.5
8 6 0.5
8 6.5 0.5
7.5 6.5 0.5
7.5 6 1
8 6 1
8 6.5 1
7.5 6.5 1
8 6 0.5
8.5 6 0.5
8.5 6.5 0.5
8 6.5 0.5
8 6 1
8.5 6 1
8.5 6.5 1
8 6.5 1
8.5 6 0.5
9 6 0.5
9 6.5 0.5
8.5 6.5 0.5
8.5 6 1
9 6 1
9 6.5 1
8.5 6.5 1
9 6 0.5
9.5 6 0.5
9.5 6.5 0.5
9 6.5 0.5
9 6 1
9.5 6 1
9.5 6.5 1
9 6.5 1
9.5 6 0.5
10 6 0.5
10 6.5 0.5
9.5 6.5 0.5
9.5 6 1
10 6 1
10 6.5 1
9.5 6.5 1
0 6.5 0.5
0.5 6.5 0.5
0.5 7 0.5
0 7 0.5
0 6.5 1
0.5 6.5 1
0.5 7 1
0 7 1
0.5 6.5 0.5
1 6.5 0.5
1 7 0.5
0.5 7 0.5
0.5 6.5 1
1 6.5 1
1 7 1
0.5 7 1
1 6.5 0.5
1.5 6.5 0.5
1.5 7 0.5
1 7 0.5
1 6.5 1
1.5 6.5 1
1.5 7 1
1 7 1
1.5 6.5 0.5
2 6.5 0.5
2 7 0.5
1.5 7 0.5
1.5 6.5 1
2 6.5 1
2 7 1
1.5 7 1
2 6.5 0.5
2.5 6.5 0.5
2.5 7 0.5
2 7 0.5
2 6.5 1
2.5 6.5 1
2.5 7 1
2 7 1
2.5 6.5 0.5
3 6.5 0.5
3 7 0.5
2.5 7 0.5
2.5 6.5 1
3 6.5 1
3 7 1
2.5 7 1
3 6.5 0.5
3.5 6.5 0.5
3.5 7 0.5
3 7 0.5
3 6.5 1
3.5 6.5 1
3.5 7 1
3 7 1
3.5 6.5 0.5
4 6.5 0.5
4 7 0.5
3.5 7 0.5
3.5 6.5 1
4 6.5 1
4 7 1
3.5 7 1
4 6.5 0.5
4.5 6.5 0.5
4.5 7 0.5
4 7 0.5
4 6.5 1
4.5 6.5 1
4.5 7 1
4 7 1
4.5 6.5 0.5
5 6.5 0.5
5 7 0.5
4.5 7 0.5
4.5 6.5 1
5 6.5 1
5 7 1
4.5 7 1
5 6.5 0.5
5.5 6.5 0.5
5.5 7 0.5
5 7 0.5
5 6.5 1
5.5 6.5 1
5.5 7 1
5 7 1
5.5 6.5 0.5
6 6.5 0.5
6 7 0.5
5.5 7 0.5
5.5 6.5 1
6 6.5 1
6 7 1
5.5 7 1
6 6.5 0.5
6.5 6.5 0.5
6.5 7 0.5
6 7 0.5
6 6.5 1
6.5 6.5 1
6.5 7 1
6 7 1
6.5 6.5 0.5
7 6.5 0.5
7 7 0.5
6.5 7 0.5
6.5 6.5 1
7 6.5 1
7 7 1
6.5 7 1
7 6.5 0.5
7.5 6.5 0.5
7.5 7 0.5
7 7 0.5
7 6.5 1
7.5 6.5 1
7.5 7 1
7 7 1
7.5 6.5 0.5
8 6.5 0.5
8 7 0.5
7.5 7 0.5
7.5 6.5 1
8 6.5 1
8 7 1
7.5 7 1
8 6.5 0.5
8.5 6.5 0.5
8.5 7 0.5
8 7 0.5
8 6.5 1
8.5 6.5 1
8.5 7 1
8 7 1
8.5 6.5 0.5
9 6.5 0.5
9 7 0.5
8.5 7 0.5
8.5 6.5 1
9 6.5 1
9 7 1
8.5 7 1
9 6.5 0.5
9.5 6.5 0.5
9.5 7 0.5
9 7 0.5
9 6.5 1
9.5 6.5 1
9.5 7 1
9 7 1
9.5 6.5 0.5
10 6.5 0.5
10 7 0.5
9.5 7 0.5
9.5 6.5 1
10 6.5 1
10 7 1
9.5 7 1
0 7 0.5
0.5 7 0.5
0.5 7.5 0.5
0 7.5 0.5
0 7 1
0.5 7 1
0.5 7.5 1
0 7.5 1
0.5 7 0.5
1 7 0.5
1 7.5 0.5
0.5 7.5 0.5
0.5 7 1
1 7 1
1 7.5 1
0.5 7.5 1
1 7 0.5
1.5 7 0.5
1.5 7.5 0.5
1 7.5 0.5
1 7 1
1.5 7 1
1.5 7.5 1
1 7.5 1
1.5 7 0.5
2 7 0.5
2 7.5 0.5
1.5 7.5 0.5
1.5 7 1
2 7 1
2 7.5 1
1.5 7.5 1
2 7 0.5
2.5 7 0.5
2.5 7.5 0.5
2 7.5 0.5
2 7 1
2.5 7 1
2.5 7.5 1
2 7.5 1
2.5 7 0.5
3 7 0.5
3 7.5 0.5
2.5 7.5 0.5
2.5 7 1
3 7 1
3 7.5 1
2.5 7.5 1
3 7 0.5
3.5 7 0.5
3.5 7.5 0.5
3 7.5 0.5
3 7 1
3.5 7 1
3.5 7.5 1
3 7.5 1
3.5 7 0.5
4 7 0.5
4 7.5 0.5
3.5 7.5 0.5
3.5 7 1
4 7 1
4 7.5 1
3.5 7.5 1
4 7 0.5
4.5 7 0.5
4.5 7.5 0.5
4 7.5 0.5
4 7 1
4.5 7 1
4.5 7.5 1
4 7.5 1
4.5 7 0.5
5 7 0.5
5 7.5 0.5
4.5 7.5 0.5
4.5 7 1
5 7 1
5 7.5 1
4.5 7.5 1
5 7 0.5
5.5 7 0.5
5.5 7.5 0.5
5 7.5 0.5
5 7 1
5.5 7 1
5.5 7.5 1
5 7.5 1
5.5 7 0.5
6 7 0.5
6 7.5 0.5
5.5 7.5 0.5
5.5 7 1
6 7 1
6 7.5 1
5.5 7.5 1
6 7 0.5
6.5 7 0.5
6.5 7.5 0.5
6 7.5 0.5
6 7 1
6.5 7 1
6.5 7.5 1
6 7.5 1
6.5 7 0.5
7 7 0.5
7 7.5 0.5
6.5 7.5 0.5
6.5 7 1
7 7 1
7 7.5 1
6.5 7.5 1
7 7 0.5
7.5 7 0.5
7.5 7.5 0.5
7 7.5 0.5
7 7 1
7.5 7 1
7.5 7.5 1
7 7.5 1
7.5 7 0.5
8 7 0.5
8 7.5 0.5
7.5 7.5 0.5
7.5 7 1
8 7 1
8 7.5 1
7.5 7.5 1
8 7 0.5
8.5 7 0.5
8.5 7.5 0.5
8 7.5 0.5
8 7 1
8.5 7 1
8.5 7.5 1
8 7.5 1
8.5 7 0.5
9 7 0.5
9 7.5 0.5
8.5 7.5 0.5
8.5 7 1
9 7 1
9 7.5 1
8.5 7.5 1
9 7 0.5
9.5 7 0.5
9.5 7.5 0.5
9 7.5 0.5
9 7 1
9.5 7 1
9.5 7.5 1
9 7.5 1
9.5 7 0.5
10 7 0.5
10 7.5 0.5
9.5 7.5 0.5
9.5 7 1
10 7 1
10 7.5 1
9.5 7.5 1
0 7.5 0.5
0.5 7.5 0.5
0.5 8 0.5
0 8 0.5
0 7.5 1
0.5 7.5 1
0.5 8 1
0 8 1
0.5 7.5 0.5
1 7.5 0.5
1 8 0.5
0.5 8 0.5
0.5 7.5 1
1 7.5 1
1 8 1
0.5 8 1
1 7.5 0.5
1.5 7.5 0.5
1.5 8 0.5
1 8 0.5
1 7.5 1
1.5 7.5 1
1.5 8 1
1 8 1
1.5 7.5 0.5
2 7.5 0.5
2 8 0.5
1.5 8 0.5
1.5 7.5 1
2 7.5 1
2 8 1
1.5 8 1
2 7.5 0.5
2.5 7.5 0.5
2.5 8 0.5
2 8 0.5
2 7.5 1
2.5 7.5 1
2.5 8 1
2 8 1
2.5 7.5 0.5
3 7.5 0.5
3 8 0.5
2.5 8 0.5
2.5 7.5 1
3 7.5 1
3 8 1
2.5 8 1
3 7.5 0.5
3.5 7.5 0.5
3.5 8 0.5
3 8 0.5
3 7.5 1
3.5 7.5 1
3.5 8 1
3 8 1
3.5 7.5 0.5
4 7.5 0.5
4 8 0.5
3.5 8 0.5
3.5 7.5 1
4 7.5 1
4 8 1
3.5 8 1
4 7.5 0.5
4.5 7.5 0.5
4.5 8 0.5
4 8 0.5
4 7.5 1
4.5 7.5 1
4.5 8 1
4 8 1
4.5 7.5 0.5
5 7.5 0.5
5 8 0.5
4.5 8 0.5
4.5 7.5 1
5 7.5 1
5 8 1
4.5 8 1
5 7.5 0.5
5.5 7.5 0.5
5.5 8 0.5
5 8 0.5
5 7.5 1
5.5 7.5 1
5.5 8 1
5 8 1
5.5 7.5 0.5
6 7.5 0.5
6 8 0.5
5.5 8 0.5
5.5 7.5 1
6 7.5 1
6 8 1
5.5 8 1
6 7.5 0.5
6.5 7.5 0.5
6.5 8 0.5
6 8 0.5
6 7.5 1
6.5 7.5 1
6.5 8 1
6 8 1
6.5 7.5 0.5
7 7.5 0.5
7 8 0.5
6.5 8 0.5
6.5 7.5 1
7 7.5 1
7 8 1
6.5 8 1
7 7.5 0.5
7.5 7.5 0.5
7.5 8 0.5
7 8 0.5
7 7.5 1
7.5 7.5 1
7.5 8 1
7 8 1
7.5 7.5 0.5
8 7.5 0.5
8 8 0.5
7.5 8 0.5
7.5 7.5 1
8 7.5 1
8 8 1
7.5 8 1
8 7.5 0.5
8.5 7.5 0.5
8.5 8 0.5
8 8 0.5
8 7.5 1
8.5 7.5 1
8.5 8 1
8 8 1
8.5 7.5 0.5
9 7.5 0.5
9 8 0.5
8.5 8 0.5
8.5 7.5 1
9 7.5 1
9 8 1
8.5 8 1
9 7.5 0.5
9.5 7.5 0.5
9.5 8 0.5
9 8 0.5
9 7.5 1
9.5 7.5 1
9.5 8 1
9 8 1
9.5 7.5 0.5
10 7.5 0.5
10 8 0.5
9.5 8 0.5
9.5 7.5 1
10 7.5 1
10 8 1
9.5 8 1
0 8 0.5
0.5 8 0.5
0.5 8.5 0.5
0 8.5 0.5
0 8 1
0.5 8 1
0.5 8.5 1
0 8.5 1
0.5 8 0.5
1 8 0.5
1 8.5 0.5
0.5 8.5 0.5
0.5 8 1
1 8 1
1 8.5 1
0.5 8.5 1
1 8 0.5
1.5 8 0.5
1.5 8.5 0.5
1 8.5 0.5
1 8 1
1.5 8 1
1.5 8.5 1
1 8.5 1
1.5 8 0.5
2 8 0.5
2 8.5 0.5
1.5 8.5 0.5
1.5 8 1
2 8 1
2 8.5 1
1.5 8.5 1
2 8 0.5
2.5 8 0.5
2.5 8.5 0.5
2 8.5 0.5
2 8 1
2.5 8 1
2.5 8.5 1
2 8.5 1
2.5 8 0.5
3 8 0.5
3 8.5 0.5
2.5 8.5 0.5
2.5 8 1
3 8 1
3 8.5 1
2.5 8.5 1
3 8 0.5
3.5 8 0.5
3.5 8.5 0.5
3 8.5 0.5
3 8 1
3.5 8 1
3.5 8.5 1
3 8.5 1
3.5 8 0.5
4 8 0.5
4 8.5 0.5
3.5 8.5 0.5
3.5 8 1
4 8 1
4 8.5 1
3.5 8.5 1
4 8 0.5
4.5 8 0.5
4.5 8.5 0.5
4 8.5 0.5
4 8 1
4.5 8 1
4.5 8.5 1
4 8.5 1
4.5 8 0.5
5 8 0.5
5 8.5 0.5
4.5 8.5 0.5
4.5 8 1
5 8 1
5 8.5 1
4.5 8.5 1
5 8 0.5
5.5 8 0.5
5.5 8.5 0.5
5 8.5 0.5
5 8 1
5.5 8 1
5.5 8.5 1
5 8.5 1
5.5 8 0.5
6 8 0.5
6 8.5 0.5
5.5 8.5 0.5
5.5 8 1
6 8 1
6 8.5 1
5.5 8.5 1
6 8 0.5
6.5 8 0.5
6.5 8.5 0.5
6 8.5 0.5
6 8 1
6.5 8 1
6.5 8.5 1
6 8.5 1
6.5 8 0.5
7 8 0.5
7 8.5 0.5
6.5 8.5 0.5
6.5 8 1
7 8 1
7 8.5 1
6.5 8.5 1
7 8 0.5
7.5 8 0.5
7.5 8.5 0.5
7 8.5 0.5
7 8 1
7.5 8 1
7.5 8.5 1
7 8.5 1
7.5 8 0.5
8 8 0.5
8 8.5 0.5
7.5 8.5 0.5
7.5 8 1
8 8 1
8 8.5 1
7.5 8.5 1
8 8 0.5
8.5 8 0.5
8.5 8.5 0.5
8 8.5 0.5
8 8 1
8.5 8 1
8.5 8.5 1
8 8.5 1
8.5 8 0.5
9 8 0.5
9 8.5 0.5
8.5 8.5 0.5
8.5 8 1
9 8 1
9 8.5 1
8.5 8.5 1
9 8 0.5
9.5 8 0.5
9.5 8.5 0.5
9 8.5 0.5
9 8 1
9.5 8 1
9.5 8.5 1
9 8.5 1
9.5 8 0.5
10 8 0.5
10 8.5 0.5
9.5 8.5 0.5
9.5 8 1
10 8 1
10 8.5 1
9.5 8.5 1
0 8.5 0.5
0.5 8.5 0.5
0.5 9 0.5
0 9 0.5
0 8.5 1
0.5 8.5 1
0.5 9 1
0 9 1
0.5 8.5 0.5
1 8.5 0.5
1 9 0.5
0.5 9 0.5
0.5 8.5 1
1 8.5 1
1 9 1
0.5 9 1
1 8.5 0.5
1.5 8.5 0.5
1.5 9 0.5
1 9 0.5
1 8.5 1
1.5 8.5 1
1.5 9 1
1 9 1
1.5 8.5 0.5
2 8.5 0.5
2 9 0.5
1.5 9 0.5
1.5 8.5 1
2 8.5 1
2 9 1
1.5 9 1
2 8.5 0.5
2.5 8.5 0.5
2.5 9 0.5
2 9 0.5
2 8.5 1
2.5 8.5 1
2.5 9 1
2 9 1
2.5 8.5 0.5
3 8.5 0.5
3 9 0.5
2.5 9 0.5
2.5 8.5 1
3 8.5 1
3 9 1
2.5 9 1
3 8.5 0.5
3.5 8.5 0.5
3.5 9 0.5
3 9 0.5
3 8.5 1
3.5 8.5 1
3.5 9 1
3 9 1
3.5 8.5 0.5
4 8.5 0.5
4 9 0.5
3.5 9 0.5
3.5 8.5 1
4 8.5 1
4 9 1
3.5 9 1
4 8.5 0.5
4.5 8.5 0.5
4.5 9 0.5
4 9 0.5
4 8.5 1
4.5 8.5 1
4.5 9 1
4 9 1
4.5 8.5 0.5
5 8.5 0.5
5 9 0.5
4.5 9 0.5
4.5 8.5 1
5 8.5 1
5 9 1
4.5 9 1
5 8.5 0.5
5.5 8.5 0.5
5.5 9 0.5
5 9 0.5
5 8.5 1
5.5 8.5 1
5.5 9 1
5 9 1
5.5 8.5 0.5
6 8.5 0.5
6 9 0.5
5.5 9 0.5
5.5 8.5 1
6 8.5 1
6 9 1
5.5 9 1
6 8.5 0.5
6.5 8.5 0.5
6.5 9 0.5
6 9 0.5
6 8.5 1
6.5 8.5 1
6.5 9 1
6 9 1
6.5 8.5 0.5
7 8.5 0.5
7 9 0.5
6.5 9 0.5
6.5 8.5 1
7 8.5 1
7 9 1
6.5 9 1
7 8.5 0.5
7.5 8.5 0.5
7.5 9 0.5
7 9 0.5
7 8.5 1
7.5 8.5 1
7.5 9 1
7 9 1
7.5 8.5 0.5
8 8.5 0.5
8 9 0.5
7.5 9 0.5
7.5 8.5 1
8 8.5 1
8 9 1
7.5 9 1
8 8.5 0.5
8.5 8.5 0.5
8.5 9 0.5
8 9 0.5
8 8.5 1
8.5 8.5 1
8.5 9 1
8 9 1
8.5 8.5 0.5
9 8.5 0.5
9 9 0.5
8.5 9 0.5
8.5 8.5 1
9 8.5 1
9 9 1
8.5 9 1
9 8.5 0.5
9.5 8.5 0.5
9.5 9 0.5
9 9 0.5
9 8.5 1
9.5 8.5 1
9.5 9 1
9 9 1
9.5 8.5 0.5
10 8.5 0.5
10 9 0.5
9.5 9 0.5
9.5 8.5 1
10 8.5 1
10 9 1
9.5 9 1
0 9 0.5
0.5 9 0.5
0.5 9.5 0.5
0 9.5 0.5
0 9 1
0.5 9 1
0.5 9.5 1
0 9.5 1
0.5 9 0.5
1 9 0.5
1 9.5 0.5
0.5 9.5 0.5
0.5 9 1
1 9 1
1 9.5 1
0.5 9.5 1
1 9 0.5
1.5 9 0.5
1.5 9.5 0.5
1 9.5 0.5
1 9 1
1.5 9 1
1.5 9.5 1
1 9.5 1
1.5 9 0.5
2 9 0.5
2 9.5 0.5
1.5 9.5 0.5
1.5 9 1
2 9 1
2 9.5 1
1.5 9.5 1
2 9 0.5
2.5 9 0.5
2.5 9.5 0.5
2 9.5 0.5
2 9 1
2.5 9 1
2.5 9.5 1
2 9.5 1
2.5 9 0.5
3 9 0.5
3 9.5 0.5
2.5 9.5 0.5
2.5 9 1
3 9 1
3 9.5 1
2.5 9.5 1
3 9 0.5
3.5 9 0.5
3.5 9.5 0.5
3 9.5 0.5
3 9 1
3.5 9 1
3.5 9.5 1
3 9.5 1
3.5 9 0.5
4 9 0.5
4 9.5 0.5
3.5 9.5 0.5
3.5 9 1
4 9 1
4 9.5 1
3.5 9.5 1
4 9 0.5
4.5 9 0.5
4.5 9.5 0.5
4 9.5 0.5
4 9 1
4.5 9 1
4.5 9.5 1
4 9.5 1
4.5 9 0.5
5 9 0.5
5 9.5 0.5
4.5 9.5 0.5
4.5 9 1
5 9 1
5 9.5 1
4.5 9.5 1
5 9 0.5
5.5 9 0.5
5.5 9.5 0.5
5 9.5 0.5
5 9 1
5.5 9 1
5.5 9.5 1
5 9.5 1
5.5 9 0.5
6 9 0.5
6 9.5 0.5
5.5 9.5 0.5
5.5 9 1
6 9 1
6 9.5 1
5.5 9.5 1
6 9 0.5
6.5 9 0.5
6.5 9.5 0.5
6 9.5 0.5
6 9 1
6.5 9 1
6.5 9.5 1
6 9.5 1
6.5 9 0.5
7 9 0.5
7 9.5 0.5
6.5 9.5 0.5
6.5 9 1
7 9 1
7 9.5 1
6.5 9.5 1
7 9 0.5
7.5 9 0.5
7.5 9.5 0.5
7 9.5 0.5
7 9 1
7.5 9 1
7.5 9.5 1
7 9.5 1
7.5 9 0.5
8 9 0.5
8 9.5 0.5
7.5 9.5 0.5
7.5 9 1
8 9 1
8 9.5 1
7.5 9.5 1
8 9 0.5
8.5 9 0.5
8.5 9.5 0.5
8 9.5 0.5
8 9 1
8.5 9 1
8.5 9.5 1
8 9.5 1
8.5 9 0.5
9 9 0.5
9 9.5 0.5
8.5 9.5 0.5
8.5 9 1
9 9 1
9 9.5 1
8.5 9.5 1
9 9 0.5
9.5 9 0.5
9.5 9.5 0.5
9 9.5 0.5
9 9 1
9.5 9 1
9.5 9.5 1
9 9.5 1
9.5 9 0.5
10 9 0.5
10 9.5 0.5
9.5 9.5 0.5
9.5 9 1
10 9 1
10 9.5 1
9.5 9.5 1
0 9.5 0.5
0.5 9.5 0.5
0.5 10 0.5
0 10 0.5
0 9.5 1
0.5 9.5 1
0.5 10 1
0 10 1
0.5 9.5 0.5
1 9.5 0.5
1 10 0.5
0.5 10 0.5
0.5 9.5 1
1 9.5 1
1 10 1
0.5 10 1
1 9.5 0.5
1.5 9.5 0.5
1.5 10 0.5
1 10 0.5
1 9.5 1
1.5 9.5 1
1.5 10 1
1 10 1
1.5 9.5 0.5
2 9.5 0.5
2 10 0.5
1.5 10 0.5
1.5 9.5 1
2 9.5 1
2 10 1
1.5 10 1
2 9.5 0.5
2.5 9.5 0.5
2.5 10 0.5
2 10 0.5
2 9.5 1
2.5 9.5 1
2.5 10 1
2 10 1
2.5 9.5 0.5
3 9.5 0.5
3 10 0.5
2.5 10 0.5
2.5 9.5 1
3 9.5 1
3 10 1
2.5 10 1
3 9.5 0.5
3.5 9.5 0.5
3.5 10 0.5
3 10 0.5
3 9.5 1
3.5 9.5 1
3.5 10 1
3 10 1
3.5 9.5 0.5
4 9.5 0.5
4 10 0.5
3.5 10 0.5
3.5 9.5 1
4 9.5 1
4 10 1
3.5 10 1
4 9.5 0.5
4.5 9.5 0.5
4.5 10 0.5
4 10 0.5
4 9.5 1
4.5 9.5 1
4.5 10 1
4 10 1
4.5 9.5 0.5
5 9.5 0.5
5 10 0.5
4.5 10 0.5
4.5 9.5 1
5 9.5 1
5 10 1
4.5 10 1
5 9.5 0.5
5.5 9.5 0.5
5.5 10 0.5
5 10 0.5
5 9.5 1
5.5 9.5 1
5.5 10 1
5 10 1
5.5 9.5 0.5
6 9.5 0.5
6 10 0.5
5.5 10 0.5
5.5 9.5 1
6 9.5 1
6 10 1
5.5 10 1
6 9.5 0.5
6.5 9.5 0.5
6.5 10 0.5
6 10 0.5
6 9.5 1
6.5 9.5 1
6.5 10 1
6 10 1
6.5 9.5 0.5
7 9.5 0.5
7 10 0.5
6.5 10 0.5
6.5 9.5 1
7 9.5 1
7 10 1
6.5 10 1
7 9.5 0.5
7.5 9.5 0.5
7.5 10 0.5
7 10 0.5
7 9.5 1
7.5 9.5 1
7.5 10 1
7 10 1
7.5 9.5 0.5
8 9.5 0.5
8 10 0.5
7.5 10 0.5
7.5 9.5 1
8 9.5 1
8 10 1
7.5 10 1
8 9.5 0.5
8.5 9.5 0.5
8.5 10 0.5
8 10 0.5
8 9.5 1
8.5 9.5 1
8.5 10 1
8 10 1
8.5 9.5 0.5
9 9.5 0.5
9 10 0.5
8.5 10 0.5
8.5 9.5 1
9 9.5 1
9 10 1
8.5 10 1
9 9.5 0.5
9.5 9.5 0.5
9.5 10 0.5
9 10 0.5
9 9.5 1
9.5 9.5 1
9.5 10 1
9 10 1
9.5 9.5 0.5
10 9.5 0.5
10 10 0.5
9.5 10 0.5
9.5 9.5 1
10 9.5 1
10 10 1
9.5 10 1
0 0 1
0.5 0 1
0.5 0.5 1
0 0.5 1
0 0 1.5
0.5 0 1.5
0.5 0.5 1.5
0 0.5 1.5
0.5 0 1
1 0 1
1 0.5 1
0.5 0.5 1
0.5 0 1.5
1 0 1.5
1 0.5 1.5
0.5 0.5 1.5
1 0 1
1.5 0 1
1.5 0.5 1
1 0.5 1
1 0 1.5
1.5 0 1.5
1.5 0.5 1.5
1 0.5 1.5
1.5 0 1
2 0 1
2 0.5 1
1.5 0.5 1
1.5 0 1.5
2 0 1.5
2 0.5 1.5
1.5 0.5 1.5
2 0 1
2.5 0 1
2.5 0.5 1
2 0.5 1
2 0 1.5
2.5 0 1.5
2.5 0.5 1.5
2 0.5 1.5
2.5 0 1
3 0 1
3 0.5 1
2.5 0.5 1
2.5 0 1.5
3 0 1.5
3 0.5 1.5
2.5 0.5 1.5
3 0 1
3.5 0 1
3.5 0.5 1
3 0.5 1
3 0 1.5
3.5 0 1.5
3.5 0.5 1.5
3 0.5 1.5
3.5 0 1
4 0 1
4 0.5 1
3.5 0.5 1
3.5 0 1.5
4 0 1.5
4 0.5 1.5
3.5 0.5 1.5
4 0 1
4.5 0 1
4.5 0.5 1
4 0.5 1
4 0 1.5
4.5 0 1.5
4.5 0.5 1.5
4 0.5 1.5
4.5 0 1
5 0 1
5 0.5 1
4.5 0.5 1
4.5 0 1.5
5 0 1.5
5 0.5 1.5
4.5 0.5 1.5
5 0 1
5.5 0 1
5.5 0.5 1
5 0.5 1
5 0 1.5
5.5 0 1.5
5.5 0.5 1.5
5 0.5 1.5
5.5 0 1
6 0 1
6 0.5 1
5.5 0.5 1
5.5 0 1.5
6 0 1.5
6 0.5 1.5
5.5 0.5 1.5
6 0 1
6.5 0 1
6.5 0.5 1
6 0.5 1
6 0 1.5
6.5 0 1.5
6.5 0.5 1.5
6 0.5 1.5
6.5 0 1
7 0 1
7 0.5 1
6.5 0.5 1
6.5 0 1.5
7 0 1.5
7 0.5 1.5
6.5 0.5 1.5
7 0 1
7.5 0 1
7.5 0.5 1
7 0.5 1
7 0 1.5
7.5 0 1.5
7.5 0.5 1.5
7 0.5 1.5
7.5 0 1
8 0 1
8 0.5 1
7.5 0.5 1
7.5 0 1.5
8 0 1.5
8 0.5 1.5
7.5 0.5 1.5
8 0 1
8.5 0 1
8.5 0.5 1
8 0.5 1
8 0 1.5
8.5 0 1.5
8.5 0.5 1.5
8 0.5 1.5
8.5 0 1
9 0 1
9 0.5 1
8.5 0.5 1
8.5 0 1.5
9 0 1.5
9 0.5 1.5
8.5 0.5 1.5
9 0 1
9.5 0 1
9.5 0.5 1
9 0.5 1
9 0 1.5
9.5 0 1.5
9.5 0.5 1.5
9 0.5 1.5
9.5 0 1
10 0 1
10 0.5 1
9.5 0.5 1
9.5 0 1.5
10 0 1.5
10 0.5 1.5
9.5 0.5 1.5
0 0.5 1
0.5 0.5 1
0.5 1 1
0 1 1
0 0.5 1.5
0.5 0.5 1.5
0.5 1 1.5
0 1 1.5
0.5 0.5 1
1 0.5 1
1 1 1
0.5 1 1
0.5 0.5 1.5
1 0.5 1.5
1 1 1.5
0.5 1 1.5
1 0.5 1
1.5 0.5 1
1.5 1 1
1 1 1
1 0.5 1.5
1.5 0.5 1.5
1.5 1 1.5
1 1 1.5
1.5 0.5 1
2 0.5 1
2 1 1
1.5 1 1
1.5 0.5 1.5
2 0.5 1.5
2 1 1.5
1.5 1 1.5
2 0.5 1
2.5 0.5 1
2.5 1 1
2 1 1
2 0.5 1.5
2.5 0.5 1.5
2.5 1 1.5
2 1 1.5
2.5 0.5 1
3 0.5 1
3 1 1
2.5 1 1
2.5 0.5 1.5
3 0.5 1.5
3 1 1.5
2.5 1 1.5
3 0.5 1
3.5 0.5 1
3.5 1 1
3 1 1
3 0.5 1.5
3.5 0.5 1.5
3.5 1 1.5
3 1 1.5
3.5 0.5 1
4 0.5 1
4 1 1
3.5 1 1
3.5 0.5 1.5
4 0.5 1.5
4 1 1.5
3.5 1 1.5
4 0.5 1
4.5 0.5 1
4.5 1 1
4 1 1
4 0.5 1.5
4.5 0.5 1.5
4.5 1 1.5
4 1 1.5
4.5 0.5 1
5 0.5 1
5 1 1
4.5 1 1
4.5 0.5 1.5
5 0.5 1.5
5 1 1.5
4.5 1 1.5
5 0.5 1
5.5 0.5 1
5.5 1 1
5 1 1
5 0.5 1.5
5.5 0.5 1.5
5.5 1 1.5
5 1 1.5
5.5 0.5 1
6 0.5 1
6 1 1
5.5 1 1
5.5 0.5 1.5
6 0.5 1.5
6 1 1.5
5.5 1 1.5
6 0.5 1
6.5 0.5 1
6.5 1 1
6 1 1
6 0.5 1.5
6.5 0.5 1.5
6.5 1 1.5
6 1 1.5
6.5 0.5 1
7 0.5 1
7 1 1
6.5 1 1
6.5 0.5 1.5
7 0.5 1.5
7 1 1.5
6.5 1 1.5
7 0.5 1
7.5 0.5 1
7.5 1 1
7 1 1
7 0.5 1.5
7.5 0.5 1.5
7.5 1 1.5
7 1 1.5
7.5 0.5 1
8 0.5 1
8 1 1
7.5 1 1
7.5 0.5 1.5
8 0.5 1.5
8 1 1.5
7.5 1 1.5
8 0.5 1
8.5 0.5 1
8.5 1 1
8 1 1
8 0.5 1.5
8.5 0.5 1.5
8.5 1 1.5
8 1 1.5
8.5 0.5 1
9 0.5 1
9 1 1
8.5 1 1
8.5 0.5 1.5
9 0.5 1.5
9 1 1.5
8.5 1 1.5
9 0.5 1
9.5 0.5 1
9.5 1 1
9 1 1
9 0.5 1.5
9.5 0.5 1.5
9.5 1 1.5
9 1 1.5
9.5 0.5 1
10 0.5 1
10 1 1
9.5 1 1
9.5 0.5 1.5
10 0.5 1.5
10 1 1.5
9.5 1 1.5
0 1 1
0.5 1 1
0.5 1.5 1
0 1.5 1
0 1 1.5
0.5 1 1.5
0.5 1.5 1.5
0 1.5 1.5
0.5 1 1
1 1 1
1 1.5 1
0.5 1.5 1
0.5 1 1.5
1 1 1.5
1 1.5 1.5
0.5 1.5 1.5
1 1 1
1.5 1 1
1.5 1.5 1
1 1.5 1
1 1 1.5
1.5 1 1.5
1.5 1.5 1.5
1 1.5 1.5
1.5 1 1
2 1 1
2 1.5 1
1.5 1.5 1
1.5 1 1.5
2 1 1.5
2 1.5 1.5
1.5 1.5 1.5
2 1 1
2.5 1 1
2.5 1.5 1
2 1.5 1
2 1 1.5
2.5 1 1.5
2.5 1.5 1.5
2 1.5 1.5
2.5 1 1
3 1 1
3 1.5 1
2.5 1.5 1
2.5 1 1.5
3 1 1.5
3 1.5 1.5
2.5 1.5 1.5
3 1 1
3.5 1 1
3.5 1.5 1
3 1.5 1
3 1 1.5
3.5 1 1.5
3.5 1.5 1.5
3 1.5 1.5
3.5 1 1
4 1 1
4 1.5 1
3.5 1.5 1
3.5 1 1.5
4 1 1.5
4 1.5 1.5
3.5 1.5 1.5
4 1 1
4.5 1 1
4.5 1.5 1
4 1.5 1
4 1 1.5
4.5 1 1.5
4.5 1.5 1.5
4 1.5 1.5
4.5 1 1
5 1 1
5 1.5 1
4.5 1.5 1
4.5 1 1.5
5 1 1.5
5 1.5 1.5
4.5 1.5 1.5
5 1 1
5.5 1 1
5.5 1.5 1
5 1.5 1
5 1 1.5
5.5 1 1.5
5.5 1.5 1.5
5 1.5 1.5
5.5 1 1
6 1 1
6 1.5 1
5.5 1.5 1
5.5 1 1.5
6 1 1.5
6 1.5 1.5
5.5 1.5 1.5
6 1 1
6.5 1 1
6.5 1.5 1
6 1.5 1
6 1 1.5
6.5 1 1.5
6.5 1.5 1.5
6 1.5 1.5
6.5 1 1
7 1 1
7 1.5 1
6.5 1.5 1
6.5 1 1.5
7 1 1.5
7 1.5 1.5
6.5 1.5 1.5
7 1 1
7.5 1 1
7.5 1.5 1
7 1.5 1
7 1 1.5
7.5 1 1.5
7.5 1.5 1.5
7 1.5 1.5
7.5 1 1
8 1 1
8 1.5 1
7.5 1.5 1
7.5 1 1.5
8 1 1.5
8 1.5 1.5
7.5 1.5 1.5
8 1 1
8.5 1 1
8.5 1.5 1
8 1.5 1
8 1 1.5
8.5 1 1.5
8.5 1.5 1.5
8 1.5 1.5
8.5 1 1
9 1 1
9 1.5 1
8.5 1.5 1
8.5 1 1.5
9 1 1.5
9 1.5 1.5
8.5 1.5 1.5
9 1 1
9.5 1 1
9.5 1.5 1
9 1.5 1
9 1 1.5
9.5 1 1.5
9.5 1.5 1.5
9 1.5 1.5
9.5 1 1
10 1 1
10 1.5 1
9.5 1.5 1
9.5 1 1.5
10 1 1.5
10 1.5 1.5
9.5 1.5 1.5
0 1.5 1
0.5 1.5 1
0.5 2 1
0 2 1
0 1.5 1.5
0.5 1.5 1.5
0.5 2 1.5
0 2 1.5
0.5 1.5 1
1 1.5 1
1 2 1
0.5 2 1
0.5 1.5 1.5
1 1.5 1.5
1 2 1.5
0.5 2 1.5
1 1.5 1
1.5 1.5 1
1.5 2 1
1 2 1
1 1.5 1.5
1.5 1.5 1.5
1.5 2 1.5
1 2 1.5
1.5 1.5 1
2 1.5 1
2 2 1
1.5 2 1
1.5 1.5 1.5
2 1.5 1.5
2 2 1.5
1.5 2 1.5
2 1.5 1
2.5 1.5 1
2.5 2 1
2 2 1
2 1.5 1.5
2.5 1.5 1.5
2.5 2 1.5
2 2 1.5
2.5 1.5 1
3 1.5 1
3 2 1
2.5 2 1
2.5 1.5 1.5
3 1.5 1.5
3 2 1.5
2.5 2 1.5
3 1.5 1
3.5 1.5 1
3.5 2 1
3 2 1
3 1.5 1.5
3.5 1.5 1.5
3.5 2 1.5
3 2 1.5
3.5 1.5 1
4 1.5 1
4 2 1
3.5 2 1
3.5 1.5 1.5
4 1.5 1.5
4 2 1.5
3.5 2 1.5
4 1.5 1
4.5 1.5 1
4.5 2 1
4 2 1
4 1.5 1.5
4.5 1.5 1.5
4.5 2 1.5
4 2 1.5
4.5 1.5 1
5 1.5 1
5 2 1
4.5 2 1
4.5 1.5 1.5
5 1.5 1.5
5 2 1.5
4.5 2 1.5
5 1.5 1
5.5 1.5 1
5.5 2 1
5 2 1
5 1.5 1.5
5.5 1.5 1.5
5.5 2 1.5
5 2 1.5
5.5 1.5 1
6 1.5 1
6 2 1
5.5 2 1
5.5 1.5 1.5
6 1.5 1.5
6 2 1.5
5.5 2 1.5
6 1.5 1
6.5 1.5 1
6.5 2 1
6 2 1
6 1.5 1.5
6.5 1.5 1.5
6.5 2 1.5
6 2 1.5
6.5 1.5 1
7 1.5 1
7 2 1
6.5 2 1
6.5 1.5 1.5
7 1.5 1.5
7 2 1.5
6.5 2 1.5
7 1.5 1
7.5 1.5 1
7.5 2 1
7 2 1
7 1.5 1.5
7.5 1.5 1.5
7.5 2 1.5
7 2 1.5
7.5 1.5 1
8 1.5 1
8 2 1
7.5 2 1
7.5 1.5 1.5
8 1.5 1.5
8 2 1.5
7.5 2 1.5
8 1.5 1
8.5 1.5 1
8.5 2 1
8 2 1
8 1.5 1.5
8.5 1.5 1.5
8.5 2 1.5
8 2 1.5
8.5 1.5 1
9 1.5 1
9 2 1
8.5 2 1
8.5 1.5 1.5
9 1.5 1.5
9 2 1.5
8.5 2 1.5
9 1.5 1
9.5 1.5 1
9.5 2 1
9 2 1
9 1.5 1.5
9.5 1.5 1.5
9.5 2 1.5
9 2 1.5
9.5 1.5 1
10 1.5 1
10 2 1
9.5 2 1
9.5 1.5 1.5
10 1.5 1.5
10 2 1.5
9.5 2 1.5
0 2 1
0.5 2 1
0.5 2.5 1
0 2.5 1
0 2 1.5
0.5 2 1.5
0.5 2.5 1.5
0 2.5 1.5
0.5 2 1
1 2 1
1 2.5 1
0.5 2.5 1
0.5 2 1.5
1 2 1.5
1 2.5 1.5
0.5 2.5 1.5
1 2 1
1.5 2 1
1.5 2.5 1
1 2.5 1
1 2 1.5
1.5 2 1.5
1.5 2.5 1.5
1 2.5 1.5
1.5 2 1
2 2 1
2 2.5 1
1.5 2.5 1
1.5 2 1.5
2 2 1.5
2 2.5 1.5
1.5 2.5 1.5
2 2 1
2.5 2 1
2.5 2.5 1
2 2.5 1
2 2 1.5
2.5 2 1.5
2.5 2.5 1.5
2 2.5 1.5
2.5 2 1
3 2 1
3 2.5 1
2.5 2.5 1
2.5 2 1.5
3 2 1.5
3 2.5 1.5
2.5 2.5 1.5
3 2 1
3.5 2 1
3.5 2.5 1
3 2.5 1
3 2 1.5
3.5 2 1.5
3.5 2.5 1.5
3 2.5 1.5
3.5 2 1
4 2 1
4 2.5 1
3.5 2.5 1
3.5 2 1.5
4 2 1.5
4 2.5 1.5
3.5 2.5 1.5
4 2 1
4.5 2 1
4.5 2.5 1
4 2.5 1
4 2 1.5
4.5 2 1.5
4.5 2.5 1.5
4 2.5 1.5
4.5 2 1
5 2 1
5 2.5 1
4.5 2.5 1
4.5 2 1.5
5 2 1.5
5 2.5 1.5
4.5 2.5 1.5
5 2 1
5.5 2 1
5.5 2.5 1
5 2.5 1
5 2 1.5
5.5 2 1.5
5.5 2.5 1.5
5 2.5 1.5
5.5 2 1
6 2 1
6 2.5 1
5.5 2.5 1
5.5 2 1.5
6 2 1.5
6 2.5 1.5
5.5 2.5 1.5
6 2 1
6.5 2 1
6.5 2.5 1
6 2.5 1
6 2 1.5
6.5 2 1.5
6.5 2.5 1.5
6 2.5 1.5
6.5 2 1
7 2 1
7 2.5 1
6.5 2.5 1
6.5 2 1.5
7 2 1.5
7 2.5 1.5
6.5 2.5 1.5
7 2 1
7.5 2 1
7.5 2.5 1
7 2.5 1
7 2 1.5
7.5 2 1.5
7.5 2.5 1.5
7 2.5 1.5
7.5 2 1
8 2 1
8 2.5 1
7.5 2.5 1
7.5 2 1.5
8 2 1.5
8 2.5 1.5
7.5 2.5 1.5
8 2 1
8.5 2 1
8.5 2.5 1
8 2.5 1
8 2 1.5
8.5 2 1.5
8.5 2.5 1.5
8 2.5 1.5
8.5 2 1
9 2 1
9 2.5 1
8.5 2.5 1
8.5 2 1.5
9 2 1.5
9 2.5 1.5
8.5 2.5 1.5
9 2 1
9.5 2 1
9.5 2.5 1
9 2.5 1
9 2 1.5
9.5 2 1.5
9.5 2.5 1.5
9 2.5 1.5
9.5 2 1
10 2 1
10 2.5 1
9.5 2.5 1
9.5 2 1.5
10 2 1.5
10 2.5 1.5
9.5 2.5 1.5
0 2.5 1
0.5 2.5 1
0.5 3 1
0 3 1
0 2.5 1.5
0.5 2.5 1.5
0.5 3 1.5
0 3 1.5
0.5 2.5 1
1 2.5 1
1 3 1
0.5 3 1
0.5 2.5 1.5
1 2.5 1.5
1 3 1.5
0.5 3 1.5
1 2.5 1
1.5 2.5 1
1.5 3 1
1 3 1
1 2.5 1.5
1.5 2.5 1.5
1.5 3 1.5
1 3 1.5
1.5 2.5 1
2 2.5 1
2 3 1
1.5 3 1
1.5 2.5 1.5
2 2.5 1.5
2 3 1.5
1.5 3 1.5
2 2.5 1
2.5 2.5 1
2.5 3 1
2 3 1
2 2.5 1.5
2.5 2.5 1.5
2.5 3 1.5
2 3 1.5
2.5 2.5 1
3 2.5 1
3 3 1
2.5 3 1
2.5 2.5 1.5
3 2.5 1.5
3 3 1.5
2.5 3 1.5
3 2.5 1
3.5 2.5 1
3.5 3 1
3 3 1
3 2.5 1.5
3.5 2.5 1.5
3.5 3 1.5
3 3 1.5
3.5 2.5 1
4 2.5 1
4 3 1
3.5 3 1
3.5 2.5 1.5
4 2.5 1.5
4 3 1.5
3.5 3 1.5
4 2.5 1
4.5 2.5 1
4.5 3 1
4 3 1
4 2.5 1.5
4.5 2.5 1.5
4.5 3 1.5
4 3 1.5
4.5 2.5 1
5 2.5 1
5 3 1
4.5 3 1
4.5 2.5 1.5
5 2.5 1.5
5 3 1.5
4.5 3 1.5
5 2.5 1
5.5 2.5 1
5.5 3 1
5 3 1
5 2.5 1.5
5.5 2.5 1.5
5.5 3 1.5
5 3 1.5
5.5 2.5 1
6 2.5 1
6 3 1
5.5 3 1
5.5 2.5 1.5
6 2.5 1.5
6 3 1.5
5.5 3 1.5
6 2.5 1
6.5 2.5 1
6.5 3 1
6 3 1
6 2.5 1.5
6.5 2.5 1.5
6.5 3 1.5
6 3 1.5
6.5 2.5 1
7 2.5 1
7 3 1
6.5 3 1
6.5 2.5 1.5
7 2.5 1.5
7 3 1.5
6.5 3 1.5
7 2.5 1
7.5 2.5 1
7.5 3 1
7 3 1
7 2.5 1.5
7.5 2.5 1.5
7.5 3 1.5
7 3 1.5
7.5 2.5 1
8 2.5 1
8 3 1
7.5 3 1
7.5 2.5 1.5
8 2.5 1.5
8 3 1.5
7.5 3 1.5
8 2.5 1
8.5 2.5 1
8.5 3 1
8 3 1
8 2.5 1.5
8.5 2.5 1.5
8.5 3 1.5
8 3 1.5
8.5 2.5 1
9 2.5 1
9 3 1
8.5 3 1
8.5 2.5 1.5
9 2.5 1.5
9 3 1.5
8.5 3 1.5
9 2.5 1
9.5 2.5 1
9.5 3 1
9 3 1
9 2.5 1.5
9.5 2.5 1.5
9.5 3 1.5
9 3 1.5
9.5 2.5 1
10 2.5 1
10 3 1
9.5 3 1
9.5 2.5 1.5
10 2.5 1.5
10 3 1.5
9.5 3 1.5
0 3 1
0.5 3 1
0.5 3.5 1
0 3.5 1
0 3 1.5
0.5 3 1.5
0.5 3.5 1.5
0 3.5 1.5
0.5 3 1
1 3 1
1 3.5 1
0.5 3.5 1
0.5 3 1.5
1 3 1.5
1 3.5 1.5
0.5 3.5 1.5
1 3 1
1.5 3 1
1.5 3.5 1
1 3.5 1
1 3 1.5
1.5 3 1.5
1.5 3.5 1.5
1 3.5 1.5
1.5 3 1
2 3 1
2 3.5 1
1.5 3.5 1
1.5 3 1.5
2 3 1.5
2 3.5 1.5
1.5 3.5 1.5
2 3 1
2.5 3 1
2.5 3.5 1
2 3.5 1
2 3 1.5
2.5 3 1.5
2.5 3.5 1.5
2 3.5 1.5
2.5 3 1
3 3 1
3 3.5 1
2.5 3.5 1
2.5 3 1.5
3 3 1.5
3 3.5 1.5
2.5 3.5 1.5
3 3 1
3.5 3 1
3.5 3.5 1
3 3.5 1
3 3 1.5
3.5 3 1.5
3.5 3.5 1.5
3 3.5 1.5
3.5 3 1
4 3 1
4 3.5 1
3.5 3.5 1
3.5 3 1.5
4 3 1.5
4 3.5 1.5
3.5 3.5 1.5
4 3 1
4.5 3 1
4.5 3.5 1
4 3.5 1
4 3 1.5
4.5 3 1.5
4.5 3.5 1.5
4 3.5 1.5
4.5 3 1
5 3 1
5 3.5 1
4.5 3.5 1
4.5 3 1.5
5 3 1.5
5 3.5 1.5
4.5 3.5 1.5
5 3 1
5.5 3 1
5.5 3.5 1
5 3.5 1
5 3 1.5
5.5 3 1.5
5.5 3.5 1.5
5 3.5 1.5
5.5 3 1
6 3 1
6 3.5 1
5.5 3.5 1
5.5 3 1.5
6 3 1.5
6 3.5 1.5
5.5 3.5 1.5
6 3 1
6.5 3 1
6.5 3.5 1
6 3.5 1
6 3 1.5
6.5 3 1.5
6.5 3.5 1.5
6 3.5 1.5
6.5 3 1
7 3 1
7 3.5 1
6.5 3.5 1
6.5 3 1.5
7 3 1.5
7 3.5 1.5
6.5 3.5 1.5
7 3 1
7.5 3 1
7.5 3.5 1
7 3.5 1
7 3 1.5
7.5 3 1.5
7.5 3.5 1.5
7 3.5 1.5
7.5 3 1
8 3 1
8 3.5 1
7.5 3.5 1
7.5 3 1.5
8 3 1.5
8 3.5 1.5
7.5 3.5 1.5
8 3 1
8.5 3 1
8.5 3.5 1
8 3.5 1
8 3 1.5
8.5 3 1.5
8.5 3.5 1.5
8 3.5 1.5
8.5 3 1
9 3 1
9 3.5 1
8.5 3.5 1
8.5 3 1.5
9 3 1.5
9 3.5 1.5
8.5 3.5 1.5
9 3 1
9.5 3 1
9.5 3.5 1
9 3.5 1
9 3 1.5
9.5 3 1.5
9.5 3.5 1.5
9 3.5 1.5
9.5 3 1
10 3 1
10 3.5 1
9.5 3.5 1
9.5 3 1.5
10 3 1.5
10 3.5 1.5
9.5 3.5 1.5
0 3.5 1
0.5 3.5 1
0.5 4 1
0 4 1
0 3.5 1.5
0.5 3.5 1.5
0.5 4 1.5
0 4 1.5
0.5 3.5 1
1 3.5 1
1 4 1
0.5 4 1
0.5 3.5 1.5
1 3.5 1.5
1 4 1.5
0.5 4 1.5
1 3.5 1
1.5 3.5 1
1.5 4 1
1 4 1
1 3.5 1.5
1.5 3.5 1.5
1.5 4 1.5
1 4 1.5
1.5 3.5 1
2 3.5 1
2 4 1
1.5 4 1
1.5 3.5 1.5
2 3.5 1.5
2 4 1.5
1.5 4 1.5
2 3.5 1
2.5 3.5 1
2.5 4 1
2 4 1
2 3.5 1.5
2.5 3.5 1.5
2.5 4 1.5
2 4 1.5
2.5 3.5 1
3 3.5 1
3 4 1
2.5 4 1
2.5 3.5 1.5
3 3.5 1.5
3 4 1.5
2.5 4 1.5
3 3.5 1
3.5 3.5 1
3.5 4 1
3 4 1
3 3.5 1.5
3.5 3.5 1.5
3.5 4 1.5
3 4 1.5
3.5 3.5 1
4 3.5 1
4 4 1
3.5 4 1
3.5 3.5 1.5
4 3.5 1.5
4 4 1.5
3.5 4 1.5
4 3.5 1
4.5 3.5 1
4.5 4 1
4 4 1
4 3.5 1.5
4.5 3.5 1.5
4.5 4 1.5
4 4 1.5
4.5 3.5 1
5 3.5 1
5 4 1
4.5 4 1
4.5 3.5 1.5
5 3.5 1.5
5 4 1.5
4.5 4 1.5
5 3.5 1
5.5 3.5 1
5.5 4 1
5 4 1
5 3.5 1.5
5.5 3.5 1.5
5.5 4 1.5
5 4 1.5
5.5 3.5 1
6 3.5 1
6 4 1
5.5 4 1
5.5 3.5 1.5
6 3.5 1.5
6 4 1.5
5.5 4 1.5
6 3.5 1
6.5 3.5 1
6.5 4 1
6 4 1
6 3.5 1.5
6.5 3.5 1.5
6.5 4 1.5
6 4 1.5
6.5 3.5 1
7 3.5 1
7 4 1
6.5 4 1
6.5 3.5 1.5
7 3.5 1.5
7 4 1.5
6.5 4 1.5
7 3.5 1
7.5 3.5 1
7.5 4 1
7 4 1
7 3.5 1.5
7.5 3.5 1.5
7.5 4 1.5
7 4 1.5
7.5 3.5 1
8 3.5 1
8 4 1
7.5 4 1
7.5 3.5 1.5
8 3.5 1.5
8 4 1.5
7.5 4 1.5
8 3.5 1
8.5 3.5 1
8.5 4 1
8 4 1
8 3.5 1.5
8.5 3.5 1.5
8.5 4 1.5
8 4 1.5
8.5 3.5 1
9 3.5 1
9 4 1
8.5 4 1
8.5 3.5 1.5
9 3.5 1.5
9 4 1.5
8.5 4 1.5
9 3.5 1
9.5 3.5 1
9.5 4 1
9 4 1
9 3.5 1.5
9.5 3.5 1.5
9.5 4 1.5
9 4 1.5
9.5 3.5 1
10 3.5 1
10 4 1
9.5 4 1
9.5 3.5 1.5
10 3.5 1.5
10 4 1.5
9.5 4 1.5
0 4 1
0.5 4 1
0.5 4.5 1
0 4.5 1
0 4 1.5
0.5 4 1.5
0.5 4.5 1.5
0 4.5 1.5
0.5 4 1
1 4 1
1 4.5 1
0.5 4.5 1
0.5 4 1.5
1 4 1.5
1 4.5 1.5
0.5 4.5 1.5
1 4 1
1.5 4 1
1.5 4.5 1
1 4.5 1
1 4 1.5
1.5 4 1.5
1.5 4.5 1.5
1 4.5 1.5
1.5 4 1
2 4 1
2 4.5 1
1.5 4.5 1
1.5 4 1.5
2 4 1.5
2 4.5 1.5
1.5 4.5 1.5
2 4 1
2.5 4 1
2.5 4.5 1
2 4.5 1
2 4 1.5
2.5 4 1.5
2.5 4.5 1.5
2 4.5 1.5
2.5 4 1
3 4 1
3 4.5 1
2.5 4.5 1
2.5 4 1.5
3 4 1.5
3 4.5 1.5
2.5 4.5 1.5
3 4 1
3.5 4 1
3.5 4.5 1
3 4.5 1
3 4 1.5
3.5 4 1.5
3.5 4.5 1.5
3 4.5 1.5
3.5 4 1
4 4 1
4 4.5 1
3.5 4.5 1
3.5 4 1.5
4 4 1.5
4 4.5 1.5
3.5 4.5 1.5
4 4 1
4.5 4 1
4.5 4.5 1
4 4.5 1
4 4 1.5
4.5 4 1.5
4.5 4.5 1.5
4 4.5 1.5
4.5 4 1
5 4 1
5 4.5 1
4.5 4.5 1
4.5 4 1.5
5 4 1.5
5 4.5 1.5
4.5 4.5 1.5
5 4 1
5.5 4 1
5.5 4.5 1
5 4.5 1
5 4 1.5
5.5 4 1.5
5.5 4.5 1.5
5 4.5 1.5
5.5 4 1
6 4 1
6 4.5 1
5.5 4.5 1
5.5 4 1.5
6 4 1.5
6 4.5 1.5
5.5 4.5 1.5
6 4 1
6.5 4 1
6.5 4.5 1
6 4.5 1
6 4 1.5
6.5 4 1.5
6.5 4.5 1.5
6 4.5 1.5
6.5 4 1
7 4 1
7 4.5 1
6.5 4.5 1
6.5 4 1.5
7 4 1.5
7 4.5 1.5
6.5 4.5 1.5
7 4 1
7.5 4 1
7.5 4.5 1
7 4.5 1
7 4 1.5
7.5 4 1.5
7.5 4.5 1.5
7 4.5 1.5
7.5 4 1
8 4 1
8 4.5 1
7.5 4.5 1
7.5 4 1.5
8 4 1.5
8 4.5 1.5
7.5 4.5 1.5
8 4 1
8.5 4 1
8.5 4.5 1
8 4.5 1
8 4 1.5
8.5 4 1.5
8.5 4.5 1.5
8 4.5 1.5
8.5 4 1
9 4 1
9 4.5 1
8.5 4.5 1
8.5 4 1.5
9 4 1.5
9 4.5 1.5
8.5 4.5 1.5
9 4 1
9.5 4 1
9.5 4.5 1
9 4.5 1
9 4 1.5
9.5 4 1.5
9.5 4.5 1.5
9 4.5 1.5
9.5 4 1
10 4 1
10 4.5 1
9.5 4.5 1
9.5 4 1.5
10 4 1.5
10 4.5 1.5
9.5 4.5 1.5
0 4.5 1
0.5 4.5 1
0.5 5 1
0 5 1
0 4.5 1.5
0.5 4.5 1.5
0.5 5 1.5
0 5 1.5
0.5 4.5 1
1 4.5 1
1 5 1
0.5 5 1
0.5 4.5 1.5
1 4.5 1.5
1 5 1.5
0.5 5 1.5
1 4.5 1
1.5 4.5 1
1.5 5 1
1 5 1
1 4.5 1.5
1.5 4.5 1.5
1.5 5 1.5
1 5 1.5
1.5 4.5 1
2 4.5 1
2 5 1
1.5 5 1
1.5 4.5 1.5
2 4.5 1.5
2 5 1.5
1.5 5 1.5
2 4.5 1
2.5 4.5 1
2.5 5 1
2 5 1
2 4.5 1.5
2.5 4.5 1.5
2.5 5 1.5
2 5 1.5
2.5 4.5 1
3 4.5 1
3 5 1
2.5 5 1
2.5 4.5 1.5
3 4.5 1.5
3 5 1.5
2.5 5 1.5
3 4.5 1
3.5 4.5 1
3.5 5 1
3 5 1
3 4.5 1.5
3.5 4.5 1.5
3.5 5 1.5
3 5 1.5
3.5 4.5 1
4 4.5 1
4 5 1
3.5 5 1
3.5 4.5 1.5
4 4.5 1.5
4 5 1.5
3.5 5 1.5
4 4.5 1
4.5 4.5 1
4.5 5 1
4 5 1
4 4.5 1.5
4.5 4.5 1.5
4.5 5 1.5
4 5 1.5
4.5 4.5 1
5 4.5 1
5 5 1
4.5 5 1
4.5 4.5 1.5
5 4.5 1.5
5 5 1.5
4.5 5 1.5
5 4.5 1
5.5 4.5 1
5.5 5 1
5 5 1
5 4.5 1.5
5.5 4.5 1.5
5.5 5 1.5
5 5 1.5
5.5 4.5 1
6 4.5 1
6 5 1
5.5 5 1
5.5 4.5 1.5
6 4.5 1.5
6 5 1.5
5.5 5 1.5
6 4.5 1
6.5 4.5 1
6.5 5 1
6 5 1
6 4.5 1.5
6.5 4.5 1.5
6.5 5 1.5
6 5 1.5
6.5 4.5 1
7 4.5 1
7 5 1
6.5 5 1
6.5 4.5 1.5
7 4.5 1.5
7 5 1.5
6.5 5 1.5
7 4.5 1
7.5 4.5 1
7.5 5 1
7 5 1
7 4.5 1.5
7.5 4.5 1.5
7.5 5 1.5
7 5 1.5
7.5 4.5 1
8 4.5 1
8 5 1
7.5 5 1
7.5 4.5 1.5
8 4.5 1.5
8 5 1.5
7.5 5 1.5
8 4.5 1
8.5 4.5 1
8.5 5 1
8 5 1
8 4.5 1.5
8.5 4.5 1.5
8.5 5 1.5
8 5 1.5
8.5 4.5 1
9 4.5 1
9 5 1
8.5 5 1
8.5 4.5 1.5
9 4.5 1.5
9 5 1.5
8.5 5 1.5
9 4.5 1
9.5 4.5 1
9.5 5 1
9 5 1
9 4.5 1.5
9.5 4.5 1.5
9.5 5 1.5
9 5 1.5
9.5 4.5 1
10 4.5 1
10 5 1
9.5 5 1
9.5 4.5 1.5
10 4.5 1.5
10 5 1.5
9.5 5 1.5
0 5 1
0.5 5 1
0.5 5.5 1
0 5.5 1
0 5 1.5
0.5 5 1.5
0.5 5.5 1.5
0 5.5 1.5
0.5 5 1
1 5 1
1 5.5 1
0.5 5.5 1
0.5 5 1.5
1 5 1.5
1 5.5 1.5
0.5 5.5 1.5
1 5 1
1.5 5 1
1.5 5.5 1
1 5.5 1
1 5 1.5
1.5 5 1.5
1.5 5.5 1.5
1 5.5 1.5
1.5 5 1
2 5 1
2 5.5 1
1.5 5.5 1
1.5 5 1.5
2 5 1.5
2 5.5 1.5
1.5 5.5 1.5
2 5 1
2.5 5 1
2.5 5.5 1
2 5.5 1
2 5 1.5
2.5 5 1.5
2.5 5.5 1.5
2 5.5 1.5
2.5 5 1
3 5 1
3 5.5 1
2.5 5.5 1
2.5 5 1.5
3 5 1.5
3 5.5 1.5
2.5 5.5 1.5
3 5 1
3.5 5 1
3.5 5.5 1
3 5.5 1
3 5 1.5
3.5 5 1.5
3.5 5.5 1.5
3 5.5 1.5
3.5 5 1
4 5 1
4 5.5 1
3.5 5.5 1
3.5 5 1.5
4 5 1.5
4 5.5 1.5
3.5 5.5 1.5
4 5 1
4.5 5 1
4.5 5.5 1
4 5.5 1
4 5 1.5
4.5 5 1.5
4.5 5.5 1.5
4 5.5 1.5
4.5 5 1
5 5 1
5 5.5 1
4.5 5.5 1
4.5 5 1.5
5 5 1.5
5 5.5 1.5
4.5 5.5 1.5
5 5 1
5.5 5 1
5.5 5.5 1
5 5.5 1
5 5 1.5
5.5 5 1.5
5.5 5.5 1.5
5 5.5 1.5
5.5 5 1
6 5 1
6 5.5 1
5.5 5.5 1
5.5 5 1.5
6 5 1.5
6 5.5 1.5
5.5 5.5 1.5
6 5 1
6.5 5 1
6.5 5.5 1
6 5.5 1
6 5 1.5
6.5 5 1.5
6.5 5.5 1.5
6 5.5 1.5
6.5 5 1
7 5 1
7 5.5 1
6.5 5.5 1
6.5 5 1.5
7 5 1.5
7 5.5 1.5
6.5 5.5 1.5
7 5 1
7.5 5 1
7.5 5.5 1
7 5.5 1
7 5 1.5
7.5 5 1.5
7.5 5.5 1.5
7 5.5 1.5
7.5 5 1
8 5 1
8 5.5 1
7.5 5.5 1
7.5 5 1.5
8 5 1.5
8 5.5 1.5
7.5 5.5 1.5
8 5 1
8.5 5 1
8.5 5.5 1
8 5.5 1
8 5 1.5
8.5 5 1.5
8.5 5.5 1.5
8 5.5 1.5
8.5 5 1
9 5 1
9 5.5 1
8.5 5.5 1
8.5 5 1.5
9 5 1.5
9 5.5 1.5
8.5 5.5 1.5
9 5 1
9.5 5 1
9.5 5.5 1
9 5.5 1
9 5 1.5
9.5 5 1.5
9.5 5.5 1.5
9 5.5 1.5
9.5 5 1
10 5 1
10 5.5 1
9.5 5.5 1
9.5 5 1.5
10 5 1.5
10 5.5 1.5
9.5 5.5 1.5
0 5.5 1
0.5 5.5 1
0.5 6 1
0 6 1
0 5.5 1.5
0.5 5.5 1.5
0.5 6 1.5
0 6 1.5
0.5 5.5 1
1 5.5 1
1 6 1
0.5 6 1
0.5 5.5 1.5
1 5.5 1.5
1 6 1.5
0.5 6 1.5
1 5.5 1
1.5 5.5 1
1.5 6 1
1 6 1
1 5.5 1.5
1.5 5.5 1.5
1.5 6 1.5
1 6 1.5
1.5 5.5 1
2 5.5 1
2 6 1
1.5 6 1
1.5 5.5 1.5
2 5.5 1.5
2 6 1.5
1.5 6 1.5
2 5.5 1
2.5 5.5 1
2.5 6 1
2 6 1
2 5.5 1.5
2.5 5.5 1.5
2.5 6 1.5
2 6 1.5
2.5 5.5 1
3 5.5 1
3 6 1
2.5 6 1
2.5 5.5 1.5
3 5.5 1.5
3 6 1.5
2.5 6 1.5
3 5.5 1
3.5 5.5 1
3.5 6 1
3 6 1
3 5.5 1.5
3.5 5.5 1.5
3.5 6 1.5
3 6 1.5
3.5 5.5 1
4 5.5 1
4 6 1
3.5 6 1
3.5 5.5 1.5
4 5.5 1.5
4 6 1.5
3.5 6 1.5
4 5.5 1
4.5 5.5 1
4.5 6 1
4 6 1
4 5.5 1.5
4.5 5.5 1.5
4.5 6 1.5
4 6 1.5
4.5 5.5 1
5 5.5 1
5 6 1
4.5 6 1
4.5 5.5 1.5
5 5.5 1.5
5 6 1.5
4.5 6 1.5
5 5.5 1
5.5 5.5 1
5.5 6 1
5 6 1
5 5.5 1.5
5.5 5.5 1.5
5.5 6 1.5
5 6 1.5
5.5 5.5 1
6 5.5 1
6 6 1
5.5 6 1
5.5 5.5 1.5
6 5.5 1.5
6 6 1.5
5.5 6 1.5
6 5.5 1
6.5 5.5 1
6.5 6 1
6 6 1
6 5.5 1.5
6.5 5.5 1.5
6.5 6 1.5
6 6 1.5
6.5 5.5 1
7 5.5 1
7 6 1
6.5 6 1
6.5 5.5 1.5
7 5.5 1.5
7 6 1.5
6.5 6 1.5
7 5.5 1
7.5 5.5 1
7.5 6 1
7 6 1
7 5.5 1.5
7.5 5.5 1.5
7.5 6 1.5
7 6 1.5
7.5 5.5 1
8 5.5 1
8 6 1
7.5 6 1
7.5 5.5 1.5
8 5.5 1.5
8 6 1.5
7.5 6 1.5
8 5.5 1
8.5 5.5 1
8.5 6 1
8 6 1
8 5.5 1.5
8.5 5.5 1.5
8.5 6 1.5
8 6 1.5
8.5 5.5 1
9 5.5 1
9 6 1
8.5 6 1
8.5 5.5 1.5
9 5.5 1.5
9 6 1.5
8.5 6 1.5
9 5.5 1
9.5 5.5 1
9.5 6 1
9 6 1
9 5.5 1.5
9.5 5.5 1.5
9.5 6 1.5
9 6 1.5
9.5 5.5 1
10 5.5 1
10 6 1
9.5 6 1
9.5 5.5 1.5
10 5.5 1.5
10 6 1.5
9.5 6 1.5
0 6 1
0.5 6 1
0.5 6.5 1
0 6.5 1
0 6 1.5
0.5 6 1.5
0.5 6.5 1.5
0 6.5 1.5
0.5 6 1
1 6 1
1 6.5 1
0.5 6.5 1
0.5 6 1.5
1 6 1.5
1 6.5 1.5
0.5 6.5 1.5
1 6 1
1.5 6 1
1.5 6.5 1
1 6.5 1
1 6 1.5
1.5 6 1.5
1.5 6.5 1.5
1 6.5 1.5
1.5 6 1
2 6 1
2 6.5 1
1.5 6.5 1
1.5 6 1.5
2 6 1.5
2 6.5 1.5
1.5 6.5 1.5
2 6 1
2.5 6 1
2.5 6.5 1
2 6.5 1
2 6 1.5
2.5 6 1.5
2.5 6.5 1.5
2 6.5 1.5
2.5 6 1
3 6 1
3 6.5 1
2.5 6.5 1
2.5 6 1.5
3 6 1.5
3 6.5 1.5
2.5 6.5 1.5
3 6 1
3.5 6 1
3.5 6.5 1
3 6.5 1
3 6 1.5
3.5 6 1.5
3.5 6.5 1.5
3 6.5 1.5
3.5 6 1
4 6 1
4 6.5 1
3.5 6.5 1
3.5 6 1.5
4 6 1.5
4 6.5 1.5
3.5 6.5 1.5
4 6 1
4.5 6 1
4.5 6.5 1
4 6.5 1
4 6 1.5
4.5 6 1.5
4.5 6.5 1.5
4 6.5 1.5
4.5 6 1
5 6 1
5 6.5 1
4.5 6.5 1
4.5 6 1.5
5 6 1.5
5 6.5 1.5
4.5 6.5 1.5
5 6 1
5.5 6 1
5.5 6.5 1
5 6.5 1
5 6 1.5
5.5 6 1.5
5.5 6.5 1.5
5 6.5 1.5
5.5 6 1
6 6 1
6 6.5 1
5.5 6.5 1
5.5 6 1.5
6 6 1.5
6 6.5 1.5
5.5 6.5 1.5
6 6 1
6.5 6 1
6.5 6.5 1
6 6.5 1
6 6 1.5
6.5 6 1.5
6.5 6.5 1.5
6 6.5 1.5
6.5 6 1
7 6 1
7 6.5 1
6.5 6.5 1
6.5 6 1.5
7 6 1.5
7 6.5 1.5
6.5 6.5 1.5
7 6 1
7.5 6 1
7.5 6.5 1
7 6.5 1
7 6 1.5
7.5 6 1.5
7.5 6.5 1.5
7 6.5 1.5
7.5 6 1
8 6 1
8 6.5 1
7.5 6.5 1
7.5 6 1.5
8 6 1.5
8 6.5 1.5
7.5 6.5 1.5
8 6 1
8.5 6 1
8.5 6.5 1
8 6.5 1
8 6 1.5
8.5 6 1.5
8.5 6.5 1.5
8 6.5 1.5
8.5 6 1
9 6 1
9 6.5 1
8.5 6.5 1
8.5 6 1.5
9 6 1.5
9 6.5 1.5
8.5 6.5 1.5
9 6 1
9.5 6 1
9.5 6.5 1
9 6.5 1
9 6 1.5
9.5 6 1.5
9.5 6.5 1.5
9 6.5 1.5
9.5 6 1
10 6 1
10 6.5 1
9.5 6.5 1
9.5 6 1.5
10 6 1.5
10 6.5 1.5
9.5 6.5 1.5
0 6.5 1
0.5 6.5 1
0.5 7 1
0 7 1
0 6.5 1.5
0.5 6.5 1.5
0.5 7 1.5
0 7 1.5
0.5 6.5 1
1 6.5 1
1 7 1
0.5 7 1
0.5 6.5 1.5
1 6.5 1.5
1 7 1.5
0.5 7 1.5
1 6.5 1
1.5 6.5 1
1.5 7 1
1 7 1
1 6.5 1.5
1.5 6.5 1.5
1.5 7 1.5
1 7 1.5
1.5 6.5 1
2 6.5 1
2 7 1
1.5 7 1
1.5 6.5 1.5
2 6.5 1.5
2 7 1.5
1.5 7 1.5
2 6.5 1
2.5 6.5 1
2.5 7 1
2 7 1
2 6.5 1.5
2.5 6.5 1.5
2.5 7 1.5
2 7 1.5
2.5 6.5 1
3 6.5 1
3 7 1
2.5 7 1
2.5 6.5 1.5
3 6.5 1.5
3 7 1.5
2.5 7 1.5
3 6.5 1
3.5 6.5 1
3.5 7 1
3 7 1
3 6.5 1.5
3.5 6.5 1.5
3.5 7 1.5
3 7 1.5
3.5 6.5 1
4 6.5 1
4 7 1
3.5 7 1
3.5 6.5 1.5
4 6.5 1.5
4 7 1.5
3.5 7 1.5
4 6.5 1
4.5 6.5 1
4.5 7 1
4 7 1
4 6.5 1.5
4.5 6.5 1.5
4.5 7 1.5
4 7 1.5
4.5 6.5 1
5 6.5 1
5 7 1
4.5 7 1
4.5 6.5 1.5
5 6.5 1.5
5 7 1.5
4.5 7 1.5
5 6.5 1
5.5 6.5 1
5.5 7 1
5 7 1
5 6.5 1.5
5.5 6.5 1.5
5.5 7 1.5
5 7 1.5
5.5 6.5 1
6 6.5 1
6 7 1
5.5 7 1
5.5 6.5 1.5
6 6.5 1.5
6 7 1.5
5.5 7 1.5
6 6.5 1
6.5 6.5 1
6.5 7 1
6 7 1
6 6.5 1.5
6.5 6.5 1.5
6.5 7 1.5
6 7 1.5
6.5 6.5 1
7 6.5 1
7 7 1
6.5 7 1
6.5 6.5 1.5
7 6.5 1.5
7 7 1.5
6.5 7 1.5
7 6.5 1
7.5 6.5 1
7.5 7 1
7 7 1
7 6.5 1.5
7.5 6.5 1.5
7.5 7 1.5
7 7 1.5
7.5 6.5 1
8 6.5 1
8 7 1
7.5 7 1
7.5 6.5 1.5
8 6.5 1.5
8 7 1.5
7.5 7 1.5
8 6.5 1
8.5 6.5 1
8.5 7 1
8 7 1
8 6.5 1.5
8.5 6.5 1.5
8.5 7 1.5
8 7 1.5
8.5 6.5 1
9 6.5 1
9 7 1
8.5 7 1
8.5 6.5 1.5
9 6.5 1.5
9 7 1.5
8.5 7 1.5
9 6.5 1
9.5 6.5 1
9.5 7 1
9 7 1
9 6.5 1.5
9.5 6.5 1.5
9.5 7 1.5
9 7 1.5
9.5 6.5 1
10 6.5 1
10 7 1
9.5 7 1
9.5 6.5 1.5
10 6.5 1.5
10 7 1.5
9.5 7 1.5
0 7 1
0.5 7 1
0.5 7.5 1
0 7.5 1
0 7 1.5
0.5 7 1.5
0.5 7.5 1.5
0 7.5 1.5
0.5 7 1
1 7 1
1 7.5 1
0.5 7.5 1
0.5 7 1.5
1 7 1.5
1 7.5 1.5
0.5 7.5 1.5
1 7 1
1.5 7 1
1.5 7.5 1
1 7.5 1
1 7 1.5
1.5 7 1.5
1.5 7.5 1.5
1 7.5 1.5
1.5 7 1
2 7 1
2 7.5 1
1.5 7.5 1
1.5 7 1.5
2 7 1.5
2 7.5 1.5
1.5 7.5 1.5
2 7 1
2.5 7 1
2.5 7.5 1
2 7.5 1
2 7 1.5
2.5 7 1.5
2.5 7.5 1.5
2 7.5 1.5
2.5 7 1
3 7 1
3 7.5 1
2.5 7.5 1
2.5 7 1.5
3 7 1.5
3 7.5 1.5
2.5 7.5 1.5
3 7 1
3.5 7 1
3.5 7.5 1
3 7.5 1
3 7 1.5
3.5 7 1.5
3.5 7.5 1.5
3 7.5 1.5
3.5 7 1
4 7 1
4 7.5 1
3.5 7.5 1
3.5 7 1.5
4 7 1.5
4 7.5 1.5
3.5 7.5 1.5
4 7 1
4.5 7 1
4.5 7.5 1
4 7.5 1
4 7 1.5
4.5 7 1.5
4.5 7.5 1.5
4 7.5 1.5
4.5 7 1
5 7 1
5 7.5 1
4.5 7.5 1
4.5 7 1.5
5 7 1.5
5 7.5 1.5
4.5 7.5 1.5
5 7 1
5.5 7 1
5.5 7.5 1
5 7.5 1
5 7 1.5
5.5 7 1.5
5.5 7.5 1.5
5 7.5 1.5
5.5 7 1
6 7 1
6 7.5 1
5.5 7.5 1
5.5 7 1.5
6 7 1.5
6 7.5 1.5
5.5 7.5 1.5
6 7 1
6.5 7 1
6.5 7.5 1
6 7.5 1
6 7 1.5
6.5 7 1.5
6.5 7.5 1.5
6 7.5 1.5
6.5 7 1
7 7 1
7 7.5 1
6.5 7.5 1
6.5 7 1.5
7 7 1.5
7 7.5 1.5
6.5 7.5 1.5
7 7 1
7.5 7 1
7.5 7.5 1
7 7.5 1
7 7 1.5
7.5 7 1.5
7.5 7.5 1.5
7 7.5 1.5
7.5 7 1
8 7 1
8 7.5 1
7.5 7.5 1
7.5 7 1.5
8 7 1.5
8 7.5 1.5
7.5 7.5 1.5
8 7 1
8.5 7 1
8.5 7.5 1
8 7.5 1
8 7 1.5
8.5 7 1.5
8.5 7.5 1.5
8 7.5 1.5
8.5 7 1
9 7 1
9 7.5 1
8.5 7.5 1
8.5 7 1.5
9 7 1.5
9 7.5 1.5
8.5 7.5 1.5
9 7 1
9.5 7 1
9.5 7.5 1
9 7.5 1
9 7 1.5
9.5 7 1.5
9.5 7.5 1.5
9 7.5 1.5
9.5 7 1
10 7 1
10 7.5 1
9.5 7.5 1
9.5 7 1.5
10 7 1.5
10 7.5 1.5
9.5 7.5 1.5
0 7.5 1
0.5 7.5 1
0.5 8 1
0 8 1
0 7.5 1.5
0.5 7.5 1.5
0.5 8 1.5
0 8 1.5
0.5 7.5 1
1 7.5 1
1 8 1
0.5 8 1
0.5 7.5 1.5
1 7.5 1.5
1 8 1.5
0.5 8 1.5
1 7.5 1
1.5 7.5 1
1.5 8 1
1 8 1
1 7.5 1.5
1.5 7.5 1.5
1.5 8 1.5
1 8 1.5
1.5 7.5 1
2 7.5 1
2 8 1
1.5 8 1
1.5 7.5 1.5
2 7.5 1.5
2 8 1.5
1.5 8 1.5
2 7.5 1
2.5 7.5 1
2.5 8 1
2 8 1
2 7.5 1.5
2.5 7.5 1.5
2.5 8 1.5
2 8 1.5
2.5 7.5 1
3 7.5 1
3 8 1
2.5 8 1
2.5 7.5 1.5
3 7.5 1.5
3 8 1.5
2.5 8 1.5
3 7.5 1
3.5 7.5 1
3.5 8 1
3 8 1
3 7.5 1.5
3.5 7.5 1.5
3.5 8 1.5
3 8 1.5
3.5 7.5 1
4 7.5 1
4 8 1
3.5 8 1
3.5 7.5 1.5
4 7.5 1.5
4 8 1.5
3.5 8 1.5
4 7.5 1
4.5 7.5 1
4.5 8 1
4 8 1
4 7.5 1.5
4.5 7.5 1.5
4.5 8 1.5
4 8 1.5
4.5 7.5 1
5 7.5 1
5 8 1
4.5 8 1
4.5 7.5 1.5
5 7.5 1.5
5 8 1.5
4.5 8 1.5
5 7.5 1
5.5 7.5 1
5.5 8 1
5 8 1
5 7.5 1.5
5.5 7.5 1.5
5.5 8 1.5
5 8 1.5
5.5 7.5 1
6 7.5 1
6 8 1
5.5 8 1
5.5 7.5 1.5
6 7.5 1.5
6 8 1.5
5.5 8 1.5
6 7.5 1
6.5 7.5 1
6.5 8 1
6 8 1
6 7.5 1.5
6.5 7.5 1.5
6.5 8 1.5
6 8 1.5
6.5 7.5 1
7 7.5 1
7 8 1
6.5 8 1
6.5 7.5 1.5
7 7.5 1.5
7 8 1.5
6.5 8 1.5
7 7.5 1
7.5 7.5 1
7.5 8 1
7 8 1
7 7.5 1.5
7.5 7.5 1.5
7.5 8 1.5
7 8 1.5
7.5 7.5 1
8 7.5 1
8 8 1
7.5 8 1
7.5 7.5 1.5
8 7.5 1.5
8 8 1.5
7.5 8 1.5
8 7.5 1
8.5 7.5 1
8.5 8 1
8 8 1
8 7.5 1.5
8.5 7.5 1.5
8.5 8 1.5
8 8 1.5
8.5 7.5 1
9 7.5 1
9 8 1
8.5 8 1
8.5 7.5 1.5
9 7.5 1.5
9 8 1.5
8.5 8 1.5
9 7.5 1
9.5 7.5 1
9.5 8 1
9 8 1
9 7.5 1.5
9.5 7.5 1.5
9.5 8 1.5
9 8 1.5
9.5 7.5 1
10 7.5 1
10 8 1
9.5 8 1
9.5 7.5 1.5
10 7.5 1.5
10 8 1.5
9.5 8 1.5
0 8 1
0.5 8 1
0.5 8.5 1
0 8.5 1
0 8 1.5
0.5 8 1.5
0.5 8.5 1.5
0 8.5 1.5
0.5 8 1
1 8 1
1 8.5 1
0.5 8.5 1
0.5 8 1.5
1 8 1.5
1 8.5 1.5
0.5 8.5 1.5
1 8 1
1.5 8 1
1.5 8.5 1
1 8.5 1
1 8 1.5
1.5 8 1.5
1.5 8.5 1.5
1 8.5 1.5
1.5 8 1
2 8 1
2 8.5 1
1.5 8.5 1
1.5 8 1.5
2 8 1.5
2 8.5 1.5
1.5 8.5 1.5
2 8 1
2.5 8 1
2.5 8.5 1
2 8.5 1
2 8 1.5
2.5 8 1.5
2.5 8.5 1.5
2 8.5 1.5
2.5 8 1
3 8 1
3 8.5 1
2.5 8.5 1
2.5 8 1.5
3 8 1.5
3 8.5 1.5
2.5 8.5 1.5
3 8 1
3.5 8 1
3.5 8.5 1
3 8.5 1
3 8 1.5
3.5 8 1.5
3.5 8.5 1.5
3 8.5 1.5
3.5 8 1
4 8 1
4 8.5 1
3.5 8.5 1
3.5 8 1.5
4 8 1.5
4 8.5 1.5
3.5 8.5 1.5
4 8 1
4.5 8 1
4.5 8.5 1
4 8.5 1
4 8 1.5
4.5 8 1.5
4.5 8.5 1.5
4 8.5 1.5
4.5 8 1
5 8 1
5 8.5 1
4.5 8.5 1
4.5 8 1.5
5 8 1.5
5 8.5 1.5
4.5 8.5 1.5
5 8 1
5.5 8 1
5.5 8.5 1
5 8.5 1
5 8 1.5
5.5 8 1.5
5.5 8.5 1.5
5 8.5 1.5
5.5 8 1
6 8 1
6 8.5 1
5.5 8.5 1
5.5 8 1.5
6 8 1.5
6 8.5 1.5
5.5 8.5 1.5
6 8 1
6.5 8 1
6.5 8.5 1
6 8.5 1
6 8 1.5
6.5 8 1.5
6.5 8.5 1.5
6 8.5 1.5
6.5 8 1
7 8 1
7 8.5 1
6.5 8.5 1
6.5 8 1.5
7 8 1.5
7 8.5 1.5
6.5 8.5 1.5
7 8 1
7.5 8 1
7.5 8.5 1
7 8.5 1
7 8 1.5
7.5 8 1.5
7.5 8.5 1.5
7 8.5 1.5
7.5 8 1
8 8 1
8 8.5 1
7.5 8.5 1
7.5 8 1.5
8 8 1.5
8 8.5 1.5
7.5 8.5 1.5
8 8 1
8.5 8 1
8.5 8.5 1
8 8.5 1
8 8 1.5
8.5 8 1.5
8.5 8.5 1.5
8 8.5 1.5
8.5 8 1
9 8 1
9 8.5 1
8.5 8.5 1
8.5 8 1.5
9 8 1.5
9 8.5 1.5
8.5 8.5 1.5
9 8 1
9.5 8 1
9.5 8.5 1
9 8.5 1
9 8 1.5
9.5 8 1.5
9.5 8.5 1.5
9 8.5 1.5
9.5 8 1
10 8 1
10 8.5 1
9.5 8.5 1
9.5 8 1.5
10 8 1.5
10 8.5 1.5
9.5 8.5 1.5
0 8.5 1
0.5 8.5 1
0.5 9 1
0 9 1
0 8.5 1.5
0.5 8.5 1.5
0.5 9 1.5
0 9 1.5
0.5 8.5 1
1 8.5 1
1 9 1
0.5 9 1
0.5 8.5 1.5
1 8.5 1.5
1 9 1.5
0.5 9 1.5
1 8.5 1
1.5 8.5 1
1.5 9 1
1 9 1
1 8.5 1.5
1.5 8.5 1.5
1.5 9 1.5
1 9 1.5
1.5 8.5 1
2 8.5 1
2 9 1
1.5 9 1
1.5 8.5 1.5
2 8.5 1.5
2 9 1.5
1.5 9 1.5
2 8.5 1
2.5 8.5 1
2.5 9 1
2 9 1
2 8.5 1.5
2.5 8.5 1.5
2.5 9 1.5
2 9 1.5
2.5 8.5 1
3 8.5 1
3 9 1
2.5 9 1
2.5 8.5 1.5
3 8.5 1.5
3 9 1.5
2.5 9 1.5
3 8.5 1
3.5 8.5 1
3.5 9 1
3 9 1
3 8.5 1.5
3.5 8.5 1.5
3.5 9 1.5
3 9 1.5
3.5 8.5 1
4 8.5 1
4 9 1
3.5 9 1
3.5 8.5 1.5
4 8.5 1.5
4 9 1.5
3.5 9 1.5
4 8.5 1
4.5 8.5 1
4.5 9 1
4 9 1
4 8.5 1.5
4.5 8.5 1.5
4.5 9 1.5
4 9 1.5
4.5 8.5 1
5 8.5 1
5 9 1
4.5 9 1
4.5 8.5 1.5
5 8.5 1.5
5 9 1.5
4.5 9 1.5
5 8.5 1
5.5 8.5 1
5.5 9 1
5 9 1
5 8.5 1.5
5.5 8.5 1.5
5.5 9 1.5
5 9 1.5
5.5 8.5 1
6 8.5 1
6 9 1
5.5 9 1
5.5 8.5 1.5
6 8.5 1.5
6 9 1.5
5.5 9 1.5
6 8.5 1
6.5 8.5 1
6.5 9 1
6 9 1
6 8.5 1.5
6.5 8.5 1.5
6.5 9 1.5
6 9 1.5
6.5 8.5 1
7 8.5 1
7 9 1
6.5 9 1
6.5 8.5 1.5
7 8.5 1.5
7 9 1.5
6.5 9 1.5
7 8.5 1
7.5 8.5 1
7.5 9 1
7 9 1
7 8.5 1.5
7.5 8.5 1.5
7.5 9 1.5
7 9 1.5
7.5 8.5 1
8 8.5 1
8 9 1
7.5 9 1
7.5 8.5 1.5
8 8.5 1.5
8 9 1.5
7.5 9 1.5
8 8.5 1
8.5 8.5 1
8.5 9 1
8 9 1
8 8.5 1.5
8.5 8.5 1.5
8.5 9 1.5
8 9 1.5
8.5 8.5 1
9 8.5 1
9 9 1
8.5 9 1
8.5 8.5 1.5
9 8.5 1.5
9 9 1.5
8.5 9 1.5
9 8.5 1
9.5 8.5 1
9.5 9 1
9 9 1
9 8.5 1.5
9.5 8.5 1.5
9.5 9 1.5
9 9 1.5
9.5 8.5 1
10 8.5 1
10 9 1
9.5 9 1
9.5 8.5 1.5
10 8.5 1.5
10 9 1.5
9.5 9 1.5
0 9 1
0.5 9 1
0.5 9.5 1
0 9.5 1
0 9 1.5
0.5 9 1.5
0.5 9.5 1.5
0 9.5 1.5
0.5 9 1
1 9 1
1 9.5 1
0.5 9.5 1
0.5 9 1.5
1 9 1.5
1 9.5 1.5
0.5 9.5 1.5
1 9 1
1.5 9 1
1.5 9.5 1
1 9.5 1
1 9 1.5
1.5 9 1.5
1.5 9.5 1.5
1 9.5 1.5
1.5 9 1
2 9 1
2 9.5 1
1.5 9.5 1
1.5 9 1.5
2 9 1.5
2 9.5 1.5
1.5 9.5 1.5
2 9 1
2.5 9 1
2.5 9.5 1
2 9.5 1
2 9 1.5
2.5 9 1.5
2.5 9.5 1.5
2 9.5 1.5
2.5 9 1
3 9 1
3 9.5 1
2.5 9.5 1
2.5 9 1.5
3 9 1.5
3 9.5 1.5
2.5 9.5 1.5
3 9 1
3.5 9 1
3.5 9.5 1
3 9.5 1
3 9 1.5
3.5 9 1.5
3.5 9.5 1.5
3 9.5 1.5
3.5 9 1
4 9 1
4 9.5 1
3.5 9.5 1
3.5 9 1.5
4 9 1.5
4 9.5 1.5
3.5 9.5 1.5
4 9 1
4.5 9 1
4.5 9.5 1
4 9.5 1
4 9 1.5
4.5 9 1.5
4.5 9.5 1.5
4 9.5 1.5
4.5 9 1
5 9 1
5 9.5 1
4.5 9.5 1
4.5 9 1.5
5 9 1.5
5 9.5 1.5
4.5 9.5 1.5
5 9 1
5.5 9 1
5.5 9.5 1
5 9.5 1
5 9 1.5
5.5 9 1.5
5.5 9.5 1.5
5 9.5 1.5
5.5 9 1
6 9 1
6 9.5 1
5.5 9.5 1
5.5 9 1.5
6 9 1.5
6 9.5 1.5
5.5 9.5 1.5
6 9 1
6.5 9 1
6.5 9.5 1
6 9.5 1
6 9 1.5
6.5 9 1.5
6.5 9.5 1.5
6 9.5 1.5
6.5 9 1
7 9 1
7 9.5 1
6.5 9.5 1
6.5 9 1.5
7 9 1.5
7 9.5 1.5
6.5 9.5 1.5
7 9 1
7.5 9 1
7.5 9.5 1
7 9.5 1
7 9 1.5
7.5 9 1.5
7.5 9.5 1.5
7 9.5 1.5
7.5 9 1
8 9 1
8 9.5 1
7.5 9.5 1
7.5 9 1.5
8 9 1.5
8 9.5 1.5
7.5 9.5 1.5
8 9 1
8.5 9 1
8.5 9.5 1
8 9.5 1
8 9 1.5
8.5 9 1.5
8.5 9.5 1.5
8 9.5 1.5
8.5 9 1
9 9 1
9 9.5 1
8.5 9.5 1
8.5 9 1.5
9 9 1.5
9 9.5 1.5
8.5 9.5 1.5
9 9 1
9.5 9 1
9.5 9.5 1
9 9.5 1
9 9 1.5
9.5 9 1.5
9.5 9.5 1.5
9 9.5 1.5
9.5 9 1
10 9 1
10 9.5 1
9.5 9.5 1
9.5 9 1.5
10 9 1.5
10 9.5 1.5
9.5 9.5 1.5
0 9.5 1
0.5 9.5 1
0.5 10 1
0 10 1
0 9.5 1.5
0.5 9.5 1.5
0.5 10 1.5
0 10 1.5
0.5 9.5 1
1 9.5 1
1 10 1
0.5 10 1
0.5 9.5 1.5
1 9.5 1.5
1 10 1.5
0.5 10 1.5
1 9.5 1
1.5 9.5 1
1.5 10 1
1 10 1
1 9.5 1.5
1.5 9.5 1.5
1.5 10 1.5
1 10 1.5
1.5 9.5 1
2 9.5 1
2 10 1
1.5 10 1
1.5 9.5 1.5
2 9.5 1.5
2 10 1.5
1.5 10 1.5
2 9.5 1
2.5 9.5 1
2.5 10 1
2 10 1
2 9.5 1.5
2.5 9.5 1.5
2.5 10 1.5
2 10 1.5
2.5 9.5 1
3 9.5 1
3 10 1
2.5 10 1
2.5 9.5 1.5
3 9.5 1.5
3 10 1.5
2.5 10 1.5
3 9.5 1
3.5 9.5 1
3.5 10 1
3 10 1
3 9.5 1.5
3.5 9.5 1.5
3.5 10 1.5
3 10 1.5
3.5 9.5 1
4 9.5 1
4 10 1
3.5 10 1
3.5 9.5 1.5
4 9.5 1.5
4 10 1.5
3.5 10 1.5
4 9.5 1
4.5 9.5 1
4.5 10 1
4 10 1
4 9.5 1.5
4.5 9.5 1.5
4.5 10 1.5
4 10 1.5
4.5 9.5 1
5 9.5 1
5 10 1
4.5 10 1
4.5 9.5 1.5
5 9.5 1.5
5 10 1.5
4.5 10 1.5
5 9.5 1
5.5 9.5 1
5.5 10 1
5 10 1
5 9.5 1.5
5.5 9.5 1.5
5.5 10 1.5
5 10 1.5
5.5 9.5 1
6 9.5 1
6 10 1
5.5 10 1
5.5 9.5 1.5
6 9.5 1.5
6 10 1.5
5.5 10 1.5
6 9.5 1
6.5 9.5 1
6.5 10 1
6 10 1
6 9.5 1.5
6.5 9.5 1.5
6.5 10 1.5
6 10 1.5
6.5 9.5 1
7 9.5 1
7 10 1
6.5 10 1
6.5 9.5 1.5
7 9.5 1.5
7 10 1.5
6.5 10 1.5
7 9.5 1
7.5 9.5 1
7.5 10 1
7 10 1
7 9.5 1.5
7.5 9.5 1.5
7.5 10 1.5
7 10 1.5
7.5 9.5 1
8 9.5 1
8 10 1
7.5 10 1
7.5 9.5 1.5
8 9.5 1.5
8 10 1.5
7.5 10 1.5
8 9.5 1
8.5 9.5 1
8.5 10 1
8 10 1
8 9.5 1.5
8.5 9.5 1.5
8.5 10 1.5
8 10 1.5
8.5 9.5 1
9 9.5 1
9 10 1
8.5 10 1
8.5 9.5 1.5
9 9.5 1.5
9 10 1.5
8.5 10 1.5
9 9.5 1
9.5 9.5 1
9.5 10 1
9 10 1
9 9.5 1.5
9.5 9.5 1.5
9.5 10 1.5
9 10 1.5
9.5 9.5 1
10 9.5 1
10 10 1
9.5 10 1
9.5 9.5 1.5
10 9.5 1.5
10 10 1.5
9.5 10 1.5
0 0 1.5
0.5 0 1.5
0.5 0.5 1.5
0 0.5 1.5
0 0 2
0.5 0 2
0.5 0.5 2
0 0.5 2
0.5 0 1.5
1 0 1.5
1 0.5 1.5
0.5 0.5 1.5
0.5 0 2
1 0 2
1 0.5 2
0.5 0.5 2
1 0 1.5
1.5 0 1.5
1.5 0.5 1.5
1 0.5 1.5
1 0 2
1.5 0 2
1.5 0.5 2
1 0.5 2
1.5 0 1.5
2 0 1.5
2 0.5 1.5
1.5 0.5 1.5
1.5 0 2
2 0 2
2 0.5 2
1.5 0.5 2
2 0 1.5
2.5 0 1.5
2.5 0.5 1.5
2 0.5 1.5
2 0 2
2.5 0 2
2.5 0.5 2
2 0.5 2
2.5 0 1.5
3 0 1.5
3 0.5 1.5
2.5 0.5 1.5
2.5 0 2
3 0 2
3 0.5 2
2.5 0.5 2
3 0 1.5
3.5 0 1.5
3.5 0.5 1.5
3 0.5 1.5
3 0 2
3.5 0 2
3.5 0.5 2
3 0.5 2
3.5 0 1.5
4 0 1.5
4 0.5 1.5
3.5 0.5 1.5
3.5 0 2
4 0 2
4 0.5 2
3.5 0.5 2
4 0 1.5
4.5 0 1.5
4.5 0.5 1.5
4 0.5 1.5
4 0 2
4.5 0 2
4.5 0.5 2
4 0.5 2
4.5 0 1.5
5 0 1.5
5 0.5 1.5
4.5 0.5 1.5
4.5 0 2
5 0 2
5 0.5 2
4.5 0.5 2
5 0 1.5
5.5 0 1.5
5.5 0.5 1.5
5 0.5 1.5
5 0 2
5.5 0 2
5.5 0.5 2
5 0.5 2
5.5 0 1.5
6 0 1.5
6 0.5 1.5
5.5 0.5 1.5
5.5 0 2
6 0 2
6 0.5 2
5.5 0.5 2
6 0 1.5
6.5 0 1.5
6.5 0.5 1.5
6 0.5 1.5
6 0 2
6.5 0 2
6.5 0.5 2
6 0.5 2
6.5 0 1.5
7 0 1.5
7 0.5 1.5
6.5 0.5 1.5
6.5 0 2
7 0 2
7 0.5 2
6.5 0.5 2
7 0 1.5
7.5 0 1.5
7.5 0.5 1.5
7 0.5 1.5
7 0 2
7.5 0 2
7.5 0.5 2
7 0.5 2
7.5 0 1.5
8 0 1.5
8 0.5 1.5
7.5 0.5 1.5
7.5 0 2
8 0 2
8 0.5 2
7.5 0.5 2
8 0 1.5
8.5 0 1.5
8.5 0.5 1.5
8 0.5 1.5
8 0 2
8.5 0 2
8.5 0.5 2
8 0.5 2
8.5 0 1.5
9 0 1.5
9 0.5 1.5
8.5 0.5 1.5
8.5 0 2
9 0 2
9 0.5 2
8.5 0.5 2
9 0 1.5
9.5 0 1.5
9.5 0.5 1.5
9 0.5 1.5
9 0 2
9.5 0 2
9.5 0.5 2
9 0.5 2
9.5 0 1.5
10 0 1.5
10 0.5 1.5
9.5 0.5 1.5
9.5 0 2
10 0 2
10 0.5 2
9.5 0.5 2
0 0.5 1.5
0.5 0.5 1.5
0.5 1 1.5
0 1 1.5
0 0.5 2
0.5 0.5 2
0.5 1 2
0 1 2
0.5 0.5 1.5
1 0.5 1.5
1 1 1.5
0.5 1 1.5
0.5 0.5 2
1 0.5 2
1 1 2
0.5 1 2
1 0.5 1.5
1.5 0.5 1.5
1.5 1 1.5
1 1 1.5
1 0.5 2
1.5 0.5 2
1.5 1 2
1 1 2
1.5 0.5 1.5
2 0.5 1.5
2 1 1.5
1.5 1 1.5
1.5 0.5 2
2 0.5 2
2 1 2
1.5 1 2
2 0.5 1.5
2.5 0.5 1.5
2.5 1 1.5
2 1 1.5
2 0.5 2
2.5 0.5 2
2.5 1 2
2 1 2
2.5 0.5 1.5
3 0.5 1.5
3 1 1.5
2.5 1 1.5
2.5 0.5 2
3 0.5 2
3 1 2
2.5 1 2
3 0.5 1.5
3.5 0.5 1.5
3.5 1 1.5
3 1 1.5
3 0.5 2
3.5 0.5 2
3.5 1 2
3 1 2
3.5 0.5 1.5
4 0.5 1.5
4 1 1.5
3.5 1 1.5
3.5 0.5 2
4 0.5 2
4 1 2
3.5 1 2
4 0.5 1.5
4.5 0.5 1.5
4.5 1 1.5
4 1 1.5
4 0.5 2
4.5 0.5 2
4.5 1 2
4 1 2
4.5 0.5 1.5
5 0.5 1.5
5 1 1.5
4.5 1 1.5
4.5 0.5 2
5 0.5 2
5 1 2
4.5 1 2
5 0.5 1.5
5.5 0.5 1.5
5.5 1 1.5
5 1 1.5
5 0.5 2
5.5 0.5 2
5.5 1 2
5 1 2
5.5 0.5 1.5
6 0.5 1.5
6 1 1.5
5.5 1 1.5
5.5 0.5 2
6 0.5 2
6 1 2
5.5 1 2
6 0.5 1.5
6.5 0.5 1.5
6.5 1 1.5
6 1 1.5
6 0.5 2
6.5 0.5 2
6.5 1 2
6 1 2
6.5 0.5 1.5
7 0.5 1.5
7 1 1.5
6.5 1 1.5
6.5 0.5 2
7 0.5 2
7 1 2
6.5 1 2
7 0.5 1.5
7.5 0.5 1.5
7.5 1 1.5
7 1 1.5
7 0.5 2
7.5 0.5 2
7.5 1 2
7 1 2
7.5 0.5 1.5
8 0.5 1.5
8 1 1.5
7.5 1 1.5
7.5 0.5 2
8 0.5 2
8 1 2
7.5 1 2
8 0.5 1.5
8.5 0.5 1.5
8.5 1 1.5
8 1 1.5
8 0.5 2
8.5 0.5 2
8.5 1 2
8 1 2
8.5 0.5 1.5
9 0.5 1.5
9 1 1.5
8.5 1 1.5
8.5 0.5 2
9 0.5 2
9 1 2
8.5 1 2
9 0.5 1.5
9.5 0.5 1.5
9.5 1 1.5
9 1 1.5
9 0.5 2
9.5 0.5 2
9.5 1 2
9 1 2
9.5 0.5 1.5
10 0.5 1.5
10 1 1.5
9.5 1 1.5
9.5 0.5 2
10 0.5 2
10 1 2
9.5 1 2
0 1 1.5
0.5 1 1.5
0.5 1.5 1.5
0 1.5 1.5
0 1 2
0.5 1 2
0.5 1.5 2
0 1.5 2
0.5 1 1.5
1 1 1.5
1 1.5 1.5
0.5 1.5 1.5
0.5 1 2
1 1 2
1 1.5 2
0.5 1.5 2
1 1 1.5
1.5 1 1.5
1.5 1.5 1.5
1 1.5 1.5
1 1 2
1.5 1 2
1.5 1.5 2
1 1.5 2
1.5 1 1.5
2 1 1.5
2 1.5 1.5
1.5 1.5 1.5
1.5 1 2
2 1 2
2 1.5 2
1.5 1.5 2
2 1 1.5
2.5 1 1.5
2.5 1.5 1.5
2 1.5 1.5
2 1 2
2.5 1 2
2.5 1.5 2
2 1.5 2
2.5 1 1.5
3 1 1.5
3 1.5 1.5
2.5 1.5 1.5
2.5 1 2
3 1 2
3 1.5 2
2.5 1.5 2
3 1 1.5
3.5 1 1.5
3.5 1.5 1.5
3 1.5 1.5
3 1 2
3.5 1 2
3.5 1.5 2
3 1.5 2
3.5 1 1.5
4 1 1.5
4 1.5 1.5
3.5 1.5 1.5
3.5 1 2
4 1 2
4 1.5 2
3.5 1.5 2
4 1 1.5
4.5 1 1.5
4.5 1.5 1.5
4 1.5 1.5
4 1 2
4.5 1 2
4.5 1.5 2
4 1.5 2
4.5 1 1.5
5 1 1.5
5 1.5 1.5
4.5 1.5 1.5
4.5 1 2
5 1 2
5 1.5 2
4.5 1.5 2
5 1 1.5
5.5 1 1.5
5.5 1.5 1.5
5 1.5 1.5
5 1 2
5.5 1 2
5.5 1.5 2
5 1.5 2
5.5 1 1.5
6 1 1.5
6 1.5 1.5
5.5 1.5 1.5
5.5 1 2
6 1 2
6 1.5 2
5.5 1.5 2
6 1 1.5
6.5 1 1.5
6.5 1.5 1.5
6 1.5 1.5
6 1 2
6.5 1 2
6.5 1.5 2
6 1.5 2
6.5 1 1.5
7 1 1.5
7 1.5 1.5
6.5 1.5 1.5
6.5 1 2
7 1 2
7 1.5 2
6.5 1.5 2
7 1 1.5
7.5 1 1.5
7.5 1.5 1.5
7 1.5 1.5
7 1 2
7.5 1 2
7.5 1.5 2
7 1.5 2
7.5 1 1.5
8 1 1.5
8 1.5 1.5
7.5 1.5 1.5
7.5 1 2
8 1 2
8 1.5 2
7.5 1.5 2
8 1 1.5
8.5 1 1.5
8.5 1.5 1.5
8 1.5 1.5
8 1 2
8.5 1 2
8.5 1.5 2
8 1.5 2
8.5 1 1.5
9 1 1.5
9 1.5 1.5
8.5 1.5 1.5
8.5 1 2
9 1 2
9 1.5 2
8.5 1.5 2
9 1 1.5
9.5 1 1.5
9.5 1.5 1.5
9 1.5 1.5
9 1 2
9.5 1 2
9.5 1.5 2
9 1.5 2
9.5 1 1.5
10 1 1.5
10 1.5 1.5
9.5 1.5 1.5
9.5 1 2
10 1 2
10 1.5 2
9.5 1.5 2
0 1.5 1.5
0.5 1.5 1.5
0.5 2 1.5
0 2 1.5
0 1.5 2
0.5 1.5 2
0.5 2 2
0 2 2
0.5 1.5 1.5
1 1.5 1.5
1 2 1.5
0.5 2 1.5
0.5 1.5 2
1 1.5 2
1 2 2
0.5 2 2
1 1.5 1.5
1.5 1.5 1.5
1.5 2 1.5
1 2 1.5
1 1.5 2
1.5 1.5 2
1.5 2 2
1 2 2
1.5 1.5 1.5
2 1.5 1.5
2 2 1.5
1.5 2 1.5
1.5 1.5 2
2 1.5 2
2 2 2
1.5 2 2
2 1.5 1.5
2.5 1.5 1.5
2.5 2 1.5
2 2 1.5
2 1.5 2
2.5 1.5 2
2.5 2 2
2 2 2
2.5 1.5 1.5
3 1.5 1.5
3 2 1.5
2.5 2 1.5
2.5 1.5 2
3 1.5 2
3 2 2
2.5 2 2
3 1.5 1.5
3.5 1.5 1.5
3.5 2 1.5
3 2 1.5
3 1.5 2
3.5 1.5 2
3.5 2 2
3 2 2
3.5 1.5 1.5
4 1.5 1.5
4 2 1.5
3.5 2 1.5
3.5 1.5 2
4 1.5 2
4 2 2
3.5 2 2
4 1.5 1.5
4.5 1.5 1.5
4.5 2 1.5
4 2 1.5
4 1.5 2
4.5 1.5 2
4.5 2 2
4 2 2
4.5 1.5 1.5
5 1.5 1.5
5 2 1.5
4.5 2 1.5
4.5 1.5 2
5 1.5 2
5 2 2
4.5 2 2
5 1.5 1.5
5.5 1.5 1.5
5.5 2 1.5
5 2 1.5
5 1.5 2
5.5 1.5 2
5.5 2 2
5 2 2
5.5 1.5 1.5
6 1.5 1.5
6 2 1.5
5.5 2 1.5
5.5 1.5 2
6 1.5 2
6 2 2
5.5 2 2
6 1.5 1.5
6.5 1.5 1.5
6.5 2 1.5
6 2 1.5
6 1.5 2
6.5 1.5 2
6.5 2 2
6 2 2
6.5 1.5 1.5
7 1.5 1.5
7 2 1.5
6.5 2 1.5
6.5 1.5 2
7 1.5 2
7 2 2
6.5 2 2
7 1.5 1.5
7.5 1.5 1.5
7.5 2 1.5
7 2 1.5
7 1.5 2
7.5 1.5 2
7.5 2 2
7 2 2
7.5 1.5 1.5
8 1.5 1.5
8 2 1.5
7.5 2 1.5
7.5 1.5 2
8 1.5 2
8 2 2
7.5 2 2
8 1.5 1.5
8.5 1.5 1.5
8.5 2 1.5
8 2 1.5
8 1.5 2
8.5 1.5 2
8.5 2 2
8 2 2
8.5 1.5 1.5
9 1.5 1.5
9 2 1.5
8.5 2 1.5
8.5 1.5 2
9 1.5 2
9 2 2
8.5 2 2
9 1.5 1.5
9.5 1.5 1.5
9.5 2 1.5
9 2 1.5
9 1.5 2
9.5 1.5 2
9.5 2 2
9 2 2
9.5 1.5 1.5
10 1.5 1.5
10 2 1.5
9.5 2 1.5
9.5 1.5 2
10 1.5 2
10 2 2
9.5 2 2
0 2 1.5
0.5 2 1.5
0.5 2.5 1.5
0 2.5 1.5
0 2 2
0.5 2 2
0.5 2.5 2
0 2.5 2
0.5 2 1.5
1 2 1.5
1 2.5 1.5
0.5 2.5 1.5
0.5 2 2
1 2 2
1 2.5 2
0.5 2.5 2
1 2 1.5
1.5 2 1.5
1.5 2.5 1.5
1 2.5 1.5
1 2 2
1.5 2 2
1.5 2.5 2
1 2.5 2
1.5 2 1.5
2 2 1.5
2 2.5 1.5
1.5 2.5 1.5
1.5 2 2
2 2 2
2 2.5 2
1.5 2.5 2
2 2 1.5
2.5 2 1.5
2.5 2.5 1.5
2 2.5 1.5
2 2 2
2.5 2 2
2.5 2.5 2
2 2.5 2
2.5 2 1.5
3 2 1.5
3 2.5 1.5
2.5 2.5 1.5
2.5 2 2
3 2 2
3 2.5 2
2.5 2.5 2
3 2 1.5
3.5 2 1.5
3.5 2.5 1.5
3 2.5 1.5
3 2 2
3.5 2 2
3.5 2.5 2
3 2.5 2
3.5 2 1.5
4 2 1.5
4 2.5 1.5
3.5 2.5 1.5
3.5 2 2
4 2 2
4 2.5 2
3.5 2.5 2
4 2 1.5
4.5 2 1.5
4.5 2.5 1.5
4 2.5 1.5
4 2 2
4.5 2 2
4.5 2.5 2
4 2.5 2
4.5 2 1.5
5 2 1.5
5 2.5 1.5
4.5 2.5 1.5
4.5 2 2
5 2 2
5 2.5 2
4.5 2.5 2
5 2 1.5
5.5 2 1.5
5.5 2.5 1.5
5 2.5 1.5
5 2 2
5.5 2 2
5.5 2.5 2
5 2.5 2
5.5 2 1.5
6 2 1.5
6 2.5 1.5
5.5 2.5 1.5
5.5 2 2
6 2 2
6 2.5 2
5.5 2.5 2
6 2 1.5
6.5 2 1.5
6.5 2.5 1.5
6 2.5 1.5
6 2 2
6.5 2 2
6.5 2.5 2
6 2.5 2
6.5 2 1.5
7 2 1.5
7 2.5 1.5
6.5 2.5 1.5
6.5 2 2
7 2 2
7 2.5 2
6.5 2.5 2
7 2 1.5
7.5 2 1.5
7.5 2.5 1.5
7 2.5 1.5
7 2 2
7.5 2 2
7.5 2.5 2
7 2.5 2
7.5 2 1.5
8 2 1.5
8 2.5 1.5
7.5 2.5 1.5
7.5 2 2
8 2 2
8 2.5 2
7.5 2.5 2
8 2 1.5
8.5 2 1.5
8.5 2.5 1.5
8 2.5 1.5
8 2 2
8.5 2 2
8.5 2.5 2
8 2.5 2
8.5 2 1.5
9 2 1.5
9 2.5 1.5
8.5 2.5 1.5
8.5 2 2
9 2 2
9 2.5 2
8.5 2.5 2
9 2 1.5
9.5 2 1.5
9.5 2.5 1.5
9 2.5 1.5
9 2 2
9.5 2 2
9.5 2.5 2
9 2.5 2
9.5 2 1.5
10 2 1.5
10 2.5 1.5
9.5 2.5 1.5
9.5 2 2
10 2 2
10 2.5 2
9.5 2.5 2
0 2.5 1.5
0.5 2.5 1.5
0.5 3 1.5
0 3 1.5
0 2.5 2
0.5 2.5 2
0.5 3 2
0 3 2
0.5 2.5 1.5
1 2.5 1.5
1 3 1.5
0.5 3 1.5
0.5 2.5 2
1 2.5 2
1 3 2
0.5 3 2
1 2.5 1.5
1.5 2.5 1.5
1.5 3 1.5
1 3 1.5
1 2.5 2
1.5 2.5 2
1.5 3 2
1 3 2
1.5 2.5 1.5
2 2.5 1.5
2 3 1.5
1.5 3 1.5
1.5 2.5 2
2 2.5 2
2 3 2
1.5 3 2
2 2.5 1.5
2.5 2.5 1.5
2.5 3 1.5
2 3 1.5
2 2.5 2
2.5 2.5 2
2.5 3 2
2 3 2
2.5 2.5 1.5
3 2.5 1.5
3 3 1.5
2.5 3 1.5
2.5 2.5 2
3 2.5 2
3 3 2
2.5 3 2
3 2.5 1.5
3.5 2.5 1.5
3.5 3 1.5
3 3 1.5
3 2.5 2
3.5 2.5 2
3.5 3 2
3 3 2
3.5 2.5 1.5
4 2.5 1.5
4 3 1.5
3.5 3 1.5
3.5 2.5 2
4 2.5 2
4 3 2
3.5 3 2
4 2.5 1.5
4.5 2.5 1.5
4.5 3 1.5
4 3 1.5
4 2.5 2
4.5 2.5 2
4.5 3 2
4 3 2
4.5 2.5 1.5
5 2.5 1.5
5 3 1.5
4.5 3 1.5
4.5 2.5 2
5 2.5 2
5 3 2
4.5 3 2
5 2.5 1.5
5.5 2.5 1.5
5.5 3 1.5
5 3 1.5
5 2.5 2
5.5 2.5 2
5.5 3 2
5 3 2
5.5 2.5 1.5
6 2.5 1.5
6 3 1.5
5.5 3 1.5
5.5 2.5 2
6 2.5 2
6 3 2
5.5 3 2
6 2.5 1.5
6.5 2.5 1.5
6.5 3 1.5
6 3 1.5
6 2.5 2
6.5 2.5 2
6.5 3 2
6 3 2
6.5 2.5 1.5
7 2.5 1.5
7 3 1.5
6.5 3 1.5
6.5 2.5 2
7 2.5 2
7 3 2
6.5 3 2
7 2.5 1.5
7.5 2.5 1.5
7.5 3 1.5
7 3 1.5
7 2.5 2
7.5 2.5 2
7.5 3 2
7 3 2
7.5 2.5 1.5
8 2.5 1.5
8 3 1.5
7.5 3 1.5
7.5 2.5 2
8 2.5 2
8 3 2
7.5 3 2
8 2.5 1.5
8.5 2.5 1.5
8.5 3 1.5
8 3 1.5
8 2.5 2
8.5 2.5 2
8.5 3 2
8 3 2
8.5 2.5 1.5
9 2.5 1.5
9 3 1.5
8.5 3 1.5
8.5 2.5 2
9 2.5 2
9 3 2
8.5 3 2
9 2.5 1.5
9.5 2.5 1.5
9.5 3 1.5
9 3 1.5
9 2.5 2
9.5 2.5 2
9.5 3 2
9 3 2
9.5 2.5 1.5
10 2.5 1.5
10 3 1.5
9.5 3 1.5
9.5 2.5 2
10 2.5 2
10 3 2
9.5 3 2
0 3 1.5
0.5 3 1.5
0.5 3.5 1.5
0 3.5 1.5
0 3 2
0.5 3 2
0.5 3.5 2
0 3.5 2
0.5 3 1.5
1 3 1.5
1 3.5 1.5
0.5 3.5 1.5
0.5 3 2
1 3 2
1 3.5 2
0.5 3.5 2
1 3 1.5
1.5 3 1.5
1.5 3.5 1.5
1 3.5 1.5
1 3 2
1.5 3 2
1.5 3.5 2
1 3.5 2
1.5 3 1.5
2 3 1.5
2 3.5 1.5
1.5 3.5 1.5
1.5 3 2
2 3 2
2 3.5 2
1.5 3.5 2
2 3 1.5
2.5 3 1.5
2.5 3.5 1.5
2 3.5 1.5
2 3 2
2.5 3 2
2.5 3.5 2
2 3.5 2
2.5 3 1.5
3 3 1.5
3 3.5 1.5
2.5 3.5 1.5
2.5 3 2
3 3 2
3 3.5 2
2.5 3.5 2
3 3 1.5
3.5 3 1.5
3.5 3.5 1.5
3 3.5 1.5
3 3 2
3.5 3 2
3.5 3.5 2
3 3.5 2
3.5 3 1.5
4 3 1.5
4 3.5 1.5
3.5 3.5 1.5
3.5 3 2
4 3 2
4 3.5 2
3.5 3.5 2
4 3 1.5
4.5 3 1.5
4.5 3.5 1.5
4 3.5 1.5
4 3 2
4.5 3 2
4.5 3.5 2
4 3.5 2
4.5 3 1.5
5 3 1.5
5 3.5 1.5
4.5 3.5 1.5
4.5 3 2
5 3 2
5 3.5 2
4.5 3.5 2
5 3 1.5
5.5 3 1.5
5.5 3.5 1.5
5 3.5 1.5
5 3 2
5.5 3 2
5.5 3.5 2
5 3.5 2
5.5 3 1.5
6 3 1.5
6 3.5 1.5
5.5 3.5 1.5
5.5 3 2
6 3 2
6 3.5 2
5.5 3.5 2
6 3 1.5
6.5 3 1.5
6.5 3.5 1.5
6 3.5 1.5
6 3 2
6.5 3 2
6.5 3.5 2
6 3.5 2
6.5 3 1.5
7 3 1.5
7 3.5 1.5
6.5 3.5 1.5
6.5 3 2
7 3 2
7 3.5 2
6.5 3.5 2
7 3 1.5
7.5 3 1.5
7.5 3.5 1.5
7 3.5 1.5
7 3 2
7.5 3 2
7.5 3.5 2
7 3.5 2
7.5 3 1.5
8 3 1.5
8 3.5 1.5
7.5 3.5 1.5
7.5 3 2
8 3 2
8 3.5 2
7.5 3.5 2
8 3 1.5
8.5 3 1.5
8.5 3.5 1.5
8 3.5 1.5
8 3 2
8.5 3 2
8.5 3.5 2
8 3.5 2
8.5 3 1.5
9 3 1.5
9 3.5 1.5
8.5 3.5 1.5
8.5 3 2
9 3 2
9 3.5 2
8.5 3.5 2
9 3 1.5
9.5 3 1.5
9.5 3.5 1.5
9 3.5 1.5
9 3 2
9.5 3 2
9.5 3.5 2
9 3.5 2
9.5 3 1.5
10 3 1.5
10 3.5 1.5
9.5 3.5 1.5
9.5 3 2
10 3 2
10 3.5 2
9.5 3.5 2
0 3.5 1.5
0.5 3.5 1.5
0.5 4 1.5
0 4 1.5
0 3.5 2
0.5 3.5 2
0.5 4 2
0 4 2
0.5 3.5 1.5
1 3.5 1.5
1 4 1.5
0.5 4 1.5
0.5 3.5 2
1 3.5 2
1 4 2
0.5 4 2
1 3.5 1.5
1.5 3.5 1.5
1.5 4 1.5
1 4 1.5
1 3.5 2
1.5 3.5 2
1.5 4 2
1 4 2
1.5 3.5 1.5
2 3.5 1.5
2 4 1.5
1.5 4 1.5
1.5 3.5 2
2 3.5 2
2 4 2
1.5 4 2
2 3.5 1.5
2.5 3.5 1.5
2.5 4 1.5
2 4 1.5
2 3.5 2
2.5 3.5 2
2.5 4 2
2 4 2
2.5 3.5 1.5
3 3.5 1.5
3 4 1.5
2.5 4 1.5
2.5 3.5 2
3 3.5 2
3 4 2
2.5 4 2
3 3.5 1.5
3.5 3.5 1.5
3.5 4 1.5
3 4 1.5
3 3.5 2
3.5 3.5 2
3.5 4 2
3 4 2
3.5 3.5 1.5
4 3.5 1.5
4 4 1.5
3.5 4 1.5
3.5 3.5 2
4 3.5 2
4 4 2
3.5 4 2
4 3.5 1.5
4.5 3.5 1.5
4.5 4 1.5
4 4 1.5
4 3.5 2
4.5 3.5 2
4.5 4 2
4 4 2
4.5 3.5 1.5
5 3.5 1.5
5 4 1.5
4.5 4 1.5
4.5 3.5 2
5 3.5 2
5 4 2
4.5 4 2
5 3.5 1.5
5.5 3.5 1.5
5.5 4 1.5
5 4 1.5
5 3.5 2
5.5 3.5 2
5.5 4 2
5 4 2
5.5 3.5 1.5
6 3.5 1.5
6 4 1.5
5.5 4 1.5
5.5 3.5 2
6 3.5 2
6 4 2
5.5 4 2
6 3.5 1.5
6.5 3.5 1.5
6.5 4 1.5
6 4 1.5
6 3.5 2
6.5 3.5 2
6.5 4 2
6 4 2
6.5 3.5 1.5
7 3.5 1.5
7 4 1.5
6.5 4 1.5
6.5 3.5 2
7 3.5 2
7 4 2
6.5 4 2
7 3.5 1.5
7.5 3.5 1.5
7.5 4 1.5
7 4 1.5
7 3.5 2
7.5 3.5 2
7.5 4 2
7 4 2
7.5 3.5 1.5
8 3.5 1.5
8 4 1.5
7.5 4 1.5
7.5 3.5 2
8 3.5 2
8 4 2
7.5 4 2
8 3.5 1.5
8.5 3.5 1.5
8.5 4 1.5
8 4 1.5
8 3.5 2
8.5 3.5 2
8.5 4 2
8 4 2
8.5 3.5 1.5
9 3.5 1.5
9 4 1.5
8.5 4 1.5
8.5 3.5 2
9 3.5 2
9 4 2
8.5 4 2
9 3.5 1.5
9.5 3.5 1.5
9.5 4 1.5
9 4 1.5
9 3.5 2
9.5 3.5 2
9.5 4 2
9 4 2
9.5 3.5 1.5
10 3.5 1.5
10 4 1.5
9.5 4 1.5
9.5 3.5 2
10 3.5 2
10 4 2
9.5 4 2
0 4 1.5
0.5 4 1.5
0.5 4.5 1.5
0 4.5 1.5
0 4 2
0.5 4 2
0.5 4.5 2
0 4.5 2
0.5 4 1.5
1 4 1.5
1 4.5 1.5
0.5 4.5 1.5
0.5 4 2
1 4 2
1 4.5 2
0.5 4.5 2
1 4 1.5
1.5 4 1.5
1.5 4.5 1.5
1 4.5 1.5
1 4 2
1.5 4 2
1.5 4.5 2
1 4.5 2
1.5 4 1.5
2 4 1.5
2 4.5 1.5
1.5 4.5 1.5
1.5 4 2
2 4 2
2 4.5 2
1.5 4.5 2
2 4 1.5
2.5 4 1.5
2.5 4.5 1.5
2 4.5 1.5
2 4 2
2.5 4 2
2.5 4.5 2
2 4.5 2
2.5 4 1.5
3 4 1.5
3 4.5 1.5
2.5 4.5 1.5
2.5 4 2
3 4 2
3 4.5 2
2.5 4.5 2
3 4 1.5
3.5 4 1.5
3.5 4.5 1.5
3 4.5 1.5
3 4 2
3.5 4 2
3.5 4.5 2
3 4.5 2
3.5 4 1.5
4 4 1.5
4 4.5 1.5
3.5 4.5 1.5
3.5 4 2
4 4 2
4 4.5 2
3.5 4.5 2
4 4 1.5
4.5 4 1.5
4.5 4.5 1.5
4 4.5 1.5
4 4 2
4.5 4 2
4.5 4.5 2
4 4.5 2
4.5 4 1.5
5 4 1.5
5 4.5 1.5
4.5 4.5 1.5
4.5 4 2
5 4 2
5 4.5 2
4.5 4.5 2
5 4 1.5
5.5 4 1.5
5.5 4.5 1.5
5 4.5 1.5
5 4 2
5.5 4 2
5.5 4.5 2
5 4.5 2
5.5 4 1.5
6 4 1.5
6 4.5 1.5
5.5 4.5 1.5
5.5 4 2
6 4 2
6 4.5 2
5.5 4.5 2
6 4 1.5
6.5 4 1.5
6.5 4.5 1.5
6 4.5 1.5
6 4 2
6.5 4 2
6.5 4.5 2
6 4.5 2
6.5 4 1.5
7 4 1.5
7 4.5 1.5
6.5 4.5 1.5
6.5 4 2
7 4 2
7 4.5 2
6.5 4.5 2
7 4 1.5
7.5 4 1.5
7.5 4.5 1.5
7 4.5 1.5
7 4 2
7.5 4 2
7.5 4.5 2
7 4.5 2
7.5 4 1.5
8 4 1.5
8 4.5 1.5
7.5 4.5 1.5
7.5 4 2
8 4 2
8 4.5 2
7.5 4.5 2
8 4 1.5
8.5 4 1.5
8.5 4.5 1.5
8 4.5 1.5
8 4 2
8.5 4 2
8.5 4.5 2
8 4.5 2
8.5 4 1.5
9 4 1.5
9 4.5 1.5
8.5 4.5 1.5
8.5 4 2
9 4 2
9 4.5 2
8.5 4.5 2
9 4 1.5
9.5 4 1.5
9.5 4.5 1.5
9 4.5 1.5
9 4 2
9.5 4 2
9.5 4.5 2
9 4.5 2
9.5 4 1.5
10 4 1.5
10 4.5 1.5
9.5 4.5 1.5
9.5 4 2
10 4 2
10 4.5 2
9.5 4.5 2
0 4.5 1.5
0.5 4.5 1.5
0.5 5 1.5
0 5 1.5
0 4.5 2
0.5 4.5 2
0.5 5 2
0 5 2
0.5 4.5 1.5
1 4.5 1.5
1 5 1.5
0.5 5 1.5
0.5 4.5 2
1 4.5 2
1 5 2
0.5 5 2
1 4.5 1.5
1.5 4.5 1.5
1.5 5 1.5
1 5 1.5
1 4.5 2
1.5 4.5 2
1.5 5 2
1 5 2
1.5 4.5 1.5
2 4.5 1.5
2 5 1.5
1.5 5 1.5
1.5 4.5 2
2 4.5 2
2 5 2
1.5 5 2
2 4.5 1.5
2.5 4.5 1.5
2.5 5 1.5
2 5 1.5
2 4.5 2
2.5 4.5 2
2.5 5 2
2 5 2
2.5 4.5 1.5
3 4.5 1.5
3 5 1.5
2.5 5 1.5
2.5 4.5 2
3 4.5 2
3 5 2
2.5 5 2
3 4.5 1.5
3.5 4.5 1.5
3.5 5 1.5
3 5 1.5
3 4.5 2
3.5 4.5 2
3.5 5 2
3 5 2
3.5 4.5 1.5
4 4.5 1.5
4 5 1.5
3.5 5 1.5
3.5 4.5 2
4 4.5 2
4 5 2
3.5 5 2
4 4.5 1.5
4.5 4.5 1.5
4.5 5 1.5
4 5 1.5
4 4.5 2
4.5 4.5 2
4.5 5 2
4 5 2
4.5 4.5 1.5
5 4.5 1.5
5 5 1.5
4.5 5 1.5
4.5 4.5 2
5 4.5 2
5 5 2
4.5 5 2
5 4.5 1.5
5.5 4.5 1.5
5.5 5 1.5
5 5 1.5
5 4.5 2
5.5 4.5 2
5.5 5 2
5 5 2
5.5 4.5 1.5
6 4.5 1.5
6 5 1.5
5.5 5 1.5
5.5 4.5 2
6 4.5 2
6 5 2
5.5 5 2
6 4.5 1.5
6.5 4.5 1.5
6.5 5 1.5
6 5 1.5
6 4.5 2
6.5 4.5 2
6.5 5 2
6 5 2
6.5 4.5 1.5
7 4.5 1.5
7 5 1.5
6.5 5 1.5
6.5 4.5 2
7 4.5 2
7 5 2
6.5 5 2
7 4.5 1.5
7.5 4.5 1.5
7.5 5 1.5
7 5 1.5
7 4.5 2
7.5 4.5 2
7.5 5 2
7 5 2
7.5 4.5 1.5
8 4.5 1.5
8 5 1.5
7.5 5 1.5
7.5 4.5 2
8 4.5 2
8 5 2
7.5 5 2
8 4.5 1.5
8.5 4.5 1.5
8.5 5 1.5
8 5 1.5
8 4.5 2
8.5 4.5 2
8.5 5 2
8 5 2
8.5 4.5 1.5
9 4.5 1.5
9 5 1.5
8.5 5 1.5
8.5 4.5 2
9 4.5 2
9 5 2
8.5 5 2
9 4.5 1.5
9.5 4.5 1.5
9.5 5 1.5
9 5 1.5
9 4.5 2
9.5 4.5 2
9.5 5 2
9 5 2
9.5 4.5 1.5
10 4.5 1.5
10 5 1.5
9.5 5 1.5
9.5 4.5 2
10 4.5 2
10 5 2
9.5 5 2
0 5 1.5
0.5 5 1.5
0.5 5.5 1.5
0 5.5 1.5
0 5 2
0.5 5 2
0.5 5.5 2
0 5.5 2
0.5 5 1.5
1 5 1.5
1 5.5 1.5
0.5 5.5 1.5
0.5 5 2
1 5 2
1 5.5 2
0.5 5.5 2
1 5 1.5
1.5 5 1.5
1.5 5.5 1.5
1 5.5 1.5
1 5 2
1.5 5 2
1.5 5.5 2
1 5.5 2
1.5 5 1.5
2 5 1.5
2 5.5 1.5
1.5 5.5 1.5
1.5 5 2
2 5 2
2 5.5 2
1.5 5.5 2
2 5 1.5
2.5 5 1.5
2.5 5.5 1.5
2 5.5 1.5
2 5 2
2.5 5 2
2.5 5.5 2
2 5.5 2
2.5 5 1.5
3 5 1.5
3 5.5 1.5
2.5 5.5 1.5
2.5 5 2
3 5 2
3 5.5 2
2.5 5.5 2
3 5 1.5
3.5 5 1.5
3.5 5.5 1.5
3 5.5 1.5
3 5 2
3.5 5 2
3.5 5.5 2
3 5.5 2
3.5 5 1.5
4 5 1.5
4 5.5 1.5
3.5 5.5 1.5
3.5 5 2
4 5 2
4 5.5 2
3.5 5.5 2
4 5 1.5
4.5 5 1.5
4.5 5.5 1.5
4 5.5 1.5
4 5 2
4.5 5 2
4.5 5.5 2
4 5.5 2
4.5 5 1.5
5 5 1.5
5 5.5 1.5
4.5 5.5 1.5
4.5 5 2
5 5 2
5 5.5 2
4.5 5.5 2
5 5 1.5
5.5 5 1.5
5.5 5.5 1.5
5 5.5 1.5
5 5 2
5.5 5 2
5.5 5.5 2
5 5.5 2
5.5 5 1.5
6 5 1.5
6 5.5 1.5
5.5 5.5 1.5
5.5 5 2
6 5 2
6 5.5 2
5.5 5.5 2
6 5 1.5
6.5 5 1.5
6.5 5.5 1.5
6 5.5 1.5
6 5 2
6.5 5 2
6.5 5.5 2
6 5.5 2
6.5 5 1.5
7 5 1.5
7 5.5 1.5
6.5 5.5 1.5
6.5 5 2
7 5 2
7 5.5 2
6.5 5.5 2
7 5 1.5
7.5 5 1.5
7.5 5.5 1.5
7 5.5 1.5
7 5 2
7.5 5 2
7.5 5.5 2
7 5.5 2
7.5 5 1.5
8 5 1.5
8 5.5 1.5
7.5 5.5 1.5
7.5 5 2
8 5 2
8 5.5 2
7.5 5.5 2
8 5 1.5
8.5 5 1.5
8.5 5.5 1.5
8 5.5 1.5
8 5 2
8.5 5 2
8.5 5.5 2
8 5.5 2
8.5 5 1.5
9 5 1.5
9 5.5 1.5
8.5 5.5 1.5
8.5 5 2
9 5 2
9 5.5 2
8.5 5.5 2
9 5 1.5
9.5 5 1.5
9.5 5.5 1.5
9 5.5 1.5
9 5 2
9.5 5 2
9.5 5.5 2
9 5.5 2
9.5 5 1.5
10 5 1.5
10 5.5 1.5
9.5 5.5 1.5
9.5 5 2
10 5 2
10 5.5 2
9.5 5.5 2
0 5.5 1.5
0.5 5.5 1.5
0.5 6 1.5
0 6 1.5
0 5.5 2
0.5 5.5 2
0.5 6 2
0 6 2
0.5 5.5 1.5
1 5.5 1.5
1 6 1.5
0.5 6 1.5
0.5 5.5 2
1 5.5 2
1 6 2
0.5 6 2
1 5.5 1.5
1.5 5.5 1.5
1.5 6 1.5
1 6 1.5
1 5.5 2
1.5 5.5 2
1.5 6 2
1 6 2
1.5 5.5 1.5
2 5.5 1.5
2 6 1.5
1.5 6 1.5
1.5 5.5 2
2 5.5 2
2 6 2
1.5 6 2
2 5.5 1.5
2.5 5.5 1.5
2.5 6 1.5
2 6 1.5
2 5.5 2
2.5 5.5 2
2.5 6 2
2 6 2
2.5 5.5 1.5
3 5.5 1.5
3 6 1.5
2.5 6 1.5
2.5 5.5 2
3 5.5 2
3 6 2
2.5 6 2
3 5.5 1.5
3.5 5.5 1.5
3.5 6 1.5
3 6 1.5
3 5.5 2
3.5 5.5 2
3.5 6 2
3 6 2
3.5 5.5 1.5
4 5.5 1.5
4 6 1.5
3.5 6 1.5
3.5 5.5 2
4 5.5 2
4 6 2
3.5 6 2
4 5.5 1.5
4.5 5.5 1.5
4.5 6 1.5
4 6 1.5
4 5.5 2
4.5 5.5 2
4.5 6 2
4 6 2
4.5 5.5 1.5
5 5.5 1.5
5 6 1.5
4.5 6 1.5
4.5 5.5 2
5 5.5 2
5 6 2
4.5 6 2
5 5.5 1.5
5.5 5.5 1.5
5.5 6 1.5
5 6 1.5
5 5.5 2
5.5 5.5 2
5.5 6 2
5 6 2
5.5 5.5 1.5
6 5.5 1.5
6 6 1.5
5.5 6 1.5
5.5 5.5 2
6 5.5 2
6 6 2
5.5 6 2
6 5.5 1.5
6.5 5.5 1.5
6.5 6 1.5
6 6 1.5
6 5.5 2
6.5 5.5 2
6.5 6 2
6 6 2
6.5 5.5 1.5
7 5.5 1.5
7 6 1.5
6.5 6 1.5
6.5 5.5 2
7 5.5 2
7 6 2
6.5 6 2
7 5.5 1.5
7.5 5.5 1.5
7.5 6 1.5
7 6 1.5
7 5.5 2
7.5 5.5 2
7.5 6 2
7 6 2
7.5 5.5 1.5
8 5.5 1.5
8 6 1.5
7.5 6 1.5
7.5 5.5 2
8 5.5 2
8 6 2
7.5 6 2
8 5.5 1.5
8.5 5.5 1.5
8.5 6 1.5
8 6 1.5
8 5.5 2
8.5 5.5 2
8.5 6 2
8 6 2
8.5 5.5 1.5
9 5.5 1.5
9 6 1.5
8.5 6 1.5
8.5 5.5 2
9 5.5 2
9 6 2
8.5 6 2
9 5.5 1.5
9.5 5.5 1.5
9.5 6 1.5
9 6 1.5
9 5.5 2
9.5 5.5 2
9.5 6 2
9 6 2
9.5 5.5 1.5
10 5.5 1.5
10 6 1.5
9.5 6 1.5
9.5 5.5 2
10 5.5 2
10 6 2
9.5 6 2
0 6 1.5
0.5 6 1.5
0.5 6.5 1.5
0 6.5 1.5
0 6 2
0.5 6 2
0.5 6.5 2
0 6.5 2
0.5 6 1.5
1 6 1.5
1 6.5 1.5
0.5 6.5 1.5
0.5 6 2
1 6 2
1 6.5 2
0.5 6.5 2
1 6 1.5
1.5 6 1.5
1.5 6.5 1.5
1 6.5 1.5
1 6 2
1.5 6 2
1.5 6.5 2
1 6.5 2
1.5 6 1.5
2 6 1.5
2 6.5 1.5
1.5 6.5 1.5
1.5 6 2
2 6 2
2 6.5 2
1.5 6.5 2
2 6 1.5
2.5 6 1.5
2.5 6.5 1.5
2 6.5 1.5
2 6 2
2.5 6 2
2.5 6.5 2
2 6.5 2
2.5 6 1.5
3 6 1.5
3 6.5 1.5
2.5 6.5 1.5
2.5 6 2
3 6 2
3 6.5 2
2.5 6.5 2
3 6 1.5
3.5 6 1.5
3.5 6.5 1.5
3 6.5 1.5
3 6 2
3.5 6 2
3.5 6.5 2
3 6.5 2
3.5 6 1.5
4 6 1.5
4 6.5 1.5
3.5 6.5 1.5
3.5 6 2
4 6 2
4 6.5 2
3.5 6.5 2
4 6 1.5
4.5 6 1.5
4.5 6.5 1.5
4 6.5 1.5
4 6 2
4.5 6 2
4.5 6.5 2
4 6.5 2
4.5 6 1.5
5 6 1.5
5 6.5 1.5
4.5 6.5 1.5
4.5 6 2
5 6 2
5 6.5 2
4.5 6.5 2
5 6 1.5
5.5 6 1.5
5.5 6.5 1.5
5 6.5 1.5
5 6 2
5.5 6 2
5.5 6.5 2
5 6.5 2
5.5 6 1.5
6 6 1.5
6 6.5 1.5
5.5 6.5 1.5
5.5 6 2
6 6 2
6 6.5 2
5.5 6.5 2
6 6 1.5
6.5 6 1.5
6.5 6.5 1.5
6 6.5 1.5
6 6 2
6.5 6 2
6.5 6.5 2
6 6.5 2
6.5 6 1.5
7 6 1.5
7 6.5 1.5
6.5 6.5 1.5
6.5 6 2
7 6 2
7 6.5 2
6.5 6.5 2
7 6 1.5
7.5 6 1.5
7.5 6.5 1.5
7 6.5 1.5
7 6 2
7.5 6 2
7.5 6.5 2
7 6.5 2
7.5 6 1.5
8 6 1.5
8 6.5 1.5
7.5 6.5 1.5
7.5 6 2
8 6 2
8 6.5 2
7.5 6.5 2
8 6 1.5
8.5 6 1.5
8.5 6.5 1.5
8 6.5 1.5
8 6 2
8.5 6 2
8.5 6.5 2
8 6.5 2
8.5 6 1.5
9 6 1.5
9 6.5 1.5
8.5 6.5 1.5
8.5 6 2
9 6 2
9 6.5 2
8.5 6.5 2
9 6 1.5
9.5 6 1.5
9.5 6.5 1.5
9 6.5 1.5
9 6 2
9.5 6 2
9.5 6.5 2
9 6.5 2
9.5 6 1.5
10 6 1.5
10 6.5 1.5
9.5 6.5 1.5
9.5 6 2
10 6 2
10 6.5 2
9.5 6.5 2
0 6.5 1.5
0.5 6.5 1.5
0.5 7 1.5
0 7 1.5
0 6.5 2
0.5 6.5 2
0.5 7 2
0 7 2
0.5 6.5 1.5
1 6.5 1.5
1 7 1.5
0.5 7 1.5
0.5 6.5 2
1 6.5 2
1 7 2
0.5 7 2
1 6.5 1.5
1.5 6.5 1.5
1.5 7 1.5
1 7 1.5
1 6.5 2
1.5 6.5 2
1.5 7 2
1 7 2
1.5 6.5 1.5
2 6.5 1.5
2 7 1.5
1.5 7 1.5
1.5 6.5 2
2 6.5 2
2 7 2
1.5 7 2
2 6.5 1.5
2.5 6.5 1.5
2.5 7 1.5
2 7 1.5
2 6.5 2
2.5 6.5 2
2.5 7 2
2 7 2
2.5 6.5 1.5
3 6.5 1.5
3 7 1.5
2.5 7 1.5
2.5 6.5 2
3 6.5 2
3 7 2
2.5 7 2
3 6.5 1.5
3.5 6.5 1.5
3.5 7 1.5
3 7 1.5
3 6.5 2
3.5 6.5 2
3.5 7 2
3 7 2
3.5 6.5 1.5
4 6.5 1.5
4 7 1.5
3.5 7 1.5
3.5 6.5 2
4 6.5 2
4 7 2
3.5 7 2
4 6.5 1.5
4.5 6.5 1.5
4.5 7 1.5
4 7 1.5
4 6.5 2
4.5 6.5 2
4.5 7 2
4 7 2
4.5 6.5 1.5
5 6.5 1.5
5 7 1.5
4.5 7 1.5
4.5 6.5 2
5 6.5 2
5 7 2
4.5 7 2
5 6.5 1.5
5.5 6.5 1.5
5.5 7 1.5
5 7 1.5
5 6.5 2
5.5 6.5 2
5.5 7 2
5 7 2
5.5 6.5 1.5
6 6.5 1.5
6 7 1.5
5.5 7 1.5
5.5 6.5 2
6 6.5 2
6 7 2
5.5 7 2
6 6.5 1.5
6.5 6.5 1.5
6.5 7 1.5
6 7 1.5
6 6.5 2
6.5 6.5 2
6.5 7 2
6 7 2
6.5 6.5 1.5
7 6.5 1.5
7 7 1.5
6.5 7 1.5
6.5 6.5 2
7 6.5 2
7 7 2
6.5 7 2
7 6.5 1.5
7.5 6.5 1.5
7.5 7 1.5
7 7 1.5
7 6.5 2
7.5 6.5 2
7.5 7 2
7 7 2
7.5 6.5 1.5
8 6.5 1.5
8 7 1.5
7.5 7 1.5
7.5 6.5 2
8 6.5 2
8 7 2
7.5 7 2
8 6.5 1.5
8.5 6.5 1.5
8.5 7 1.5
8 7 1.5
8 6.5 2
8.5 6.5 2
8.5 7 2
8 7 2
8.5 6.5 1.5
9 6.5 1.5
9 7 1.5
8.5 7 1.5
8.5 6.5 2
9 6.5 2
9 7 2
8.5 7 2
9 6.5 1.5
9.5 6.5 1.5
9.5 7 1.5
9 7 1.5
9 6.5 2
9.5 6.5 2
9.5 7 2
9 7 2
9.5 6.5 1.5
10 6.5 1.5
10 7 1.5
9.5 7 1.5
9.5 6.5 2
10 6.5 2
10 7 2
9.5 7 2
0 7 1.5
0.5 7 1.5
0.5 7.5 1.5
0 7.5 1.5
0 7 2
0.5 7 2
0.5 7.5 2
0 7.5 2
0.5 7 1.5
1 7 1.5
1 7.5 1.5
0.5 7.5 1.5
0.5 7 2
1 7 2
1 7.5 2
0.5 7.5 2
1 7 1.5
1.5 7 1.5
1.5 7.5 1.5
1 7.5 1.5
1 7 2
1.5 7 2
1.5 7.5 2
1 7.5 2
1.5 7 1.5
2 7 1.5
2 7.5 1.5
1.5 7.5 1.5
1.5 7 2
2 7 2
2 7.5 2
1.5 7.5 2
2 7 1.5
2.5 7 1.5
2.5 7.5 1.5
2 7.5 1.5
2 7 2
2.5 7 2
2.5 7.5 2
2 7.5 2
2.5 7 1.5
3 7 1.5
3 7.5 1.5
2.5 7.5 1.5
2.5 7 2
3 7 2
3 7.5 2
2.5 7.5 2
3 7 1.5
3.5 7 1.5
3.5 7.5 1.5
3 7.5 1.5
3 7 2
3.5 7 2
3.5 7.5 2
3 7.5 2
3.5 7 1.5
4 7 1.5
4 7.5 1.5
3.5 7.5 1.5
3.5 7 2
4 7 2
4 7.5 2
3.5 7.5 2
4 7 1.5
4.5 7 1.5
4.5 7.5 1.5
4 7.5 1.5
4 7 2
4.5 7 2
4.5 7.5 2
4 7.5 2
4.5 7 1.5
5 7 1.5
5 7.5 1.5
4.5 7.5 1.5
4.5 7 2
5 7 2
5 7.5 2
4.5 7.5 2
5 7 1.5
5.5 7 1.5
5.5 7.5 1.5
5 7.5 1.5
5 7 2
5.5 7 2
5.5 7.5 2
5 7.5 2
5.5 7 1.5
6 7 1.5
6 7.5 1.5
5.5 7.5 1.5
5.5 7 2
6 7 2
6 7.5 2
5.5 7.5 2
6 7 1.5
6.5 7 1.5
6.5 7.5 1.5
6 7.5 1.5
6 7 2
6.5 7 2
6.5 7.5 2
6 7.5 2
6.5 7 1.5
7 7 1.5
7 7.5 1.5
6.5 7.5 1.5
6.5 7 2
7 7 2
7 7.5 2
6.5 7.5 2
7 7 1.5
7.5 7 1.5
7.5 7.5 1.5
7 7.5 1.5
7 7 2
7.5 7 2
7.5 7.5 2
7 7.5 2
7.5 7 1.5
8 7 1.5
8 7.5 1.5
7.5 7.5 1.5
7.5 7 2
8 7 2
8 7.5 2
7.5 7.5 2
8 7 1.5
8.5 7 1.5
8.5 7.5 1.5
8 7.5 1.5
8 7 2
8.5 7 2
8.5 7.5 2
8 7.5 2
8.5 7 1.5
9 7 1.5
9 7.5 1.5
8.5 7.5 1.5
8.5 7 2
9 7 2
9 7.5 2
8.5 7.5 2
9 7 1.5
9.5 7 1.5
9.5 7.5 1.5
9 7.5 1.5
9 7 2
9.5 7 2
9.5 7.5 2
9 7.5 2
9.5 7 1.5
10 7 1.5
10 7.5 1.5
9.5 7.5 1.5
9.5 7 2
10 7 2
10 7.5 2
9.5 7.5 2
0 7.5 1.5
0.5 7.5 1.5
0.5 8 1.5
0 8 1.5
0 7.5 2
0.5 7.5 2
0.5 8 2
0 8 2
0.5 7.5 1.5
1 7.5 1.5
1 8 1.5
0.5 8 1.5
0.5 7.5 2
1 7.5 2
1 8 2
0.5 8 2
1 7.5 1.5
1.5 7.5 1.5
1.5 8 1.5
1 8 1.5
1 7.5 2
1.5 7.5 2
1.5 8 2
1 8 2
1.5 7.5 1.5
2 7.5 1.5
2 8 1.5
1.5 8 1.5
1.5 7.5 2
2 7.5 2
2 8 2
1.5 8 2
2 7.5 1.5
2.5 7.5 1.5
2.5 8 1.5
2 8 1.5
2 7.5 2
2.5 7.5 2
2.5 8 2
2 8 2
2.5 7.5 1.5
3 7.5 1.5
3 8 1.5
2.5 8 1.5
2.5 7.5 2
3 7.5 2
3 8 2
2.5 8 2
3 7.5 1.5
3.5 7.5 1.5
3.5 8 1.5
3 8 1.5
3 7.5 2
3.5 7.5 2
3.5 8 2
3 8 2
3.5 7.5 1.5
4 7.5 1.5
4 8 1.5
3.5 8 1.5
3.5 7.5 2
4 7.5 2
4 8 2
3.5 8 2
4 7.5 1.5
4.5 7.5 1.5
4.5 8 1.5
4 8 1.5
4 7.5 2
4.5 7.5 2
4.5 8 2
4 8 2
4.5 7.5 1.5
5 7.5 1.5
5 8 1.5
4.5 8 1.5
4.5 7.5 2
5 7.5 2
5 8 2
4.5 8 2
5 7.5 1.5
5.5 7.5 1.5
5.5 8 1.5
5 8 1.5
5 7.5 2
5.5 7.5 2
5.5 8 2
5 8 2
5.5 7.5 1.5
6 7.5 1.5
6 8 1.5
5.5 8 1.5
5.5 7.5 2
6 7.5 2
6 8 2
5.5 8 2
6 7.5 1.5
6.5 7.5 1.5
6.5 8 1.5
6 8 1.5
6 7.5 2
6.5 7.5 2
6.5 8 2
6 8 2
6.5 7.5 1.5
7 7.5 1.5
7 8 1.5
6.5 8 1.5
6.5 7.5 2
7 7.5 2
7 8 2
6.5 8 2
7 7.5 1.5
7.5 7.5 1.5
7.5 8 1.5
7 8 1.5
7 7.5 2
7.5 7.5 2
7.5 8 2
7 8 2
7.5 7.5 1.5
8 7.5 1.5
8 8 1.5
7.5 8 1.5
7.5 7.5 2
8 7.5 2
8 8 2
7.5 8 2
8 7.5 1.5
8.5 7.5 1.5
8.5 8 1.5
8 8 1.5
8 7.5 2
8.5 7.5 2
8.5 8 2
8 8 2
8.5 7.5 1.5
9 7.5 1.5
9 8 1.5
8.5 8 1.5
8.5 7.5 2
9 7.5 2
9 8 2
8.5 8 2
9 7.5 1.5
9.5 7.5 1.5
9.5 8 1.5
9 8 1.5
9 7.5 2
9.5 7.5 2
9.5 8 2
9 8 2
9.5 7.5 1.5
10 7.5 1.5
10 8 1.5
9.5 8 1.5
9.5 7.5 2
10 7.5 2
10 8 2
9.5 8 2
0 8 1.5
0.5 8 1.5
0.5 8.5 1.5
0 8.5 1.5
0 8 2
0.5 8 2
0.5 8.5 2
0 8.5 2
0.5 8 1.5
1 8 1.5
1 8.5 1.5
0.5 8.5 1.5
0.5 8 2
1 8 2
1 8.5 2
0.5 8.5 2
1 8 1.5
1.5 8 1.5
1.5 8.5 1.5
1 8.5 1.5
1 8 2
1.5 8 2
1.5 8.5 2
1 8.5 2
1.5 8 1.5
2 8 1.5
2 8.5 1.5
1.5 8.5 1.5
1.5 8 2
2 8 2
2 8.5 2
1.5 8.5 2
2 8 1.5
2.5 8 1.5
2.5 8.5 1.5
2 8.5 1.5
2 8 2
2.5 8 2
2.5 8.5 2
2 8.5 2
2.5 8 1.5
3 8 1.5
3 8.5 1.5
2.5 8.5 1.5
2.5 8 2
3 8 2
3 8.5 2
2.5 8.5 2
3 8 1.5
3.5 8 1.5
3.5 8.5 1.5
3 8.5 1.5
3 8 2
3.5 8 2
3.5 8.5 2
3 8.5 2
3.5 8 1.5
4 8 1.5
4 8.5 1.5
3.5 8.5 1.5
3.5 8 2
4 8 2
4 8.5 2
3.5 8.5 2
4 8 1.5
4.5 8 1.5
4.5 8.5 1.5
4 8.5 1.5
4 8 2
4.5 8 2
4.5 8.5 2
4 8.5 2
4.5 8 1.5
5 8 1.5
5 8.5 1.5
4.5 8.5 1.5
4.5 8 2
5 8 2
5 8.5 2
4.5 8.5 2
5 8 1.5
5.5 8 1.5
5.5 8.5 1.5
5 8.5 1.5
5 8 2
5.5 8 2
5.5 8.5 2
5 8.5 2
5.5 8 1.5
6 8 1.5
6 8.5 1.5
5.5 8.5 1.5
5.5 8 2
6 8 2
6 8.5 2
5.5 8.5 2
6 8 1.5
6.5 8 1.5
6.5 8.5 1.5
6 8.5 1.5
6 8 2
6.5 8 2
6.5 8.5 2
6 8.5 2
6.5 8 1.5
7 8 1.5
7 8.5 1.5
6.5 8.5 1.5
6.5 8 2
7 8 2
7 8.5 2
6.5 8.5 2
7 8 1.5
7.5 8 1.5
7.5 8.5 1.5
7 8.5 1.5
7 8 2
7.5 8 2
7.5 8.5 2
7 8.5 2
7.5 8 1.5
8 8 1.5
8 8.5 1.5
7.5 8.5 1.5
7.5 8 2
8 8 2
8 8.5 2
7.5 8.5 2
8 8 1.5
8.5 8 1.5
8.5 8.5 1.5
8 8.5 1.5
8 8 2
8.5 8 2
8.5 8.5 2
8 8.5 2
8.5 8 1.5
9 8 1.5
9 8.5 1.5
8.5 8.5 1.5
8.5 8 2
9 8 2
9 8.5 2
8.5 8.5 2
9 8 1.5
9.5 8 1.5
9.5 8.5 1.5
9 8.5 1.5
9 8 2
9.5 8 2
9.5 8.5 2
9 8.5 2
9.5 8 1.5
10 8 1.5
10 8.5 1.5
9.5 8.5 1.5
9.5 8 2
10 8 2
10 8.5 2
9.5 8.5 2
0 8.5 1.5
0.5 8.5 1.5
0.5 9 1.5
0 9 1.5
0 8.5 2
0.5 8.5 2
0.5 9 2
0 9 2
0.5 8.5 1.5
1 8.5 1.5
1 9 1.5
0.5 9 1.5
0.5 8.5 2
1 8.5 2
1 9 2
0.5 9 2
1 8.5 1.5
1.5 8.5 1.5
1.5 9 1.5
1 9 1.5
1 8.5 2
1.5 8.5 2
1.5 9 2
1 9 2
1.5 8.5 1.5
2 8.5 1.5
2 9 1.5
1.5 9 1.5
1.5 8.5 2
2 8.5 2
2 9 2
1.5 9 2
2 8.5 1.5
2.5 8.5 1.5
2.5 9 1.5
2 9 1.5
2 8.5 2
2.5 8.5 2
2.5 9 2
2 9 2
2.5 8.5 1.5
3 8.5 1.5
3 9 1.5
2.5 9 1.5
2.5 8.5 2
3 8.5 2
3 9 2
2.5 9 2
3 8.5 1.5
3.5 8.5 1.5
3.5 9 1.5
3 9 1.5
3 8.5 2
3.5 8.5 2
3.5 9 2
3 9 2
3.5 8.5 1.5
4 8.5 1.5
4 9 1.5
3.5 9 1.5
3.5 8.5 2
4 8.5 2
4 9 2
3.5 9 2
4 8.5 1.5
4.5 8.5 1.5
4.5 9 1.5
4 9 1.5
4 8.5 2
4.5 8.5 2
4.5 9 2
4 9 2
4.5 8.5 1.5
5 8.5 1.5
5 9 1.5
4.5 9 1.5
4.5 8.5 2
5 8.5 2
5 9 2
4.5 9 2
5 8.5 1.5
5.5 8.5 1.5
5.5 9 1.5
5 9 1.5
5 8.5 2
5.5 8.5 2
5.5 9 2
5 9 2
5.5 8.5 1.5
6 8.5 1.5
6 9 1.5
5.5 9 1.5
5.5 8.5 2
6 8.5 2
6 9 2
5.5 9 2
6 8.5 1.5
6.5 8.5 1.5
6.5 9 1.5
6 9 1.5
6 8.5 2
6.5 8.5 2
6.5 9 2
6 9 2
6.5 8.5 1.5
7 8.5 1.5
7 9 1.5
6.5 9 1.5
6.5 8.5 2
7 8.5 2
7 9 2
6.5 9 2
7 8.5 1.5
7.5 8.5 1.5
7.5 9 1.5
7 9 1.5
7 8.5 2
7.5 8.5 2
7.5 9 2
7 9 2
7.5 8.5 1.5
8 8.5 1.5
8 9 1.5
7.5 9 1.5
7.5 8.5 2
8 8.5 2
8 9 2
7.5 9 2
8 8.5 1.5
8.5 8.5 1.5
8.5 9 1.5
8 9 1.5
8 8.5 2
8.5 8.5 2
8.5 9 2
8 9 2
8.5 8.5 1.5
9 8.5 1.5
9 9 1.5
8.5 9 1.5
8.5 8.5 2
9 8.5 2
9 9 2
8.5 9 2
9 8.5 1.5
9.5 8.5 1.5
9.5 9 1.5
9 9 1.5
9 8.5 2
9.5 8.5 2
9.5 9 2
9 9 2
9.5 8.5 1.5
10 8.5 1.5
10 9 1.5
9.5 9 1.5
9.5 8.5 2
10 8.5 2
10 9 2
9.5 9 2
0 9 1.5
0.5 9 1.5
0.5 9.5 1.5
0 9.5 1.5
0 9 2
0.5 9 2
0.5 9.5 2
0 9.5 2
0.5 9 1.5
1 9 1.5
1 9.5 1.5
0.5 9.5 1.5
0.5 9 2
1 9 2
1 9.5 2
0.5 9.5 2
1 9 1.5
1.5 9 1.5
1.5 9.5 1.5
1 9.5 1.5
1 9 2
1.5 9 2
1.5 9.5 2
1 9.5 2
1.5 9 1.5
2 9 1.5
2 9.5 1.5
1.5 9.5 1.5
1.5 9 2
2 9 2
2 9.5 2
1.5 9.5 2
2 9 1.5
2.5 9 1.5
2.5 9.5 1.5
2 9.5 1.5
2 9 2
2.5 9 2
2.5 9.5 2
2 9.5 2
2.5 9 1.5
3 9 1.5
3 9.5 1.5
2.5 9.5 1.5
2.5 9 2
3 9 2
3 9.5 2
2.5 9.5 2
3 9 1.5
3.5 9 1.5
3.5 9.5 1.5
3 9.5 1.5
3 9 2
3.5 9 2
3.5 9.5 2
3 9.5 2
3.5 9 1.5
4 9 1.5
4 9.5 1.5
3.5 9.5 1.5
3.5 9 2
4 9 2
4 9.5 2
3.5 9.5 2
4 9 1.5
4.5 9 1.5
4.5 9.5 1.5
4 9.5 1.5
4 9 2
4.5 9 2
4.5 9.5 2
4 9.5 2
4.5 9 1.5
5 9 1.5
5 9.5 1.5
4.5 9.5 1.5
4.5 9 2
5 9 2
5 9.5 2
4.5 9.5 2
5 9 1.5
5.5 9 1.5
5.5 9.5 1.5
5 9.5 1.5
5 9 2
5.5 9 2
5.5 9.5 2
5 9.5 2
5.5 9 1.5
6 9 1.5
6 9.5 1.5
5.5 9.5 1.5
5.5 9 2
6 9 2
6 9.5 2
5.5 9.5 2
6 9 1.5
6.5 9 1.5
6.5 9.5 1.5
6 9.5 1.5
6 9 2
6.5 9 2
6.5 9.5 2
6 9.5 2
6.5 9 1.5
7 9 1.5
7 9.5 1.5
6.5 9.5 1.5
6.5 9 2
7 9 2
7 9.5 2
6.5 9.5 2
7 9 1.5
7.5 9 1.5
7.5 9.5 1.5
7 9.5 1.5
7 9 2
7.5 9 2
7.5 9.5 2
7 9.5 2
7.5 9 1.5
8 9 1.5
8 9.5 1.5
7.5 9.5 1.5
7.5 9 2
8 9 2
8 9.5 2
7.5 9.5 2
8 9 1.5
8.5 9 1.5
8.5 9.5 1.5
8 9.5 1.5
8 9 2
8.5 9 2
8.5 9.5 2
8 9.5 2
8.5 9 1.5
9 9 1.5
9 9.5 1.5
8.5 9.5 1.5
8.5 9 2
9 9 2
9 9.5 2
8.5 9.5 2
9 9 1.5
9.5 9 1.5
9.5 9.5 1.5
9 9.5 1.5
9 9 2
9.5 9 2
9.5 9.5 2
9 9.5 2
9.5 9 1.5
10 9 1.5
10 9.5 1.5
9.5 9.5 1.5
9.5 9 2
10 9 2
10 9.5 2
9.5 9.5 2
0 9.5 1.5
0.5 9.5 1.5
0.5 10 1.5
0 10 1.5
0 9.5 2
0.5 9.5 2
0.5 10 2
0 10 2
0.5 9.5 1.5
1 9.5 1.5
1 10 1.5
0.5 10 1.5
0.5 9.5 2
1 9.5 2
1 10 2
0.5 10 2
1 9.5 1.5
1.5 9.5 1.5
1.5 10 1.5
1 10 1.5
1 9.5 2
1.5 9.5 2
1.5 10 2
1 10 2
1.5 9.5 1.5
2 9.5 1.5
2 10 1.5
1.5 10 1.5
1.5 9.5 2
2 9.5 2
2 10 2
1.5 10 2
2 9.5 1.5
2.5 9.5 1.5
2.5 10 1.5
2 10 1.5
2 9.5 2
2.5 9.5 2
2.5 10 2
2 10 2
2.5 9.5 1.5
3 9.5 1.5
3 10 1.5
2.5 10 1.5
2.5 9.5 2
3 9.5 2
3 10 2
2.5 10 2
3 9.5 1.5
3.5 9.5 1.5
3.5 10 1.5
3 10 1.5
3 9.5 2
3.5 9.5 2
3.5 10 2
3 10 2
3.5 9.5 1.5
4 9.5 1.5
4 10 1.5
3.5 10 1.5
3.5 9.5 2
4 9.5 2
4 10 2
3.5 10 2
4 9.5 1.5
4.5 9.5 1.5
4.5 10 1.5
4 10 1.5
4 9.5 2
4.5 9.5 2
4.5 10 2
4 10 2
4.5 9.5 1.5
5 9.5 1.5
5 10 1.5
4.5 10 1.5
4.5 9.5 2
5 9.5 2
5 10 2
4.5 10 2
5 9.5 1.5
5.5 9.5 1.5
5.5 10 1.5
5 10 1.5
5 9.5 2
5.5 9.5 2
5.5 10 2
5 10 2
5.5 9.5 1.5
6 9.5 1.5
6 10 1.5
5.5 10 1.5
5.5 9.5 2
6 9.5 2
6 10 2
5.5 10 2
6 9.5 1.5
6.5 9.5 1.5
6.5 10 1.5
6 10 1.5
6 9.5 2
6.5 9.5 2
6.5 10 2
6 10 2
6.5 9.5 1.5
7 9.5 1.5
7 10 1.5
6.5 10 1.5
6.5 9.5 2
7 9.5 2
7 10 2
6.5 10 2
7 9.5 1.5
7.5 9.5 1.5
7.5 10 1.5
7 10 1.5
7 9.5 2
7.5 9.5 2
7.5 10 2
7 10 2
7.5 9.5 1.5
8 9.5 1.5
8 10 1.5
7.5 10 1.5
7.5 9.5 2
8 9.5 2
8 10 2
7.5 10 2
8 9.5 1.5
8.5 9.5 1.5
8.5 10 1.5
8 10 1.5
8 9.5 2
8.5 9.5 2
8.5 10 2
8 10 2
8.5 9.5 1.5
9 9.5 1.5
9 10 1.5
8.5 10 1.5
8.5 9.5 2
9 9.5 2
9 10 2
8.5 10 2
9 9.5 1.5
9.5 9.5 1.5
9.5 10 1.5
9 10 1.5
9 9.5 2
9.5 9.5 2
9.5 10 2
9 10 2
9.5 9.5 1.5
10 9.5 1.5
10 10 1.5
9.5 10 1.5
9.5 9.5 2
10 9.5 2
10 10 2
9.5 10 2
0 0.125 0.125
10 0.125 0.125
0 0.375 0.125
10 0.375 0.125
0 0.625 0.125
10 0.625 0.125
0 0.875 0.125
10 0.875 0.125
0 1.125 0.125
10 1.125 0.125
0 1.375 0.125
10 1.375 0.125
0 1.625 0.125
10 1.625 0.125
0 1.875 0.125
10 1.875 0.125
0 2.125 0.125
10 2.125 0.125
0 2.375 0.125
10 2.375 0.125
0 2.625 0.125
10 2.625 0.125
0 2.875 0.125
10 2.875 0.125
0 3.125 0.125
10 3.125 0.125
0 3.375 0.125
10 3.375 0.125
0 3.625 0.125
10 3.625 0.125
0 3.875 0.125
10 3.875 0.125
0 4.125 0.125
10 4.125 0.125
0 4.375 0.125
10 4.375 0.125
0 4.625 0.125
10 4.625 0.125
0 4.875 0.125
10 4.875 0.125
0 5.125 0.125
10 5.125 0.125
0 5.375 0.125
10 5.375 0.125
0 5.625 0.125
10 5.625 0.125
0 5.875 0.125
10 5.875 0.125
0 6.125 0.125
10 6.125 0.125
0 6.375 0.125
10 6.375 0.125
0 6.625 0.125
10 6.625 0.125
0 6.875 0.125
10 6.875 0.125
0 7.125 0.125
10 7.125 0.125
0 7.375 0.125
10 7.375 0.125
0 7.625 0.125
10 7.625 0.125
0 7.875 0.125
10 7.875 0.125
0 8.125 0.125
10 8.125 0.125
0 8.375 0.125
10 8.375 0.125
0 8.625 0.125
10 8.625 0.125
0 8.875 0.125
10 8.875 0.125
0 9.125 0.125
10 9.125 0.125
0 9.375 0.125
10 9.375 0.125
0 9.625 0.125
10 9.625 0.125
0 9.875 0.125
10 9.875 0.125
0.125 0 0.375
0.125 10 0.375
0.375 0 0.375
0.375 10 0.375
0.625 0 0.375
0.625 10 0.375
0.875 0 0.375
0.875 10 0.375
1.125 0 0.375
1.125 10 0.375
1.375 0 0.375
1.375 10 0.375
1.625 0 0.375
1.625 10 0.375
1.875 0 0.375
1.875 10 0.375
2.125 0 0.375
2.125 10 0.375
2.375 0 0.375
2.375 10 0.375
2.625 0 0.375
2.625 10 0.375
2.875 0 0.375
2.875 10 0.375
3.125 0 0.375
3.125 10 0.375
3.375 0 0.375
3.375 10 0.375
3.625 0 0.375
3.625 10 0.375
3.875 0 0.375
3.875 10 0.375
4.125 0 0.375
4.125 10 0.375
4.375 0 0.375
4.375 10 0.375
4.625 0 0.375
4.625 10 0.375
4.875 0 0.375
4.875 10 0.375
5.125 0 0.375
5.125 10 0.375
5.375 0 0.375
5.375 10 0.375
5.625 0 0.375
5.625 10 0.375
5.875 0 0.375
5.875 10 0.375
6.125 0 0.375
6.125 10 0.375
6.375 0 0.375
6.375 10 0.375
6.625 0 0.375
6.625 10 0.375
6.875 0 0.375
6.875 10 0.375
7.125 0 0.375
7.125 10 0.375
7.375 0 0.375
7.375 10 0.375
7.625 0 0.375
7.625 10 0.375
7.875 0 0.375
7.875 10 0.375
8.125 0 0.375
8.125 10 0.375
8.375 0 0.375
8.375 10 0.375
8.625 0 0.375
8.625 10 0.375
8.875 0 0.375
8.875 10 0.375
9.125 0 0.375
9.125 10 0.375
9.375 0 0.375
9.375 10 0.375
9.625 0 0.375
9.625 10 0.375
9.875 0 0.375
9.875 10 0.375
0 0.125 0.625
10 0.125 0.625
0 0.375 0.625
10 0.375 0.625
0 0.625 0.625
10 0.625 0.625
0 0.875 0.625
10 0.875 0.625
0 1.125 0.625
10 1.125 0.625
0 1.375 0.625
10 1.375 0.625
0 1.625 0.625
10 1.625 0.625
0 1.875 0.625
10 1.875 0.625
0 2.125 0.625
10 2.125 0.625
0 2.375 0.625
10 2.375 0.625
0 2.625 0.625
10 2.625 0.625
0 2.875 0.625
10 2.875 0.625
0 3.125 0.625
10 3.125 0.625
0 3.375 0.625
10 3.375 0.625
0 3.625 0.625
10 3.625 0.625
0 3.875 0.625
10 3.875 0.625
0 4.125 0.625
10 4.125 0.625
0 4.375 0.625
10 4.375 0.625
0 4.625 0.625
10 4.625 0.625
0 4.875 0.625
10 4.875 0.625
0 5.125 0.625
10 5.125 0.625
0 5.375 0.625
10 5.375 0.625
0 5.625 0.625
10 5.625 0.625
0 5.875 0.625
10 5.875 0.625
0 6.125 0.625
10 6.125 0.625
0 6.375 0.625
10 6.375 0.625
0 6.625 0.625
10 6.625 0.625
0 6.875 0.625
10 6.875 0.625
0 7.125 0.625
10 7.125 0.625
0 7.375 0.625
10 7.375 0.625
0 7.625 0.625
10 7.625 0.625
0 7.875 0.625
10 7.875 0.625
0 8.125 0.625
10 8.125 0.625
0 8.375 0.625
10 8.375 0.625
0 8.625 0.625
10 8.625 0.625
0 8.875 0.625
10 8.875 0.625
0 9.125 0.625
10 9.125 0.625
0 9.375 0.625
10 9.375 0.625
0 9.625 0.625
10 9.625 0.625
0 9.875 0.625
10 9.875 0.625
0.125 0 0.875
0.125 10 0.875
0.375 0 0.875
0.375 10 0.875
0.625 0 0.875
0.625 10 0.875
0.875 0 0.875
0.875 10 0.875
1.125 0 0.875
1.125 10 0.875
1.375 0 0.875
1.375 10 0.875
1.625 0 0.875
1.625 10 0.875
1.875 0 0.875
1.875 10 0.875
2.125 0 0.875
2.125 10 0.875
2.375 0 0.875
2.375 10 0.875
2.625 0 0.875
2.625 10 0.875
2.875 0 0.875
2.875 10 0.875
3.125 0 0.875
3.125 10 0.875
3.375 0 0.875
3.375 10 0.875
3.625 0 0.875
3.625 10 0.875
3.875 0 0.875
3.875 10 0.875
4.125 0 0.875
4.125 10 0.875
4.375 0 0.875
4.375 10 0.875
4.625 0 0.875
4.625 10 0.875
4.875 0 0.875
4.875 10 0.875
5.125 0 0.875
5.125 10 0.875
5.375 0 0.875
5.375 10 0.875
5.625 0 0.875
5.625 10 0.875
5.875 0 0.875
5.875 10 0.875
6.125 0 0.875
6.125 10 0.875
6.375 0 0.875
6.375 10 0.875
6.625 0 0.875
6.625 10 0.875
6.875 0 0.875
6.875 10 0.875
7.125 0 0.875
7.125 10 0.875
7.375 0 0.875
7.375 10 0.875
7.625 0 0.875
7.625 10 0.875
7.875 0 0.875
7.875 10 0.875
8.125 0 0.875
8.125 10 0.875
8.375 0 0.875
8.375 10 0.875
8.625 0 0.875
8.625 10 0.875
8.875 0 0.875
8.875 10 0.875
9.125 0 0.875
9.125 10 0.875
9.375 0 0.875
9.375 10 0.875
9.625 0 0.875
9.625 10 0.875
9.875 0 0.875
9.875 10 0.875
0 0.125 1.125
10 0.125 1.125
0 0.375 1.125
10 0.375 1.125
0 0.625 1.125
10 0.625 1.125
0 0.875 1.125
10 0.875 1.125
0 1.125 1.125
10 1.125 1.125
0 1.375 1.125
10 1.375 1.125
0 1.625 1.125
10 1.625 1.125
0 1.875 1.125
10 1.875 1.125
0 2.125 1.125
10 2.125 1.125
0 2.375 1.125
10 2.375 1.125
0 2.625 1.125
10 2.625 1.125
0 2.875 1.125
10 2.875 1.125
0 3.125 1.125
10 3.125 1.125
0 3.375 1.125
10 3.375 1.125
0 3.625 1.125
10 3.625 1.125
0 3.875 1.125
10 3.875 1.125
0 4.125 1.125
10 4.125 1.125
0 4.375 1.125
10 4.375 1.125
0 4.625 1.125
10 4.625 1.125
0 4.875 1.125
10 4.875 1.125
0 5.125 1.125
10 5.125 1.125
0 5.375 1.125
10 5.375 1.125
0 5.625 1.125
10 5.625 1.125
0 5.875 1.125
10 5.875 1.125
0 6.125 1.125
10 6.125 1.125
0 6.375 1.125
10 6.375 1.125
0 6.625 1.125
10 6.625 1.125
0 6.875 1.125
10 6.875 1.125
0 7.125 1.125
10 7.125 1.125
0 7.375 1.125
10 7.375 1.125
0 7.625 1.125
10 7.625 1.125
0 7.875 1.125
10 7.875 1.125
0 8.125 1.125
10 8.125 1.125
0 8.375 1.125
10 8.375 1.125
0 8.625 1.125
10 8.625 1.125
0 8.875 1.125
10 8.875 1.125
0 9.125 1.125
10 9.125 1.125
0 9.375 1.125
10 9.375 1.125
0 9.625 1.125
10 9.625 1.125
0 9.875 1.125
10 9.875 1.125
0.125 0 1.375
0.125 10 1.375
0.375 0 1.375
0.375 10 1.375
0.625 0 1.375
0.625 10 1.375
0.875 0 1.375
0.875 10 1.375
1.125 0 1.375
1.125 10 1.375
1.375 0 1.375
1.375 10 1.375
1.625 0 1.375
1.625 10 1.375
1.875 0 1.375
1.875 10 1.375
2.125 0 1.375
2.125 10 1.375
2.375 0 1.375
2.375 10 1.375
2.625 0 1.375
2.625 10 1.375
2.875 0 1.375
2.875 10 1.375
3.125 0 1.375
3.125 10 1.375
3.375 0 1.375
3.375 10 1.375
3.625 0 1.375
3.625 10 1.375
3.875 0 1.375
3.875 10 1.375
4.125 0 1.375
4.125 10 1.375
4.375 0 1.375
4.375 10 1.375
4.625 0 1.375
4.625 10 1.375
4.875 0 1.375
4.875 10 1.375
5.125 0 1.375
5.125 10 1.375
5.375 0 1.375
5.375 10 1.375
5.625 0 1.375
5.625 10 1.375
5.875 0 1.375
5.875 10 1.375
6.125 0 1.375
6.125 10 1.375
6.375 0 1.375
6.375 10 1.375
6.625 0 1.375
6.625 10 1.375
6.875 0 1.375
6.875 10 1.375
7.125 0 1.375
7.125 10 1.375
7.375 0 1.375
7.375 10 1.375
7.625 0 1.375
7.625 10 1.375
7.875 0 1.375
7.875 10 1.375
8.125 0 1.375
8.125 10 1.375
8.375 0 1.375
8.375 10 1.375
8.625 0 1.375
8.625 10 1.375
8.875 0 1.375
8.875 10 1.375
9.125 0 1.375
9.125 10 1.375
9.375 0 1.375
9.375 10 1.375
9.625 0 1.375
9.625 10 1.375
9.875 0 1.375
9.875 10 1.375
0 0.125 1.625
10 0.125 1.625
0 0.375 1.625
10 0.375 1.625
0 0.625 1.625
10 0.625 1.625
0 0.875 1.625
10 0.875 1.625
0 1.125 1.625
10 1.125 1.625
0 1.375 1.625
10 1.375 1.625
0 1.625 1.625
10 1.625 1.625
0 1.875 1.625
10 1.875 1.625
0 2.125 1.625
10 2.125 1.625
0 2.375 1.625
10 2.375 1.625
0 2.625 1.625
10 2.625 1.625
0 2.875 1.625
10 2.875 1.625
0 3.125 1.625
10 3.125 1.625
0 3.375 1.625
10 3.375 1.625
0 3.625 1.625
10 3.625 1.625
0 3.875 1.625
10 3.875 1.625
0 4.125 1.625
10 4.125 1.625
0 4.375 1.625
10 4.375 1.625
0 4.625 1.625
10 4.625 1.625
0 4.875 1.625
10 4.875 1.625
0 5.125 1.625
10 5.125 1.625
0 5.375 1.625
10 5.375 1.625
0 5.625 1.625
10 5.625 1.625
0 5.875 1.625
10 5.875 1.625
0 6.125 1.625
10 6.125 1.625
0 6.375 1.625
10 6.375 1.625
0 6.625 1.625
10 6.625 1.625
0 6.875 1.625
10 6.875 1.625
0 7.125 1.625
10 7.125 1.625
0 7.375 1.625
10 7.375 1.625
0 7.625 1.625
10 7.625 1.625
0 7.875 1.625
10 7.875 1.625
0 8.125 1.625
10 8.125 1.625
0 8.375 1.625
10 8.375 1.625
0 8.625 1.625
10 8.625 1.625
0 8.875 1.625
10 8.875 1.625
0 9.125 1.625
10 9.125 1.625
0 9.375 1.625
10 9.375 1.625
0 9.625 1.625
10 9.625 1.625
0 9.875 1.625
10 9.875 1.625
0.125 0 1.875
0.125 10 1.875
0.375 0 1.875
0.375 10 1.875
0.625 0 1.875
0.625 10 1.875
0.875 0 1.875
0.875 10 1.875
1.125 0 1.875
1.125 10 1.875
1.375 0 1.875
1.375 10 1.875
1.625 0 1.875
1.625 10 1.875
1.875 0 1.875
1.875 10 1.875
2.125 0 1.875
2.125 10 1.875
2.375 0 1.875
2.375 10 1.875
2.625 0 1.875
2.625 10 1.875
2.875 0 1.875
2.875 10 1.875
3.125 0 1.875
3.125 10 1.875
3.375 0 1.875
3.375 10 1.875
3.625 0 1.875
3.625 10 1.875
3.875 0 1.875
3.875 10 1.875
4.125 0 1.875
4.125 10 1.875
4.375 0 1.875
4.375 10 1.875
4.625 0 1.875
4.625 10 1.875
4.875 0 1.875
4.875 10 1.875
5.125 0 1.875
5.125 10 1.875
5.375 0 1.875
5.375 10 1.875
5.625 0 1.875
5.625 10 1.875
5.875 0 1.875
5.875 10 1.875
6.125 0 1.875
6.125 10 1.875
6.375 0 1.875
6.375 10 1.875
6.625 0 1.875
6.625 10 1.875
6.875 0 1.875
6.875 10 1.875
7.125 0 1.875
7.125 10 1.875
7.375 0 1.875
7.375 10 1.875
7.625 0 1.875
7.625 10 1.875
7.875 0 1.875
7.875 10 1.875
8.125 0 1.875
8.125 10 1.875
8.375 0 1.875
8.375 10 1.875
8.625 0 1.875
8.625 10 1.875
8.875 0 1.875
8.875 10 1.875
9.125 0 1.875
9.125 10 1.875
9.375 0 1.875
9.375 10 1.875
9.625 0 1.875
9.625 10 1.875
9.875 0 1.875
9.875 10 1.875
LINES 19520 58560
2 0 1
2 1 2
2 2 3
2 3 0
2 4 5
2 5 6
2 6 7
2 7 4
2 0 4
2 1 5
2 2 6
2 3 7
2 8 9
2 9 10
2 10 11
2 11 8
2 12 13
2 13 14
2 14 15
2 15 12
2 8 12
2 9 13
2 10 14
2 11 15
2 16 17
2 17 18
2 18 19
2 19 16
2 20 21
2 21 22
2 22 23
2 23 20
2 16 20
2 17 21
2 18 22
2 19 23
2 24 25
2 25 26
2 26 27
2 27 24
2 28 29
2 29 30
2 30 31
2 31 28
2 24 28
2 25 29
2 26 30
2 27 31
2 32 33
2 33 34
2 34 35
2 35 32
2 36 37
2 37 38
2 38 39
2 39 36
2 32 36
2 33 37
2 34 38
2 35 39
2 40 41
2 41 42
2 42 43
2 43 40
2 44 45
2 45 46
2 46 47
2 47 44
2 40 44
2 41 45
2 42 46
2 43 47
2 48 49
2 49 50
2 50 51
2 51 48
2 52 53
2 53 54
2 54 55
2 55 52
2 48 52
2 49 53
2 50 54
2 51 55
2 56 57
2 57 58
2 58 59
2 59 56
2 60 61
2 61 62
2 62 63
2 63 60
2 56 60
2 57 61
2 58 62
2 59 63
2 64 65
2 65 66
2 66 67
2 67 64
2 68 69
2 69 70
2 70 71
2 71 68
2 64 68
2 65 69
2 66 70
2 67 71
2 72 73
2 73 74
2 74 75
2 75 72
2 76 77
2 77 78
2 78 79
2 79 76
2 72 76
2 73 77
2 74 78
2 75 79
2 80 81
2 81 82
2 82 83
2 83 80
2 84 85
2 85 86
2 86 87
2 87 84
2 80 84
2 81 85
2 82 86
2 83 87
2 88 89
2 89 90
2 90 91
2 91 88
2 92 93
2 93 94
2 94 95
2 95 92
2 88 92
2 89 93
2 90 94
2 91 95
2 96 97
2 97 98
2 98 99
2 99 96
2 100 101
2 101 102
2 102 103
2 103 100
2 96 100
2 97 101
2 98 102
2 99 103
2 104 105
2 105 106
2 106 107
2 107 104
2 108 109
2 109 110
2 110 111
2 111 108
2 104 108
2 105 109
2 106 110
2 107 111
2 112 113
2 113 114
2 114 115
2 115 112
2 116 117
2 117 118
2 118 119
2 119 116
2 112 116
2 113 117
2 114 118
2 115 119
2 120 121
2 121 122
2 122 123
2 123 120
2 124 125
2 125 126
2 126 127
2 127 124
2 120 124
2 121 125
2 122 126
2 123 127
2 128 129
2 129 130
2 130 131
2 131 128
2 132 133
2 133 134
2 134 135
2 135 132
2 128 132
2 129 133
2 130 134
2 131 135
2 136 137
2 137 138
2 138 139
2 139 136
2 140 141
2 141 142
2 142 143
2 143 140
2 136 140
2 137 141
2 138 142
2 139 143
2 144 145
2 145 146
2 146 147
2 147 144
2 148 149
2 149 150
2 150 151
2 151 148
2 144 148
2 145 149
2 146 150
2 147 151
2 152 153
2 153 154
2 154 155
2 155 152
2 156 157
2 157 158
2 158 159
2 159 156
2 152 156
2 153 157
2 154 158
2 155 159
2 160 161
2 161 162
2 162 163
2 163 160
2 164 165
2 165 166
2 166 167
2 167 164
2 160 164
2 161 165
2 162 166
2 163 167
2 168 169
2 169 170
2 170 171
2 171 168
2 172 173
2 173 174
2 174 175
2 175 172
2 168 172
2 169 173
2 170 174
2 171 175
2 176 177
2 177 178
2 178 179
2 179 176
2 180 181
2 181 182
2 182 183
2 183 180
2 176 180
2 177 181
2 178 182
2 179 183
2 184 185
2 185 186
2 186 187
2 187 184
2 188 189
2 189 190
2 190 191
2 191 188
2 184 188
2 185 189
2 186 190
2 187 191
2 192 193
2 193 194
2 194 195
2 195 192
2 196 197
2 197 198
2 198 199
2 199 196
2 192 196
2 193 197
2 194 198
2 195 199
2 200 201
2 201 202
2 202 203
2 203 200
2 204 205
2 205 206
2 206 207
2 207 204
2 200 204
2 201 205
2 202 206
2 203 207
2 208 209
2 209 210
2 210 211
2 211 208
2 212 213
2 213 214
2 214 215
2 215 212
2 208 212
2 209 213
2 210 214
2 211 215
2 216 217
2 217 218
2 218 219
2 219 216
2 220 221
2 221 222
2 222 223
2 223 220
2 216 220
2 217 221
2 218 222
2 219 223
2 224 225
2 225 226
2 226 227
2 227 224
2 228 229
2 229 230
2 230 231
2 231 228
2 224 228
2 225 229
2 226 230
2 227 231
2 232 233
2 233 234
2 234 235
2 235 232
2 236 237
2 237 238
2 238 239
2 239 236
2 232 236
2 233 237
2 234 238
2 235 239
2 240 241
2 241 242
2 242 243
2 243 240
2 244 245
2 245 246
2 246 247
2 247 244
2 240 244
2 241 245
2 242 246
2 243 247
2 248 249
2 249 250
2 250 251
2 251 248
2 252 253
2 253 254
2 254 255
2 255 252
2 248 252
2 249 253
2 250 254
2 251 255
2 256 257
2 257 258
2 258 259
2 259 256
2 260 261
2 261 262
2 262 263
2 263 260
2 256 260
2 257 261
2 258 262
2 259 263
2 264 265
2 265 266
2 266 267
2 267 264
2 268 269
2 269 270
2 270 271
2 271 268
2 264 268
2 265 269
2 266 270
2 267 271
2 272 273
2 273 274
2 274 275
2 275 272
2 276 277
2 277 278
2 278 279
2 279 276
2 272 276
2 273 277
2 274 278
2 275 279
2 280 281
2 281 282
2 282 283
2 283 280
2 284 285
2 285 286
2 286 287
2 287 284
2 280 284
2 281 285
2 282 286
2 283 287
2 288 289
2 289 290
2 290 291
2 291 288
2 292 293
2 293 294
2 294 295
2 295 292
2 288 292
2 289 293
2 290 294
2 291 295
2 296 297
2 297 298
2 298 299
2 299 296
2 300 301
2 301 302
2 302 303
2 303 300
2 296 300
2 297 301
2 298 302
2 299 303
2 304 305
2 305 306
2 306 307
2 307 304
2 308 309
2 309 310
2 310 311
2 311 308
2 304 308
2 305 309
2 306 310
2 307 311
2 312 313
2 313 314
2 314 315
2 315 312
2 316 317
2 317 318
2 318 319
2 319 316
2 312 316
2 313 317
2 314 318
2 315 319
2 320 321
2 321 322
2 322 323
2 323 320
2 324 325
2 325 326
2 326 327
2 327 324
2 320 324
2 321 325
2 322 326
2 323 327
2 328 329
2 329 330
2 330 331
2 331 328
2 332 333
2 333 334
2 334 335
2 335 332
2 328 332
2 329 333
2 330 334
2 331 335
2 336 337
2 337 338
2 338 339
2 339 336
2 340 341
2 341 342
2 342 343
2 343 340
2 336 340
2 337 341
2 338 342
2 339 343
2 344 345
2 345 346
2 346 347
2 347 344
2 348 349
2 349 350
2 350 351
2 351 348
2 344 348
2 345 349
2 346 350
2 347 351
2 352 353
2 353 354
2 354 355
2 355 352
2 356 357
2 357 358
2 358 359
2 359 356
2 352 356
2 353 357
2 354 358
2 355 359
2 360 361
2 361 362
2 362 363
2 363 360
2 364 365
2 365 366
2 366 367
2 367 364
2 360 364
2 361 365
2 362 366
2 363 367
2 368 369
2 369 370
2 370 371
2 371 368
2 372 373
2 373 374
2 374 375
2 375 372
2 368 372
2 369 373
2 370 374
2 371 375
2 376 377
2 377 378
2 378 379
2 379 376
2 380 381
2 381 382
2 382 383
2 383 380
2 376 380
2 377 381
2 378 382
2 379 383
2 384 385
2 385 386
2 386 387
2 387 384
2 388 389
2 389 390
2 390 391
2 391 388
2 384 388
2 385 389
2 386 390
2 387 391
2 392 393
2 393 394
2 394 395
2 395 392
2 396 397
2 397 398
2 398 399
2 399 396
2 392 396
2 393 397
2 394 398
2 395 399
2 400 401
2 401 402
2 402 403
2 403 400
2 404 405
2 405 406
2 406 407
2 407 404
2 400 404
2 401 405
2 402 406
2 403 407
2 408 409
2 409 410
2 410 411
2 411 408
2 412 413
2 413 414
2 414 415
2 415 412
2 408 412
2 409 413
2 410 414
2 411 415
2 416 417
2 417 418
2 418 419
2 419 416
2 420 421
2 421 422
2 422 423
2 423 420
2 416 420
2 417 421
2 418 422
2 419 423
2 424 425
2 425 426
2 426 427
2 427 424
2 428 429
2 429 430
2 430 431
2 431 428
2 424 428
2 425 429
2 426 430
2 427 431
2 432 433
2 433 434
2 434 435
2 435 432
2 436 437
2 437 438
2 438 439
2 439 436
2 432 436
2 433 437
2 434 438
2 435 439
2 440 441
2 441 442
2 442 443
2 443 440
2 444 445
2 445 446
2 446 447
2 447 444
2 440 444
2 441 445
2 442 446
2 443 447
2 448 449
2 449 450
2 450 451
2 451 448
2 452 453
2 453 454
2 454 455
2 455 452
2 448 452
2 449 453
2 450 454
2 451 455
2 456 457
2 457 458
2 458 459
2 459 456
2 460 461
2 461 462
2 462 463
2 463 460
2 456 460
2 457 461
2 458 462
2 459 463
2 464 465
2 465 466
2 466 467
2 467 464
2 468 469
2 469 470
2 470 471
2 471 468
2 464 468
2 465 469
2 466 470
2 467 471
2 472 473
2 473 474
2 474 475
2 475 472
2 476 477
2 477 478
2 478 479
2 479 476
2 472 476
2 473 477
2 474 478
2 475 479
2 480 481
2 481 482
2 482 483
2 483 480
2 484 485
2 485 486
2 486 487
2 487 484
2 480 484
2 481 485
2 482 486
2 483 487
2 488 489
2 489 490
2 490 491
2 491 488
2 492 493
2 493 494
2 494 495
2 495 492
2 488 492
2 489 493
2 490 494
2 491 495
2 496 497
2 497 498
2 498 499
2 499 496
2 500 501
2 501 502
2 502 503
2 503 500
2 496 500
2 497 501
2 498 502
2 499 503
2 504 505
2 505 506
2 506 507
2 507 504
2 508 509
2 509 510
2 510 511
2 511 508
2 504 508
2 505 509
2 506 510
2 507 511
2 512 513
2 513 514
2 514 515
2 515 512
2 516 517
2 517 518
2 518 519
2 519 516
2 512 516
2 513 517
2 514 518
2 515 519
2 520 521
2 521 522
2 522 523
2 523 520
2 524 525
2 525 526
2 526 527
2 527 524
2 520 524
2 521 525
2 522 526
2 523 527
2 528 529
2 529 530
2 530 531
2 531 528
2 532 533
2 533 534
2 534 535
2 535 532
2 528 532
2 529 533
2 530 534
2 531 535
2 536 537
2 537 538
2 538 539
2 539 536
2 540 541
2 541 542
2 542 543
2 543 540
2 536 540
2 537 541
2 538 542
2 539 543
2 544 545
2 545 546
2 546 547
2 547 544
2 548 549
2 549 550
2 550 551
2 551 548
2 544 548
2 545 549
2 546 550
2 547 551
2 552 553
2 553 554
2 554 555
2 555 552
2 556 557
2 557 558
2 558 559
2 559 556
2 552 556
2 553 557
2 554 558
2 555 559
2 560 561
2 561 562
2 562 563
2 563 560
2 564 565
2 565 566
2 566 567
2 567 564
2 560 564
2 561 565
2 562 566
2 563 567
2 568 569
2 569 570
2 570 571
2 571 568
2 572 573
2 573 574
2 574 575
2 575 572
2 568 572
2 569 573
2 570 574
2 571 575
2 576 577
2 577 578
2 578 579
2 579 576
2 580 581
2 581 582
2 582 583
2 583 580
2 576 580
2 577 581
2 578 582
2 579 583
2 584 585
2 585 586
2 586 587
2 587 584
2 588 589
2 589 590
2 590 591
2 591 588
2 584 588
2 585 589
2 586 590
2 587 591
2 592 593
2 593 594
2 594 595
2 595 592
2 596 597
2 597 598
2 598 599
2 599 596
2 592 596
2 593 597
2 594 598
2 595 599
2 600 601
2 601 602
2 602 603
2 603 600
2 604 605
2 605 606
2 606 607
2 607 604
2 600 604
2 601 605
2 602 606
2 603 607
2 608 609
2 609 610
2 610 611
2 611 608
2 612 613
2 613 614
2 614 615
2 615 612
2 608 612
2 609 613
2 610 614
2 611 615
2 616 617
2 617 618
2 618 619
2 619 616
2 620 621
2 621 622
2 622 623
2 623 620
2 616 620
2 617 621
2 618 622
2 619 623
2 624 625
2 625 626
2 626 627
2 627 624
2 628 629
2 629 630
2 630 631
2 631 628
2 624 628
2 625 629
2 626 630
2 627 631
2 632 633
2 633 634
2 634 635
2 635 632
2 636 637
2 637 638
2 638 639
2 639 636
2 632 636
2 633 637
2 634 638
2 635 639
2 640 641
2 641 642
2 642 643
2 643 640
2 644 645
2 645 646
2 646 647
2 647 644
2 640 644
2 641 645
2 642 646
2 643 647
2 648 649
2 649 650
2 650 651
2 651 648
2 652 653
2 653 654
2 654 655
2 655 652
2 648 652
2 649 653
2 650 654
2 651 655
2 656 657
2 657 658
2 658 659
2 659 656
2 660 661
2 661 662
2 662 663
2 663 660
2 656 660
2 657 661
2 658 662
2 659 663
2 664 665
2 665 666
2 666 667
2 667 664
2 668 669
2 669 670
2 670 671
2 671 668
2 664 668
2 665 669
2 666 670
2 667 671
2 672 673
2 673 674
2 674 675
2 675 672
2 676 677
2 677 678
2 678 679
2 679 676
2 672 676
2 673 677
2 674 678
2 675 679
2 680 681
2 681 682
2 682 683
2 683 680
2 684 685
2 685 686
2 686 687
2 687 684
2 680 684
2 681 685
2 682 686
2 683 687
2 688 689
2 689 690
2 690 691
2 691 688
2 692 693
2 693 694
2 694 695
2 695 692
2 688 692
2 689 693
2 690 694
2 691 695
2 696 697
2 697 698
2 698 699
2 699 696
2 700 701
2 701 702
2 702 703
2 703 700
2 696 700
2 697 701
2 698 702
2 699 703
2 704 705
2 705 706
2 706 707
2 707 704
2 708 709
2 709 710
2 710 711
2 711 708
2 704 708
2 705 709
2 706 710
2 707 711
2 712 713
2 713 714
2 714 715
2 715 712
2 716 717
2 717 718
2 718 719
2 719 716
2 712 716
2 713 717
2 714 718
2 715 719
2 720 721
2 721 722
2 722 723
2 723 720
2 724 725
2 725 726
2 726 727
2 727 724
2 720 724
2 721 725
2 722 726
2 723 727
2 728 729
2 729 730
2 730 731
2 731 728
2 732 733
2 733 734
2 734 735
2 735 732
2 728 732
2 729 733
2 730 734
2 731 735
2 736 737
2 737 738
2 738 739
2 739 736
2 740 741
2 741 742
2 742 743
2 743 740
2 736 740
2 737 741
2 738 742
2 739 743
2 744 745
2 745 746
2 746 747
2 747 744
2 748 749
2 749 750
2 750 751
2 751 748
2 744 748
2 745 749
2 746 750
2 747 751
2 752 753
2 753 754
2 754 755
2 755 752
2 756 757
2 757 758
2 758 759
2 759 756
2 752 756
2 753 757
2 754 758
2 755 759
2 760 761
2 761 762
2 762 763
2 763 760
2 764 765
2 765 766
2 766 767
2 767 764
2 760 764
2 761 765
2 762 766
2 763 767
2 768 769
2 769 770
2 770 771
2 771 768
2 772 773
2 773 774
2 774 775
2 775 772
2 768 772
2 769 773
2 770 774
2 771 775
2 776 777
2 777 778
2 778 779
2 779 776
2 780 781
2 781 782
2 782 783
2 783 780
2 776 780
2 777 781
2 778 782
2 779 783
2 784 785
2 785 786
2 786 787
2 787 784
2 788 789
2 789 790
2 790 791
2 791 788
2 784 788
2 785 789
2 786 790
2 787 791
2 792 793
2 793 794
2 794 795
2 795 792
2 796 797
2 797 798
2 798 799
2 799 796
2 792 796
2 793 797
2 794 798
2 795 799
2 800 801
2 801 802
2 802 803
2 803 800
2 804 805
2 805 806
2 806 807
2 807 804
2 800 804
2 801 805
2 802 806
2 803 807
2 808 809
2 809 810
2 810 811
2 811 808
2 812 813
2 813 814
2 814 815
2 815 812
2 808 812
2 809 813
2 810 814
2 811 815
2 816 817
2 817 818
2 818 819
2 819 816
2 820 821
2 821 822
2 822 823
2 823 820
2 816 820
2 817 821
2 818 822
2 819 823
2 824 825
2 825 826
2 826 827
2 827 824
2 828 829
2 829 830
2 830 831
2 831 828
2 824 828
2 825 829
2 826 830
2 827 831
2 832 833
2 833 834
2 834 835
2 835 832
2 836 837
2 837 838
2 838 839
2 839 836
2 832 836
2 833 837
2 834 838
2 835 839
2 840 841
2 841 842
2 842 843
2 843 840
2 844 845
2 845 846
2 846 847
2 847 844
2 840 844
2 841 845
2 842 846
2 843 847
2 848 849
2 849 850
2 850 851
2 851 848
2 852 853
2 853 854
2 854 855
2 855 852
2 848 852
2 849 853
2 850 854
2 851 855
2 856 857
2 857 858
2 858 859
2 859 856
2 860 861
2 861 862
2 862 863
2 863 860
2 856 860
2 857 861
2 858 862
2 859 863
2 864 865
2 865 866
2 866 867
2 867 864
2 868 869
2 869 870
2 870 871
2 871 868
2 864 868
2 865 869
2 866 870
2 867 871
2 872 873
2 873 874
2 874 875
2 875 872
2 876 877
2 877 878
2 878 879
2 879 876
2 872 876
2 873 877
2 874 878
2 875 879
2 880 881
2 881 882
2 882 883
2 883 880
2 884 885
2 885 886
2 886 887
2 887 884
2 880 884
2 881 885
2 882 886
2 883 887
2 888 889
2 889 890
2 890 891
2 891 888
2 892 893
2 893 894
2 894 895
2 895 892
2 888 892
2 889 893
2 890 894
2 891 895
2 896 897
2 897 898
2 898 899
2 899 896
2 900 901
2 901 902
2 902 903
2 903 900
2 896 900
2 897 901
2 898 902
2 899 903
2 904 905
2 905 906
2 906 907
2 907 904
2 908 909
2 909 910
2 910 911
2 911 908
2 904 908
2 905 909
2 906 910
2 907 911
2 912 913
2 913 914
2 914 915
2 915 912
2 916 917
2 917 918
2 918 919
2 919 916
2 912 916
2 913 917
2 914 918
2 915 919
2 920 921
2 921 922
2 922 923
2 923 920
2 924 925
2 925 926
2 926 927
2 927 924
2 920 924
2 921 925
2 922 926
2 923 927
2 928 929
2 929 930
2 930 931
2 931 928
2 932 933
2 933 934
2 934 935
2 935 932
2 928 932
2 929 933
2 930 934
2 931 935
2 936 937
2 937 938
2 938 939
2 939 936
2 940 941
2 941 942
2 942 943
2 943 940
2 936 940
2 937 941
2 938 942
2 939 943
2 944 945
2 945 946
2 946 947
2 947 944
2 948 949
2 949 950
2 950 951
2 951 948
2 944 948
2 945 949
2 946 950
2 947 951
2 952 953
2 953 954
2 954 955
2 955 952
2 956 957
2 957 958
2 958 959
2 959 956
2 952 956
2 953 957
2 954 958
2 955 959
2 960 961
2 961 962
2 962 963
2 963 960
2 964 965
2 965 966
2 966 967
2 967 964
2 960 964
2 961 965
2 962 966
2 963 967
2 968 969
2 969 970
2 970 971
2 971 968
2 972 973
2 973 974
2 974 975
2 975 972
2 968 972
2 969 973
2 970 974
2 971 975
2 976 977
2 977 978
2 978 979
2 979 976
2 980 981
2 981 982
2 982 983
2 983 980
2 976 980
2 977 981
2 978 982
2 979 983
2 984 985
2 985 986
2 986 987
2 987 984
2 988 989
2 989 990
2 990 991
2 991 988
2 984 988
2 985 989
2 986 990
2 987 991
2 992 993
2 993 994
2 994 995
2 995 992
2 996 997
2 997 998
2 998 999
2 999 996
2 992 996
2 993 997
2 994 998
2 995 999
2 1000 1001
2 1001 1002
2 1002 1003
2 1003 1000
2 1004 1005
2 1005 1006
2 1006 1007
2 1007 1004
2 1000 1004
2 1001 1005
2 1002 1006
2 1003 1007
2 1008 1009
2 1009 1010
2 1010 1011
2 1011 1008
2 1012 1013
2 1013 1014
2 1014 1015
2 1015 1012
2 1008 1012
2 1009 1013
2 1010 1014
2 1011 1015
2 1016 1017
2 1017 1018
2 1018 1019
2 1019 1016
2 1020 1021
2 1021 1022
2 1022 1023
2 1023 1020
2 1016 1020
2 1017 1021
2 1018 1022
2 1019 1023
2 1024 1025
2 1025 1026
2 1026 1027
2 1027 1024
2 1028 1029
2 1029 1030
2 1030 1031
2 1031 1028
2 1024 1028
2 1025 1029
2 1026 1030
2 1027 1031
2 1032 1033
2 1033 1034
2 1034 1035
2 1035 1032
2 1036 1037
2 1037 1038
2 1038 1039
2 1039 1036
2 1032 1036
2 1033 1037
2 1034 1038
2 1035 1039
2 1040 1041
2 1041 1042
2 1042 1043
2 1043 1040
2 1044 1045
2 1045 1046
2 1046 1047
2 1047 1044
2 1040 1044
2 1041 1045
2 1042 1046
2 1043 1047
2 1048 1049
2 1049 1050
2 1050 1051
2 1051 1048
2 1052 1053
2 1053 1054
2 1054 1055
2 1055 1052
2 1048 1052
2 1049 1053
2 1050 1054
2 1051 1055
2 1056 1057
2 1057 1058
2 1058 1059
2 1059 1056
2 1060 1061
2 1061 1062
2 1062 1063
2 1063 1060
2 1056 1060
2 1057 1061
2 1058 1062
2 1059 1063
2 1064 1065
2 1065 1066
2 1066 1067
2 1067 1064
2 1068 1069
2 1069 1070
2 1070 1071
2 1071 1068
2 1064 1068
2 1065 1069
2 1066 1070
2 1067 1071
2 1072 1073
2 1073 1074
2 1074 1075
2 1075 1072
2 1076 1077
2 1077 1078
2 1078 1079
2 1079 1076
2 1072 1076
2 1073 1077
2 1074 1078
2 1075 1079
2 1080 1081
2 1081 1082
2 1082 1083
2 1083 1080
2 1084 1085
2 1085 1086
2 1086 1087
2 1087 1084
2 1080 1084
2 1081 1085
2 1082 1086
2 1083 1087
2 1088 1089
2 1089 1090
2 1090 1091
2 1091 1088
2 1092 1093
2 1093 1094
2 1094 1095
2 1095 1092
2 1088 1092
2 1089 1093
2 1090 1094
2 1091 1095
2 1096 1097
2 1097 1098
2 1098 1099
2 1099 1096
2 1100 1101
2 1101 1102
2 1102 1103
2 1103 1100
2 1096 1100
2 1097 1101
2 1098 1102
2 1099 1103
2 1104 1105
2 1105 1106
2 1106 1107
2 1107 1104
2 1108 1109
2 1109 1110
2 1110 1111
2 1111 1108
2 1104 1108
2 1105 1109
2 1106 1110
2 1107 1111
2 1112 1113
2 1113 1114
2 1114 1115
2 1115 1112
2 1116 1117
2 1117 1118
2 1118 1119
2 1119 1116
2 1112 1116
2 1113 1117
2 1114 1118
2 1115 1119
2 1120 1121
2 1121 1122
2 1122 1123
2 1123 1120
2 1124 1125
2 1125 1126
2 1126 1127
2 1127 1124
2 1120 1124
2 1121 1125
2 1122 1126
2 1123 1127
2 1128 1129
2 1129 1130
2 1130 1131
2 1131 1128
2 1132 1133
2 1133 1134
2 1134 1135
2 1135 1132
2 1128 1132
2 1129 1133
2 1130 1134
2 1131 1135
2 1136 1137
2 1137 1138
2 1138 1139
2 1139 1136
2 1140 1141
2 1141 1142
2 1142 1143
2 1143 1140
2 1136 1140
2 1137 1141
2 1138 1142
2 1139 1143
2 1144 1145
2 1145 1146
2 1146 1147
2 1147 1144
2 1148 1149
2 1149 1150
2 1150 1151
2 1151 1148
2 1144 1148
2 1145 1149
2 1146 1150
2 1147 1151
2 1152 1153
2 1153 1154
2 1154 1155
2 1155 1152
2 1156 1157
2 1157 1158
2 1158 1159
2 1159 1156
2 1152 1156
2 1153 1157
2 1154 1158
2 1155 1159
2 1160 1161
2 1161 1162
2 1162 1163
2 1163 1160
2 1164 1165
2 1165 1166
2 1166 1167
2 1167 1164
2 1160 1164
2 1161 1165
2 1162 1166
2 1163 1167
2 1168 1169
2 1169 1170
2 1170 1171
2 1171 1168
2 1172 1173
2 1173 1174
2 1174 1175
2 1175 1172
2 1168 1172
2 1169 1173
2 1170 1174
2 1171 1175
2 1176 1177
2 1177 1178
2 1178 1179
2 1179 1176
2 1180 1181
2 1181 1182
2 1182 1183
2 1183 1180
2 1176 1180
2 1177 1181
2 1178 1182
2 1179 1183
2 1184 1185
2 1185 1186
2 1186 1187
2 1187 1184
2 1188 1189
2 1189 1190
2 1190 1191
2 1191 1188
2 1184 1188
2 1185 1189
2 1186 1190
2 1187 1191
2 1192 1193
2 1193 1194
2 1194 1195
2 1195 1192
2 1196 1197
2 1197 1198
2 1198 1199
2 1199 1196
2 1192 1196
2 1193 1197
2 1194 1198
2 1195 1199
2 1200 1201
2 1201 1202
2 1202 1203
2 1203 1200
2 1204 1205
2 1205 1206
2 1206 1207
2 1207 1204
2 1200 1204
2 1201 1205
2 1202 1206
2 1203 1207
2 1208 1209
2 1209 1210
2 1210 1211
2 1211 1208
2 1212 1213
2 1213 1214
2 1214 1215
2 1215 1212
2 1208 1212
2 1209 1213
2 1210 1214
2 1211 1215
2 1216 1217
2 1217 1218
2 1218 1219
2 1219 1216
2 1220 1221
2 1221 1222
2 1222 1223
2 1223 1220
2 1216 1220
2 1217 1221
2 1218 1222
2 1219 1223
2 1224 1225
2 1225 1226
2 1226 1227
2 1227 1224
2 1228 1229
2 1229 1230
2 1230 1231
2 1231 1228
2 1224 1228
2 1225 1229
2 1226 1230
2 1227 1231
2 1232 1233
2 1233 1234
2 1234 1235
2 1235 1232
2 1236 1237
2 1237 1238
2 1238 1239
2 1239 1236
2 1232 1236
2 1233 1237
2 1234 1238
2 1235 1239
2 1240 1241
2 1241 1242
2 1242 1243
2 1243 1240
2 1244 1245
2 1245 1246
2 1246 1247
2 1247 1244
2 1240 1244
2 1241 1245
2 1242 1246
2 1243 1247
2 1248 1249
2 1249 1250
2 1250 1251
2 1251 1248
2 1252 1253
2 1253 1254
2 1254 1255
2 1255 1252
2 1248 1252
2 1249 1253
2 1250 1254
2 1251 1255
2 1256 1257
2 1257 1258
2 1258 1259
2 1259 1256
2 1260 1261
2 1261 1262
2 1262 1263
2 1263 1260
2 1256 1260
2 1257 1261
2 1258 1262
2 1259 1263
2 1264 1265
2 1265 1266
2 1266 1267
2 1267 1264
2 1268 1269
2 1269 1270
2 1270 1271
2 1271 1268
2 1264 1268
2 1265 1269
2 1266 1270
2 1267 1271
2 1272 1273
2 1273 1274
2 1274 1275
2 1275 1272
2 1276 1277
2 1277 1278
2 1278 1279
2 1279 1276
2 1272 1276
2 1273 1277
2 1274 1278
2 1275 1279
2 1280 1281
2 1281 1282
2 1282 1283
2 1283 1280
2 1284 1285
2 1285 1286
2 1286 1287
2 1287 1284
2 1280 1284
2 1281 1285
2 1282 1286
2 1283 1287
2 1288 1289
2 1289 1290
2 1290 1291
2 1291 1288
2 1292 1293
2 1293 1294
2 1294 1295
2 1295 1292
2 1288 1292
2 1289 1293
2 1290 1294
2 1291 1295
2 1296 1297
2 1297 1298
2 1298 1299
2 1299 1296
2 1300 1301
2 1301 1302
2 1302 1303
2 1303 1300
2 1296 1300
2 1297 1301
2 1298 1302
2 1299 1303
2 1304 1305
2 1305 1306
2 1306 1307
2 1307 1304
2 1308 1309
2 1309 1310
2 1310 1311
2 1311 1308
2 1304 1308
2 1305 1309
2 1306 1310
2 1307 1311
2 1312 1313
2 1313 1314
2 1314 1315
2 1315 1312
2 1316 1317
2 1317 1318
2 1318 1319
2 1319 1316
2 1312 1316
2 1313 1317
2 1314 1318
2 1315 1319
2 1320 1321
2 1321 1322
2 1322 1323
2 1323 1320
2 1324 1325
2 1325 1326
2 1326 1327
2 1327 1324
2 1320 1324
2 1321 1325
2 1322 1326
2 1323 1327
2 1328 1329
2 1329 1330
2 1330 1331
2 1331 1328
2 1332 1333
2 1333 1334
2 1334 1335
2 1335 1332
2 1328 1332
2 1329 1333
2 1330 1334
2 1331 1335
2 1336 1337
2 1337 1338
2 1338 1339
2 1339 1336
2 1340 1341
2 1341 1342
2 1342 1343
2 1343 1340
2 1336 1340
2 1337 1341
2 1338 1342
2 1339 1343
2 1344 1345
2 1345 1346
2 1346 1347
2 1347 1344
2 1348 1349
2 1349 1350
2 1350 1351
2 1351 1348
2 1344 1348
2 1345 1349
2 1346 1350
2 1347 1351
2 1352 1353
2 1353 1354
2 1354 1355
2 1355 1352
2 1356 1357
2 1357 1358
2 1358 1359
2 1359 1356
2 1352 1356
2 1353 1357
2 1354 1358
2 1355 1359
2 1360 1361
2 1361 1362
2 1362 1363
2 1363 1360
2 1364 1365
2 1365 1366
2 1366 1367
2 1367 1364
2 1360 1364
2 1361 1365
2 1362 1366
2 1363 1367
2 1368 1369
2 1369 1370
2 1370 1371
2 1371 1368
2 1372 1373
2 1373 1374
2 1374 1375
2 1375 1372
2 1368 1372
2 1369 1373
2 1370 1374
2 1371 1375
2 1376 1377
2 1377 1378
2 1378 1379
2 1379 1376
2 1380 1381
2 1381 1382
2 1382 1383
2 1383 1380
2 1376 1380
2 1377 1381
2 1378 1382
2 1379 1383
2 1384 1385
2 1385 1386
2 1386 1387
2 1387 1384
2 1388 1389
2 1389 1390
2 1390 1391
2 1391 1388
2 1384 1388
2 1385 1389
2 1386 1390
2 1387 1391
2 1392 1393
2 1393 1394
2 1394 1395
2 1395 1392
2 1396 1397
2 1397 1398
2 1398 1399
2 1399 1396
2 1392 1396
2 1393 1397
2 1394 1398
2 1395 1399
2 1400 1401
2 1401 1402
2 1402 1403
2 1403 1400
2 1404 1405
2 1405 1406
2 1406 1407
2 1407 1404
2 1400 1404
2 1401 1405
2 1402 1406
2 1403 1407
2 1408 1409
2 1409 1410
2 1410 1411
2 1411 1408
2 1412 1413
2 1413 1414
2 1414 1415
2 1415 1412
2 1408 1412
2 1409 1413
2 1410 1414
2 1411 1415
2 1416 1417
2 1417 1418
2 1418 1419
2 1419 1416
2 1420 1421
2 1421 1422
2 1422 1423
2 1423 1420
2 1416 1420
2 1417 1421
2 1418 1422
2 1419 1423
2 1424 1425
2 1425 1426
2 1426 1427
2 1427 1424
2 1428 1429
2 1429 1430
2 1430 1431
2 1431 1428
2 1424 1428
2 1425 1429
2 1426 1430
2 1427 1431
2 1432 1433
2 1433 1434
2 1434 1435
2 1435 1432
2 1436 1437
2 1437 1438
2 1438 1439
2 1439 1436
2 1432 1436
2 1433 1437
2 1434 1438
2 1435 1439
2 1440 1441
2 1441 1442
2 1442 1443
2 1443 1440
2 1444 1445
2 1445 1446
2 1446 1447
2 1447 1444
2 1440 1444
2 1441 1445
2 1442 1446
2 1443 1447
2 1448 1449
2 1449 1450
2 1450 1451
2 1451 1448
2 1452 1453
2 1453 1454
2 1454 1455
2 1455 1452
2 1448 1452
2 1449 1453
2 1450 1454
2 1451 1455
2 1456 1457
2 1457 1458
2 1458 1459
2 1459 1456
2 1460 1461
2 1461 1462
2 1462 1463
2 1463 1460
2 1456 1460
2 1457 1461
2 1458 1462
2 1459 1463
2 1464 1465
2 1465 1466
2 1466 1467
2 1467 1464
2 1468 1469
2 1469 1470
2 1470 1471
2 1471 1468
2 1464 1468
2 1465 1469
2 1466 1470
2 1467 1471
2 1472 1473
2 1473 1474
2 1474 1475
2 1475 1472
2 1476 1477
2 1477 1478
2 1478 1479
2 1479 1476
2 1472 1476
2 1473 1477
2 1474 1478
2 1475 1479
2 1480 1481
2 1481 1482
2 1482 1483
2 1483 1480
2 1484 1485
2 1485 1486
2 1486 1487
2 1487 1484
2 1480 1484
2 1481 1485
2 1482 1486
2 1483 1487
2 1488 1489
2 1489 1490
2 1490 1491
2 1491 1488
2 1492 1493
2 1493 1494
2 1494 1495
2 1495 1492
2 1488 1492
2 1489 1493
2 1490 1494
2 1491 1495
2 1496 1497
2 1497 1498
2 1498 1499
2 1499 1496
2 1500 1501
2 1501 1502
2 1502 1503
2 1503 1500
2 1496 1500
2 1497 1501
2 1498 1502
2 1499 1503
2 1504 1505
2 1505 1506
2 1506 1507
2 1507 1504
2 1508 1509
2 1509 1510
2 1510 1511
2 1511 1508
2 1504 1508
2 1505 1509
2 1506 1510
2 1507 1511
2 1512 1513
2 1513 1514
2 1514 1515
2 1515 1512
2 1516 1517
2 1517 1518
2 1518 1519
2 1519 1516
2 1512 1516
2 1513 1517
2 1514 1518
2 1515 1519
2 1520 1521
2 1521 1522
2 1522 1523
2 1523 1520
2 1524 1525
2 1525 1526
2 1526 1527
2 1527 1524
2 1520 1524
2 1521 1525
2 1522 1526
2 1523 1527
2 1528 1529
2 1529 1530
2 1530 1531
2 1531 1528
2 1532 1533
2 1533 1534
2 1534 1535
2 1535 1532
2 1528 1532
2 1529 1533
2 1530 1534
2 1531 1535
2 1536 1537
2 1537 1538
2 1538 1539
2 1539 1536
2 1540 1541
2 1541 1542
2 1542 1543
2 1543 1540
2 1536 1540
2 1537 1541
2 1538 1542
2 1539 1543
2 1544 1545
2 1545 1546
2 1546 1547
2 1547 1544
2 1548 1549
2 1549 1550
2 1550 1551
2 1551 1548
2 1544 1548
2 1545 1549
2 1546 1550
2 1547 1551
2 1552 1553
2 1553 1554
2 1554 1555
2 1555 1552
2 1556 1557
2 1557 1558
2 1558 1559
2 1559 1556
2 1552 1556
2 1553 1557
2 1554 1558
2 1555 1559
2 1560 1561
2 1561 1562
2 1562 1563
2 1563 1560
2 1564 1565
2 1565 1566
2 1566 1567
2 1567 1564
2 1560 1564
2 1561 1565
2 1562 1566
2 1563 1567
2 1568 1569
2 1569 1570
2 1570 1571
2 1571 1568
2 1572 1573
2 1573 1574
2 1574 1575
2 1575 1572
2 1568 1572
2 1569 1573
2 1570 1574
2 1571 1575
2 1576 1577
2 1577 1578
2 1578 1579
2 1579 1576
2 1580 1581
2 1581 1582
2 1582 1583
2 1583 1580
2 1576 1580
2 1577 1581
2 1578 1582
2 1579 1583
2 1584 1585
2 1585 1586
2 1586 1587
2 1587 1584
2 1588 1589
2 1589 1590
2 1590 1591
2 1591 1588
2 1584 1588
2 1585 1589
2 1586 1590
2 1587 1591
2 1592 1593
2 1593 1594
2 1594 1595
2 1595 1592
2 1596 1597
2 1597 1598
2 1598 1599
2 1599 1596
2 1592 1596
2 1593 1597
2 1594 1598
2 1595 1599
2 1600 1601
2 1601 1602
2 1602 1603
2 1603 1600
2 1604 1605
2 1605 1606
2 1606 1607
2 1607 1604
2 1600 1604
2 1601 1605
2 1602 1606
2 1603 1607
2 1608 1609
2 1609 1610
2 1610 1611
2 1611 1608
2 1612 1613
2 1613 1614
2 1614 1615
2 1615 1612
2 1608 1612
2 1609 1613
2 1610 1614
2 1611 1615
2 1616 1617
2 1617 1618
2 1618 1619
2 1619 1616
2 1620 1621
2 1621 1622
2 1622 1623
2 1623 1620
2 1616 1620
2 1617 1621
2 1618 1622
2 1619 1623
2 1624 1625
2 1625 1626
2 1626 1627
2 1627 1624
2 1628 1629
2 1629 1630
2 1630 1631
2 1631 1628
2 1624 1628
2 1625 1629
2 1626 1630
2 1627 1631
2 1632 1633
2 1633 1634
2 1634 1635
2 1635 1632
2 1636 1637
2 1637 1638
2 1638 1639
2 1639 1636
2 1632 1636
2 1633 1637
2 1634 1638
2 1635 1639
2 1640 1641
2 1641 1642
2 1642 1643
2 1643 1640
2 1644 1645
2 1645 1646
2 1646 1647
2 1647 1644
2 1640 1644
2 1641 1645
2 1642 1646
2 1643 1647
2 1648 1649
2 1649 1650
2 1650 1651
2 1651 1648
2 1652 1653
2 1653 1654
2 1654 1655
2 1655 1652
2 1648 1652
2 1649 1653
2 1650 1654
2 1651 1655
2 1656 1657
2 1657 1658
2 1658 1659
2 1659 1656
2 1660 1661
2 1661 1662
2 1662 1663
2 1663 1660
2 1656 1660
2 1657 1661
2 1658 1662
2 1659 1663
2 1664 1665
2 1665 1666
2 1666 1667
2 1667 1664
2 1668 1669
2 1669 1670
2 1670 1671
2 1671 1668
2 1664 1668
2 1665 1669
2 1666 1670
2 1667 1671
2 1672 1673
2 1673 1674
2 1674 1675
2 1675 1672
2 1676 1677
2 1677 1678
2 1678 1679
2 1679 1676
2 1672 1676
2 1673 1677
2 1674 1678
2 1675 1679
2 1680 1681
2 1681 1682
2 1682 1683
2 1683 1680
2 1684 1685
2 1685 1686
2 1686 1687
2 1687 1684
2 1680 1684
2 1681 1685
2 1682 1686
2 1683 1687
2 1688 1689
2 1689 1690
2 1690 1691
2 1691 1688
2 1692 1693
2 1693 1694
2 1694 1695
2 1695 1692
2 1688 1692
2 1689 1693
2 1690 1694
2 1691 1695
2 1696 1697
2 1697 1698
2 1698 1699
2 1699 1696
2 1700 1701
2 1701 1702
2 1702 1703
2 1703 1700
2 1696 1700
2 1697 1701
2 1698 1702
2 1699 1703
2 1704 1705
2 1705 1706
2 1706 1707
2 1707 1704
2 1708 1709
2 1709 1710
2 1710 1711
2 1711 1708
2 1704 1708
2 1705 1709
2 1706 1710
2 1707 1711
2 1712 1713
2 1713 1714
2 1714 1715
2 1715 1712
2 1716 1717
2 1717 1718
2 1718 1719
2 1719 1716
2 1712 1716
2 1713 1717
2 1714 1718
2 1715 1719
2 1720 1721
2 1721 1722
2 1722 1723
2 1723 1720
2 1724 1725
2 1725 1726
2 1726 1727
2 1727 1724
2 1720 1724
2 1721 1725
2 1722 1726
2 1723 1727
2 1728 1729
2 1729 1730
2 1730 1731
2 1731 1728
2 1732 1733
2 1733 1734
2 1734 1735
2 1735 1732
2 1728 1732
2 1729 1733
2 1730 1734
2 1731 1735
2 1736 1737
2 1737 1738
2 1738 1739
2 1739 1736
2 1740 1741
2 1741 1742
2 1742 1743
2 1743 1740
2 1736 1740
2 1737 1741
2 1738 1742
2 1739 1743
2 1744 1745
2 1745 1746
2 1746 1747
2 1747 1744
2 1748 1749
2 1749 1750
2 1750 1751
2 1751 1748
2 1744 1748
2 1745 1749
2 1746 1750
2 1747 1751
2 1752 1753
2 1753 1754
2 1754 1755
2 1755 1752
2 1756 1757
2 1757 1758
2 1758 1759
2 1759 1756
2 1752 1756
2 1753 1757
2 1754 1758
2 1755 1759
2 1760 1761
2 1761 1762
2 1762 1763
2 1763 1760
2 1764 1765
2 1765 1766
2 1766 1767
2 1767 1764
2 1760 1764
2 1761 1765
2 1762 1766
2 1763 1767
2 1768 1769
2 1769 1770
2 1770 1771
2 1771 1768
2 1772 1773
2 1773 1774
2 1774 1775
2 1775 1772
2 1768 1772
2 1769 1773
2 1770 1774
2 1771 1775
2 1776 1777
2 1777 1778
2 1778 1779
2 1779 1776
2 1780 1781
2 1781 1782
2 1782 1783
2 1783 1780
2 1776 1780
2 1777 1781
2 1778 1782
2 1779 1783
2 1784 1785
2 1785 1786
2 1786 1787
2 1787 1784
2 1788 1789
2 1789 1790
2 1790 1791
2 1791 1788
2 1784 1788
2 1785 1789
2 1786 1790
2 1787 1791
2 1792 1793
2 1793 1794
2 1794 1795
2 1795 1792
2 1796 1797
2 1797 1798
2 1798 1799
2 1799 1796
2 1792 1796
2 1793 1797
2 1794 1798
2 1795 1799
2 1800 1801
2 1801 1802
2 1802 1803
2 1803 1800
2 1804 1805
2 1805 1806
2 1806 1807
2 1807 1804
2 1800 1804
2 1801 1805
2 1802 1806
2 1803 1807
2 1808 1809
2 1809 1810
2 1810 1811
2 1811 1808
2 1812 1813
2 1813 1814
2 1814 1815
2 1815 1812
2 1808 1812
2 1809 1813
2 1810 1814
2 1811 1815
2 1816 1817
2 1817 1818
2 1818 1819
2 1819 1816
2 1820 1821
2 1821 1822
2 1822 1823
2 1823 1820
2 1816 1820
2 1817 1821
2 1818 1822
2 1819 1823
2 1824 1825
2 1825 1826
2 1826 1827
2 1827 1824
2 1828 1829
2 1829 1830
2 1830 1831
2 1831 1828
2 1824 1828
2 1825 1829
2 1826 1830
2 1827 1831
2 1832 1833
2 1833 1834
2 1834 1835
2 1835 1832
2 1836 1837
2 1837 1838
2 1838 1839
2 1839 1836
2 1832 1836
2 1833 1837
2 1834 1838
2 1835 1839
2 1840 1841
2 1841 1842
2 1842 1843
2 1843 1840
2 1844 1845
2 1845 1846
2 1846 1847
2 1847 1844
2 1840 1844
2 1841 1845
2 1842 1846
2 1843 1847
2 1848 1849
2 1849 1850
2 1850 1851
2 1851 1848
2 1852 1853
2 1853 1854
2 1854 1855
2 1855 1852
2 1848 1852
2 1849 1853
2 1850 1854
2 1851 1855
2 1856 1857
2 1857 1858
2 1858 1859
2 1859 1856
2 1860 1861
2 1861 1862
2 1862 1863
2 1863 1860
2 1856 1860
2 1857 1861
2 1858 1862
2 1859 1863
2 1864 1865
2 1865 1866
2 1866 1867
2 1867 1864
2 1868 1869
2 1869 1870
2 1870 1871
2 1871 1868
2 1864 1868
2 1865 1869
2 1866 1870
2 1867 1871
2 1872 1873
2 1873 1874
2 1874 1875
2 1875 1872
2 1876 1877
2 1877 1878
2 1878 1879
2 1879 1876
2 1872 1876
2 1873 1877
2 1874 1878
2 1875 1879
2 1880 1881
2 1881 1882
2 1882 1883
2 1883 1880
2 1884 1885
2 1885 1886
2 1886 1887
2 1887 1884
2 1880 1884
2 1881 1885
2 1882 1886
2 1883 1887
2 1888 1889
2 1889 1890
2 1890 1891
2 1891 1888
2 1892 1893
2 1893 1894
2 1894 1895
2 1895 1892
2 1888 1892
2 1889 1893
2 1890 1894
2 1891 1895
2 1896 1897
2 1897 1898
2 1898 1899
2 1899 1896
2 1900 1901
2 1901 1902
2 1902 1903
2 1903 1900
2 1896 1900
2 1897 1901
2 1898 1902
2 1899 1903
2 1904 1905
2 1905 1906
2 1906 1907
2 1907 1904
2 1908 1909
2 1909 1910
2 1910 1911
2 1911 1908
2 1904 1908
2 1905 1909
2 1906 1910
2 1907 1911
2 1912 1913
2 1913 1914
2 1914 1915
2 1915 1912
2 1916 1917
2 1917 1918
2 1918 1919
2 1919 1916
2 1912 1916
2 1913 1917
2 1914 1918
2 1915 1919
2 1920 1921
2 1921 1922
2 1922 1923
2 1923 1920
2 1924 1925
2 1925 1926
2 1926 1927
2 1927 1924
2 1920 1924
2 1921 1925
2 1922 1926
2 1923 1927
2 1928 1929
2 1929 1930
2 1930 1931
2 1931 1928
2 1932 1933
2 1933 1934
2 1934 1935
2 1935 1932
2 1928 1932
2 1929 1933
2 1930 1934
2 1931 1935
2 1936 1937
2 1937 1938
2 1938 1939
2 1939 1936
2 1940 1941
2 1941 1942
2 1942 1943
2 1943 1940
2 1936 1940
2 1937 1941
2 1938 1942
2 1939 1943
2 1944 1945
2 1945 1946
2 1946 1947
2 1947 1944
2 1948 1949
2 1949 1950
2 1950 1951
2 1951 1948
2 1944 1948
2 1945 1949
2 1946 1950
2 1947 1951
2 1952 1953
2 1953 1954
2 1954 1955
2 1955 1952
2 1956 1957
2 1957 1958
2 1958 1959
2 1959 1956
2 1952 1956
2 1953 1957
2 1954 1958
2 1955 1959
2 1960 1961
2 1961 1962
2 1962 1963
2 1963 1960
2 1964 1965
2 1965 1966
2 1966 1967
2 1967 1964
2 1960 1964
2 1961 1965
2 1962 1966
2 1963 1967
2 1968 1969
2 1969 1970
2 1970 1971
2 1971 1968
2 1972 1973
2 1973 1974
2 1974 1975
2 1975 1972
2 1968 1972
2 1969 1973
2 1970 1974
2 1971 1975
2 1976 1977
2 1977 1978
2 1978 1979
2 1979 1976
2 1980 1981
2 1981 1982
2 1982 1983
2 1983 1980
2 1976 1980
2 1977 1981
2 1978 1982
2 1979 1983
2 1984 1985
2 1985 1986
2 1986 1987
2 1987 1984
2 1988 1989
2 1989 1990
2 1990 1991
2 1991 1988
2 1984 1988
2 1985 1989
2 1986 1990
2 1987 1991
2 1992 1993
2 1993 1994
2 1994 1995
2 1995 1992
2 1996 1997
2 1997 1998
2 1998 1999
2 1999 1996
2 1992 1996
2 1993 1997
2 1994 1998
2 1995 1999
2 2000 2001
2 2001 2002
2 2002 2003
2 2003 2000
2 2004 2005
2 2005 2006
2 2006 2007
2 2007 2004
2 2000 2004
2 2001 2005
2 2002 2006
2 2003 2007
2 2008 2009
2 2009 2010
2 2010 2011
2 2011 2008
2 2012 2013
2 2013 2014
2 2014 2015
2 2015 2012
2 2008 2012
2 2009 2013
2 2010 2014
2 2011 2015
2 2016 2017
2 2017 2018
2 2018 2019
2 2019 2016
2 2020 2021
2 2021 2022
2 2022 2023
2 2023 2020
2 2016 2020
2 2017 2021
2 2018 2022
2 2019 2023
2 2024 2025
2 2025 2026
2 2026 2027
2 2027 2024
2 2028 2029
2 2029 2030
2 2030 2031
2 2031 2028
2 2024 2028
2 2025 2029
2 2026 2030
2 2027 2031
2 2032 2033
2 2033 2034
2 2034 2035
2 2035 2032
2 2036 2037
2 2037 2038
2 2038 2039
2 2039 2036
2 2032 2036
2 2033 2037
2 2034 2038
2 2035 2039
2 2040 2041
2 2041 2042
2 2042 2043
2 2043 2040
2 2044 2045
2 2045 2046
2 2046 2047
2 2047 2044
2 2040 2044
2 2041 2045
2 2042 2046
2 2043 2047
2 2048 2049
2 2049 2050
2 2050 2051
2 2051 2048
2 2052 2053
2 2053 2054
2 2054 2055
2 2055 2052
2 2048 2052
2 2049 2053
2 2050 2054
2 2051 2055
2 2056 2057
2 2057 2058
2 2058 2059
2 2059 2056
2 2060 2061
2 2061 2062
2 2062 2063
2 2063 2060
2 2056 2060
2 2057 2061
2 2058 2062
2 2059 2063
2 2064 2065
2 2065 2066
2 2066 2067
2 2067 2064
2 2068 2069
2 2069 2070
2 2070 2071
2 2071 2068
2 2064 2068
2 2065 2069
2 2066 2070
2 2067 2071
2 2072 2073
2 2073 2074
2 2074 2075
2 2075 2072
2 2076 2077
2 2077 2078
2 2078 2079
2 2079 2076
2 2072 2076
2 2073 2077
2 2074 2078
2 2075 2079
2 2080 2081
2 2081 2082
2 2082 2083
2 2083 2080
2 2084 2085
2 2085 2086
2 2086 2087
2 2087 2084
2 2080 2084
2 2081 2085
2 2082 2086
2 2083 2087
2 2088 2089
2 2089 2090
2 2090 2091
2 2091 2088
2 2092 2093
2 2093 2094
2 2094 2095
2 2095 2092
2 2088 2092
2 2089 2093
2 2090 2094
2 2091 2095
2 2096 2097
2 2097 2098
2 2098 2099
2 2099 2096
2 2100 2101
2 2101 2102
2 2102 2103
2 2103 2100
2 2096 2100
2 2097 2101
2 2098 2102
2 2099 2103
2 2104 2105
2 2105 2106
2 2106 2107
2 2107 2104
2 2108 2109
2 2109 2110
2 2110 2111
2 2111 2108
2 2104 2108
2 2105 2109
2 2106 2110
2 2107 2111
2 2112 2113
2 2113 2114
2 2114 2115
2 2115 2112
2 2116 2117
2 2117 2118
2 2118 2119
2 2119 2116
2 2112 2116
2 2113 2117
2 2114 2118
2 2115 2119
2 2120 2121
2 2121 2122
2 2122 2123
2 2123 2120
2 2124 2125
2 2125 2126
2 2126 2127
2 2127 2124
2 2120 2124
2 2121 2125
2 2122 2126
2 2123 2127
2 2128 2129
2 2129 2130
2 2130 2131
2 2131 2128
2 2132 2133
2 2133 2134
2 2134 2135
2 2135 2132
2 2128 2132
2 2129 2133
2 2130 2134
2 2131 2135
2 2136 2137
2 2137 2138
2 2138 2139
2 2139 2136
2 2140 2141
2 2141 2142
2 2142 2143
2 2143 2140
2 2136 2140
2 2137 2141
2 2138 2142
2 2139 2143
2 2144 2145
2 2145 2146
2 2146 2147
2 2147 2144
2 2148 2149
2 2149 2150
2 2150 2151
2 2151 2148
2 2144 2148
2 2145 2149
2 2146 2150
2 2147 2151
2 2152 2153
2 2153 2154
2 2154 2155
2 2155 2152
2 2156 2157
2 2157 2158
2 2158 2159
2 2159 2156
2 2152 2156
2 2153 2157
2 2154 2158
2 2155 2159
2 2160 2161
2 2161 2162
2 2162 2163
2 2163 2160
2 2164 2165
2 2165 2166
2 2166 2167
2 2167 2164
2 2160 2164
2 2161 2165
2 2162 2166
2 2163 2167
2 2168 2169
2 2169 2170
2 2170 2171
2 2171 2168
2 2172 2173
2 2173 2174
2 2174 2175
2 2175 2172
2 2168 2172
2 2169 2173
2 2170 2174
2 2171 2175
2 2176 2177
2 2177 2178
2 2178 2179
2 2179 2176
2 2180 2181
2 2181 2182
2 2182 2183
2 2183 2180
2 2176 2180
2 2177 2181
2 2178 2182
2 2179 2183
2 2184 2185
2 2185 2186
2 2186 2187
2 2187 2184
2 2188 2189
2 2189 2190
2 2190 2191
2 2191 2188
2 2184 2188
2 2185 2189
2 2186 2190
2 2187 2191
2 2192 2193
2 2193 2194
2 2194 2195
2 2195 2192
2 2196 2197
2 2197 2198
2 2198 2199
2 2199 2196
2 2192 2196
2 2193 2197
2 2194 2198
2 2195 2199
2 2200 2201
2 2201 2202
2 2202 2203
2 2203 2200
2 2204 2205
2 2205 2206
2 2206 2207
2 2207 2204
2 2200 2204
2 2201 2205
2 2202 2206
2 2203 2207
2 2208 2209
2 2209 2210
2 2210 2211
2 2211 2208
2 2212 2213
2 2213 2214
2 2214 2215
2 2215 2212
2 2208 2212
2 2209 2213
2 2210 2214
2 2211 2215
2 2216 2217
2 2217 2218
2 2218 2219
2 2219 2216
2 2220 2221
2 2221 2222
2 2222 2223
2 2223 2220
2 2216 2220
2 2217 2221
2 2218 2222
2 2219 2223
2 2224 2225
2 2225 2226
2 2226 2227
2 2227 2224
2 2228 2229
2 2229 2230
2 2230 2231
2 2231 2228
2 2224 2228
2 2225 2229
2 2226 2230
2 2227 2231
2 2232 2233
2 2233 2234
2 2234 2235
2 2235 2232
2 2236 2237
2 2237 2238
2 2238 2239
2 2239 2236
2 2232 2236
2 2233 2237
2 2234 2238
2 2235 2239
2 2240 2241
2 2241 2242
2 2242 2243
2 2243 2240
2 2244 2245
2 2245 2246
2 2246 2247
2 2247 2244
2 2240 2244
2 2241 2245
2 2242 2246
2 2243 2247
2 2248 2249
2 2249 2250
2 2250 2251
2 2251 2248
2 2252 2253
2 2253 2254
2 2254 2255
2 2255 2252
2 2248 2252
2 2249 2253
2 2250 2254
2 2251 2255
2 2256 2257
2 2257 2258
2 2258 2259
2 2259 2256
2 2260 2261
2 2261 2262
2 2262 2263
2 2263 2260
2 2256 2260
2 2257 2261
2 2258 2262
2 2259 2263
2 2264 2265
2 2265 2266
2 2266 2267
2 2267 2264
2 2268 2269
2 2269 2270
2 2270 2271
2 2271 2268
2 2264 2268
2 2265 2269
2 2266 2270
2 2267 2271
2 2272 2273
2 2273 2274
2 2274 2275
2 2275 2272
2 2276 2277
2 2277 2278
2 2278 2279
2 2279 2276
2 2272 2276
2 2273 2277
2 2274 2278
2 2275 2279
2 2280 2281
2 2281 2282
2 2282 2283
2 2283 2280
2 2284 2285
2 2285 2286
2 2286 2287
2 2287 2284
2 2280 2284
2 2281 2285
2 2282 2286
2 2283 2287
2 2288 2289
2 2289 2290
2 2290 2291
2 2291 2288
2 2292 2293
2 2293 2294
2 2294 2295
2 2295 2292
2 2288 2292
2 2289 2293
2 2290 2294
2 2291 2295
2 2296 2297
2 2297 2298
2 2298 2299
2 2299 2296
2 2300 2301
2 2301 2302
2 2302 2303
2 2303 2300
2 2296 2300
2 2297 2301
2 2298 2302
2 2299 2303
2 2304 2305
2 2305 2306
2 2306 2307
2 2307 2304
2 2308 2309
2 2309 2310
2 2310 2311
2 2311 2308
2 2304 2308
2 2305 2309
2 2306 2310
2 2307 2311
2 2312 2313
2 2313 2314
2 2314 2315
2 2315 2312
2 2316 2317
2 2317 2318
2 2318 2319
2 2319 2316
2 2312 2316
2 2313 2317
2 2314 2318
2 2315 2319
2 2320 2321
2 2321 2322
2 2322 2323
2 2323 2320
2 2324 2325
2 2325 2326
2 2326 2327
2 2327 2324
2 2320 2324
2 2321 2325
2 2322 2326
2 2323 2327
2 2328 2329
2 2329 2330
2 2330 2331
2 2331 2328
2 2332 2333
2 2333 2334
2 2334 2335
2 2335 2332
2 2328 2332
2 2329 2333
2 2330 2334
2 2331 2335
2 2336 2337
2 2337 2338
2 2338 2339
2 2339 2336
2 2340 2341
2 2341 2342
2 2342 2343
2 2343 2340
2 2336 2340
2 2337 2341
2 2338 2342
2 2339 2343
2 2344 2345
2 2345 2346
2 2346 2347
2 2347 2344
2 2348 2349
2 2349 2350
2 2350 2351
2 2351 2348
2 2344 2348
2 2345 2349
2 2346 2350
2 2347 2351
2 2352 2353
2 2353 2354
2 2354 2355
2 2355 2352
2 2356 2357
2 2357 2358
2 2358 2359
2 2359 2356
2 2352 2356
2 2353 2357
2 2354 2358
2 2355 2359
2 2360 2361
2 2361 2362
2 2362 2363
2 2363 2360
2 2364 2365
2 2365 2366
2 2366 2367
2 2367 2364
2 2360 2364
2 2361 2365
2 2362 2366
2 2363 2367
2 2368 2369
2 2369 2370
2 2370 2371
2 2371 2368
2 2372 2373
2 2373 2374
2 2374 2375
2 2375 2372
2 2368 2372
2 2369 2373
2 2370 2374
2 2371 2375
2 2376 2377
2 2377 2378
2 2378 2379
2 2379 2376
2 2380 2381
2 2381 2382
2 2382 2383
2 2383 2380
2 2376 2380
2 2377 2381
2 2378 2382
2 2379 2383
2 2384 2385
2 2385 2386
2 2386 2387
2 2387 2384
2 2388 2389
2 2389 2390
2 2390 2391
2 2391 2388
2 2384 2388
2 2385 2389
2 2386 2390
2 2387 2391
2 2392 2393
2 2393 2394
2 2394 2395
2 2395 2392
2 2396 2397
2 2397 2398
2 2398 2399
2 2399 2396
2 2392 2396
2 2393 2397
2 2394 2398
2 2395 2399
2 2400 2401
2 2401 2402
2 2402 2403
2 2403 2400
2 2404 2405
2 2405 2406
2 2406 2407
2 2407 2404
2 2400 2404
2 2401 2405
2 2402 2406
2 2403 2407
2 2408 2409
2 2409 2410
2 2410 2411
2 2411 2408
2 2412 2413
2 2413 2414
2 2414 2415
2 2415 2412
2 2408 2412
2 2409 2413
2 2410 2414
2 2411 2415
2 2416 2417
2 2417 2418
2 2418 2419
2 2419 2416
2 2420 2421
2 2421 2422
2 2422 2423
2 2423 2420
2 2416 2420
2 2417 2421
2 2418 2422
2 2419 2423
2 2424 2425
2 2425 2426
2 2426 2427
2 2427 2424
2 2428 2429
2 2429 2430
2 2430 2431
2 2431 2428
2 2424 2428
2 2425 2429
2 2426 2430
2 2427 2431
2 2432 2433
2 2433 2434
2 2434 2435
2 2435 2432
2 2436 2437
2 2437 2438
2 2438 2439
2 2439 2436
2 2432 2436
2 2433 2437
2 2434 2438
2 2435 2439
2 2440 2441
2 2441 2442
2 2442 2443
2 2443 2440
2 2444 2445
2 2445 2446
2 2446 2447
2 2447 2444
2 2440 2444
2 2441 2445
2 2442 2446
2 2443 2447
2 2448 2449
2 2449 2450
2 2450 2451
2 2451 2448
2 2452 2453
2 2453 2454
2 2454 2455
2 2455 2452
2 2448 2452
2 2449 2453
2 2450 2454
2 2451 2455
2 2456 2457
2 2457 2458
2 2458 2459
2 2459 2456
2 2460 2461
2 2461 2462
2 2462 2463
2 2463 2460
2 2456 2460
2 2457 2461
2 2458 2462
2 2459 2463
2 2464 2465
2 2465 2466
2 2466 2467
2 2467 2464
2 2468 2469
2 2469 2470
2 2470 2471
2 2471 2468
2 2464 2468
2 2465 2469
2 2466 2470
2 2467 2471
2 2472 2473
2 2473 2474
2 2474 2475
2 2475 2472
2 2476 2477
2 2477 2478
2 2478 2479
2 2479 2476
2 2472 2476
2 2473 2477
2 2474 2478
2 2475 2479
2 2480 2481
2 2481 2482
2 2482 2483
2 2483 2480
2 2484 2485
2 2485 2486
2 2486 2487
2 2487 2484
2 2480 2484
2 2481 2485
2 2482 2486
2 2483 2487
2 2488 2489
2 2489 2490
2 2490 2491
2 2491 2488
2 2492 2493
2 2493 2494
2 2494 2495
2 2495 2492
2 2488 2492
2 2489 2493
2 2490 2494
2 2491 2495
2 2496 2497
2 2497 2498
2 2498 2499
2 2499 2496
2 2500 2501
2 2501 2502
2 2502 2503
2 2503 2500
2 2496 2500
2 2497 2501
2 2498 2502
2 2499 2503
2 2504 2505
2 2505 2506
2 2506 2507
2 2507 2504
2 2508 2509
2 2509 2510
2 2510 2511
2 2511 2508
2 2504 2508
2 2505 2509
2 2506 2510
2 2507 2511
2 2512 2513
2 2513 2514
2 2514 2515
2 2515 2512
2 2516 2517
2 2517 2518
2 2518 2519
2 2519 2516
2 2512 2516
2 2513 2517
2 2514 2518
2 2515 2519
2 2520 2521
2 2521 2522
2 2522 2523
2 2523 2520
2 2524 2525
2 2525 2526
2 2526 2527
2 2527 2524
2 2520 2524
2 2521 2525
2 2522 2526
2 2523 2527
2 2528 2529
2 2529 2530
2 2530 2531
2 2531 2528
2 2532 2533
2 2533 2534
2 2534 2535
2 2535 2532
2 2528 2532
2 2529 2533
2 2530 2534
2 2531 2535
2 2536 2537
2 2537 2538
2 2538 2539
2 2539 2536
2 2540 2541
2 2541 2542
2 2542 2543
2 2543 2540
2 2536 2540
2 2537 2541
2 2538 2542
2 2539 2543
2 2544 2545
2 2545 2546
2 2546 2547
2 2547 2544
2 2548 2549
2 2549 2550
2 2550 2551
2 2551 2548
2 2544 2548
2 2545 2549
2 2546 2550
2 2547 2551
2 2552 2553
2 2553 2554
2 2554 2555
2 2555 2552
2 2556 2557
2 2557 2558
2 2558 2559
2 2559 2556
2 2552 2556
2 2553 2557
2 2554 2558
2 2555 2559
2 2560 2561
2 2561 2562
2 2562 2563
2 2563 2560
2 2564 2565
2 2565 2566
2 2566 2567
2 2567 2564
2 2560 2564
2 2561 2565
2 2562 2566
2 2563 2567
2 2568 2569
2 2569 2570
2 2570 2571
2 2571 2568
2 2572 2573
2 2573 2574
2 2574 2575
2 2575 2572
2 2568 2572
2 2569 2573
2 2570 2574
2 2571 2575
2 2576 2577
2 2577 2578
2 2578 2579
2 2579 2576
2 2580 2581
2 2581 2582
2 2582 2583
2 2583 2580
2 2576 2580
2 2577 2581
2 2578 2582
2 2579 2583
2 2584 2585
2 2585 2586
2 2586 2587
2 2587 2584
2 2588 2589
2 2589 2590
2 2590 2591
2 2591 2588
2 2584 2588
2 2585 2589
2 2586 2590
2 2587 2591
2 2592 2593
2 2593 2594
2 2594 2595
2 2595 2592
2 2596 2597
2 2597 2598
2 2598 2599
2 2599 2596
2 2592 2596
2 2593 2597
2 2594 2598
2 2595 2599
2 2600 2601
2 2601 2602
2 2602 2603
2 2603 2600
2 2604 2605
2 2605 2606
2 2606 2607
2 2607 2604
2 2600 2604
2 2601 2605
2 2602 2606
2 2603 2607
2 2608 2609
2 2609 2610
2 2610 2611
2 2611 2608
2 2612 2613
2 2613 2614
2 2614 2615
2 2615 2612
2 2608 2612
2 2609 2613
2 2610 2614
2 2611 2615
2 2616 2617
2 2617 2618
2 2618 2619
2 2619 2616
2 2620 2621
2 2621 2622
2 2622 2623
2 2623 2620
2 2616 2620
2 2617 2621
2 2618 2622
2 2619 2623
2 2624 2625
2 2625 2626
2 2626 2627
2 2627 2624
2 2628 2629
2 2629 2630
2 2630 2631
2 2631 2628
2 2624 2628
2 2625 2629
2 2626 2630
2 2627 2631
2 2632 2633
2 2633 2634
2 2634 2635
2 2635 2632
2 2636 2637
2 2637 2638
2 2638 2639
2 2639 2636
2 2632 2636
2 2633 2637
2 2634 2638
2 2635 2639
2 2640 2641
2 2641 2642
2 2642 2643
2 2643 2640
2 2644 2645
2 2645 2646
2 2646 2647
2 2647 2644
2 2640 2644
2 2641 2645
2 2642 2646
2 2643 2647
2 2648 2649
2 2649 2650
2 2650 2651
2 2651 2648
2 2652 2653
2 2653 2654
2 2654 2655
2 2655 2652
2 2648 2652
2 2649 2653
2 2650 2654
2 2651 2655
2 2656 2657
2 2657 2658
2 2658 2659
2 2659 2656
2 2660 2661
2 2661 2662
2 2662 2663
2 2663 2660
2 2656 2660
2 2657 2661
2 2658 2662
2 2659 2663
2 2664 2665
2 2665 2666
2 2666 2667
2 2667 2664
2 2668 2669
2 2669 2670
2 2670 2671
2 2671 2668
2 2664 2668
2 2665 2669
2 2666 2670
2 2667 2671
2 2672 2673
2 2673 2674
2 2674 2675
2 2675 2672
2 2676 2677
2 2677 2678
2 2678 2679
2 2679 2676
2 2672 2676
2 2673 2677
2 2674 2678
2 2675 2679
2 2680 2681
2 2681 2682
2 2682 2683
2 2683 2680
2 2684 2685
2 2685 2686
2 2686 2687
2 2687 2684
2 2680 2684
2 2681 2685
2 2682 2686
2 2683 2687
2 2688 2689
2 2689 2690
2 2690 2691
2 2691 2688
2 2692 2693
2 2693 2694
2 2694 2695
2 2695 2692
2 2688 2692
2 2689 2693
2 2690 2694
2 2691 2695
2 2696 2697
2 2697 2698
2 2698 2699
2 2699 2696
2 2700 2701
2 2701 2702
2 2702 2703
2 2703 2700
2 2696 2700
2 2697 2701
2 2698 2702
2 2699 2703
2 2704 2705
2 2705 2706
2 2706 2707
2 2707 2704
2 2708 2709
2 2709 2710
2 2710 2711
2 2711 2708
2 2704 2708
2 2705 2709
2 2706 2710
2 2707 2711
2 2712 2713
2 2713 2714
2 2714 2715
2 2715 2712
2 2716 2717
2 2717 2718
2 2718 2719
2 2719 2716
2 2712 2716
2 2713 2717
2 2714 2718
2 2715 2719
2 2720 2721
2 2721 2722
2 2722 2723
2 2723 2720
2 2724 2725
2 2725 2726
2 2726 2727
2 2727 2724
2 2720 2724
2 2721 2725
2 2722 2726
2 2723 2727
2 2728 2729
2 2729 2730
2 2730 2731
2 2731 2728
2 2732 2733
2 2733 2734
2 2734 2735
2 2735 2732
2 2728 2732
2 2729 2733
2 2730 2734
2 2731 2735
2 2736 2737
2 2737 2738
2 2738 2739
2 2739 2736
2 2740 2741
2 2741 2742
2 2742 2743
2 2743 2740
2 2736 2740
2 2737 2741
2 2738 2742
2 2739 2743
2 2744 2745
2 2745 2746
2 2746 2747
2 2747 2744
2 2748 2749
2 2749 2750
2 2750 2751
2 2751 2748
2 2744 2748
2 2745 2749
2 2746 2750
2 2747 2751
2 2752 2753
2 2753 2754
2 2754 2755
2 2755 2752
2 2756 2757
2 2757 2758
2 2758 2759
2 2759 2756
2 2752 2756
2 2753 2757
2 2754 2758
2 2755 2759
2 2760 2761
2 2761 2762
2 2762 2763
2 2763 2760
2 2764 2765
2 2765 2766
2 2766 2767
2 2767 2764
2 2760 2764
2 2761 2765
2 2762 2766
2 2763 2767
2 2768 2769
2 2769 2770
2 2770 2771
2 2771 2768
2 2772 2773
2 2773 2774
2 2774 2775
2 2775 2772
2 2768 2772
2 2769 2773
2 2770 2774
2 2771 2775
2 2776 2777
2 2777 2778
2 2778 2779
2 2779 2776
2 2780 2781
2 2781 2782
2 2782 2783
2 2783 2780
2 2776 2780
2 2777 2781
2 2778 2782
2 2779 2783
2 2784 2785
2 2785 2786
2 2786 2787
2 2787 2784
2 2788 2789
2 2789 2790
2 2790 2791
2 2791 2788
2 2784 2788
2 2785 2789
2 2786 2790
2 2787 2791
2 2792 2793
2 2793 2794
2 2794 2795
2 2795 2792
2 2796 2797
2 2797 2798
2 2798 2799
2 2799 2796
2 2792 2796
2 2793 2797
2 2794 2798
2 2795 2799
2 2800 2801
2 2801 2802
2 2802 2803
2 2803 2800
2 2804 2805
2 2805 2806
2 2806 2807
2 2807 2804
2 2800 2804
2 2801 2805
2 2802 2806
2 2803 2807
2 2808 2809
2 2809 2810
2 2810 2811
2 2811 2808
2 2812 2813
2 2813 2814
2 2814 2815
2 2815 2812
2 2808 2812
2 2809 2813
2 2810 2814
2 2811 2815
2 2816 2817
2 2817 2818
2 2818 2819
2 2819 2816
2 2820 2821
2 2821 2822
2 2822 2823
2 2823 2820
2 2816 2820
2 2817 2821
2 2818 2822
2 2819 2823
2 2824 2825
2 2825 2826
2 2826 2827
2 2827 2824
2 2828 2829
2 2829 2830
2 2830 2831
2 2831 2828
2 2824 2828
2 2825 2829
2 2826 2830
2 2827 2831
2 2832 2833
2 2833 2834
2 2834 2835
2 2835 2832
2 2836 2837
2 2837 2838
2 2838 2839
2 2839 2836
2 2832 2836
2 2833 2837
2 2834 2838
2 2835 2839
2 2840 2841
2 2841 2842
2 2842 2843
2 2843 2840
2 2844 2845
2 2845 2846
2 2846 2847
2 2847 2844
2 2840 2844
2 2841 2845
2 2842 2846
2 2843 2847
2 2848 2849
2 2849 2850
2 2850 2851
2 2851 2848
2 2852 2853
2 2853 2854
2 2854 2855
2 2855 2852
2 2848 2852
2 2849 2853
2 2850 2854
2 2851 2855
2 2856 2857
2 2857 2858
2 2858 2859
2 2859 2856
2 2860 2861
2 2861 2862
2 2862 2863
2 2863 2860
2 2856 2860
2 2857 2861
2 2858 2862
2 2859 2863
2 2864 2865
2 2865 2866
2 2866 2867
2 2867 2864
2 2868 2869
2 2869 2870
2 2870 2871
2 2871 2868
2 2864 2868
2 2865 2869
2 2866 2870
2 2867 2871
2 2872 2873
2 2873 2874
2 2874 2875
2 2875 2872
2 2876 2877
2 2877 2878
2 2878 2879
2 2879 2876
2 2872 2876
2 2873 2877
2 2874 2878
2 2875 2879
2 2880 2881
2 2881 2882
2 2882 2883
2 2883 2880
2 2884 2885
2 2885 2886
2 2886 2887
2 2887 2884
2 2880 2884
2 2881 2885
2 2882 2886
2 2883 2887
2 2888 2889
2 2889 2890
2 2890 2891
2 2891 2888
2 2892 2893
2 2893 2894
2 2894 2895
2 2895 2892
2 2888 2892
2 2889 2893
2 2890 2894
2 2891 2895
2 2896 2897
2 2897 2898
2 2898 2899
2 2899 2896
2 2900 2901
2 2901 2902
2 2902 2903
2 2903 2900
2 2896 2900
2 2897 2901
2 2898 2902
2 2899 2903
2 2904 2905
2 2905 2906
2 2906 2907
2 2907 2904
2 2908 2909
2 2909 2910
2 2910 2911
2 2911 2908
2 2904 2908
2 2905 2909
2 2906 2910
2 2907 2911
2 2912 2913
2 2913 2914
2 2914 2915
2 2915 2912
2 2916 2917
2 2917 2918
2 2918 2919
2 2919 2916
2 2912 2916
2 2913 2917
2 2914 2918
2 2915 2919
2 2920 2921
2 2921 2922
2 2922 2923
2 2923 2920
2 2924 2925
2 2925 2926
2 2926 2927
2 2927 2924
2 2920 2924
2 2921 2925
2 2922 2926
2 2923 2927
2 2928 2929
2 2929 2930
2 2930 2931
2 2931 2928
2 2932 2933
2 2933 2934
2 2934 2935
2 2935 2932
2 2928 2932
2 2929 2933
2 2930 2934
2 2931 2935
2 2936 2937
2 2937 2938
2 2938 2939
2 2939 2936
2 2940 2941
2 2941 2942
2 2942 2943
2 2943 2940
2 2936 2940
2 2937 2941
2 2938 2942
2 2939 2943
2 2944 2945
2 2945 2946
2 2946 2947
2 2947 2944
2 2948 2949
2 2949 2950
2 2950 2951
2 2951 2948
2 2944 2948
2 2945 2949
2 2946 2950
2 2947 2951
2 2952 2953
2 2953 2954
2 2954 2955
2 2955 2952
2 2956 2957
2 2957 2958
2 2958 2959
2 2959 2956
2 2952 2956
2 2953 2957
2 2954 2958
2 2955 2959
2 2960 2961
2 2961 2962
2 2962 2963
2 2963 2960
2 2964 2965
2 2965 2966
2 2966 2967
2 2967 2964
2 2960 2964
2 2961 2965
2 2962 2966
2 2963 2967
2 2968 2969
2 2969 2970
2 2970 2971
2 2971 2968
2 2972 2973
2 2973 2974
2 2974 2975
2 2975 2972
2 2968 2972
2 2969 2973
2 2970 2974
2 2971 2975
2 2976 2977
2 2977 2978
2 2978 2979
2 2979 2976
2 2980 2981
2 2981 2982
2 2982 2983
2 2983 2980
2 2976 2980
2 2977 2981
2 2978 2982
2 2979 2983
2 2984 2985
2 2985 2986
2 2986 2987
2 2987 2984
2 2988 2989
2 2989 2990
2 2990 2991
2 2991 2988
2 2984 2988
2 2985 2989
2 2986 2990
2 2987 2991
2 2992 2993
2 2993 2994
2 2994 2995
2 2995 2992
2 2996 2997
2 2997 2998
2 2998 2999
2 2999 2996
2 2992 2996
2 2993 2997
2 2994 2998
2 2995 2999
2 3000 3001
2 3001 3002
2 3002 3003
2 3003 3000
2 3004 3005
2 3005 3006
2 3006 3007
2 3007 3004
2 3000 3004
2 3001 3005
2 3002 3006
2 3003 3007
2 3008 3009
2 3009 3010
2 3010 3011
2 3011 3008
2 3012 3013
2 3013 3014
2 3014 3015
2 3015 3012
2 3008 3012
2 3009 3013
2 3010 3014
2 3011 3015
2 3016 3017
2 3017 3018
2 3018 3019
2 3019 3016
2 3020 3021
2 3021 3022
2 3022 3023
2 3023 3020
2 3016 3020
2 3017 3021
2 3018 3022
2 3019 3023
2 3024 3025
2 3025 3026
2 3026 3027
2 3027 3024
2 3028 3029
2 3029 3030
2 3030 3031
2 3031 3028
2 3024 3028
2 3025 3029
2 3026 3030
2 3027 3031
2 3032 3033
2 3033 3034
2 3034 3035
2 3035 3032
2 3036 3037
2 3037 3038
2 3038 3039
2 3039 3036
2 3032 3036
2 3033 3037
2 3034 3038
2 3035 3039
2 3040 3041
2 3041 3042
2 3042 3043
2 3043 3040
2 3044 3045
2 3045 3046
2 3046 3047
2 3047 3044
2 3040 3044
2 3041 3045
2 3042 3046
2 3043 3047
2 3048 3049
2 3049 3050
2 3050 3051
2 3051 3048
2 3052 3053
2 3053 3054
2 3054 3055
2 3055 3052
2 3048 3052
2 3049 3053
2 3050 3054
2 3051 3055
2 3056 3057
2 3057 3058
2 3058 3059
2 3059 3056
2 3060 3061
2 3061 3062
2 3062 3063
2 3063 3060
2 3056 3060
2 3057 3061
2 3058 3062
2 3059 3063
2 3064 3065
2 3065 3066
2 3066 3067
2 3067 3064
2 3068 3069
2 3069 3070
2 3070 3071
2 3071 3068
2 3064 3068
2 3065 3069
2 3066 3070
2 3067 3071
2 3072 3073
2 3073 3074
2 3074 3075
2 3075 3072
2 3076 3077
2 3077 3078
2 3078 3079
2 3079 3076
2 3072 3076
2 3073 3077
2 3074 3078
2 3075 3079
2 3080 3081
2 3081 3082
2 3082 3083
2 3083 3080
2 3084 3085
2 3085 3086
2 3086 3087
2 3087 3084
2 3080 3084
2 3081 3085
2 3082 3086
2 3083 3087
2 3088 3089
2 3089 3090
2 3090 3091
2 3091 3088
2 3092 3093
2 3093 3094
2 3094 3095
2 3095 3092
2 3088 3092
2 3089 3093
2 3090 3094
2 3091 3095
2 3096 3097
2 3097 3098
2 3098 3099
2 3099 3096
2 3100 3101
2 3101 3102
2 3102 3103
2 3103 3100
2 3096 3100
2 3097 3101
2 3098 3102
2 3099 3103
2 3104 3105
2 3105 3106
2 3106 3107
2 3107 3104
2 3108 3109
2 3109 3110
2 3110 3111
2 3111 3108
2 3104 3108
2 3105 3109
2 3106 3110
2 3107 3111
2 3112 3113
2 3113 3114
2 3114 3115
2 3115 3112
2 3116 3117
2 3117 3118
2 3118 3119
2 3119 3116
2 3112 3116
2 3113 3117
2 3114 3118
2 3115 3119
2 3120 3121
2 3121 3122
2 3122 3123
2 3123 3120
2 3124 3125
2 3125 3126
2 3126 3127
2 3127 3124
2 3120 3124
2 3121 3125
2 3122 3126
2 3123 3127
2 3128 3129
2 3129 3130
2 3130 3131
2 3131 3128
2 3132 3133
2 3133 3134
2 3134 3135
2 3135 3132
2 3128 3132
2 3129 3133
2 3130 3134
2 3131 3135
2 3136 3137
2 3137 3138
2 3138 3139
2 3139 3136
2 3140 3141
2 3141 3142
2 3142 3143
2 3143 3140
2 3136 3140
2 3137 3141
2 3138 3142
2 3139 3143
2 3144 3145
2 3145 3146
2 3146 3147
2 3147 3144
2 3148 3149
2 3149 3150
2 3150 3151
2 3151 3148
2 3144 3148
2 3145 3149
2 3146 3150
2 3147 3151
2 3152 3153
2 3153 3154
2 3154 3155
2 3155 3152
2 3156 3157
2 3157 3158
2 3158 3159
2 3159 3156
2 3152 3156
2 3153 3157
2 3154 3158
2 3155 3159
2 3160 3161
2 3161 3162
2 3162 3163
2 3163 3160
2 3164 3165
2 3165 3166
2 3166 3167
2 3167 3164
2 3160 3164
2 3161 3165
2 3162 3166
2 3163 3167
2 3168 3169
2 3169 3170
2 3170 3171
2 3171 3168
2 3172 3173
2 3173 3174
2 3174 3175
2 3175 3172
2 3168 3172
2 3169 3173
2 3170 3174
2 3171 3175
2 3176 3177
2 3177 3178
2 3178 3179
2 3179 3176
2 3180 3181
2 3181 3182
2 3182 3183
2 3183 3180
2 3176 3180
2 3177 3181
2 3178 3182
2 3179 3183
2 3184 3185
2 3185 3186
2 3186 3187
2 3187 3184
2 3188 3189
2 3189 3190
2 3190 3191
2 3191 3188
2 3184 3188
2 3185 3189
2 3186 3190
2 3187 3191
2 3192 3193
2 3193 3194
2 3194 3195
2 3195 3192
2 3196 3197
2 3197 3198
2 3198 3199
2 3199 3196
2 3192 3196
2 3193 3197
2 3194 3198
2 3195 3199
2 3200 3201
2 3201 3202
2 3202 3203
2 3203 3200
2 3204 3205
2 3205 3206
2 3206 3207
2 3207 3204
2 3200 3204
2 3201 3205
2 3202 3206
2 3203 3207
2 3208 3209
2 3209 3210
2 3210 3211
2 3211 3208
2 3212 3213
2 3213 3214
2 3214 3215
2 3215 3212
2 3208 3212
2 3209 3213
2 3210 3214
2 3211 3215
2 3216 3217
2 3217 3218
2 3218 3219
2 3219 3216
2 3220 3221
2 3221 3222
2 3222 3223
2 3223 3220
2 3216 3220
2 3217 3221
2 3218 3222
2 3219 3223
2 3224 3225
2 3225 3226
2 3226 3227
2 3227 3224
2 3228 3229
2 3229 3230
2 3230 3231
2 3231 3228
2 3224 3228
2 3225 3229
2 3226 3230
2 3227 3231
2 3232 3233
2 3233 3234
2 3234 3235
2 3235 3232
2 3236 3237
2 3237 3238
2 3238 3239
2 3239 3236
2 3232 3236
2 3233 3237
2 3234 3238
2 3235 3239
2 3240 3241
2 3241 3242
2 3242 3243
2 3243 3240
2 3244 3245
2 3245 3246
2 3246 3247
2 3247 3244
2 3240 3244
2 3241 3245
2 3242 3246
2 3243 3247
2 3248 3249
2 3249 3250
2 3250 3251
2 3251 3248
2 3252 3253
2 3253 3254
2 3254 3255
2 3255 3252
2 3248 3252
2 3249 3253
2 3250 3254
2 3251 3255
2 3256 3257
2 3257 3258
2 3258 3259
2 3259 3256
2 3260 3261
2 3261 3262
2 3262 3263
2 3263 3260
2 3256 3260
2 3257 3261
2 3258 3262
2 3259 3263
2 3264 3265
2 3265 3266
2 3266 3267
2 3267 3264
2 3268 3269
2 3269 3270
2 3270 3271
2 3271 3268
2 3264 3268
2 3265 3269
2 3266 3270
2 3267 3271
2 3272 3273
2 3273 3274
2 3274 3275
2 3275 3272
2 3276 3277
2 3277 3278
2 3278 3279
2 3279 3276
2 3272 3276
2 3273 3277
2 3274 3278
2 3275 3279
2 3280 3281
2 3281 3282
2 3282 3283
2 3283 3280
2 3284 3285
2 3285 3286
2 3286 3287
2 3287 3284
2 3280 3284
2 3281 3285
2 3282 3286
2 3283 3287
2 3288 3289
2 3289 3290
2 3290 3291
2 3291 3288
2 3292 3293
2 3293 3294
2 3294 3295
2 3295 3292
2 3288 3292
2 3289 3293
2 3290 3294
2 3291 3295
2 3296 3297
2 3297 3298
2 3298 3299
2 3299 3296
2 3300 3301
2 3301 3302
2 3302 3303
2 3303 3300
2 3296 3300
2 3297 3301
2 3298 3302
2 3299 3303
2 3304 3305
2 3305 3306
2 3306 3307
2 3307 3304
2 3308 3309
2 3309 3310
2 3310 3311
2 3311 3308
2 3304 3308
2 3305 3309
2 3306 3310
2 3307 3311
2 3312 3313
2 3313 3314
2 3314 3315
2 3315 3312
2 3316 3317
2 3317 3318
2 3318 3319
2 3319 3316
2 3312 3316
2 3313 3317
2 3314 3318
2 3315 3319
2 3320 3321
2 3321 3322
2 3322 3323
2 3323 3320
2 3324 3325
2 3325 3326
2 3326 3327
2 3327 3324
2 3320 3324
2 3321 3325
2 3322 3326
2 3323 3327
2 3328 3329
2 3329 3330
2 3330 3331
2 3331 3328
2 3332 3333
2 3333 3334
2 3334 3335
2 3335 3332
2 3328 3332
2 3329 3333
2 3330 3334
2 3331 3335
2 3336 3337
2 3337 3338
2 3338 3339
2 3339 3336
2 3340 3341
2 3341 3342
2 3342 3343
2 3343 3340
2 3336 3340
2 3337 3341
2 3338 3342
2 3339 3343
2 3344 3345
2 3345 3346
2 3346 3347
2 3347 3344
2 3348 3349
2 3349 3350
2 3350 3351
2 3351 3348
2 3344 3348
2 3345 3349
2 3346 3350
2 3347 3351
2 3352 3353
2 3353 3354
2 3354 3355
2 3355 3352
2 3356 3357
2 3357 3358
2 3358 3359
2 3359 3356
2 3352 3356
2 3353 3357
2 3354 3358
2 3355 3359
2 3360 3361
2 3361 3362
2 3362 3363
2 3363 3360
2 3364 3365
2 3365 3366
2 3366 3367
2 3367 3364
2 3360 3364
2 3361 3365
2 3362 3366
2 3363 3367
2 3368 3369
2 3369 3370
2 3370 3371
2 3371 3368
2 3372 3373
2 3373 3374
2 3374 3375
2 3375 3372
2 3368 3372
2 3369 3373
2 3370 3374
2 3371 3375
2 3376 3377
2 3377 3378
2 3378 3379
2 3379 3376
2 3380 3381
2 3381 3382
2 3382 3383
2 3383 3380
2 3376 3380
2 3377 3381
2 3378 3382
2 3379 3383
2 3384 3385
2 3385 3386
2 3386 3387
2 3387 3384
2 3388 3389
2 3389 3390
2 3390 3391
2 3391 3388
2 3384 3388
2 3385 3389
2 3386 3390
2 3387 3391
2 3392 3393
2 3393 3394
2 3394 3395
2 3395 3392
2 3396 3397
2 3397 3398
2 3398 3399
2 3399 3396
2 3392 3396
2 3393 3397
2 3394 3398
2 3395 3399
2 3400 3401
2 3401 3402
2 3402 3403
2 3403 3400
2 3404 3405
2 3405 3406
2 3406 3407
2 3407 3404
2 3400 3404
2 3401 3405
2 3402 3406
2 3403 3407
2 3408 3409
2 3409 3410
2 3410 3411
2 3411 3408
2 3412 3413
2 3413 3414
2 3414 3415
2 3415 3412
2 3408 3412
2 3409 3413
2 3410 3414
2 3411 3415
2 3416 3417
2 3417 3418
2 3418 3419
2 3419 3416
2 3420 3421
2 3421 3422
2 3422 3423
2 3423 3420
2 3416 3420
2 3417 3421
2 3418 3422
2 3419 3423
2 3424 3425
2 3425 3426
2 3426 3427
2 3427 3424
2 3428 3429
2 3429 3430
2 3430 3431
2 3431 3428
2 3424 3428
2 3425 3429
2 3426 3430
2 3427 3431
2 3432 3433
2 3433 3434
2 3434 3435
2 3435 3432
2 3436 3437
2 3437 3438
2 3438 3439
2 3439 3436
2 3432 3436
2 3433 3437
2 3434 3438
2 3435 3439
2 3440 3441
2 3441 3442
2 3442 3443
2 3443 3440
2 3444 3445
2 3445 3446
2 3446 3447
2 3447 3444
2 3440 3444
2 3441 3445
2 3442 3446
2 3443 3447
2 3448 3449
2 3449 3450
2 3450 3451
2 3451 3448
2 3452 3453
2 3453 3454
2 3454 3455
2 3455 3452
2 3448 3452
2 3449 3453
2 3450 3454
2 3451 3455
2 3456 3457
2 3457 3458
2 3458 3459
2 3459 3456
2 3460 3461
2 3461 3462
2 3462 3463
2 3463 3460
2 3456 3460
2 3457 3461
2 3458 3462
2 3459 3463
2 3464 3465
2 3465 3466
2 3466 3467
2 3467 3464
2 3468 3469
2 3469 3470
2 3470 3471
2 3471 3468
2 3464 3468
2 3465 3469
2 3466 3470
2 3467 3471
2 3472 3473
2 3473 3474
2 3474 3475
2 3475 3472
2 3476 3477
2 3477 3478
2 3478 3479
2 3479 3476
2 3472 3476
2 3473 3477
2 3474 3478
2 3475 3479
2 3480 3481
2 3481 3482
2 3482 3483
2 3483 3480
2 3484 3485
2 3485 3486
2 3486 3487
2 3487 3484
2 3480 3484
2 3481 3485
2 3482 3486
2 3483 3487
2 3488 3489
2 3489 3490
2 3490 3491
2 3491 3488
2 3492 3493
2 3493 3494
2 3494 3495
2 3495 3492
2 3488 3492
2 3489 3493
2 3490 3494
2 3491 3495
2 3496 3497
2 3497 3498
2 3498 3499
2 3499 3496
2 3500 3501
2 3501 3502
2 3502 3503
2 3503 3500
2 3496 3500
2 3497 3501
2 3498 3502
2 3499 3503
2 3504 3505
2 3505 3506
2 3506 3507
2 3507 3504
2 3508 3509
2 3509 3510
2 3510 3511
2 3511 3508
2 3504 3508
2 3505 3509
2 3506 3510
2 3507 3511
2 3512 3513
2 3513 3514
2 3514 3515
2 3515 3512
2 3516 3517
2 3517 3518
2 3518 3519
2 3519 3516
2 3512 3516
2 3513 3517
2 3514 3518
2 3515 3519
2 3520 3521
2 3521 3522
2 3522 3523
2 3523 3520
2 3524 3525
2 3525 3526
2 3526 3527
2 3527 3524
2 3520 3524
2 3521 3525
2 3522 3526
2 3523 3527
2 3528 3529
2 3529 3530
2 3530 3531
2 3531 3528
2 3532 3533
2 3533 3534
2 3534 3535
2 3535 3532
2 3528 3532
2 3529 3533
2 3530 3534
2 3531 3535
2 3536 3537
2 3537 3538
2 3538 3539
2 3539 3536
2 3540 3541
2 3541 3542
2 3542 3543
2 3543 3540
2 3536 3540
2 3537 3541
2 3538 3542
2 3539 3543
2 3544 3545
2 3545 3546
2 3546 3547
2 3547 3544
2 3548 3549
2 3549 3550
2 3550 3551
2 3551 3548
2 3544 3548
2 3545 3549
2 3546 3550
2 3547 3551
2 3552 3553
2 3553 3554
2 3554 3555
2 3555 3552
2 3556 3557
2 3557 3558
2 3558 3559
2 3559 3556
2 3552 3556
2 3553 3557
2 3554 3558
2 3555 3559
2 3560 3561
2 3561 3562
2 3562 3563
2 3563 3560
2 3564 3565
2 3565 3566
2 3566 3567
2 3567 3564
2 3560 3564
2 3561 3565
2 3562 3566
2 3563 3567
2 3568 3569
2 3569 3570
2 3570 3571
2 3571 3568
2 3572 3573
2 3573 3574
2 3574 3575
2 3575 3572
2 3568 3572
2 3569 3573
2 3570 3574
2 3571 3575
2 3576 3577
2 3577 3578
2 3578 3579
2 3579 3576
2 3580 3581
2 3581 3582
2 3582 3583
2 3583 3580
2 3576 3580
2 3577 3581
2 3578 3582
2 3579 3583
2 3584 3585
2 3585 3586
2 3586 3587
2 3587 3584
2 3588 3589
2 3589 3590
2 3590 3591
2 3591 3588
2 3584 3588
2 3585 3589
2 3586 3590
2 3587 3591
2 3592 3593
2 3593 3594
2 3594 3595
2 3595 3592
2 3596 3597
2 3597 3598
2 3598 3599
2 3599 3596
2 3592 3596
2 3593 3597
2 3594 3598
2 3595 3599
2 3600 3601
2 3601 3602
2 3602 3603
2 3603 3600
2 3604 3605
2 3605 3606
2 3606 3607
2 3607 3604
2 3600 3604
2 3601 3605
2 3602 3606
2 3603 3607
2 3608 3609
2 3609 3610
2 3610 3611
2 3611 3608
2 3612 3613
2 3613 3614
2 3614 3615
2 3615 3612
2 3608 3612
2 3609 3613
2 3610 3614
2 3611 3615
2 3616 3617
2 3617 3618
2 3618 3619
2 3619 3616
2 3620 3621
2 3621 3622
2 3622 3623
2 3623 3620
2 3616 3620
2 3617 3621
2 3618 3622
2 3619 3623
2 3624 3625
2 3625 3626
2 3626 3627
2 3627 3624
2 3628 3629
2 3629 3630
2 3630 3631
2 3631 3628
2 3624 3628
2 3625 3629
2 3626 3630
2 3627 3631
2 3632 3633
2 3633 3634
2 3634 3635
2 3635 3632
2 3636 3637
2 3637 3638
2 3638 3639
2 3639 3636
2 3632 3636
2 3633 3637
2 3634 3638
2 3635 3639
2 3640 3641
2 3641 3642
2 3642 3643
2 3643 3640
2 3644 3645
2 3645 3646
2 3646 3647
2 3647 3644
2 3640 3644
2 3641 3645
2 3642 3646
2 3643 3647
2 3648 3649
2 3649 3650
2 3650 3651
2 3651 3648
2 3652 3653
2 3653 3654
2 3654 3655
2 3655 3652
2 3648 3652
2 3649 3653
2 3650 3654
2 3651 3655
2 3656 3657
2 3657 3658
2 3658 3659
2 3659 3656
2 3660 3661
2 3661 3662
2 3662 3663
2 3663 3660
2 3656 3660
2 3657 3661
2 3658 3662
2 3659 3663
2 3664 3665
2 3665 3666
2 3666 3667
2 3667 3664
2 3668 3669
2 3669 3670
2 3670 3671
2 3671 3668
2 3664 3668
2 3665 3669
2 3666 3670
2 3667 3671
2 3672 3673
2 3673 3674
2 3674 3675
2 3675 3672
2 3676 3677
2 3677 3678
2 3678 3679
2 3679 3676
2 3672 3676
2 3673 3677
2 3674 3678
2 3675 3679
2 3680 3681
2 3681 3682
2 3682 3683
2 3683 3680
2 3684 3685
2 3685 3686
2 3686 3687
2 3687 3684
2 3680 3684
2 3681 3685
2 3682 3686
2 3683 3687
2 3688 3689
2 3689 3690
2 3690 3691
2 3691 3688
2 3692 3693
2 3693 3694
2 3694 3695
2 3695 3692
2 3688 3692
2 3689 3693
2 3690 3694
2 3691 3695
2 3696 3697
2 3697 3698
2 3698 3699
2 3699 3696
2 3700 3701
2 3701 3702
2 3702 3703
2 3703 3700
2 3696 3700
2 3697 3701
2 3698 3702
2 3699 3703
2 3704 3705
2 3705 3706
2 3706 3707
2 3707 3704
2 3708 3709
2 3709 3710
2 3710 3711
2 3711 3708
2 3704 3708
2 3705 3709
2 3706 3710
2 3707 3711
2 3712 3713
2 3713 3714
2 3714 3715
2 3715 3712
2 3716 3717
2 3717 3718
2 3718 3719
2 3719 3716
2 3712 3716
2 3713 3717
2 3714 3718
2 3715 3719
2 3720 3721
2 3721 3722
2 3722 3723
2 3723 3720
2 3724 3725
2 3725 3726
2 3726 3727
2 3727 3724
2 3720 3724
2 3721 3725
2 3722 3726
2 3723 3727
2 3728 3729
2 3729 3730
2 3730 3731
2 3731 3728
2 3732 3733
2 3733 3734
2 3734 3735
2 3735 3732
2 3728 3732
2 3729 3733
2 3730 3734
2 3731 3735
2 3736 3737
2 3737 3738
2 3738 3739
2 3739 3736
2 3740 3741
2 3741 3742
2 3742 3743
2 3743 3740
2 3736 3740
2 3737 3741
2 3738 3742
2 3739 3743
2 3744 3745
2 3745 3746
2 3746 3747
2 3747 3744
2 3748 3749
2 3749 3750
2 3750 3751
2 3751 3748
2 3744 3748
2 3745 3749
2 3746 3750
2 3747 3751
2 3752 3753
2 3753 3754
2 3754 3755
2 3755 3752
2 3756 3757
2 3757 3758
2 3758 3759
2 3759 3756
2 3752 3756
2 3753 3757
2 3754 3758
2 3755 3759
2 3760 3761
2 3761 3762
2 3762 3763
2 3763 3760
2 3764 3765
2 3765 3766
2 3766 3767
2 3767 3764
2 3760 3764
2 3761 3765
2 3762 3766
2 3763 3767
2 3768 3769
2 3769 3770
2 3770 3771
2 3771 3768
2 3772 3773
2 3773 3774
2 3774 3775
2 3775 3772
2 3768 3772
2 3769 3773
2 3770 3774
2 3771 3775
2 3776 3777
2 3777 3778
2 3778 3779
2 3779 3776
2 3780 3781
2 3781 3782
2 3782 3783
2 3783 3780
2 3776 3780
2 3777 3781
2 3778 3782
2 3779 3783
2 3784 3785
2 3785 3786
2 3786 3787
2 3787 3784
2 3788 3789
2 3789 3790
2 3790 3791
2 3791 3788
2 3784 3788
2 3785 3789
2 3786 3790
2 3787 3791
2 3792 3793
2 3793 3794
2 3794 3795
2 3795 3792
2 3796 3797
2 3797 3798
2 3798 3799
2 3799 3796
2 3792 3796
2 3793 3797
2 3794 3798
2 3795 3799
2 3800 3801
2 3801 3802
2 3802 3803
2 3803 3800
2 3804 3805
2 3805 3806
2 3806 3807
2 3807 3804
2 3800 3804
2 3801 3805
2 3802 3806
2 3803 3807
2 3808 3809
2 3809 3810
2 3810 3811
2 3811 3808
2 3812 3813
2 3813 3814
2 3814 3815
2 3815 3812
2 3808 3812
2 3809 3813
2 3810 3814
2 3811 3815
2 3816 3817
2 3817 3818
2 3818 3819
2 3819 3816
2 3820 3821
2 3821 3822
2 3822 3823
2 3823 3820
2 3816 3820
2 3817 3821
2 3818 3822
2 3819 3823
2 3824 3825
2 3825 3826
2 3826 3827
2 3827 3824
2 3828 3829
2 3829 3830
2 3830 3831
2 3831 3828
2 3824 3828
2 3825 3829
2 3826 3830
2 3827 3831
2 3832 3833
2 3833 3834
2 3834 3835
2 3835 3832
2 3836 3837
2 3837 3838
2 3838 3839
2 3839 3836
2 3832 3836
2 3833 3837
2 3834 3838
2 3835 3839
2 3840 3841
2 3841 3842
2 3842 3843
2 3843 3840
2 3844 3845
2 3845 3846
2 3846 3847
2 3847 3844
2 3840 3844
2 3841 3845
2 3842 3846
2 3843 3847
2 3848 3849
2 3849 3850
2 3850 3851
2 3851 3848
2 3852 3853
2 3853 3854
2 3854 3855
2 3855 3852
2 3848 3852
2 3849 3853
2 3850 3854
2 3851 3855
2 3856 3857
2 3857 3858
2 3858 3859
2 3859 3856
2 3860 3861
2 3861 3862
2 3862 3863
2 3863 3860
2 3856 3860
2 3857 3861
2 3858 3862
2 3859 3863
2 3864 3865
2 3865 3866
2 3866 3867
2 3867 3864
2 3868 3869
2 3869 3870
2 3870 3871
2 3871 3868
2 3864 3868
2 3865 3869
2 3866 3870
2 3867 3871
2 3872 3873
2 3873 3874
2 3874 3875
2 3875 3872
2 3876 3877
2 3877 3878
2 3878 3879
2 3879 3876
2 3872 3876
2 3873 3877
2 3874 3878
2 3875 3879
2 3880 3881
2 3881 3882
2 3882 3883
2 3883 3880
2 3884 3885
2 3885 3886
2 3886 3887
2 3887 3884
2 3880 3884
2 3881 3885
2 3882 3886
2 3883 3887
2 3888 3889
2 3889 3890
2 3890 3891
2 3891 3888
2 3892 3893
2 3893 3894
2 3894 3895
2 3895 3892
2 3888 3892
2 3889 3893
2 3890 3894
2 3891 3895
2 3896 3897
2 3897 3898
2 3898 3899
2 3899 3896
2 3900 3901
2 3901 3902
2 3902 3903
2 3903 3900
2 3896 3900
2 3897 3901
2 3898 3902
2 3899 3903
2 3904 3905
2 3905 3906
2 3906 3907
2 3907 3904
2 3908 3909
2 3909 3910
2 3910 3911
2 3911 3908
2 3904 3908
2 3905 3909
2 3906 3910
2 3907 3911
2 3912 3913
2 3913 3914
2 3914 3915
2 3915 3912
2 3916 3917
2 3917 3918
2 3918 3919
2 3919 3916
2 3912 3916
2 3913 3917
2 3914 3918
2 3915 3919
2 3920 3921
2 3921 3922
2 3922 3923
2 3923 3920
2 3924 3925
2 3925 3926
2 3926 3927
2 3927 3924
2 3920 3924
2 3921 3925
2 3922 3926
2 3923 3927
2 3928 3929
2 3929 3930
2 3930 3931
2 3931 3928
2 3932 3933
2 3933 3934
2 3934 3935
2 3935 3932
2 3928 3932
2 3929 3933
2 3930 3934
2 3931 3935
2 3936 3937
2 3937 3938
2 3938 3939
2 3939 3936
2 3940 3941
2 3941 3942
2 3942 3943
2 3943 3940
2 3936 3940
2 3937 3941
2 3938 3942
2 3939 3943
2 3944 3945
2 3945 3946
2 3946 3947
2 3947 3944
2 3948 3949
2 3949 3950
2 3950 3951
2 3951 3948
2 3944 3948
2 3945 3949
2 3946 3950
2 3947 3951
2 3952 3953
2 3953 3954
2 3954 3955
2 3955 3952
2 3956 3957
2 3957 3958
2 3958 3959
2 3959 3956
2 3952 3956
2 3953 3957
2 3954 3958
2 3955 3959
2 3960 3961
2 3961 3962
2 3962 3963
2 3963 3960
2 3964 3965
2 3965 3966
2 3966 3967
2 3967 3964
2 3960 3964
2 3961 3965
2 3962 3966
2 3963 3967
2 3968 3969
2 3969 3970
2 3970 3971
2 3971 3968
2 3972 3973
2 3973 3974
2 3974 3975
2 3975 3972
2 3968 3972
2 3969 3973
2 3970 3974
2 3971 3975
2 3976 3977
2 3977 3978
2 3978 3979
2 3979 3976
2 3980 3981
2 3981 3982
2 3982 3983
2 3983 3980
2 3976 3980
2 3977 3981
2 3978 3982
2 3979 3983
2 3984 3985
2 3985 3986
2 3986 3987
2 3987 3984
2 3988 3989
2 3989 3990
2 3990 3991
2 3991 3988
2 3984 3988
2 3985 3989
2 3986 3990
2 3987 3991
2 3992 3993
2 3993 3994
2 3994 3995
2 3995 3992
2 3996 3997
2 3997 3998
2 3998 3999
2 3999 3996
2 3992 3996
2 3993 3997
2 3994 3998
2 3995 3999
2 4000 4001
2 4001 4002
2 4002 4003
2 4003 4000
2 4004 4005
2 4005 4006
2 4006 4007
2 4007 4004
2 4000 4004
2 4001 4005
2 4002 4006
2 4003 4007
2 4008 4009
2 4009 4010
2 4010 4011
2 4011 4008
2 4012 4013
2 4013 4014
2 4014 4015
2 4015 4012
2 4008 4012
2 4009 4013
2 4010 4014
2 4011 4015
2 4016 4017
2 4017 4018
2 4018 4019
2 4019 4016
2 4020 4021
2 4021 4022
2 4022 4023
2 4023 4020
2 4016 4020
2 4017 4021
2 4018 4022
2 4019 4023
2 4024 4025
2 4025 4026
2 4026 4027
2 4027 4024
2 4028 4029
2 4029 4030
2 4030 4031
2 4031 4028
2 4024 4028
2 4025 4029
2 4026 4030
2 4027 4031
2 4032 4033
2 4033 4034
2 4034 4035
2 4035 4032
2 4036 4037
2 4037 4038
2 4038 4039
2 4039 4036
2 4032 4036
2 4033 4037
2 4034 4038
2 4035 4039
2 4040 4041
2 4041 4042
2 4042 4043
2 4043 4040
2 4044 4045
2 4045 4046
2 4046 4047
2 4047 4044
2 4040 4044
2 4041 4045
2 4042 4046
2 4043 4047
2 4048 4049
2 4049 4050
2 4050 4051
2 4051 4048
2 4052 4053
2 4053 4054
2 4054 4055
2 4055 4052
2 4048 4052
2 4049 4053
2 4050 4054
2 4051 4055
2 4056 4057
2 4057 4058
2 4058 4059
2 4059 4056
2 4060 4061
2 4061 4062
2 4062 4063
2 4063 4060
2 4056 4060
2 4057 4061
2 4058 4062
2 4059 4063
2 4064 4065
2 4065 4066
2 4066 4067
2 4067 4064
2 4068 4069
2 4069 4070
2 4070 4071
2 4071 4068
2 4064 4068
2 4065 4069
2 4066 4070
2 4067 4071
2 4072 4073
2 4073 4074
2 4074 4075
2 4075 4072
2 4076 4077
2 4077 4078
2 4078 4079
2 4079 4076
2 4072 4076
2 4073 4077
2 4074 4078
2 4075 4079
2 4080 4081
2 4081 4082
2 4082 4083
2 4083 4080
2 4084 4085
2 4085 4086
2 4086 4087
2 4087 4084
2 4080 4084
2 4081 4085
2 4082 4086
2 4083 4087
2 4088 4089
2 4089 4090
2 4090 4091
2 4091 4088
2 4092 4093
2 4093 4094
2 4094 4095
2 4095 4092
2 4088 4092
2 4089 4093
2 4090 4094
2 4091 4095
2 4096 4097
2 4097 4098
2 4098 4099
2 4099 4096
2 4100 4101
2 4101 4102
2 4102 4103
2 4103 4100
2 4096 4100
2 4097 4101
2 4098 4102
2 4099 4103
2 4104 4105
2 4105 4106
2 4106 4107
2 4107 4104
2 4108 4109
2 4109 4110
2 4110 4111
2 4111 4108
2 4104 4108
2 4105 4109
2 4106 4110
2 4107 4111
2 4112 4113
2 4113 4114
2 4114 4115
2 4115 4112
2 4116 4117
2 4117 4118
2 4118 4119
2 4119 4116
2 4112 4116
2 4113 4117
2 4114 4118
2 4115 4119
2 4120 4121
2 4121 4122
2 4122 4123
2 4123 4120
2 4124 4125
2 4125 4126
2 4126 4127
2 4127 4124
2 4120 4124
2 4121 4125
2 4122 4126
2 4123 4127
2 4128 4129
2 4129 4130
2 4130 4131
2 4131 4128
2 4132 4133
2 4133 4134
2 4134 4135
2 4135 4132
2 4128 4132
2 4129 4133
2 4130 4134
2 4131 4135
2 4136 4137
2 4137 4138
2 4138 4139
2 4139 4136
2 4140 4141
2 4141 4142
2 4142 4143
2 4143 4140
2 4136 4140
2 4137 4141
2 4138 4142
2 4139 4143
2 4144 4145
2 4145 4146
2 4146 4147
2 4147 4144
2 4148 4149
2 4149 4150
2 4150 4151
2 4151 4148
2 4144 4148
2 4145 4149
2 4146 4150
2 4147 4151
2 4152 4153
2 4153 4154
2 4154 4155
2 4155 4152
2 4156 4157
2 4157 4158
2 4158 4159
2 4159 4156
2 4152 4156
2 4153 4157
2 4154 4158
2 4155 4159
2 4160 4161
2 4161 4162
2 4162 4163
2 4163 4160
2 4164 4165
2 4165 4166
2 4166 4167
2 4167 4164
2 4160 4164
2 4161 4165
2 4162 4166
2 4163 4167
2 4168 4169
2 4169 4170
2 4170 4171
2 4171 4168
2 4172 4173
2 4173 4174
2 4174 4175
2 4175 4172
2 4168 4172
2 4169 4173
2 4170 4174
2 4171 4175
2 4176 4177
2 4177 4178
2 4178 4179
2 4179 4176
2 4180 4181
2 4181 4182
2 4182 4183
2 4183 4180
2 4176 4180
2 4177 4181
2 4178 4182
2 4179 4183
2 4184 4185
2 4185 4186
2 4186 4187
2 4187 4184
2 4188 4189
2 4189 4190
2 4190 4191
2 4191 4188
2 4184 4188
2 4185 4189
2 4186 4190
2 4187 4191
2 4192 4193
2 4193 4194
2 4194 4195
2 4195 4192
2 4196 4197
2 4197 4198
2 4198 4199
2 4199 4196
2 4192 4196
2 4193 4197
2 4194 4198
2 4195 4199
2 4200 4201
2 4201 4202
2 4202 4203
2 4203 4200
2 4204 4205
2 4205 4206
2 4206 4207
2 4207 4204
2 4200 4204
2 4201 4205
2 4202 4206
2 4203 4207
2 4208 4209
2 4209 4210
2 4210 4211
2 4211 4208
2 4212 4213
2 4213 4214
2 4214 4215
2 4215 4212
2 4208 4212
2 4209 4213
2 4210 4214
2 4211 4215
2 4216 4217
2 4217 4218
2 4218 4219
2 4219 4216
2 4220 4221
2 4221 4222
2 4222 4223
2 4223 4220
2 4216 4220
2 4217 4221
2 4218 4222
2 4219 4223
2 4224 4225
2 4225 4226
2 4226 4227
2 4227 4224
2 4228 4229
2 4229 4230
2 4230 4231
2 4231 4228
2 4224 4228
2 4225 4229
2 4226 4230
2 4227 4231
2 4232 4233
2 4233 4234
2 4234 4235
2 4235 4232
2 4236 4237
2 4237 4238
2 4238 4239
2 4239 4236
2 4232 4236
2 4233 4237
2 4234 4238
2 4235 4239
2 4240 4241
2 4241 4242
2 4242 4243
2 4243 4240
2 4244 4245
2 4245 4246
2 4246 4247
2 4247 4244
2 4240 4244
2 4241 4245
2 4242 4246
2 4243 4247
2 4248 4249
2 4249 4250
2 4250 4251
2 4251 4248
2 4252 4253
2 4253 4254
2 4254 4255
2 4255 4252
2 4248 4252
2 4249 4253
2 4250 4254
2 4251 4255
2 4256 4257
2 4257 4258
2 4258 4259
2 4259 4256
2 4260 4261
2 4261 4262
2 4262 4263
2 4263 4260
2 4256 4260
2 4257 4261
2 4258 4262
2 4259 4263
2 4264 4265
2 4265 4266
2 4266 4267
2 4267 4264
2 4268 4269
2 4269 4270
2 4270 4271
2 4271 4268
2 4264 4268
2 4265 4269
2 4266 4270
2 4267 4271
2 4272 4273
2 4273 4274
2 4274 4275
2 4275 4272
2 4276 4277
2 4277 4278
2 4278 4279
2 4279 4276
2 4272 4276
2 4273 4277
2 4274 4278
2 4275 4279
2 4280 4281
2 4281 4282
2 4282 4283
2 4283 4280
2 4284 4285
2 4285 4286
2 4286 4287
2 4287 4284
2 4280 4284
2 4281 4285
2 4282 4286
2 4283 4287
2 4288 4289
2 4289 4290
2 4290 4291
2 4291 4288
2 4292 4293
2 4293 4294
2 4294 4295
2 4295 4292
2 4288 4292
2 4289 4293
2 4290 4294
2 4291 4295
2 4296 4297
2 4297 4298
2 4298 4299
2 4299 4296
2 4300 4301
2 4301 4302
2 4302 4303
2 4303 4300
2 4296 4300
2 4297 4301
2 4298 4302
2 4299 4303
2 4304 4305
2 4305 4306
2 4306 4307
2 4307 4304
2 4308 4309
2 4309 4310
2 4310 4311
2 4311 4308
2 4304 4308
2 4305 4309
2 4306 4310
2 4307 4311
2 4312 4313
2 4313 4314
2 4314 4315
2 4315 4312
2 4316 4317
2 4317 4318
2 4318 4319
2 4319 4316
2 4312 4316
2 4313 4317
2 4314 4318
2 4315 4319
2 4320 4321
2 4321 4322
2 4322 4323
2 4323 4320
2 4324 4325
2 4325 4326
2 4326 4327
2 4327 4324
2 4320 4324
2 4321 4325
2 4322 4326
2 4323 4327
2 4328 4329
2 4329 4330
2 4330 4331
2 4331 4328
2 4332 4333
2 4333 4334
2 4334 4335
2 4335 4332
2 4328 4332
2 4329 4333
2 4330 4334
2 4331 4335
2 4336 4337
2 4337 4338
2 4338 4339
2 4339 4336
2 4340 4341
2 4341 4342
2 4342 4343
2 4343 4340
2 4336 4340
2 4337 4341
2 4338 4342
2 4339 4343
2 4344 4345
2 4345 4346
2 4346 4347
2 4347 4344
2 4348 4349
2 4349 4350
2 4350 4351
2 4351 4348
2 4344 4348
2 4345 4349
2 4346 4350
2 4347 4351
2 4352 4353
2 4353 4354
2 4354 4355
2 4355 4352
2 4356 4357
2 4357 4358
2 4358 4359
2 4359 4356
2 4352 4356
2 4353 4357
2 4354 4358
2 4355 4359
2 4360 4361
2 4361 4362
2 4362 4363
2 4363 4360
2 4364 4365
2 4365 4366
2 4366 4367
2 4367 4364
2 4360 4364
2 4361 4365
2 4362 4366
2 4363 4367
2 4368 4369
2 4369 4370
2 4370 4371
2 4371 4368
2 4372 4373
2 4373 4374
2 4374 4375
2 4375 4372
2 4368 4372
2 4369 4373
2 4370 4374
2 4371 4375
2 4376 4377
2 4377 4378
2 4378 4379
2 4379 4376
2 4380 4381
2 4381 4382
2 4382 4383
2 4383 4380
2 4376 4380
2 4377 4381
2 4378 4382
2 4379 4383
2 4384 4385
2 4385 4386
2 4386 4387
2 4387 4384
2 4388 4389
2 4389 4390
2 4390 4391
2 4391 4388
2 4384 4388
2 4385 4389
2 4386 4390
2 4387 4391
2 4392 4393
2 4393 4394
2 4394 4395
2 4395 4392
2 4396 4397
2 4397 4398
2 4398 4399
2 4399 4396
2 4392 4396
2 4393 4397
2 4394 4398
2 4395 4399
2 4400 4401
2 4401 4402
2 4402 4403
2 4403 4400
2 4404 4405
2 4405 4406
2 4406 4407
2 4407 4404
2 4400 4404
2 4401 4405
2 4402 4406
2 4403 4407
2 4408 4409
2 4409 4410
2 4410 4411
2 4411 4408
2 4412 4413
2 4413 4414
2 4414 4415
2 4415 4412
2 4408 4412
2 4409 4413
2 4410 4414
2 4411 4415
2 4416 4417
2 4417 4418
2 4418 4419
2 4419 4416
2 4420 4421
2 4421 4422
2 4422 4423
2 4423 4420
2 4416 4420
2 4417 4421
2 4418 4422
2 4419 4423
2 4424 4425
2 4425 4426
2 4426 4427
2 4427 4424
2 4428 4429
2 4429 4430
2 4430 4431
2 4431 4428
2 4424 4428
2 4425 4429
2 4426 4430
2 4427 4431
2 4432 4433
2 4433 4434
2 4434 4435
2 4435 4432
2 4436 4437
2 4437 4438
2 4438 4439
2 4439 4436
2 4432 4436
2 4433 4437
2 4434 4438
2 4435 4439
2 4440 4441
2 4441 4442
2 4442 4443
2 4443 4440
2 4444 4445
2 4445 4446
2 4446 4447
2 4447 4444
2 4440 4444
2 4441 4445
2 4442 4446
2 4443 4447
2 4448 4449
2 4449 4450
2 4450 4451
2 4451 4448
2 4452 4453
2 4453 4454
2 4454 4455
2 4455 4452
2 4448 4452
2 4449 4453
2 4450 4454
2 4451 4455
2 4456 4457
2 4457 4458
2 4458 4459
2 4459 4456
2 4460 4461
2 4461 4462
2 4462 4463
2 4463 4460
2 4456 4460
2 4457 4461
2 4458 4462
2 4459 4463
2 4464 4465
2 4465 4466
2 4466 4467
2 4467 4464
2 4468 4469
2 4469 4470
2 4470 4471
2 4471 4468
2 4464 4468
2 4465 4469
2 4466 4470
2 4467 4471
2 4472 4473
2 4473 4474
2 4474 4475
2 4475 4472
2 4476 4477
2 4477 4478
2 4478 4479
2 4479 4476
2 4472 4476
2 4473 4477
2 4474 4478
2 4475 4479
2 4480 4481
2 4481 4482
2 4482 4483
2 4483 4480
2 4484 4485
2 4485 4486
2 4486 4487
2 4487 4484
2 4480 4484
2 4481 4485
2 4482 4486
2 4483 4487
2 4488 4489
2 4489 4490
2 4490 4491
2 4491 4488
2 4492 4493
2 4493 4494
2 4494 4495
2 4495 4492
2 4488 4492
2 4489 4493
2 4490 4494
2 4491 4495
2 4496 4497
2 4497 4498
2 4498 4499
2 4499 4496
2 4500 4501
2 4501 4502
2 4502 4503
2 4503 4500
2 4496 4500
2 4497 4501
2 4498 4502
2 4499 4503
2 4504 4505
2 4505 4506
2 4506 4507
2 4507 4504
2 4508 4509
2 4509 4510
2 4510 4511
2 4511 4508
2 4504 4508
2 4505 4509
2 4506 4510
2 4507 4511
2 4512 4513
2 4513 4514
2 4514 4515
2 4515 4512
2 4516 4517
2 4517 4518
2 4518 4519
2 4519 4516
2 4512 4516
2 4513 4517
2 4514 4518
2 4515 4519
2 4520 4521
2 4521 4522
2 4522 4523
2 4523 4520
2 4524 4525
2 4525 4526
2 4526 4527
2 4527 4524
2 4520 4524
2 4521 4525
2 4522 4526
2 4523 4527
2 4528 4529
2 4529 4530
2 4530 4531
2 4531 4528
2 4532 4533
2 4533 4534
2 4534 4535
2 4535 4532
2 4528 4532
2 4529 4533
2 4530 4534
2 4531 4535
2 4536 4537
2 4537 4538
2 4538 4539
2 4539 4536
2 4540 4541
2 4541 4542
2 4542 4543
2 4543 4540
2 4536 4540
2 4537 4541
2 4538 4542
2 4539 4543
2 4544 4545
2 4545 4546
2 4546 4547
2 4547 4544
2 4548 4549
2 4549 4550
2 4550 4551
2 4551 4548
2 4544 4548
2 4545 4549
2 4546 4550
2 4547 4551
2 4552 4553
2 4553 4554
2 4554 4555
2 4555 4552
2 4556 4557
2 4557 4558
2 4558 4559
2 4559 4556
2 4552 4556
2 4553 4557
2 4554 4558
2 4555 4559
2 4560 4561
2 4561 4562
2 4562 4563
2 4563 4560
2 4564 4565
2 4565 4566
2 4566 4567
2 4567 4564
2 4560 4564
2 4561 4565
2 4562 4566
2 4563 4567
2 4568 4569
2 4569 4570
2 4570 4571
2 4571 4568
2 4572 4573
2 4573 4574
2 4574 4575
2 4575 4572
2 4568 4572
2 4569 4573
2 4570 4574
2 4571 4575
2 4576 4577
2 4577 4578
2 4578 4579
2 4579 4576
2 4580 4581
2 4581 4582
2 4582 4583
2 4583 4580
2 4576 4580
2 4577 4581
2 4578 4582
2 4579 4583
2 4584 4585
2 4585 4586
2 4586 4587
2 4587 4584
2 4588 4589
2 4589 4590
2 4590 4591
2 4591 4588
2 4584 4588
2 4585 4589
2 4586 4590
2 4587 4591
2 4592 4593
2 4593 4594
2 4594 4595
2 4595 4592
2 4596 4597
2 4597 4598
2 4598 4599
2 4599 4596
2 4592 4596
2 4593 4597
2 4594 4598
2 4595 4599
2 4600 4601
2 4601 4602
2 4602 4603
2 4603 4600
2 4604 4605
2 4605 4606
2 4606 4607
2 4607 4604
2 4600 4604
2 4601 4605
2 4602 4606
2 4603 4607
2 4608 4609
2 4609 4610
2 4610 4611
2 4611 4608
2 4612 4613
2 4613 4614
2 4614 4615
2 4615 4612
2 4608 4612
2 4609 4613
2 4610 4614
2 4611 4615
2 4616 4617
2 4617 4618
2 4618 4619
2 4619 4616
2 4620 4621
2 4621 4622
2 4622 4623
2 4623 4620
2 4616 4620
2 4617 4621
2 4618 4622
2 4619 4623
2 4624 4625
2 4625 4626
2 4626 4627
2 4627 4624
2 4628 4629
2 4629 4630
2 4630 4631
2 4631 4628
2 4624 4628
2 4625 4629
2 4626 4630
2 4627 4631
2 4632 4633
2 4633 4634
2 4634 4635
2 4635 4632
2 4636 4637
2 4637 4638
2 4638 4639
2 4639 4636
2 4632 4636
2 4633 4637
2 4634 4638
2 4635 4639
2 4640 4641
2 4641 4642
2 4642 4643
2 4643 4640
2 4644 4645
2 4645 4646
2 4646 4647
2 4647 4644
2 4640 4644
2 4641 4645
2 4642 4646
2 4643 4647
2 4648 4649
2 4649 4650
2 4650 4651
2 4651 4648
2 4652 4653
2 4653 4654
2 4654 4655
2 4655 4652
2 4648 4652
2 4649 4653
2 4650 4654
2 4651 4655
2 4656 4657
2 4657 4658
2 4658 4659
2 4659 4656
2 4660 4661
2 4661 4662
2 4662 4663
2 4663 4660
2 4656 4660
2 4657 4661
2 4658 4662
2 4659 4663
2 4664 4665
2 4665 4666
2 4666 4667
2 4667 4664
2 4668 4669
2 4669 4670
2 4670 4671
2 4671 4668
2 4664 4668
2 4665 4669
2 4666 4670
2 4667 4671
2 4672 4673
2 4673 4674
2 4674 4675
2 4675 4672
2 4676 4677
2 4677 4678
2 4678 4679
2 4679 4676
2 4672 4676
2 4673 4677
2 4674 4678
2 4675 4679
2 4680 4681
2 4681 4682
2 4682 4683
2 4683 4680
2 4684 4685
2 4685 4686
2 4686 4687
2 4687 4684
2 4680 4684
2 4681 4685
2 4682 4686
2 4683 4687
2 4688 4689
2 4689 4690
2 4690 4691
2 4691 4688
2 4692 4693
2 4693 4694
2 4694 4695
2 4695 4692
2 4688 4692
2 4689 4693
2 4690 4694
2 4691 4695
2 4696 4697
2 4697 4698
2 4698 4699
2 4699 4696
2 4700 4701
2 4701 4702
2 4702 4703
2 4703 4700
2 4696 4700
2 4697 4701
2 4698 4702
2 4699 4703
2 4704 4705
2 4705 4706
2 4706 4707
2 4707 4704
2 4708 4709
2 4709 4710
2 4710 4711
2 4711 4708
2 4704 4708
2 4705 4709
2 4706 4710
2 4707 4711
2 4712 4713
2 4713 4714
2 4714 4715
2 4715 4712
2 4716 4717
2 4717 4718
2 4718 4719
2 4719 4716
2 4712 4716
2 4713 4717
2 4714 4718
2 4715 4719
2 4720 4721
2 4721 4722
2 4722 4723
2 4723 4720
2 4724 4725
2 4725 4726
2 4726 4727
2 4727 4724
2 4720 4724
2 4721 4725
2 4722 4726
2 4723 4727
2 4728 4729
2 4729 4730
2 4730 4731
2 4731 4728
2 4732 4733
2 4733 4734
2 4734 4735
2 4735 4732
2 4728 4732
2 4729 4733
2 4730 4734
2 4731 4735
2 4736 4737
2 4737 4738
2 4738 4739
2 4739 4736
2 4740 4741
2 4741 4742
2 4742 4743
2 4743 4740
2 4736 4740
2 4737 4741
2 4738 4742
2 4739 4743
2 4744 4745
2 4745 4746
2 4746 4747
2 4747 4744
2 4748 4749
2 4749 4750
2 4750 4751
2 4751 4748
2 4744 4748
2 4745 4749
2 4746 4750
2 4747 4751
2 4752 4753
2 4753 4754
2 4754 4755
2 4755 4752
2 4756 4757
2 4757 4758
2 4758 4759
2 4759 4756
2 4752 4756
2 4753 4757
2 4754 4758
2 4755 4759
2 4760 4761
2 4761 4762
2 4762 4763
2 4763 4760
2 4764 4765
2 4765 4766
2 4766 4767
2 4767 4764
2 4760 4764
2 4761 4765
2 4762 4766
2 4763 4767
2 4768 4769
2 4769 4770
2 4770 4771
2 4771 4768
2 4772 4773
2 4773 4774
2 4774 4775
2 4775 4772
2 4768 4772
2 4769 4773
2 4770 4774
2 4771 4775
2 4776 4777
2 4777 4778
2 4778 4779
2 4779 4776
2 4780 4781
2 4781 4782
2 4782 4783
2 4783 4780
2 4776 4780
2 4777 4781
2 4778 4782
2 4779 4783
2 4784 4785
2 4785 4786
2 4786 4787
2 4787 4784
2 4788 4789
2 4789 4790
2 4790 4791
2 4791 4788
2 4784 4788
2 4785 4789
2 4786 4790
2 4787 4791
2 4792 4793
2 4793 4794
2 4794 4795
2 4795 4792
2 4796 4797
2 4797 4798
2 4798 4799
2 4799 4796
2 4792 4796
2 4793 4797
2 4794 4798
2 4795 4799
2 4800 4801
2 4801 4802
2 4802 4803
2 4803 4800
2 4804 4805
2 4805 4806
2 4806 4807
2 4807 4804
2 4800 4804
2 4801 4805
2 4802 4806
2 4803 4807
2 4808 4809
2 4809 4810
2 4810 4811
2 4811 4808
2 4812 4813
2 4813 4814
2 4814 4815
2 4815 4812
2 4808 4812
2 4809 4813
2 4810 4814
2 4811 4815
2 4816 4817
2 4817 4818
2 4818 4819
2 4819 4816
2 4820 4821
2 4821 4822
2 4822 4823
2 4823 4820
2 4816 4820
2 4817 4821
2 4818 4822
2 4819 4823
2 4824 4825
2 4825 4826
2 4826 4827
2 4827 4824
2 4828 4829
2 4829 4830
2 4830 4831
2 4831 4828
2 4824 4828
2 4825 4829
2 4826 4830
2 4827 4831
2 4832 4833
2 4833 4834
2 4834 4835
2 4835 4832
2 4836 4837
2 4837 4838
2 4838 4839
2 4839 4836
2 4832 4836
2 4833 4837
2 4834 4838
2 4835 4839
2 4840 4841
2 4841 4842
2 4842 4843
2 4843 4840
2 4844 4845
2 4845 4846
2 4846 4847
2 4847 4844
2 4840 4844
2 4841 4845
2 4842 4846
2 4843 4847
2 4848 4849
2 4849 4850
2 4850 4851
2 4851 4848
2 4852 4853
2 4853 4854
2 4854 4855
2 4855 4852
2 4848 4852
2 4849 4853
2 4850 4854
2 4851 4855
2 4856 4857
2 4857 4858
2 4858 4859
2 4859 4856
2 4860 4861
2 4861 4862
2 4862 4863
2 4863 4860
2 4856 4860
2 4857 4861
2 4858 4862
2 4859 4863
2 4864 4865
2 4865 4866
2 4866 4867
2 4867 4864
2 4868 4869
2 4869 4870
2 4870 4871
2 4871 4868
2 4864 4868
2 4865 4869
2 4866 4870
2 4867 4871
2 4872 4873
2 4873 4874
2 4874 4875
2 4875 4872
2 4876 4877
2 4877 4878
2 4878 4879
2 4879 4876
2 4872 4876
2 4873 4877
2 4874 4878
2 4875 4879
2 4880 4881
2 4881 4882
2 4882 4883
2 4883 4880
2 4884 4885
2 4885 4886
2 4886 4887
2 4887 4884
2 4880 4884
2 4881 4885
2 4882 4886
2 4883 4887
2 4888 4889
2 4889 4890
2 4890 4891
2 4891 4888
2 4892 4893
2 4893 4894
2 4894 4895
2 4895 4892
2 4888 4892
2 4889 4893
2 4890 4894
2 4891 4895
2 4896 4897
2 4897 4898
2 4898 4899
2 4899 4896
2 4900 4901
2 4901 4902
2 4902 4903
2 4903 4900
2 4896 4900
2 4897 4901
2 4898 4902
2 4899 4903
2 4904 4905
2 4905 4906
2 4906 4907
2 4907 4904
2 4908 4909
2 4909 4910
2 4910 4911
2 4911 4908
2 4904 4908
2 4905 4909
2 4906 4910
2 4907 4911
2 4912 4913
2 4913 4914
2 4914 4915
2 4915 4912
2 4916 4917
2 4917 4918
2 4918 4919
2 4919 4916
2 4912 4916
2 4913 4917
2 4914 4918
2 4915 4919
2 4920 4921
2 4921 4922
2 4922 4923
2 4923 4920
2 4924 4925
2 4925 4926
2 4926 4927
2 4927 4924
2 4920 4924
2 4921 4925
2 4922 4926
2 4923 4927
2 4928 4929
2 4929 4930
2 4930 4931
2 4931 4928
2 4932 4933
2 4933 4934
2 4934 4935
2 4935 4932
2 4928 4932
2 4929 4933
2 4930 4934
2 4931 4935
2 4936 4937
2 4937 4938
2 4938 4939
2 4939 4936
2 4940 4941
2 4941 4942
2 4942 4943
2 4943 4940
2 4936 4940
2 4937 4941
2 4938 4942
2 4939 4943
2 4944 4945
2 4945 4946
2 4946 4947
2 4947 4944
2 4948 4949
2 4949 4950
2 4950 4951
2 4951 4948
2 4944 4948
2 4945 4949
2 4946 4950
2 4947 4951
2 4952 4953
2 4953 4954
2 4954 4955
2 4955 4952
2 4956 4957
2 4957 4958
2 4958 4959
2 4959 4956
2 4952 4956
2 4953 4957
2 4954 4958
2 4955 4959
2 4960 4961
2 4961 4962
2 4962 4963
2 4963 4960
2 4964 4965
2 4965 4966
2 4966 4967
2 4967 4964
2 4960 4964
2 4961 4965
2 4962 4966
2 4963 4967
2 4968 4969
2 4969 4970
2 4970 4971
2 4971 4968
2 4972 4973
2 4973 4974
2 4974 4975
2 4975 4972
2 4968 4972
2 4969 4973
2 4970 4974
2 4971 4975
2 4976 4977
2 4977 4978
2 4978 4979
2 4979 4976
2 4980 4981
2 4981 4982
2 4982 4983
2 4983 4980
2 4976 4980
2 4977 4981
2 4978 4982
2 4979 4983
2 4984 4985
2 4985 4986
2 4986 4987
2 4987 4984
2 4988 4989
2 4989 4990
2 4990 4991
2 4991 4988
2 4984 4988
2 4985 4989
2 4986 4990
2 4987 4991
2 4992 4993
2 4993 4994
2 4994 4995
2 4995 4992
2 4996 4997
2 4997 4998
2 4998 4999
2 4999 4996
2 4992 4996
2 4993 4997
2 4994 4998
2 4995 4999
2 5000 5001
2 5001 5002
2 5002 5003
2 5003 5000
2 5004 5005
2 5005 5006
2 5006 5007
2 5007 5004
2 5000 5004
2 5001 5005
2 5002 5006
2 5003 5007
2 5008 5009
2 5009 5010
2 5010 5011
2 5011 5008
2 5012 5013
2 5013 5014
2 5014 5015
2 5015 5012
2 5008 5012
2 5009 5013
2 5010 5014
2 5011 5015
2 5016 5017
2 5017 5018
2 5018 5019
2 5019 5016
2 5020 5021
2 5021 5022
2 5022 5023
2 5023 5020
2 5016 5020
2 5017 5021
2 5018 5022
2 5019 5023
2 5024 5025
2 5025 5026
2 5026 5027
2 5027 5024
2 5028 5029
2 5029 5030
2 5030 5031
2 5031 5028
2 5024 5028
2 5025 5029
2 5026 5030
2 5027 5031
2 5032 5033
2 5033 5034
2 5034 5035
2 5035 5032
2 5036 5037
2 5037 5038
2 5038 5039
2 5039 5036
2 5032 5036
2 5033 5037
2 5034 5038
2 5035 5039
2 5040 5041
2 5041 5042
2 5042 5043
2 5043 5040
2 5044 5045
2 5045 5046
2 5046 5047
2 5047 5044
2 5040 5044
2 5041 5045
2 5042 5046
2 5043 5047
2 5048 5049
2 5049 5050
2 5050 5051
2 5051 5048
2 5052 5053
2 5053 5054
2 5054 5055
2 5055 5052
2 5048 5052
2 5049 5053
2 5050 5054
2 5051 5055
2 5056 5057
2 5057 5058
2 5058 5059
2 5059 5056
2 5060 5061
2 5061 5062
2 5062 5063
2 5063 5060
2 5056 5060
2 5057 5061
2 5058 5062
2 5059 5063
2 5064 5065
2 5065 5066
2 5066 5067
2 5067 5064
2 5068 5069
2 5069 5070
2 5070 5071
2 5071 5068
2 5064 5068
2 5065 5069
2 5066 5070
2 5067 5071
2 5072 5073
2 5073 5074
2 5074 5075
2 5075 5072
2 5076 5077
2 5077 5078
2 5078 5079
2 5079 5076
2 5072 5076
2 5073 5077
2 5074 5078
2 5075 5079
2 5080 5081
2 5081 5082
2 5082 5083
2 5083 5080
2 5084 5085
2 5085 5086
2 5086 5087
2 5087 5084
2 5080 5084
2 5081 5085
2 5082 5086
2 5083 5087
2 5088 5089
2 5089 5090
2 5090 5091
2 5091 5088
2 5092 5093
2 5093 5094
2 5094 5095
2 5095 5092
2 5088 5092
2 5089 5093
2 5090 5094
2 5091 5095
2 5096 5097
2 5097 5098
2 5098 5099
2 5099 5096
2 5100 5101
2 5101 5102
2 5102 5103
2 5103 5100
2 5096 5100
2 5097 5101
2 5098 5102
2 5099 5103
2 5104 5105
2 5105 5106
2 5106 5107
2 5107 5104
2 5108 5109
2 5109 5110
2 5110 5111
2 5111 5108
2 5104 5108
2 5105 5109
2 5106 5110
2 5107 5111
2 5112 5113
2 5113 5114
2 5114 5115
2 5115 5112
2 5116 5117
2 5117 5118
2 5118 5119
2 5119 5116
2 5112 5116
2 5113 5117
2 5114 5118
2 5115 5119
2 5120 5121
2 5121 5122
2 5122 5123
2 5123 5120
2 5124 5125
2 5125 5126
2 5126 5127
2 5127 5124
2 5120 5124
2 5121 5125
2 5122 5126
2 5123 5127
2 5128 5129
2 5129 5130
2 5130 5131
2 5131 5128
2 5132 5133
2 5133 5134
2 5134 5135
2 5135 5132
2 5128 5132
2 5129 5133
2 5130 5134
2 5131 5135
2 5136 5137
2 5137 5138
2 5138 5139
2 5139 5136
2 5140 5141
2 5141 5142
2 5142 5143
2 5143 5140
2 5136 5140
2 5137 5141
2 5138 5142
2 5139 5143
2 5144 5145
2 5145 5146
2 5146 5147
2 5147 5144
2 5148 5149
2 5149 5150
2 5150 5151
2 5151 5148
2 5144 5148
2 5145 5149
2 5146 5150
2 5147 5151
2 5152 5153
2 5153 5154
2 5154 5155
2 5155 5152
2 5156 5157
2 5157 5158
2 5158 5159
2 5159 5156
2 5152 5156
2 5153 5157
2 5154 5158
2 5155 5159
2 5160 5161
2 5161 5162
2 5162 5163
2 5163 5160
2 5164 5165
2 5165 5166
2 5166 5167
2 5167 5164
2 5160 5164
2 5161 5165
2 5162 5166
2 5163 5167
2 5168 5169
2 5169 5170
2 5170 5171
2 5171 5168
2 5172 5173
2 5173 5174
2 5174 5175
2 5175 5172
2 5168 5172
2 5169 5173
2 5170 5174
2 5171 5175
2 5176 5177
2 5177 5178
2 5178 5179
2 5179 5176
2 5180 5181
2 5181 5182
2 5182 5183
2 5183 5180
2 5176 5180
2 5177 5181
2 5178 5182
2 5179 5183
2 5184 5185
2 5185 5186
2 5186 5187
2 5187 5184
2 5188 5189
2 5189 5190
2 5190 5191
2 5191 5188
2 5184 5188
2 5185 5189
2 5186 5190
2 5187 5191
2 5192 5193
2 5193 5194
2 5194 5195
2 5195 5192
2 5196 5197
2 5197 5198
2 5198 5199
2 5199 5196
2 5192 5196
2 5193 5197
2 5194 5198
2 5195 5199
2 5200 5201
2 5201 5202
2 5202 5203
2 5203 5200
2 5204 5205
2 5205 5206
2 5206 5207
2 5207 5204
2 5200 5204
2 5201 5205
2 5202 5206
2 5203 5207
2 5208 5209
2 5209 5210
2 5210 5211
2 5211 5208
2 5212 5213
2 5213 5214
2 5214 5215
2 5215 5212
2 5208 5212
2 5209 5213
2 5210 5214
2 5211 5215
2 5216 5217
2 5217 5218
2 5218 5219
2 5219 5216
2 5220 5221
2 5221 5222
2 5222 5223
2 5223 5220
2 5216 5220
2 5217 5221
2 5218 5222
2 5219 5223
2 5224 5225
2 5225 5226
2 5226 5227
2 5227 5224
2 5228 5229
2 5229 5230
2 5230 5231
2 5231 5228
2 5224 5228
2 5225 5229
2 5226 5230
2 5227 5231
2 5232 5233
2 5233 5234
2 5234 5235
2 5235 5232
2 5236 5237
2 5237 5238
2 5238 5239
2 5239 5236
2 5232 5236
2 5233 5237
2 5234 5238
2 5235 5239
2 5240 5241
2 5241 5242
2 5242 5243
2 5243 5240
2 5244 5245
2 5245 5246
2 5246 5247
2 5247 5244
2 5240 5244
2 5241 5245
2 5242 5246
2 5243 5247
2 5248 5249
2 5249 5250
2 5250 5251
2 5251 5248
2 5252 5253
2 5253 5254
2 5254 5255
2 5255 5252
2 5248 5252
2 5249 5253
2 5250 5254
2 5251 5255
2 5256 5257
2 5257 5258
2 5258 5259
2 5259 5256
2 5260 5261
2 5261 5262
2 5262 5263
2 5263 5260
2 5256 5260
2 5257 5261
2 5258 5262
2 5259 5263
2 5264 5265
2 5265 5266
2 5266 5267
2 5267 5264
2 5268 5269
2 5269 5270
2 5270 5271
2 5271 5268
2 5264 5268
2 5265 5269
2 5266 5270
2 5267 5271
2 5272 5273
2 5273 5274
2 5274 5275
2 5275 5272
2 5276 5277
2 5277 5278
2 5278 5279
2 5279 5276
2 5272 5276
2 5273 5277
2 5274 5278
2 5275 5279
2 5280 5281
2 5281 5282
2 5282 5283
2 5283 5280
2 5284 5285
2 5285 5286
2 5286 5287
2 5287 5284
2 5280 5284
2 5281 5285
2 5282 5286
2 5283 5287
2 5288 5289
2 5289 5290
2 5290 5291
2 5291 5288
2 5292 5293
2 5293 5294
2 5294 5295
2 5295 5292
2 5288 5292
2 5289 5293
2 5290 5294
2 5291 5295
2 5296 5297
2 5297 5298
2 5298 5299
2 5299 5296
2 5300 5301
2 5301 5302
2 5302 5303
2 5303 5300
2 5296 5300
2 5297 5301
2 5298 5302
2 5299 5303
2 5304 5305
2 5305 5306
2 5306 5307
2 5307 5304
2 5308 5309
2 5309 5310
2 5310 5311
2 5311 5308
2 5304 5308
2 5305 5309
2 5306 5310
2 5307 5311
2 5312 5313
2 5313 5314
2 5314 5315
2 5315 5312
2 5316 5317
2 5317 5318
2 5318 5319
2 5319 5316
2 5312 5316
2 5313 5317
2 5314 5318
2 5315 5319
2 5320 5321
2 5321 5322
2 5322 5323
2 5323 5320
2 5324 5325
2 5325 5326
2 5326 5327
2 5327 5324
2 5320 5324
2 5321 5325
2 5322 5326
2 5323 5327
2 5328 5329
2 5329 5330
2 5330 5331
2 5331 5328
2 5332 5333
2 5333 5334
2 5334 5335
2 5335 5332
2 5328 5332
2 5329 5333
2 5330 5334
2 5331 5335
2 5336 5337
2 5337 5338
2 5338 5339
2 5339 5336
2 5340 5341
2 5341 5342
2 5342 5343
2 5343 5340
2 5336 5340
2 5337 5341
2 5338 5342
2 5339 5343
2 5344 5345
2 5345 5346
2 5346 5347
2 5347 5344
2 5348 5349
2 5349 5350
2 5350 5351
2 5351 5348
2 5344 5348
2 5345 5349
2 5346 5350
2 5347 5351
2 5352 5353
2 5353 5354
2 5354 5355
2 5355 5352
2 5356 5357
2 5357 5358
2 5358 5359
2 5359 5356
2 5352 5356
2 5353 5357
2 5354 5358
2 5355 5359
2 5360 5361
2 5361 5362
2 5362 5363
2 5363 5360
2 5364 5365
2 5365 5366
2 5366 5367
2 5367 5364
2 5360 5364
2 5361 5365
2 5362 5366
2 5363 5367
2 5368 5369
2 5369 5370
2 5370 5371
2 5371 5368
2 5372 5373
2 5373 5374
2 5374 5375
2 5375 5372
2 5368 5372
2 5369 5373
2 5370 5374
2 5371 5375
2 5376 5377
2 5377 5378
2 5378 5379
2 5379 5376
2 5380 5381
2 5381 5382
2 5382 5383
2 5383 5380
2 5376 5380
2 5377 5381
2 5378 5382
2 5379 5383
2 5384 5385
2 5385 5386
2 5386 5387
2 5387 5384
2 5388 5389
2 5389 5390
2 5390 5391
2 5391 5388
2 5384 5388
2 5385 5389
2 5386 5390
2 5387 5391
2 5392 5393
2 5393 5394
2 5394 5395
2 5395 5392
2 5396 5397
2 5397 5398
2 5398 5399
2 5399 5396
2 5392 5396
2 5393 5397
2 5394 5398
2 5395 5399
2 5400 5401
2 5401 5402
2 5402 5403
2 5403 5400
2 5404 5405
2 5405 5406
2 5406 5407
2 5407 5404
2 5400 5404
2 5401 5405
2 5402 5406
2 5403 5407
2 5408 5409
2 5409 5410
2 5410 5411
2 5411 5408
2 5412 5413
2 5413 5414
2 5414 5415
2 5415 5412
2 5408 5412
2 5409 5413
2 5410 5414
2 5411 5415
2 5416 5417
2 5417 5418
2 5418 5419
2 5419 5416
2 5420 5421
2 5421 5422
2 5422 5423
2 5423 5420
2 5416 5420
2 5417 5421
2 5418 5422
2 5419 5423
2 5424 5425
2 5425 5426
2 5426 5427
2 5427 5424
2 5428 5429
2 5429 5430
2 5430 5431
2 5431 5428
2 5424 5428
2 5425 5429
2 5426 5430
2 5427 5431
2 5432 5433
2 5433 5434
2 5434 5435
2 5435 5432
2 5436 5437
2 5437 5438
2 5438 5439
2 5439 5436
2 5432 5436
2 5433 5437
2 5434 5438
2 5435 5439
2 5440 5441
2 5441 5442
2 5442 5443
2 5443 5440
2 5444 5445
2 5445 5446
2 5446 5447
2 5447 5444
2 5440 5444
2 5441 5445
2 5442 5446
2 5443 5447
2 5448 5449
2 5449 5450
2 5450 5451
2 5451 5448
2 5452 5453
2 5453 5454
2 5454 5455
2 5455 5452
2 5448 5452
2 5449 5453
2 5450 5454
2 5451 5455
2 5456 5457
2 5457 5458
2 5458 5459
2 5459 5456
2 5460 5461
2 5461 5462
2 5462 5463
2 5463 5460
2 5456 5460
2 5457 5461
2 5458 5462
2 5459 5463
2 5464 5465
2 5465 5466
2 5466 5467
2 5467 5464
2 5468 5469
2 5469 5470
2 5470 5471
2 5471 5468
2 5464 5468
2 5465 5469
2 5466 5470
2 5467 5471
2 5472 5473
2 5473 5474
2 5474 5475
2 5475 5472
2 5476 5477
2 5477 5478
2 5478 5479
2 5479 5476
2 5472 5476
2 5473 5477
2 5474 5478
2 5475 5479
2 5480 5481
2 5481 5482
2 5482 5483
2 5483 5480
2 5484 5485
2 5485 5486
2 5486 5487
2 5487 5484
2 5480 5484
2 5481 5485
2 5482 5486
2 5483 5487
2 5488 5489
2 5489 5490
2 5490 5491
2 5491 5488
2 5492 5493
2 5493 5494
2 5494 5495
2 5495 5492
2 5488 5492
2 5489 5493
2 5490 5494
2 5491 5495
2 5496 5497
2 5497 5498
2 5498 5499
2 5499 5496
2 5500 5501
2 5501 5502
2 5502 5503
2 5503 5500
2 5496 5500
2 5497 5501
2 5498 5502
2 5499 5503
2 5504 5505
2 5505 5506
2 5506 5507
2 5507 5504
2 5508 5509
2 5509 5510
2 5510 5511
2 5511 5508
2 5504 5508
2 5505 5509
2 5506 5510
2 5507 5511
2 5512 5513
2 5513 5514
2 5514 5515
2 5515 5512
2 5516 5517
2 5517 5518
2 5518 5519
2 5519 5516
2 5512 5516
2 5513 5517
2 5514 5518
2 5515 5519
2 5520 5521
2 5521 5522
2 5522 5523
2 5523 5520
2 5524 5525
2 5525 5526
2 5526 5527
2 5527 5524
2 5520 5524
2 5521 5525
2 5522 5526
2 5523 5527
2 5528 5529
2 5529 5530
2 5530 5531
2 5531 5528
2 5532 5533
2 5533 5534
2 5534 5535
2 5535 5532
2 5528 5532
2 5529 5533
2 5530 5534
2 5531 5535
2 5536 5537
2 5537 5538
2 5538 5539
2 5539 5536
2 5540 5541
2 5541 5542
2 5542 5543
2 5543 5540
2 5536 5540
2 5537 5541
2 5538 5542
2 5539 5543
2 5544 5545
2 5545 5546
2 5546 5547
2 5547 5544
2 5548 5549
2 5549 5550
2 5550 5551
2 5551 5548
2 5544 5548
2 5545 5549
2 5546 5550
2 5547 5551
2 5552 5553
2 5553 5554
2 5554 5555
2 5555 5552
2 5556 5557
2 5557 5558
2 5558 5559
2 5559 5556
2 5552 5556
2 5553 5557
2 5554 5558
2 5555 5559
2 5560 5561
2 5561 5562
2 5562 5563
2 5563 5560
2 5564 5565
2 5565 5566
2 5566 5567
2 5567 5564
2 5560 5564
2 5561 5565
2 5562 5566
2 5563 5567
2 5568 5569
2 5569 5570
2 5570 5571
2 5571 5568
2 5572 5573
2 5573 5574
2 5574 5575
2 5575 5572
2 5568 5572
2 5569 5573
2 5570 5574
2 5571 5575
2 5576 5577
2 5577 5578
2 5578 5579
2 5579 5576
2 5580 5581
2 5581 5582
2 5582 5583
2 5583 5580
2 5576 5580
2 5577 5581
2 5578 5582
2 5579 5583
2 5584 5585
2 5585 5586
2 5586 5587
2 5587 5584
2 5588 5589
2 5589 5590
2 5590 5591
2 5591 5588
2 5584 5588
2 5585 5589
2 5586 5590
2 5587 5591
2 5592 5593
2 5593 5594
2 5594 5595
2 5595 5592
2 5596 5597
2 5597 5598
2 5598 5599
2 5599 5596
2 5592 5596
2 5593 5597
2 5594 5598
2 5595 5599
2 5600 5601
2 5601 5602
2 5602 5603
2 5603 5600
2 5604 5605
2 5605 5606
2 5606 5607
2 5607 5604
2 5600 5604
2 5601 5605
2 5602 5606
2 5603 5607
2 5608 5609
2 5609 5610
2 5610 5611
2 5611 5608
2 5612 5613
2 5613 5614
2 5614 5615
2 5615 5612
2 5608 5612
2 5609 5613
2 5610 5614
2 5611 5615
2 5616 5617
2 5617 5618
2 5618 5619
2 5619 5616
2 5620 5621
2 5621 5622
2 5622 5623
2 5623 5620
2 5616 5620
2 5617 5621
2 5618 5622
2 5619 5623
2 5624 5625
2 5625 5626
2 5626 5627
2 5627 5624
2 5628 5629
2 5629 5630
2 5630 5631
2 5631 5628
2 5624 5628
2 5625 5629
2 5626 5630
2 5627 5631
2 5632 5633
2 5633 5634
2 5634 5635
2 5635 5632
2 5636 5637
2 5637 5638
2 5638 5639
2 5639 5636
2 5632 5636
2 5633 5637
2 5634 5638
2 5635 5639
2 5640 5641
2 5641 5642
2 5642 5643
2 5643 5640
2 5644 5645
2 5645 5646
2 5646 5647
2 5647 5644
2 5640 5644
2 5641 5645
2 5642 5646
2 5643 5647
2 5648 5649
2 5649 5650
2 5650 5651
2 5651 5648
2 5652 5653
2 5653 5654
2 5654 5655
2 5655 5652
2 5648 5652
2 5649 5653
2 5650 5654
2 5651 5655
2 5656 5657
2 5657 5658
2 5658 5659
2 5659 5656
2 5660 5661
2 5661 5662
2 5662 5663
2 5663 5660
2 5656 5660
2 5657 5661
2 5658 5662
2 5659 5663
2 5664 5665
2 5665 5666
2 5666 5667
2 5667 5664
2 5668 5669
2 5669 5670
2 5670 5671
2 5671 5668
2 5664 5668
2 5665 5669
2 5666 5670
2 5667 5671
2 5672 5673
2 5673 5674
2 5674 5675
2 5675 5672
2 5676 5677
2 5677 5678
2 5678 5679
2 5679 5676
2 5672 5676
2 5673 5677
2 5674 5678
2 5675 5679
2 5680 5681
2 5681 5682
2 5682 5683
2 5683 5680
2 5684 5685
2 5685 5686
2 5686 5687
2 5687 5684
2 5680 5684
2 5681 5685
2 5682 5686
2 5683 5687
2 5688 5689
2 5689 5690
2 5690 5691
2 5691 5688
2 5692 5693
2 5693 5694
2 5694 5695
2 5695 5692
2 5688 5692
2 5689 5693
2 5690 5694
2 5691 5695
2 5696 5697
2 5697 5698
2 5698 5699
2 5699 5696
2 5700 5701
2 5701 5702
2 5702 5703
2 5703 5700
2 5696 5700
2 5697 5701
2 5698 5702
2 5699 5703
2 5704 5705
2 5705 5706
2 5706 5707
2 5707 5704
2 5708 5709
2 5709 5710
2 5710 5711
2 5711 5708
2 5704 5708
2 5705 5709
2 5706 5710
2 5707 5711
2 5712 5713
2 5713 5714
2 5714 5715
2 5715 5712
2 5716 5717
2 5717 5718
2 5718 5719
2 5719 5716
2 5712 5716
2 5713 5717
2 5714 5718
2 5715 5719
2 5720 5721
2 5721 5722
2 5722 5723
2 5723 5720
2 5724 5725
2 5725 5726
2 5726 5727
2 5727 5724
2 5720 5724
2 5721 5725
2 5722 5726
2 5723 5727
2 5728 5729
2 5729 5730
2 5730 5731
2 5731 5728
2 5732 5733
2 5733 5734
2 5734 5735
2 5735 5732
2 5728 5732
2 5729 5733
2 5730 5734
2 5731 5735
2 5736 5737
2 5737 5738
2 5738 5739
2 5739 5736
2 5740 5741
2 5741 5742
2 5742 5743
2 5743 5740
2 5736 5740
2 5737 5741
2 5738 5742
2 5739 5743
2 5744 5745
2 5745 5746
2 5746 5747
2 5747 5744
2 5748 5749
2 5749 5750
2 5750 5751
2 5751 5748
2 5744 5748
2 5745 5749
2 5746 5750
2 5747 5751
2 5752 5753
2 5753 5754
2 5754 5755
2 5755 5752
2 5756 5757
2 5757 5758
2 5758 5759
2 5759 5756
2 5752 5756
2 5753 5757
2 5754 5758
2 5755 5759
2 5760 5761
2 5761 5762
2 5762 5763
2 5763 5760
2 5764 5765
2 5765 5766
2 5766 5767
2 5767 5764
2 5760 5764
2 5761 5765
2 5762 5766
2 5763 5767
2 5768 5769
2 5769 5770
2 5770 5771
2 5771 5768
2 5772 5773
2 5773 5774
2 5774 5775
2 5775 5772
2 5768 5772
2 5769 5773
2 5770 5774
2 5771 5775
2 5776 5777
2 5777 5778
2 5778 5779
2 5779 5776
2 5780 5781
2 5781 5782
2 5782 5783
2 5783 5780
2 5776 5780
2 5777 5781
2 5778 5782
2 5779 5783
2 5784 5785
2 5785 5786
2 5786 5787
2 5787 5784
2 5788 5789
2 5789 5790
2 5790 5791
2 5791 5788
2 5784 5788
2 5785 5789
2 5786 5790
2 5787 5791
2 5792 5793
2 5793 5794
2 5794 5795
2 5795 5792
2 5796 5797
2 5797 5798
2 5798 5799
2 5799 5796
2 5792 5796
2 5793 5797
2 5794 5798
2 5795 5799
2 5800 5801
2 5801 5802
2 5802 5803
2 5803 5800
2 5804 5805
2 5805 5806
2 5806 5807
2 5807 5804
2 5800 5804
2 5801 5805
2 5802 5806
2 5803 5807
2 5808 5809
2 5809 5810
2 5810 5811
2 5811 5808
2 5812 5813
2 5813 5814
2 5814 5815
2 5815 5812
2 5808 5812
2 5809 5813
2 5810 5814
2 5811 5815
2 5816 5817
2 5817 5818
2 5818 5819
2 5819 5816
2 5820 5821
2 5821 5822
2 5822 5823
2 5823 5820
2 5816 5820
2 5817 5821
2 5818 5822
2 5819 5823
2 5824 5825
2 5825 5826
2 5826 5827
2 5827 5824
2 5828 5829
2 5829 5830
2 5830 5831
2 5831 5828
2 5824 5828
2 5825 5829
2 5826 5830
2 5827 5831
2 5832 5833
2 5833 5834
2 5834 5835
2 5835 5832
2 5836 5837
2 5837 5838
2 5838 5839
2 5839 5836
2 5832 5836
2 5833 5837
2 5834 5838
2 5835 5839
2 5840 5841
2 5841 5842
2 5842 5843
2 5843 5840
2 5844 5845
2 5845 5846
2 5846 5847
2 5847 5844
2 5840 5844
2 5841 5845
2 5842 5846
2 5843 5847
2 5848 5849
2 5849 5850
2 5850 5851
2 5851 5848
2 5852 5853
2 5853 5854
2 5854 5855
2 5855 5852
2 5848 5852
2 5849 5853
2 5850 5854
2 5851 5855
2 5856 5857
2 5857 5858
2 5858 5859
2 5859 5856
2 5860 5861
2 5861 5862
2 5862 5863
2 5863 5860
2 5856 5860
2 5857 5861
2 5858 5862
2 5859 5863
2 5864 5865
2 5865 5866
2 5866 5867
2 5867 5864
2 5868 5869
2 5869 5870
2 5870 5871
2 5871 5868
2 5864 5868
2 5865 5869
2 5866 5870
2 5867 5871
2 5872 5873
2 5873 5874
2 5874 5875
2 5875 5872
2 5876 5877
2 5877 5878
2 5878 5879
2 5879 5876
2 5872 5876
2 5873 5877
2 5874 5878
2 5875 5879
2 5880 5881
2 5881 5882
2 5882 5883
2 5883 5880
2 5884 5885
2 5885 5886
2 5886 5887
2 5887 5884
2 5880 5884
2 5881 5885
2 5882 5886
2 5883 5887
2 5888 5889
2 5889 5890
2 5890 5891
2 5891 5888
2 5892 5893
2 5893 5894
2 5894 5895
2 5895 5892
2 5888 5892
2 5889 5893
2 5890 5894
2 5891 5895
2 5896 5897
2 5897 5898
2 5898 5899
2 5899 5896
2 5900 5901
2 5901 5902
2 5902 5903
2 5903 5900
2 5896 5900
2 5897 5901
2 5898 5902
2 5899 5903
2 5904 5905
2 5905 5906
2 5906 5907
2 5907 5904
2 5908 5909
2 5909 5910
2 5910 5911
2 5911 5908
2 5904 5908
2 5905 5909
2 5906 5910
2 5907 5911
2 5912 5913
2 5913 5914
2 5914 5915
2 5915 5912
2 5916 5917
2 5917 5918
2 5918 5919
2 5919 5916
2 5912 5916
2 5913 5917
2 5914 5918
2 5915 5919
2 5920 5921
2 5921 5922
2 5922 5923
2 5923 5920
2 5924 5925
2 5925 5926
2 5926 5927
2 5927 5924
2 5920 5924
2 5921 5925
2 5922 5926
2 5923 5927
2 5928 5929
2 5929 5930
2 5930 5931
2 5931 5928
2 5932 5933
2 5933 5934
2 5934 5935
2 5935 5932
2 5928 5932
2 5929 5933
2 5930 5934
2 5931 5935
2 5936 5937
2 5937 5938
2 5938 5939
2 5939 5936
2 5940 5941
2 5941 5942
2 5942 5943
2 5943 5940
2 5936 5940
2 5937 5941
2 5938 5942
2 5939 5943
2 5944 5945
2 5945 5946
2 5946 5947
2 5947 5944
2 5948 5949
2 5949 5950
2 5950 5951
2 5951 5948
2 5944 5948
2 5945 5949
2 5946 5950
2 5947 5951
2 5952 5953
2 5953 5954
2 5954 5955
2 5955 5952
2 5956 5957
2 5957 5958
2 5958 5959
2 5959 5956
2 5952 5956
2 5953 5957
2 5954 5958
2 5955 5959
2 5960 5961
2 5961 5962
2 5962 5963
2 5963 5960
2 5964 5965
2 5965 5966
2 5966 5967
2 5967 5964
2 5960 5964
2 5961 5965
2 5962 5966
2 5963 5967
2 5968 5969
2 5969 5970
2 5970 5971
2 5971 5968
2 5972 5973
2 5973 5974
2 5974 5975
2 5975 5972
2 5968 5972
2 5969 5973
2 5970 5974
2 5971 5975
2 5976 5977
2 5977 5978
2 5978 5979
2 5979 5976
2 5980 5981
2 5981 5982
2 5982 5983
2 5983 5980
2 5976 5980
2 5977 5981
2 5978 5982
2 5979 5983
2 5984 5985
2 5985 5986
2 5986 5987
2 5987 5984
2 5988 5989
2 5989 5990
2 5990 5991
2 5991 5988
2 5984 5988
2 5985 5989
2 5986 5990
2 5987 5991
2 5992 5993
2 5993 5994
2 5994 5995
2 5995 5992
2 5996 5997
2 5997 5998
2 5998 5999
2 5999 5996
2 5992 5996
2 5993 5997
2 5994 5998
2 5995 5999
2 6000 6001
2 6001 6002
2 6002 6003
2 6003 6000
2 6004 6005
2 6005 6006
2 6006 6007
2 6007 6004
2 6000 6004
2 6001 6005
2 6002 6006
2 6003 6007
2 6008 6009
2 6009 6010
2 6010 6011
2 6011 6008
2 6012 6013
2 6013 6014
2 6014 6015
2 6015 6012
2 6008 6012
2 6009 6013
2 6010 6014
2 6011 6015
2 6016 6017
2 6017 6018
2 6018 6019
2 6019 6016
2 6020 6021
2 6021 6022
2 6022 6023
2 6023 6020
2 6016 6020
2 6017 6021
2 6018 6022
2 6019 6023
2 6024 6025
2 6025 6026
2 6026 6027
2 6027 6024
2 6028 6029
2 6029 6030
2 6030 6031
2 6031 6028
2 6024 6028
2 6025 6029
2 6026 6030
2 6027 6031
2 6032 6033
2 6033 6034
2 6034 6035
2 6035 6032
2 6036 6037
2 6037 6038
2 6038 6039
2 6039 6036
2 6032 6036
2 6033 6037
2 6034 6038
2 6035 6039
2 6040 6041
2 6041 6042
2 6042 6043
2 6043 6040
2 6044 6045
2 6045 6046
2 6046 6047
2 6047 6044
2 6040 6044
2 6041 6045
2 6042 6046
2 6043 6047
2 6048 6049
2 6049 6050
2 6050 6051
2 6051 6048
2 6052 6053
2 6053 6054
2 6054 6055
2 6055 6052
2 6048 6052
2 6049 6053
2 6050 6054
2 6051 6055
2 6056 6057
2 6057 6058
2 6058 6059
2 6059 6056
2 6060 6061
2 6061 6062
2 6062 6063
2 6063 6060
2 6056 6060
2 6057 6061
2 6058 6062
2 6059 6063
2 6064 6065
2 6065 6066
2 6066 6067
2 6067 6064
2 6068 6069
2 6069 6070
2 6070 6071
2 6071 6068
2 6064 6068
2 6065 6069
2 6066 6070
2 6067 6071
2 6072 6073
2 6073 6074
2 6074 6075
2 6075 6072
2 6076 6077
2 6077 6078
2 6078 6079
2 6079 6076
2 6072 6076
2 6073 6077
2 6074 6078
2 6075 6079
2 6080 6081
2 6081 6082
2 6082 6083
2 6083 6080
2 6084 6085
2 6085 6086
2 6086 6087
2 6087 6084
2 6080 6084
2 6081 6085
2 6082 6086
2 6083 6087
2 6088 6089
2 6089 6090
2 6090 6091
2 6091 6088
2 6092 6093
2 6093 6094
2 6094 6095
2 6095 6092
2 6088 6092
2 6089 6093
2 6090 6094
2 6091 6095
2 6096 6097
2 6097 6098
2 6098 6099
2 6099 6096
2 6100 6101
2 6101 6102
2 6102 6103
2 6103 6100
2 6096 6100
2 6097 6101
2 6098 6102
2 6099 6103
2 6104 6105
2 6105 6106
2 6106 6107
2 6107 6104
2 6108 6109
2 6109 6110
2 6110 6111
2 6111 6108
2 6104 6108
2 6105 6109
2 6106 6110
2 6107 6111
2 6112 6113
2 6113 6114
2 6114 6115
2 6115 6112
2 6116 6117
2 6117 6118
2 6118 6119
2 6119 6116
2 6112 6116
2 6113 6117
2 6114 6118
2 6115 6119
2 6120 6121
2 6121 6122
2 6122 6123
2 6123 6120
2 6124 6125
2 6125 6126
2 6126 6127
2 6127 6124
2 6120 6124
2 6121 6125
2 6122 6126
2 6123 6127
2 6128 6129
2 6129 6130
2 6130 6131
2 6131 6128
2 6132 6133
2 6133 6134
2 6134 6135
2 6135 6132
2 6128 6132
2 6129 6133
2 6130 6134
2 6131 6135
2 6136 6137
2 6137 6138
2 6138 6139
2 6139 6136
2 6140 6141
2 6141 6142
2 6142 6143
2 6143 6140
2 6136 6140
2 6137 6141
2 6138 6142
2 6139 6143
2 6144 6145
2 6145 6146
2 6146 6147
2 6147 6144
2 6148 6149
2 6149 6150
2 6150 6151
2 6151 6148
2 6144 6148
2 6145 6149
2 6146 6150
2 6147 6151
2 6152 6153
2 6153 6154
2 6154 6155
2 6155 6152
2 6156 6157
2 6157 6158
2 6158 6159
2 6159 6156
2 6152 6156
2 6153 6157
2 6154 6158
2 6155 6159
2 6160 6161
2 6161 6162
2 6162 6163
2 6163 6160
2 6164 6165
2 6165 6166
2 6166 6167
2 6167 6164
2 6160 6164
2 6161 6165
2 6162 6166
2 6163 6167
2 6168 6169
2 6169 6170
2 6170 6171
2 6171 6168
2 6172 6173
2 6173 6174
2 6174 6175
2 6175 6172
2 6168 6172
2 6169 6173
2 6170 6174
2 6171 6175
2 6176 6177
2 6177 6178
2 6178 6179
2 6179 6176
2 6180 6181
2 6181 6182
2 6182 6183
2 6183 6180
2 6176 6180
2 6177 6181
2 6178 6182
2 6179 6183
2 6184 6185
2 6185 6186
2 6186 6187
2 6187 6184
2 6188 6189
2 6189 6190
2 6190 6191
2 6191 6188
2 6184 6188
2 6185 6189
2 6186 6190
2 6187 6191
2 6192 6193
2 6193 6194
2 6194 6195
2 6195 6192
2 6196 6197
2 6197 6198
2 6198 6199
2 6199 6196
2 6192 6196
2 6193 6197
2 6194 6198
2 6195 6199
2 6200 6201
2 6201 6202
2 6202 6203
2 6203 6200
2 6204 6205
2 6205 6206
2 6206 6207
2 6207 6204
2 6200 6204
2 6201 6205
2 6202 6206
2 6203 6207
2 6208 6209
2 6209 6210
2 6210 6211
2 6211 6208
2 6212 6213
2 6213 6214
2 6214 6215
2 6215 6212
2 6208 6212
2 6209 6213
2 6210 6214
2 6211 6215
2 6216 6217
2 6217 6218
2 6218 6219
2 6219 6216
2 6220 6221
2 6221 6222
2 6222 6223
2 6223 6220
2 6216 6220
2 6217 6221
2 6218 6222
2 6219 6223
2 6224 6225
2 6225 6226
2 6226 6227
2 6227 6224
2 6228 6229
2 6229 6230
2 6230 6231
2 6231 6228
2 6224 6228
2 6225 6229
2 6226 6230
2 6227 6231
2 6232 6233
2 6233 6234
2 6234 6235
2 6235 6232
2 6236 6237
2 6237 6238
2 6238 6239
2 6239 6236
2 6232 6236
2 6233 6237
2 6234 6238
2 6235 6239
2 6240 6241
2 6241 6242
2 6242 6243
2 6243 6240
2 6244 6245
2 6245 6246
2 6246 6247
2 6247 6244
2 6240 6244
2 6241 6245
2 6242 6246
2 6243 6247
2 6248 6249
2 6249 6250
2 6250 6251
2 6251 6248
2 6252 6253
2 6253 6254
2 6254 6255
2 6255 6252
2 6248 6252
2 6249 6253
2 6250 6254
2 6251 6255
2 6256 6257
2 6257 6258
2 6258 6259
2 6259 6256
2 6260 6261
2 6261 6262
2 6262 6263
2 6263 6260
2 6256 6260
2 6257 6261
2 6258 6262
2 6259 6263
2 6264 6265
2 6265 6266
2 6266 6267
2 6267 6264
2 6268 6269
2 6269 6270
2 6270 6271
2 6271 6268
2 6264 6268
2 6265 6269
2 6266 6270
2 6267 6271
2 6272 6273
2 6273 6274
2 6274 6275
2 6275 6272
2 6276 6277
2 6277 6278
2 6278 6279
2 6279 6276
2 6272 6276
2 6273 6277
2 6274 6278
2 6275 6279
2 6280 6281
2 6281 6282
2 6282 6283
2 6283 6280
2 6284 6285
2 6285 6286
2 6286 6287
2 6287 6284
2 6280 6284
2 6281 6285
2 6282 6286
2 6283 6287
2 6288 6289
2 6289 6290
2 6290 6291
2 6291 6288
2 6292 6293
2 6293 6294
2 6294 6295
2 6295 6292
2 6288 6292
2 6289 6293
2 6290 6294
2 6291 6295
2 6296 6297
2 6297 6298
2 6298 6299
2 6299 6296
2 6300 6301
2 6301 6302
2 6302 6303
2 6303 6300
2 6296 6300
2 6297 6301
2 6298 6302
2 6299 6303
2 6304 6305
2 6305 6306
2 6306 6307
2 6307 6304
2 6308 6309
2 6309 6310
2 6310 6311
2 6311 6308
2 6304 6308
2 6305 6309
2 6306 6310
2 6307 6311
2 6312 6313
2 6313 6314
2 6314 6315
2 6315 6312
2 6316 6317
2 6317 6318
2 6318 6319
2 6319 6316
2 6312 6316
2 6313 6317
2 6314 6318
2 6315 6319
2 6320 6321
2 6321 6322
2 6322 6323
2 6323 6320
2 6324 6325
2 6325 6326
2 6326 6327
2 6327 6324
2 6320 6324
2 6321 6325
2 6322 6326
2 6323 6327
2 6328 6329
2 6329 6330
2 6330 6331
2 6331 6328
2 6332 6333
2 6333 6334
2 6334 6335
2 6335 6332
2 6328 6332
2 6329 6333
2 6330 6334
2 6331 6335
2 6336 6337
2 6337 6338
2 6338 6339
2 6339 6336
2 6340 6341
2 6341 6342
2 6342 6343
2 6343 6340
2 6336 6340
2 6337 6341
2 6338 6342
2 6339 6343
2 6344 6345
2 6345 6346
2 6346 6347
2 6347 6344
2 6348 6349
2 6349 6350
2 6350 6351
2 6351 6348
2 6344 6348
2 6345 6349
2 6346 6350
2 6347 6351
2 6352 6353
2 6353 6354
2 6354 6355
2 6355 6352
2 6356 6357
2 6357 6358
2 6358 6359
2 6359 6356
2 6352 6356
2 6353 6357
2 6354 6358
2 6355 6359
2 6360 6361
2 6361 6362
2 6362 6363
2 6363 6360
2 6364 6365
2 6365 6366
2 6366 6367
2 6367 6364
2 6360 6364
2 6361 6365
2 6362 6366
2 6363 6367
2 6368 6369
2 6369 6370
2 6370 6371
2 6371 6368
2 6372 6373
2 6373 6374
2 6374 6375
2 6375 6372
2 6368 6372
2 6369 6373
2 6370 6374
2 6371 6375
2 6376 6377
2 6377 6378
2 6378 6379
2 6379 6376
2 6380 6381
2 6381 6382
2 6382 6383
2 6383 6380
2 6376 6380
2 6377 6381
2 6378 6382
2 6379 6383
2 6384 6385
2 6385 6386
2 6386 6387
2 6387 6384
2 6388 6389
2 6389 6390
2 6390 6391
2 6391 6388
2 6384 6388
2 6385 6389
2 6386 6390
2 6387 6391
2 6392 6393
2 6393 6394
2 6394 6395
2 6395 6392
2 6396 6397
2 6397 6398
2 6398 6399
2 6399 6396
2 6392 6396
2 6393 6397
2 6394 6398
2 6395 6399
2 6400 6401
2 6401 6402
2 6402 6403
2 6403 6400
2 6404 6405
2 6405 6406
2 6406 6407
2 6407 6404
2 6400 6404
2 6401 6405
2 6402 6406
2 6403 6407
2 6408 6409
2 6409 6410
2 6410 6411
2 6411 6408
2 6412 6413
2 6413 6414
2 6414 6415
2 6415 6412
2 6408 6412
2 6409 6413
2 6410 6414
2 6411 6415
2 6416 6417
2 6417 6418
2 6418 6419
2 6419 6416
2 6420 6421
2 6421 6422
2 6422 6423
2 6423 6420
2 6416 6420
2 6417 6421
2 6418 6422
2 6419 6423
2 6424 6425
2 6425 6426
2 6426 6427
2 6427 6424
2 6428 6429
2 6429 6430
2 6430 6431
2 6431 6428
2 6424 6428
2 6425 6429
2 6426 6430
2 6427 6431
2 6432 6433
2 6433 6434
2 6434 6435
2 6435 6432
2 6436 6437
2 6437 6438
2 6438 6439
2 6439 6436
2 6432 6436
2 6433 6437
2 6434 6438
2 6435 6439
2 6440 6441
2 6441 6442
2 6442 6443
2 6443 6440
2 6444 6445
2 6445 6446
2 6446 6447
2 6447 6444
2 6440 6444
2 6441 6445
2 6442 6446
2 6443 6447
2 6448 6449
2 6449 6450
2 6450 6451
2 6451 6448
2 6452 6453
2 6453 6454
2 6454 6455
2 6455 6452
2 6448 6452
2 6449 6453
2 6450 6454
2 6451 6455
2 6456 6457
2 6457 6458
2 6458 6459
2 6459 6456
2 6460 6461
2 6461 6462
2 6462 6463
2 6463 6460
2 6456 6460
2 6457 6461
2 6458 6462
2 6459 6463
2 6464 6465
2 6465 6466
2 6466 6467
2 6467 6464
2 6468 6469
2 6469 6470
2 6470 6471
2 6471 6468
2 6464 6468
2 6465 6469
2 6466 6470
2 6467 6471
2 6472 6473
2 6473 6474
2 6474 6475
2 6475 6472
2 6476 6477
2 6477 6478
2 6478 6479
2 6479 6476
2 6472 6476
2 6473 6477
2 6474 6478
2 6475 6479
2 6480 6481
2 6481 6482
2 6482 6483
2 6483 6480
2 6484 6485
2 6485 6486
2 6486 6487
2 6487 6484
2 6480 6484
2 6481 6485
2 6482 6486
2 6483 6487
2 6488 6489
2 6489 6490
2 6490 6491
2 6491 6488
2 6492 6493
2 6493 6494
2 6494 6495
2 6495 6492
2 6488 6492
2 6489 6493
2 6490 6494
2 6491 6495
2 6496 6497
2 6497 6498
2 6498 6499
2 6499 6496
2 6500 6501
2 6501 6502
2 6502 6503
2 6503 6500
2 6496 6500
2 6497 6501
2 6498 6502
2 6499 6503
2 6504 6505
2 6505 6506
2 6506 6507
2 6507 6504
2 6508 6509
2 6509 6510
2 6510 6511
2 6511 6508
2 6504 6508
2 6505 6509
2 6506 6510
2 6507 6511
2 6512 6513
2 6513 6514
2 6514 6515
2 6515 6512
2 6516 6517
2 6517 6518
2 6518 6519
2 6519 6516
2 6512 6516
2 6513 6517
2 6514 6518
2 6515 6519
2 6520 6521
2 6521 6522
2 6522 6523
2 6523 6520
2 6524 6525
2 6525 6526
2 6526 6527
2 6527 6524
2 6520 6524
2 6521 6525
2 6522 6526
2 6523 6527
2 6528 6529
2 6529 6530
2 6530 6531
2 6531 6528
2 6532 6533
2 6533 6534
2 6534 6535
2 6535 6532
2 6528 6532
2 6529 6533
2 6530 6534
2 6531 6535
2 6536 6537
2 6537 6538
2 6538 6539
2 6539 6536
2 6540 6541
2 6541 6542
2 6542 6543
2 6543 6540
2 6536 6540
2 6537 6541
2 6538 6542
2 6539 6543
2 6544 6545
2 6545 6546
2 6546 6547
2 6547 6544
2 6548 6549
2 6549 6550
2 6550 6551
2 6551 6548
2 6544 6548
2 6545 6549
2 6546 6550
2 6547 6551
2 6552 6553
2 6553 6554
2 6554 6555
2 6555 6552
2 6556 6557
2 6557 6558
2 6558 6559
2 6559 6556
2 6552 6556
2 6553 6557
2 6554 6558
2 6555 6559
2 6560 6561
2 6561 6562
2 6562 6563
2 6563 6560
2 6564 6565
2 6565 6566
2 6566 6567
2 6567 6564
2 6560 6564
2 6561 6565
2 6562 6566
2 6563 6567
2 6568 6569
2 6569 6570
2 6570 6571
2 6571 6568
2 6572 6573
2 6573 6574
2 6574 6575
2 6575 6572
2 6568 6572
2 6569 6573
2 6570 6574
2 6571 6575
2 6576 6577
2 6577 6578
2 6578 6579
2 6579 6576
2 6580 6581
2 6581 6582
2 6582 6583
2 6583 6580
2 6576 6580
2 6577 6581
2 6578 6582
2 6579 6583
2 6584 6585
2 6585 6586
2 6586 6587
2 6587 6584
2 6588 6589
2 6589 6590
2 6590 6591
2 6591 6588
2 6584 6588
2 6585 6589
2 6586 6590
2 6587 6591
2 6592 6593
2 6593 6594
2 6594 6595
2 6595 6592
2 6596 6597
2 6597 6598
2 6598 6599
2 6599 6596
2 6592 6596
2 6593 6597
2 6594 6598
2 6595 6599
2 6600 6601
2 6601 6602
2 6602 6603
2 6603 6600
2 6604 6605
2 6605 6606
2 6606 6607
2 6607 6604
2 6600 6604
2 6601 6605
2 6602 6606
2 6603 6607
2 6608 6609
2 6609 6610
2 6610 6611
2 6611 6608
2 6612 6613
2 6613 6614
2 6614 6615
2 6615 6612
2 6608 6612
2 6609 6613
2 6610 6614
2 6611 6615
2 6616 6617
2 6617 6618
2 6618 6619
2 6619 6616
2 6620 6621
2 6621 6622
2 6622 6623
2 6623 6620
2 6616 6620
2 6617 6621
2 6618 6622
2 6619 6623
2 6624 6625
2 6625 6626
2 6626 6627
2 6627 6624
2 6628 6629
2 6629 6630
2 6630 6631
2 6631 6628
2 6624 6628
2 6625 6629
2 6626 6630
2 6627 6631
2 6632 6633
2 6633 6634
2 6634 6635
2 6635 6632
2 6636 6637
2 6637 6638
2 6638 6639
2 6639 6636
2 6632 6636
2 6633 6637
2 6634 6638
2 6635 6639
2 6640 6641
2 6641 6642
2 6642 6643
2 6643 6640
2 6644 6645
2 6645 6646
2 6646 6647
2 6647 6644
2 6640 6644
2 6641 6645
2 6642 6646
2 6643 6647
2 6648 6649
2 6649 6650
2 6650 6651
2 6651 6648
2 6652 6653
2 6653 6654
2 6654 6655
2 6655 6652
2 6648 6652
2 6649 6653
2 6650 6654
2 6651 6655
2 6656 6657
2 6657 6658
2 6658 6659
2 6659 6656
2 6660 6661
2 6661 6662
2 6662 6663
2 6663 6660
2 6656 6660
2 6657 6661
2 6658 6662
2 6659 6663
2 6664 6665
2 6665 6666
2 6666 6667
2 6667 6664
2 6668 6669
2 6669 6670
2 6670 6671
2 6671 6668
2 6664 6668
2 6665 6669
2 6666 6670
2 6667 6671
2 6672 6673
2 6673 6674
2 6674 6675
2 6675 6672
2 6676 6677
2 6677 6678
2 6678 6679
2 6679 6676
2 6672 6676
2 6673 6677
2 6674 6678
2 6675 6679
2 6680 6681
2 6681 6682
2 6682 6683
2 6683 6680
2 6684 6685
2 6685 6686
2 6686 6687
2 6687 6684
2 6680 6684
2 6681 6685
2 6682 6686
2 6683 6687
2 6688 6689
2 6689 6690
2 6690 6691
2 6691 6688
2 6692 6693
2 6693 6694
2 6694 6695
2 6695 6692
2 6688 6692
2 6689 6693
2 6690 6694
2 6691 6695
2 6696 6697
2 6697 6698
2 6698 6699
2 6699 6696
2 6700 6701
2 6701 6702
2 6702 6703
2 6703 6700
2 6696 6700
2 6697 6701
2 6698 6702
2 6699 6703
2 6704 6705
2 6705 6706
2 6706 6707
2 6707 6704
2 6708 6709
2 6709 6710
2 6710 6711
2 6711 6708
2 6704 6708
2 6705 6709
2 6706 6710
2 6707 6711
2 6712 6713
2 6713 6714
2 6714 6715
2 6715 6712
2 6716 6717
2 6717 6718
2 6718 6719
2 6719 6716
2 6712 6716
2 6713 6717
2 6714 6718
2 6715 6719
2 6720 6721
2 6721 6722
2 6722 6723
2 6723 6720
2 6724 6725
2 6725 6726
2 6726 6727
2 6727 6724
2 6720 6724
2 6721 6725
2 6722 6726
2 6723 6727
2 6728 6729
2 6729 6730
2 6730 6731
2 6731 6728
2 6732 6733
2 6733 6734
2 6734 6735
2 6735 6732
2 6728 6732
2 6729 6733
2 6730 6734
2 6731 6735
2 6736 6737
2 6737 6738
2 6738 6739
2 6739 6736
2 6740 6741
2 6741 6742
2 6742 6743
2 6743 6740
2 6736 6740
2 6737 6741
2 6738 6742
2 6739 6743
2 6744 6745
2 6745 6746
2 6746 6747
2 6747 6744
2 6748 6749
2 6749 6750
2 6750 6751
2 6751 6748
2 6744 6748
2 6745 6749
2 6746 6750
2 6747 6751
2 6752 6753
2 6753 6754
2 6754 6755
2 6755 6752
2 6756 6757
2 6757 6758
2 6758 6759
2 6759 6756
2 6752 6756
2 6753 6757
2 6754 6758
2 6755 6759
2 6760 6761
2 6761 6762
2 6762 6763
2 6763 6760
2 6764 6765
2 6765 6766
2 6766 6767
2 6767 6764
2 6760 6764
2 6761 6765
2 6762 6766
2 6763 6767
2 6768 6769
2 6769 6770
2 6770 6771
2 6771 6768
2 6772 6773
2 6773 6774
2 6774 6775
2 6775 6772
2 6768 6772
2 6769 6773
2 6770 6774
2 6771 6775
2 6776 6777
2 6777 6778
2 6778 6779
2 6779 6776
2 6780 6781
2 6781 6782
2 6782 6783
2 6783 6780
2 6776 6780
2 6777 6781
2 6778 6782
2 6779 6783
2 6784 6785
2 6785 6786
2 6786 6787
2 6787 6784
2 6788 6789
2 6789 6790
2 6790 6791
2 6791 6788
2 6784 6788
2 6785 6789
2 6786 6790
2 6787 6791
2 6792 6793
2 6793 6794
2 6794 6795
2 6795 6792
2 6796 6797
2 6797 6798
2 6798 6799
2 6799 6796
2 6792 6796
2 6793 6797
2 6794 6798
2 6795 6799
2 6800 6801
2 6801 6802
2 6802 6803
2 6803 6800
2 6804 6805
2 6805 6806
2 6806 6807
2 6807 6804
2 6800 6804
2 6801 6805
2 6802 6806
2 6803 6807
2 6808 6809
2 6809 6810
2 6810 6811
2 6811 6808
2 6812 6813
2 6813 6814
2 6814 6815
2 6815 6812
2 6808 6812
2 6809 6813
2 6810 6814
2 6811 6815
2 6816 6817
2 6817 6818
2 6818 6819
2 6819 6816
2 6820 6821
2 6821 6822
2 6822 6823
2 6823 6820
2 6816 6820
2 6817 6821
2 6818 6822
2 6819 6823
2 6824 6825
2 6825 6826
2 6826 6827
2 6827 6824
2 6828 6829
2 6829 6830
2 6830 6831
2 6831 6828
2 6824 6828
2 6825 6829
2 6826 6830
2 6827 6831
2 6832 6833
2 6833 6834
2 6834 6835
2 6835 6832
2 6836 6837
2 6837 6838
2 6838 6839
2 6839 6836
2 6832 6836
2 6833 6837
2 6834 6838
2 6835 6839
2 6840 6841
2 6841 6842
2 6842 6843
2 6843 6840
2 6844 6845
2 6845 6846
2 6846 6847
2 6847 6844
2 6840 6844
2 6841 6845
2 6842 6846
2 6843 6847
2 6848 6849
2 6849 6850
2 6850 6851
2 6851 6848
2 6852 6853
2 6853 6854
2 6854 6855
2 6855 6852
2 6848 6852
2 6849 6853
2 6850 6854
2 6851 6855
2 6856 6857
2 6857 6858
2 6858 6859
2 6859 6856
2 6860 6861
2 6861 6862
2 6862 6863
2 6863 6860
2 6856 6860
2 6857 6861
2 6858 6862
2 6859 6863
2 6864 6865
2 6865 6866
2 6866 6867
2 6867 6864
2 6868 6869
2 6869 6870
2 6870 6871
2 6871 6868
2 6864 6868
2 6865 6869
2 6866 6870
2 6867 6871
2 6872 6873
2 6873 6874
2 6874 6875
2 6875 6872
2 6876 6877
2 6877 6878
2 6878 6879
2 6879 6876
2 6872 6876
2 6873 6877
2 6874 6878
2 6875 6879
2 6880 6881
2 6881 6882
2 6882 6883
2 6883 6880
2 6884 6885
2 6885 6886
2 6886 6887
2 6887 6884
2 6880 6884
2 6881 6885
2 6882 6886
2 6883 6887
2 6888 6889
2 6889 6890
2 6890 6891
2 6891 6888
2 6892 6893
2 6893 6894
2 6894 6895
2 6895 6892
2 6888 6892
2 6889 6893
2 6890 6894
2 6891 6895
2 6896 6897
2 6897 6898
2 6898 6899
2 6899 6896
2 6900 6901
2 6901 6902
2 6902 6903
2 6903 6900
2 6896 6900
2 6897 6901
2 6898 6902
2 6899 6903
2 6904 6905
2 6905 6906
2 6906 6907
2 6907 6904
2 6908 6909
2 6909 6910
2 6910 6911
2 6911 6908
2 6904 6908
2 6905 6909
2 6906 6910
2 6907 6911
2 6912 6913
2 6913 6914
2 6914 6915
2 6915 6912
2 6916 6917
2 6917 6918
2 6918 6919
2 6919 6916
2 6912 6916
2 6913 6917
2 6914 6918
2 6915 6919
2 6920 6921
2 6921 6922
2 6922 6923
2 6923 6920
2 6924 6925
2 6925 6926
2 6926 6927
2 6927 6924
2 6920 6924
2 6921 6925
2 6922 6926
2 6923 6927
2 6928 6929
2 6929 6930
2 6930 6931
2 6931 6928
2 6932 6933
2 6933 6934
2 6934 6935
2 6935 6932
2 6928 6932
2 6929 6933
2 6930 6934
2 6931 6935
2 6936 6937
2 6937 6938
2 6938 6939
2 6939 6936
2 6940 6941
2 6941 6942
2 6942 6943
2 6943 6940
2 6936 6940
2 6937 6941
2 6938 6942
2 6939 6943
2 6944 6945
2 6945 6946
2 6946 6947
2 6947 6944
2 6948 6949
2 6949 6950
2 6950 6951
2 6951 6948
2 6944 6948
2 6945 6949
2 6946 6950
2 6947 6951
2 6952 6953
2 6953 6954
2 6954 6955
2 6955 6952
2 6956 6957
2 6957 6958
2 6958 6959
2 6959 6956
2 6952 6956
2 6953 6957
2 6954 6958
2 6955 6959
2 6960 6961
2 6961 6962
2 6962 6963
2 6963 6960
2 6964 6965
2 6965 6966
2 6966 6967
2 6967 6964
2 6960 6964
2 6961 6965
2 6962 6966
2 6963 6967
2 6968 6969
2 6969 6970
2 6970 6971
2 6971 6968
2 6972 6973
2 6973 6974
2 6974 6975
2 6975 6972
2 6968 6972
2 6969 6973
2 6970 6974
2 6971 6975
2 6976 6977
2 6977 6978
2 6978 6979
2 6979 6976
2 6980 6981
2 6981 6982
2 6982 6983
2 6983 6980
2 6976 6980
2 6977 6981
2 6978 6982
2 6979 6983
2 6984 6985
2 6985 6986
2 6986 6987
2 6987 6984
2 6988 6989
2 6989 6990
2 6990 6991
2 6991 6988
2 6984 6988
2 6985 6989
2 6986 6990
2 6987 6991
2 6992 6993
2 6993 6994
2 6994 6995
2 6995 6992
2 6996 6997
2 6997 6998
2 6998 6999
2 6999 6996
2 6992 6996
2 6993 6997
2 6994 6998
2 6995 6999
2 7000 7001
2 7001 7002
2 7002 7003
2 7003 7000
2 7004 7005
2 7005 7006
2 7006 7007
2 7007 7004
2 7000 7004
2 7001 7005
2 7002 7006
2 7003 7007
2 7008 7009
2 7009 7010
2 7010 7011
2 7011 7008
2 7012 7013
2 7013 7014
2 7014 7015
2 7015 7012
2 7008 7012
2 7009 7013
2 7010 7014
2 7011 7015
2 7016 7017
2 7017 7018
2 7018 7019
2 7019 7016
2 7020 7021
2 7021 7022
2 7022 7023
2 7023 7020
2 7016 7020
2 7017 7021
2 7018 7022
2 7019 7023
2 7024 7025
2 7025 7026
2 7026 7027
2 7027 7024
2 7028 7029
2 7029 7030
2 7030 7031
2 7031 7028
2 7024 7028
2 7025 7029
2 7026 7030
2 7027 7031
2 7032 7033
2 7033 7034
2 7034 7035
2 7035 7032
2 7036 7037
2 7037 7038
2 7038 7039
2 7039 7036
2 7032 7036
2 7033 7037
2 7034 7038
2 7035 7039
2 7040 7041
2 7041 7042
2 7042 7043
2 7043 7040
2 7044 7045
2 7045 7046
2 7046 7047
2 7047 7044
2 7040 7044
2 7041 7045
2 7042 7046
2 7043 7047
2 7048 7049
2 7049 7050
2 7050 7051
2 7051 7048
2 7052 7053
2 7053 7054
2 7054 7055
2 7055 7052
2 7048 7052
2 7049 7053
2 7050 7054
2 7051 7055
2 7056 7057
2 7057 7058
2 7058 7059
2 7059 7056
2 7060 7061
2 7061 7062
2 7062 7063
2 7063 7060
2 7056 7060
2 7057 7061
2 7058 7062
2 7059 7063
2 7064 7065
2 7065 7066
2 7066 7067
2 7067 7064
2 7068 7069
2 7069 7070
2 7070 7071
2 7071 7068
2 7064 7068
2 7065 7069
2 7066 7070
2 7067 7071
2 7072 7073
2 7073 7074
2 7074 7075
2 7075 7072
2 7076 7077
2 7077 7078
2 7078 7079
2 7079 7076
2 7072 7076
2 7073 7077
2 7074 7078
2 7075 7079
2 7080 7081
2 7081 7082
2 7082 7083
2 7083 7080
2 7084 7085
2 7085 7086
2 7086 7087
2 7087 7084
2 7080 7084
2 7081 7085
2 7082 7086
2 7083 7087
2 7088 7089
2 7089 7090
2 7090 7091
2 7091 7088
2 7092 7093
2 7093 7094
2 7094 7095
2 7095 7092
2 7088 7092
2 7089 7093
2 7090 7094
2 7091 7095
2 7096 7097
2 7097 7098
2 7098 7099
2 7099 7096
2 7100 7101
2 7101 7102
2 7102 7103
2 7103 7100
2 7096 7100
2 7097 7101
2 7098 7102
2 7099 7103
2 7104 7105
2 7105 7106
2 7106 7107
2 7107 7104
2 7108 7109
2 7109 7110
2 7110 7111
2 7111 7108
2 7104 7108
2 7105 7109
2 7106 7110
2 7107 7111
2 7112 7113
2 7113 7114
2 7114 7115
2 7115 7112
2 7116 7117
2 7117 7118
2 7118 7119
2 7119 7116
2 7112 7116
2 7113 7117
2 7114 7118
2 7115 7119
2 7120 7121
2 7121 7122
2 7122 7123
2 7123 7120
2 7124 7125
2 7125 7126
2 7126 7127
2 7127 7124
2 7120 7124
2 7121 7125
2 7122 7126
2 7123 7127
2 7128 7129
2 7129 7130
2 7130 7131
2 7131 7128
2 7132 7133
2 7133 7134
2 7134 7135
2 7135 7132
2 7128 7132
2 7129 7133
2 7130 7134
2 7131 7135
2 7136 7137
2 7137 7138
2 7138 7139
2 7139 7136
2 7140 7141
2 7141 7142
2 7142 7143
2 7143 7140
2 7136 7140
2 7137 7141
2 7138 7142
2 7139 7143
2 7144 7145
2 7145 7146
2 7146 7147
2 7147 7144
2 7148 7149
2 7149 7150
2 7150 7151
2 7151 7148
2 7144 7148
2 7145 7149
2 7146 7150
2 7147 7151
2 7152 7153
2 7153 7154
2 7154 7155
2 7155 7152
2 7156 7157
2 7157 7158
2 7158 7159
2 7159 7156
2 7152 7156
2 7153 7157
2 7154 7158
2 7155 7159
2 7160 7161
2 7161 7162
2 7162 7163
2 7163 7160
2 7164 7165
2 7165 7166
2 7166 7167
2 7167 7164
2 7160 7164
2 7161 7165
2 7162 7166
2 7163 7167
2 7168 7169
2 7169 7170
2 7170 7171
2 7171 7168
2 7172 7173
2 7173 7174
2 7174 7175
2 7175 7172
2 7168 7172
2 7169 7173
2 7170 7174
2 7171 7175
2 7176 7177
2 7177 7178
2 7178 7179
2 7179 7176
2 7180 7181
2 7181 7182
2 7182 7183
2 7183 7180
2 7176 7180
2 7177 7181
2 7178 7182
2 7179 7183
2 7184 7185
2 7185 7186
2 7186 7187
2 7187 7184
2 7188 7189
2 7189 7190
2 7190 7191
2 7191 7188
2 7184 7188
2 7185 7189
2 7186 7190
2 7187 7191
2 7192 7193
2 7193 7194
2 7194 7195
2 7195 7192
2 7196 7197
2 7197 7198
2 7198 7199
2 7199 7196
2 7192 7196
2 7193 7197
2 7194 7198
2 7195 7199
2 7200 7201
2 7201 7202
2 7202 7203
2 7203 7200
2 7204 7205
2 7205 7206
2 7206 7207
2 7207 7204
2 7200 7204
2 7201 7205
2 7202 7206
2 7203 7207
2 7208 7209
2 7209 7210
2 7210 7211
2 7211 7208
2 7212 7213
2 7213 7214
2 7214 7215
2 7215 7212
2 7208 7212
2 7209 7213
2 7210 7214
2 7211 7215
2 7216 7217
2 7217 7218
2 7218 7219
2 7219 7216
2 7220 7221
2 7221 7222
2 7222 7223
2 7223 7220
2 7216 7220
2 7217 7221
2 7218 7222
2 7219 7223
2 7224 7225
2 7225 7226
2 7226 7227
2 7227 7224
2 7228 7229
2 7229 7230
2 7230 7231
2 7231 7228
2 7224 7228
2 7225 7229
2 7226 7230
2 7227 7231
2 7232 7233
2 7233 7234
2 7234 7235
2 7235 7232
2 7236 7237
2 7237 7238
2 7238 7239
2 7239 7236
2 7232 7236
2 7233 7237
2 7234 7238
2 7235 7239
2 7240 7241
2 7241 7242
2 7242 7243
2 7243 7240
2 7244 7245
2 7245 7246
2 7246 7247
2 7247 7244
2 7240 7244
2 7241 7245
2 7242 7246
2 7243 7247
2 7248 7249
2 7249 7250
2 7250 7251
2 7251 7248
2 7252 7253
2 7253 7254
2 7254 7255
2 7255 7252
2 7248 7252
2 7249 7253
2 7250 7254
2 7251 7255
2 7256 7257
2 7257 7258
2 7258 7259
2 7259 7256
2 7260 7261
2 7261 7262
2 7262 7263
2 7263 7260
2 7256 7260
2 7257 7261
2 7258 7262
2 7259 7263
2 7264 7265
2 7265 7266
2 7266 7267
2 7267 7264
2 7268 7269
2 7269 7270
2 7270 7271
2 7271 7268
2 7264 7268
2 7265 7269
2 7266 7270
2 7267 7271
2 7272 7273
2 7273 7274
2 7274 7275
2 7275 7272
2 7276 7277
2 7277 7278
2 7278 7279
2 7279 7276
2 7272 7276
2 7273 7277
2 7274 7278
2 7275 7279
2 7280 7281
2 7281 7282
2 7282 7283
2 7283 7280
2 7284 7285
2 7285 7286
2 7286 7287
2 7287 7284
2 7280 7284
2 7281 7285
2 7282 7286
2 7283 7287
2 7288 7289
2 7289 7290
2 7290 7291
2 7291 7288
2 7292 7293
2 7293 7294
2 7294 7295
2 7295 7292
2 7288 7292
2 7289 7293
2 7290 7294
2 7291 7295
2 7296 7297
2 7297 7298
2 7298 7299
2 7299 7296
2 7300 7301
2 7301 7302
2 7302 7303
2 7303 7300
2 7296 7300
2 7297 7301
2 7298 7302
2 7299 7303
2 7304 7305
2 7305 7306
2 7306 7307
2 7307 7304
2 7308 7309
2 7309 7310
2 7310 7311
2 7311 7308
2 7304 7308
2 7305 7309
2 7306 7310
2 7307 7311
2 7312 7313
2 7313 7314
2 7314 7315
2 7315 7312
2 7316 7317
2 7317 7318
2 7318 7319
2 7319 7316
2 7312 7316
2 7313 7317
2 7314 7318
2 7315 7319
2 7320 7321
2 7321 7322
2 7322 7323
2 7323 7320
2 7324 7325
2 7325 7326
2 7326 7327
2 7327 7324
2 7320 7324
2 7321 7325
2 7322 7326
2 7323 7327
2 7328 7329
2 7329 7330
2 7330 7331
2 7331 7328
2 7332 7333
2 7333 7334
2 7334 7335
2 7335 7332
2 7328 7332
2 7329 7333
2 7330 7334
2 7331 7335
2 7336 7337
2 7337 7338
2 7338 7339
2 7339 7336
2 7340 7341
2 7341 7342
2 7342 7343
2 7343 7340
2 7336 7340
2 7337 7341
2 7338 7342
2 7339 7343
2 7344 7345
2 7345 7346
2 7346 7347
2 7347 7344
2 7348 7349
2 7349 7350
2 7350 7351
2 7351 7348
2 7344 7348
2 7345 7349
2 7346 7350
2 7347 7351
2 7352 7353
2 7353 7354
2 7354 7355
2 7355 7352
2 7356 7357
2 7357 7358
2 7358 7359
2 7359 7356
2 7352 7356
2 7353 7357
2 7354 7358
2 7355 7359
2 7360 7361
2 7361 7362
2 7362 7363
2 7363 7360
2 7364 7365
2 7365 7366
2 7366 7367
2 7367 7364
2 7360 7364
2 7361 7365
2 7362 7366
2 7363 7367
2 7368 7369
2 7369 7370
2 7370 7371
2 7371 7368
2 7372 7373
2 7373 7374
2 7374 7375
2 7375 7372
2 7368 7372
2 7369 7373
2 7370 7374
2 7371 7375
2 7376 7377
2 7377 7378
2 7378 7379
2 7379 7376
2 7380 7381
2 7381 7382
2 7382 7383
2 7383 7380
2 7376 7380
2 7377 7381
2 7378 7382
2 7379 7383
2 7384 7385
2 7385 7386
2 7386 7387
2 7387 7384
2 7388 7389
2 7389 7390
2 7390 7391
2 7391 7388
2 7384 7388
2 7385 7389
2 7386 7390
2 7387 7391
2 7392 7393
2 7393 7394
2 7394 7395
2 7395 7392
2 7396 7397
2 7397 7398
2 7398 7399
2 7399 7396
2 7392 7396
2 7393 7397
2 7394 7398
2 7395 7399
2 7400 7401
2 7401 7402
2 7402 7403
2 7403 7400
2 7404 7405
2 7405 7406
2 7406 7407
2 7407 7404
2 7400 7404
2 7401 7405
2 7402 7406
2 7403 7407
2 7408 7409
2 7409 7410
2 7410 7411
2 7411 7408
2 7412 7413
2 7413 7414
2 7414 7415
2 7415 7412
2 7408 7412
2 7409 7413
2 7410 7414
2 7411 7415
2 7416 7417
2 7417 7418
2 7418 7419
2 7419 7416
2 7420 7421
2 7421 7422
2 7422 7423
2 7423 7420
2 7416 7420
2 7417 7421
2 7418 7422
2 7419 7423
2 7424 7425
2 7425 7426
2 7426 7427
2 7427 7424
2 7428 7429
2 7429 7430
2 7430 7431
2 7431 7428
2 7424 7428
2 7425 7429
2 7426 7430
2 7427 7431
2 7432 7433
2 7433 7434
2 7434 7435
2 7435 7432
2 7436 7437
2 7437 7438
2 7438 7439
2 7439 7436
2 7432 7436
2 7433 7437
2 7434 7438
2 7435 7439
2 7440 7441
2 7441 7442
2 7442 7443
2 7443 7440
2 7444 7445
2 7445 7446
2 7446 7447
2 7447 7444
2 7440 7444
2 7441 7445
2 7442 7446
2 7443 7447
2 7448 7449
2 7449 7450
2 7450 7451
2 7451 7448
2 7452 7453
2 7453 7454
2 7454 7455
2 7455 7452
2 7448 7452
2 7449 7453
2 7450 7454
2 7451 7455
2 7456 7457
2 7457 7458
2 7458 7459
2 7459 7456
2 7460 7461
2 7461 7462
2 7462 7463
2 7463 7460
2 7456 7460
2 7457 7461
2 7458 7462
2 7459 7463
2 7464 7465
2 7465 7466
2 7466 7467
2 7467 7464
2 7468 7469
2 7469 7470
2 7470 7471
2 7471 7468
2 7464 7468
2 7465 7469
2 7466 7470
2 7467 7471
2 7472 7473
2 7473 7474
2 7474 7475
2 7475 7472
2 7476 7477
2 7477 7478
2 7478 7479
2 7479 7476
2 7472 7476
2 7473 7477
2 7474 7478
2 7475 7479
2 7480 7481
2 7481 7482
2 7482 7483
2 7483 7480
2 7484 7485
2 7485 7486
2 7486 7487
2 7487 7484
2 7480 7484
2 7481 7485
2 7482 7486
2 7483 7487
2 7488 7489
2 7489 7490
2 7490 7491
2 7491 7488
2 7492 7493
2 7493 7494
2 7494 7495
2 7495 7492
2 7488 7492
2 7489 7493
2 7490 7494
2 7491 7495
2 7496 7497
2 7497 7498
2 7498 7499
2 7499 7496
2 7500 7501
2 7501 7502
2 7502 7503
2 7503 7500
2 7496 7500
2 7497 7501
2 7498 7502
2 7499 7503
2 7504 7505
2 7505 7506
2 7506 7507
2 7507 7504
2 7508 7509
2 7509 7510
2 7510 7511
2 7511 7508
2 7504 7508
2 7505 7509
2 7506 7510
2 7507 7511
2 7512 7513
2 7513 7514
2 7514 7515
2 7515 7512
2 7516 7517
2 7517 7518
2 7518 7519
2 7519 7516
2 7512 7516
2 7513 7517
2 7514 7518
2 7515 7519
2 7520 7521
2 7521 7522
2 7522 7523
2 7523 7520
2 7524 7525
2 7525 7526
2 7526 7527
2 7527 7524
2 7520 7524
2 7521 7525
2 7522 7526
2 7523 7527
2 7528 7529
2 7529 7530
2 7530 7531
2 7531 7528
2 7532 7533
2 7533 7534
2 7534 7535
2 7535 7532
2 7528 7532
2 7529 7533
2 7530 7534
2 7531 7535
2 7536 7537
2 7537 7538
2 7538 7539
2 7539 7536
2 7540 7541
2 7541 7542
2 7542 7543
2 7543 7540
2 7536 7540
2 7537 7541
2 7538 7542
2 7539 7543
2 7544 7545
2 7545 7546
2 7546 7547
2 7547 7544
2 7548 7549
2 7549 7550
2 7550 7551
2 7551 7548
2 7544 7548
2 7545 7549
2 7546 7550
2 7547 7551
2 7552 7553
2 7553 7554
2 7554 7555
2 7555 7552
2 7556 7557
2 7557 7558
2 7558 7559
2 7559 7556
2 7552 7556
2 7553 7557
2 7554 7558
2 7555 7559
2 7560 7561
2 7561 7562
2 7562 7563
2 7563 7560
2 7564 7565
2 7565 7566
2 7566 7567
2 7567 7564
2 7560 7564
2 7561 7565
2 7562 7566
2 7563 7567
2 7568 7569
2 7569 7570
2 7570 7571
2 7571 7568
2 7572 7573
2 7573 7574
2 7574 7575
2 7575 7572
2 7568 7572
2 7569 7573
2 7570 7574
2 7571 7575
2 7576 7577
2 7577 7578
2 7578 7579
2 7579 7576
2 7580 7581
2 7581 7582
2 7582 7583
2 7583 7580
2 7576 7580
2 7577 7581
2 7578 7582
2 7579 7583
2 7584 7585
2 7585 7586
2 7586 7587
2 7587 7584
2 7588 7589
2 7589 7590
2 7590 7591
2 7591 7588
2 7584 7588
2 7585 7589
2 7586 7590
2 7587 7591
2 7592 7593
2 7593 7594
2 7594 7595
2 7595 7592
2 7596 7597
2 7597 7598
2 7598 7599
2 7599 7596
2 7592 7596
2 7593 7597
2 7594 7598
2 7595 7599
2 7600 7601
2 7601 7602
2 7602 7603
2 7603 7600
2 7604 7605
2 7605 7606
2 7606 7607
2 7607 7604
2 7600 7604
2 7601 7605
2 7602 7606
2 7603 7607
2 7608 7609
2 7609 7610
2 7610 7611
2 7611 7608
2 7612 7613
2 7613 7614
2 7614 7615
2 7615 7612
2 7608 7612
2 7609 7613
2 7610 7614
2 7611 7615
2 7616 7617
2 7617 7618
2 7618 7619
2 7619 7616
2 7620 7621
2 7621 7622
2 7622 7623
2 7623 7620
2 7616 7620
2 7617 7621
2 7618 7622
2 7619 7623
2 7624 7625
2 7625 7626
2 7626 7627
2 7627 7624
2 7628 7629
2 7629 7630
2 7630 7631
2 7631 7628
2 7624 7628
2 7625 7629
2 7626 7630
2 7627 7631
2 7632 7633
2 7633 7634
2 7634 7635
2 7635 7632
2 7636 7637
2 7637 7638
2 7638 7639
2 7639 7636
2 7632 7636
2 7633 7637
2 7634 7638
2 7635 7639
2 7640 7641
2 7641 7642
2 7642 7643
2 7643 7640
2 7644 7645
2 7645 7646
2 7646 7647
2 7647 7644
2 7640 7644
2 7641 7645
2 7642 7646
2 7643 7647
2 7648 7649
2 7649 7650
2 7650 7651
2 7651 7648
2 7652 7653
2 7653 7654
2 7654 7655
2 7655 7652
2 7648 7652
2 7649 7653
2 7650 7654
2 7651 7655
2 7656 7657
2 7657 7658
2 7658 7659
2 7659 7656
2 7660 7661
2 7661 7662
2 7662 7663
2 7663 7660
2 7656 7660
2 7657 7661
2 7658 7662
2 7659 7663
2 7664 7665
2 7665 7666
2 7666 7667
2 7667 7664
2 7668 7669
2 7669 7670
2 7670 7671
2 7671 7668
2 7664 7668
2 7665 7669
2 7666 7670
2 7667 7671
2 7672 7673
2 7673 7674
2 7674 7675
2 7675 7672
2 7676 7677
2 7677 7678
2 7678 7679
2 7679 7676
2 7672 7676
2 7673 7677
2 7674 7678
2 7675 7679
2 7680 7681
2 7681 7682
2 7682 7683
2 7683 7680
2 7684 7685
2 7685 7686
2 7686 7687
2 7687 7684
2 7680 7684
2 7681 7685
2 7682 7686
2 7683 7687
2 7688 7689
2 7689 7690
2 7690 7691
2 7691 7688
2 7692 7693
2 7693 7694
2 7694 7695
2 7695 7692
2 7688 7692
2 7689 7693
2 7690 7694
2 7691 7695
2 7696 7697
2 7697 7698
2 7698 7699
2 7699 7696
2 7700 7701
2 7701 7702
2 7702 7703
2 7703 7700
2 7696 7700
2 7697 7701
2 7698 7702
2 7699 7703
2 7704 7705
2 7705 7706
2 7706 7707
2 7707 7704
2 7708 7709
2 7709 7710
2 7710 7711
2 7711 7708
2 7704 7708
2 7705 7709
2 7706 7710
2 7707 7711
2 7712 7713
2 7713 7714
2 7714 7715
2 7715 7712
2 7716 7717
2 7717 7718
2 7718 7719
2 7719 7716
2 7712 7716
2 7713 7717
2 7714 7718
2 7715 7719
2 7720 7721
2 7721 7722
2 7722 7723
2 7723 7720
2 7724 7725
2 7725 7726
2 7726 7727
2 7727 7724
2 7720 7724
2 7721 7725
2 7722 7726
2 7723 7727
2 7728 7729
2 7729 7730
2 7730 7731
2 7731 7728
2 7732 7733
2 7733 7734
2 7734 7735
2 7735 7732
2 7728 7732
2 7729 7733
2 7730 7734
2 7731 7735
2 7736 7737
2 7737 7738
2 7738 7739
2 7739 7736
2 7740 7741
2 7741 7742
2 7742 7743
2 7743 7740
2 7736 7740
2 7737 7741
2 7738 7742
2 7739 7743
2 7744 7745
2 7745 7746
2 7746 7747
2 7747 7744
2 7748 7749
2 7749 7750
2 7750 7751
2 7751 7748
2 7744 7748
2 7745 7749
2 7746 7750
2 7747 7751
2 7752 7753
2 7753 7754
2 7754 7755
2 7755 7752
2 7756 7757
2 7757 7758
2 7758 7759
2 7759 7756
2 7752 7756
2 7753 7757
2 7754 7758
2 7755 7759
2 7760 7761
2 7761 7762
2 7762 7763
2 7763 7760
2 7764 7765
2 7765 7766
2 7766 7767
2 7767 7764
2 7760 7764
2 7761 7765
2 7762 7766
2 7763 7767
2 7768 7769
2 7769 7770
2 7770 7771
2 7771 7768
2 7772 7773
2 7773 7774
2 7774 7775
2 7775 7772
2 7768 7772
2 7769 7773
2 7770 7774
2 7771 7775
2 7776 7777
2 7777 7778
2 7778 7779
2 7779 7776
2 7780 7781
2 7781 7782
2 7782 7783
2 7783 7780
2 7776 7780
2 7777 7781
2 7778 7782
2 7779 7783
2 7784 7785
2 7785 7786
2 7786 7787
2 7787 7784
2 7788 7789
2 7789 7790
2 7790 7791
2 7791 7788
2 7784 7788
2 7785 7789
2 7786 7790
2 7787 7791
2 7792 7793
2 7793 7794
2 7794 7795
2 7795 7792
2 7796 7797
2 7797 7798
2 7798 7799
2 7799 7796
2 7792 7796
2 7793 7797
2 7794 7798
2 7795 7799
2 7800 7801
2 7801 7802
2 7802 7803
2 7803 7800
2 7804 7805
2 7805 7806
2 7806 7807
2 7807 7804
2 7800 7804
2 7801 7805
2 7802 7806
2 7803 7807
2 7808 7809
2 7809 7810
2 7810 7811
2 7811 7808
2 7812 7813
2 7813 7814
2 7814 7815
2 7815 7812
2 7808 7812
2 7809 7813
2 7810 7814
2 7811 7815
2 7816 7817
2 7817 7818
2 7818 7819
2 7819 7816
2 7820 7821
2 7821 7822
2 7822 7823
2 7823 7820
2 7816 7820
2 7817 7821
2 7818 7822
2 7819 7823
2 7824 7825
2 7825 7826
2 7826 7827
2 7827 7824
2 7828 7829
2 7829 7830
2 7830 7831
2 7831 7828
2 7824 7828
2 7825 7829
2 7826 7830
2 7827 7831
2 7832 7833
2 7833 7834
2 7834 7835
2 7835 7832
2 7836 7837
2 7837 7838
2 7838 7839
2 7839 7836
2 7832 7836
2 7833 7837
2 7834 7838
2 7835 7839
2 7840 7841
2 7841 7842
2 7842 7843
2 7843 7840
2 7844 7845
2 7845 7846
2 7846 7847
2 7847 7844
2 7840 7844
2 7841 7845
2 7842 7846
2 7843 7847
2 7848 7849
2 7849 7850
2 7850 7851
2 7851 7848
2 7852 7853
2 7853 7854
2 7854 7855
2 7855 7852
2 7848 7852
2 7849 7853
2 7850 7854
2 7851 7855
2 7856 7857
2 7857 7858
2 7858 7859
2 7859 7856
2 7860 7861
2 7861 7862
2 7862 7863
2 7863 7860
2 7856 7860
2 7857 7861
2 7858 7862
2 7859 7863
2 7864 7865
2 7865 7866
2 7866 7867
2 7867 7864
2 7868 7869
2 7869 7870
2 7870 7871
2 7871 7868
2 7864 7868
2 7865 7869
2 7866 7870
2 7867 7871
2 7872 7873
2 7873 7874
2 7874 7875
2 7875 7872
2 7876 7877
2 7877 7878
2 7878 7879
2 7879 7876
2 7872 7876
2 7873 7877
2 7874 7878
2 7875 7879
2 7880 7881
2 7881 7882
2 7882 7883
2 7883 7880
2 7884 7885
2 7885 7886
2 7886 7887
2 7887 7884
2 7880 7884
2 7881 7885
2 7882 7886
2 7883 7887
2 7888 7889
2 7889 7890
2 7890 7891
2 7891 7888
2 7892 7893
2 7893 7894
2 7894 7895
2 7895 7892
2 7888 7892
2 7889 7893
2 7890 7894
2 7891 7895
2 7896 7897
2 7897 7898
2 7898 7899
2 7899 7896
2 7900 7901
2 7901 7902
2 7902 7903
2 7903 7900
2 7896 7900
2 7897 7901
2 7898 7902
2 7899 7903
2 7904 7905
2 7905 7906
2 7906 7907
2 7907 7904
2 7908 7909
2 7909 7910
2 7910 7911
2 7911 7908
2 7904 7908
2 7905 7909
2 7906 7910
2 7907 7911
2 7912 7913
2 7913 7914
2 7914 7915
2 7915 7912
2 7916 7917
2 7917 7918
2 7918 7919
2 7919 7916
2 7912 7916
2 7913 7917
2 7914 7918
2 7915 7919
2 7920 7921
2 7921 7922
2 7922 7923
2 7923 7920
2 7924 7925
2 7925 7926
2 7926 7927
2 7927 7924
2 7920 7924
2 7921 7925
2 7922 7926
2 7923 7927
2 7928 7929
2 7929 7930
2 7930 7931
2 7931 7928
2 7932 7933
2 7933 7934
2 7934 7935
2 7935 7932
2 7928 7932
2 7929 7933
2 7930 7934
2 7931 7935
2 7936 7937
2 7937 7938
2 7938 7939
2 7939 7936
2 7940 7941
2 7941 7942
2 7942 7943
2 7943 7940
2 7936 7940
2 7937 7941
2 7938 7942
2 7939 7943
2 7944 7945
2 7945 7946
2 7946 7947
2 7947 7944
2 7948 7949
2 7949 7950
2 7950 7951
2 7951 7948
2 7944 7948
2 7945 7949
2 7946 7950
2 7947 7951
2 7952 7953
2 7953 7954
2 7954 7955
2 7955 7952
2 7956 7957
2 7957 7958
2 7958 7959
2 7959 7956
2 7952 7956
2 7953 7957
2 7954 7958
2 7955 7959
2 7960 7961
2 7961 7962
2 7962 7963
2 7963 7960
2 7964 7965
2 7965 7966
2 7966 7967
2 7967 7964
2 7960 7964
2 7961 7965
2 7962 7966
2 7963 7967
2 7968 7969
2 7969 7970
2 7970 7971
2 7971 7968
2 7972 7973
2 7973 7974
2 7974 7975
2 7975 7972
2 7968 7972
2 7969 7973
2 7970 7974
2 7971 7975
2 7976 7977
2 7977 7978
2 7978 7979
2 7979 7976
2 7980 7981
2 7981 7982
2 7982 7983
2 7983 7980
2 7976 7980
2 7977 7981
2 7978 7982
2 7979 7983
2 7984 7985
2 7985 7986
2 7986 7987
2 7987 7984
2 7988 7989
2 7989 7990
2 7990 7991
2 7991 7988
2 7984 7988
2 7985 7989
2 7986 7990
2 7987 7991
2 7992 7993
2 7993 7994
2 7994 7995
2 7995 7992
2 7996 7997
2 7997 7998
2 7998 7999
2 7999 7996
2 7992 7996
2 7993 7997
2 7994 7998
2 7995 7999
2 8000 8001
2 8001 8002
2 8002 8003
2 8003 8000
2 8004 8005
2 8005 8006
2 8006 8007
2 8007 8004
2 8000 8004
2 8001 8005
2 8002 8006
2 8003 8007
2 8008 8009
2 8009 8010
2 8010 8011
2 8011 8008
2 8012 8013
2 8013 8014
2 8014 8015
2 8015 8012
2 8008 8012
2 8009 8013
2 8010 8014
2 8011 8015
2 8016 8017
2 8017 8018
2 8018 8019
2 8019 8016
2 8020 8021
2 8021 8022
2 8022 8023
2 8023 8020
2 8016 8020
2 8017 8021
2 8018 8022
2 8019 8023
2 8024 8025
2 8025 8026
2 8026 8027
2 8027 8024
2 8028 8029
2 8029 8030
2 8030 8031
2 8031 8028
2 8024 8028
2 8025 8029
2 8026 8030
2 8027 8031
2 8032 8033
2 8033 8034
2 8034 8035
2 8035 8032
2 8036 8037
2 8037 8038
2 8038 8039
2 8039 8036
2 8032 8036
2 8033 8037
2 8034 8038
2 8035 8039
2 8040 8041
2 8041 8042
2 8042 8043
2 8043 8040
2 8044 8045
2 8045 8046
2 8046 8047
2 8047 8044
2 8040 8044
2 8041 8045
2 8042 8046
2 8043 8047
2 8048 8049
2 8049 8050
2 8050 8051
2 8051 8048
2 8052 8053
2 8053 8054
2 8054 8055
2 8055 8052
2 8048 8052
2 8049 8053
2 8050 8054
2 8051 8055
2 8056 8057
2 8057 8058
2 8058 8059
2 8059 8056
2 8060 8061
2 8061 8062
2 8062 8063
2 8063 8060
2 8056 8060
2 8057 8061
2 8058 8062
2 8059 8063
2 8064 8065
2 8065 8066
2 8066 8067
2 8067 8064
2 8068 8069
2 8069 8070
2 8070 8071
2 8071 8068
2 8064 8068
2 8065 8069
2 8066 8070
2 8067 8071
2 8072 8073
2 8073 8074
2 8074 8075
2 8075 8072
2 8076 8077
2 8077 8078
2 8078 8079
2 8079 8076
2 8072 8076
2 8073 8077
2 8074 8078
2 8075 8079
2 8080 8081
2 8081 8082
2 8082 8083
2 8083 8080
2 8084 8085
2 8085 8086
2 8086 8087
2 8087 8084
2 8080 8084
2 8081 8085
2 8082 8086
2 8083 8087
2 8088 8089
2 8089 8090
2 8090 8091
2 8091 8088
2 8092 8093
2 8093 8094
2 8094 8095
2 8095 8092
2 8088 8092
2 8089 8093
2 8090 8094
2 8091 8095
2 8096 8097
2 8097 8098
2 8098 8099
2 8099 8096
2 8100 8101
2 8101 8102
2 8102 8103
2 8103 8100
2 8096 8100
2 8097 8101
2 8098 8102
2 8099 8103
2 8104 8105
2 8105 8106
2 8106 8107
2 8107 8104
2 8108 8109
2 8109 8110
2 8110 8111
2 8111 8108
2 8104 8108
2 8105 8109
2 8106 8110
2 8107 8111
2 8112 8113
2 8113 8114
2 8114 8115
2 8115 8112
2 8116 8117
2 8117 8118
2 8118 8119
2 8119 8116
2 8112 8116
2 8113 8117
2 8114 8118
2 8115 8119
2 8120 8121
2 8121 8122
2 8122 8123
2 8123 8120
2 8124 8125
2 8125 8126
2 8126 8127
2 8127 8124
2 8120 8124
2 8121 8125
2 8122 8126
2 8123 8127
2 8128 8129
2 8129 8130
2 8130 8131
2 8131 8128
2 8132 8133
2 8133 8134
2 8134 8135
2 8135 8132
2 8128 8132
2 8129 8133
2 8130 8134
2 8131 8135
2 8136 8137
2 8137 8138
2 8138 8139
2 8139 8136
2 8140 8141
2 8141 8142
2 8142 8143
2 8143 8140
2 8136 8140
2 8137 8141
2 8138 8142
2 8139 8143
2 8144 8145
2 8145 8146
2 8146 8147
2 8147 8144
2 8148 8149
2 8149 8150
2 8150 8151
2 8151 8148
2 8144 8148
2 8145 8149
2 8146 8150
2 8147 8151
2 8152 8153
2 8153 8154
2 8154 8155
2 8155 8152
2 8156 8157
2 8157 8158
2 8158 8159
2 8159 8156
2 8152 8156
2 8153 8157
2 8154 8158
2 8155 8159
2 8160 8161
2 8161 8162
2 8162 8163
2 8163 8160
2 8164 8165
2 8165 8166
2 8166 8167
2 8167 8164
2 8160 8164
2 8161 8165
2 8162 8166
2 8163 8167
2 8168 8169
2 8169 8170
2 8170 8171
2 8171 8168
2 8172 8173
2 8173 8174
2 8174 8175
2 8175 8172
2 8168 8172
2 8169 8173
2 8170 8174
2 8171 8175
2 8176 8177
2 8177 8178
2 8178 8179
2 8179 8176
2 8180 8181
2 8181 8182
2 8182 8183
2 8183 8180
2 8176 8180
2 8177 8181
2 8178 8182
2 8179 8183
2 8184 8185
2 8185 8186
2 8186 8187
2 8187 8184
2 8188 8189
2 8189 8190
2 8190 8191
2 8191 8188
2 8184 8188
2 8185 8189
2 8186 8190
2 8187 8191
2 8192 8193
2 8193 8194
2 8194 8195
2 8195 8192
2 8196 8197
2 8197 8198
2 8198 8199
2 8199 8196
2 8192 8196
2 8193 8197
2 8194 8198
2 8195 8199
2 8200 8201
2 8201 8202
2 8202 8203
2 8203 8200
2 8204 8205
2 8205 8206
2 8206 8207
2 8207 8204
2 8200 8204
2 8201 8205
2 8202 8206
2 8203 8207
2 8208 8209
2 8209 8210
2 8210 8211
2 8211 8208
2 8212 8213
2 8213 8214
2 8214 8215
2 8215 8212
2 8208 8212
2 8209 8213
2 8210 8214
2 8211 8215
2 8216 8217
2 8217 8218
2 8218 8219
2 8219 8216
2 8220 8221
2 8221 8222
2 8222 8223
2 8223 8220
2 8216 8220
2 8217 8221
2 8218 8222
2 8219 8223
2 8224 8225
2 8225 8226
2 8226 8227
2 8227 8224
2 8228 8229
2 8229 8230
2 8230 8231
2 8231 8228
2 8224 8228
2 8225 8229
2 8226 8230
2 8227 8231
2 8232 8233
2 8233 8234
2 8234 8235
2 8235 8232
2 8236 8237
2 8237 8238
2 8238 8239
2 8239 8236
2 8232 8236
2 8233 8237
2 8234 8238
2 8235 8239
2 8240 8241
2 8241 8242
2 8242 8243
2 8243 8240
2 8244 8245
2 8245 8246
2 8246 8247
2 8247 8244
2 8240 8244
2 8241 8245
2 8242 8246
2 8243 8247
2 8248 8249
2 8249 8250
2 8250 8251
2 8251 8248
2 8252 8253
2 8253 8254
2 8254 8255
2 8255 8252
2 8248 8252
2 8249 8253
2 8250 8254
2 8251 8255
2 8256 8257
2 8257 8258
2 8258 8259
2 8259 8256
2 8260 8261
2 8261 8262
2 8262 8263
2 8263 8260
2 8256 8260
2 8257 8261
2 8258 8262
2 8259 8263
2 8264 8265
2 8265 8266
2 8266 8267
2 8267 8264
2 8268 8269
2 8269 8270
2 8270 8271
2 8271 8268
2 8264 8268
2 8265 8269
2 8266 8270
2 8267 8271
2 8272 8273
2 8273 8274
2 8274 8275
2 8275 8272
2 8276 8277
2 8277 8278
2 8278 8279
2 8279 8276
2 8272 8276
2 8273 8277
2 8274 8278
2 8275 8279
2 8280 8281
2 8281 8282
2 8282 8283
2 8283 8280
2 8284 8285
2 8285 8286
2 8286 8287
2 8287 8284
2 8280 8284
2 8281 8285
2 8282 8286
2 8283 8287
2 8288 8289
2 8289 8290
2 8290 8291
2 8291 8288
2 8292 8293
2 8293 8294
2 8294 8295
2 8295 8292
2 8288 8292
2 8289 8293
2 8290 8294
2 8291 8295
2 8296 8297
2 8297 8298
2 8298 8299
2 8299 8296
2 8300 8301
2 8301 8302
2 8302 8303
2 8303 8300
2 8296 8300
2 8297 8301
2 8298 8302
2 8299 8303
2 8304 8305
2 8305 8306
2 8306 8307
2 8307 8304
2 8308 8309
2 8309 8310
2 8310 8311
2 8311 8308
2 8304 8308
2 8305 8309
2 8306 8310
2 8307 8311
2 8312 8313
2 8313 8314
2 8314 8315
2 8315 8312
2 8316 8317
2 8317 8318
2 8318 8319
2 8319 8316
2 8312 8316
2 8313 8317
2 8314 8318
2 8315 8319
2 8320 8321
2 8321 8322
2 8322 8323
2 8323 8320
2 8324 8325
2 8325 8326
2 8326 8327
2 8327 8324
2 8320 8324
2 8321 8325
2 8322 8326
2 8323 8327
2 8328 8329
2 8329 8330
2 8330 8331
2 8331 8328
2 8332 8333
2 8333 8334
2 8334 8335
2 8335 8332
2 8328 8332
2 8329 8333
2 8330 8334
2 8331 8335
2 8336 8337
2 8337 8338
2 8338 8339
2 8339 8336
2 8340 8341
2 8341 8342
2 8342 8343
2 8343 8340
2 8336 8340
2 8337 8341
2 8338 8342
2 8339 8343
2 8344 8345
2 8345 8346
2 8346 8347
2 8347 8344
2 8348 8349
2 8349 8350
2 8350 8351
2 8351 8348
2 8344 8348
2 8345 8349
2 8346 8350
2 8347 8351
2 8352 8353
2 8353 8354
2 8354 8355
2 8355 8352
2 8356 8357
2 8357 8358
2 8358 8359
2 8359 8356
2 8352 8356
2 8353 8357
2 8354 8358
2 8355 8359
2 8360 8361
2 8361 8362
2 8362 8363
2 8363 8360
2 8364 8365
2 8365 8366
2 8366 8367
2 8367 8364
2 8360 8364
2 8361 8365
2 8362 8366
2 8363 8367
2 8368 8369
2 8369 8370
2 8370 8371
2 8371 8368
2 8372 8373
2 8373 8374
2 8374 8375
2 8375 8372
2 8368 8372
2 8369 8373
2 8370 8374
2 8371 8375
2 8376 8377
2 8377 8378
2 8378 8379
2 8379 8376
2 8380 8381
2 8381 8382
2 8382 8383
2 8383 8380
2 8376 8380
2 8377 8381
2 8378 8382
2 8379 8383
2 8384 8385
2 8385 8386
2 8386 8387
2 8387 8384
2 8388 8389
2 8389 8390
2 8390 8391
2 8391 8388
2 8384 8388
2 8385 8389
2 8386 8390
2 8387 8391
2 8392 8393
2 8393 8394
2 8394 8395
2 8395 8392
2 8396 8397
2 8397 8398
2 8398 8399
2 8399 8396
2 8392 8396
2 8393 8397
2 8394 8398
2 8395 8399
2 8400 8401
2 8401 8402
2 8402 8403
2 8403 8400
2 8404 8405
2 8405 8406
2 8406 8407
2 8407 8404
2 8400 8404
2 8401 8405
2 8402 8406
2 8403 8407
2 8408 8409
2 8409 8410
2 8410 8411
2 8411 8408
2 8412 8413
2 8413 8414
2 8414 8415
2 8415 8412
2 8408 8412
2 8409 8413
2 8410 8414
2 8411 8415
2 8416 8417
2 8417 8418
2 8418 8419
2 8419 8416
2 8420 8421
2 8421 8422
2 8422 8423
2 8423 8420
2 8416 8420
2 8417 8421
2 8418 8422
2 8419 8423
2 8424 8425
2 8425 8426
2 8426 8427
2 8427 8424
2 8428 8429
2 8429 8430
2 8430 8431
2 8431 8428
2 8424 8428
2 8425 8429
2 8426 8430
2 8427 8431
2 8432 8433
2 8433 8434
2 8434 8435
2 8435 8432
2 8436 8437
2 8437 8438
2 8438 8439
2 8439 8436
2 8432 8436
2 8433 8437
2 8434 8438
2 8435 8439
2 8440 8441
2 8441 8442
2 8442 8443
2 8443 8440
2 8444 8445
2 8445 8446
2 8446 8447
2 8447 8444
2 8440 8444
2 8441 8445
2 8442 8446
2 8443 8447
2 8448 8449
2 8449 8450
2 8450 8451
2 8451 8448
2 8452 8453
2 8453 8454
2 8454 8455
2 8455 8452
2 8448 8452
2 8449 8453
2 8450 8454
2 8451 8455
2 8456 8457
2 8457 8458
2 8458 8459
2 8459 8456
2 8460 8461
2 8461 8462
2 8462 8463
2 8463 8460
2 8456 8460
2 8457 8461
2 8458 8462
2 8459 8463
2 8464 8465
2 8465 8466
2 8466 8467
2 8467 8464
2 8468 8469
2 8469 8470
2 8470 8471
2 8471 8468
2 8464 8468
2 8465 8469
2 8466 8470
2 8467 8471
2 8472 8473
2 8473 8474
2 8474 8475
2 8475 8472
2 8476 8477
2 8477 8478
2 8478 8479
2 8479 8476
2 8472 8476
2 8473 8477
2 8474 8478
2 8475 8479
2 8480 8481
2 8481 8482
2 8482 8483
2 8483 8480
2 8484 8485
2 8485 8486
2 8486 8487
2 8487 8484
2 8480 8484
2 8481 8485
2 8482 8486
2 8483 8487
2 8488 8489
2 8489 8490
2 8490 8491
2 8491 8488
2 8492 8493
2 8493 8494
2 8494 8495
2 8495 8492
2 8488 8492
2 8489 8493
2 8490 8494
2 8491 8495
2 8496 8497
2 8497 8498
2 8498 8499
2 8499 8496
2 8500 8501
2 8501 8502
2 8502 8503
2 8503 8500
2 8496 8500
2 8497 8501
2 8498 8502
2 8499 8503
2 8504 8505
2 8505 8506
2 8506 8507
2 8507 8504
2 8508 8509
2 8509 8510
2 8510 8511
2 8511 8508
2 8504 8508
2 8505 8509
2 8506 8510
2 8507 8511
2 8512 8513
2 8513 8514
2 8514 8515
2 8515 8512
2 8516 8517
2 8517 8518
2 8518 8519
2 8519 8516
2 8512 8516
2 8513 8517
2 8514 8518
2 8515 8519
2 8520 8521
2 8521 8522
2 8522 8523
2 8523 8520
2 8524 8525
2 8525 8526
2 8526 8527
2 8527 8524
2 8520 8524
2 8521 8525
2 8522 8526
2 8523 8527
2 8528 8529
2 8529 8530
2 8530 8531
2 8531 8528
2 8532 8533
2 8533 8534
2 8534 8535
2 8535 8532
2 8528 8532
2 8529 8533
2 8530 8534
2 8531 8535
2 8536 8537
2 8537 8538
2 8538 8539
2 8539 8536
2 8540 8541
2 8541 8542
2 8542 8543
2 8543 8540
2 8536 8540
2 8537 8541
2 8538 8542
2 8539 8543
2 8544 8545
2 8545 8546
2 8546 8547
2 8547 8544
2 8548 8549
2 8549 8550
2 8550 8551
2 8551 8548
2 8544 8548
2 8545 8549
2 8546 8550
2 8547 8551
2 8552 8553
2 8553 8554
2 8554 8555
2 8555 8552
2 8556 8557
2 8557 8558
2 8558 8559
2 8559 8556
2 8552 8556
2 8553 8557
2 8554 8558
2 8555 8559
2 8560 8561
2 8561 8562
2 8562 8563
2 8563 8560
2 8564 8565
2 8565 8566
2 8566 8567
2 8567 8564
2 8560 8564
2 8561 8565
2 8562 8566
2 8563 8567
2 8568 8569
2 8569 8570
2 8570 8571
2 8571 8568
2 8572 8573
2 8573 8574
2 8574 8575
2 8575 8572
2 8568 8572
2 8569 8573
2 8570 8574
2 8571 8575
2 8576 8577
2 8577 8578
2 8578 8579
2 8579 8576
2 8580 8581
2 8581 8582
2 8582 8583
2 8583 8580
2 8576 8580
2 8577 8581
2 8578 8582
2 8579 8583
2 8584 8585
2 8585 8586
2 8586 8587
2 8587 8584
2 8588 8589
2 8589 8590
2 8590 8591
2 8591 8588
2 8584 8588
2 8585 8589
2 8586 8590
2 8587 8591
2 8592 8593
2 8593 8594
2 8594 8595
2 8595 8592
2 8596 8597
2 8597 8598
2 8598 8599
2 8599 8596
2 8592 8596
2 8593 8597
2 8594 8598
2 8595 8599
2 8600 8601
2 8601 8602
2 8602 8603
2 8603 8600
2 8604 8605
2 8605 8606
2 8606 8607
2 8607 8604
2 8600 8604
2 8601 8605
2 8602 8606
2 8603 8607
2 8608 8609
2 8609 8610
2 8610 8611
2 8611 8608
2 8612 8613
2 8613 8614
2 8614 8615
2 8615 8612
2 8608 8612
2 8609 8613
2 8610 8614
2 8611 8615
2 8616 8617
2 8617 8618
2 8618 8619
2 8619 8616
2 8620 8621
2 8621 8622
2 8622 8623
2 8623 8620
2 8616 8620
2 8617 8621
2 8618 8622
2 8619 8623
2 8624 8625
2 8625 8626
2 8626 8627
2 8627 8624
2 8628 8629
2 8629 8630
2 8630 8631
2 8631 8628
2 8624 8628
2 8625 8629
2 8626 8630
2 8627 8631
2 8632 8633
2 8633 8634
2 8634 8635
2 8635 8632
2 8636 8637
2 8637 8638
2 8638 8639
2 8639 8636
2 8632 8636
2 8633 8637
2 8634 8638
2 8635 8639
2 8640 8641
2 8641 8642
2 8642 8643
2 8643 8640
2 8644 8645
2 8645 8646
2 8646 8647
2 8647 8644
2 8640 8644
2 8641 8645
2 8642 8646
2 8643 8647
2 8648 8649
2 8649 8650
2 8650 8651
2 8651 8648
2 8652 8653
2 8653 8654
2 8654 8655
2 8655 8652
2 8648 8652
2 8649 8653
2 8650 8654
2 8651 8655
2 8656 8657
2 8657 8658
2 8658 8659
2 8659 8656
2 8660 8661
2 8661 8662
2 8662 8663
2 8663 8660
2 8656 8660
2 8657 8661
2 8658 8662
2 8659 8663
2 8664 8665
2 8665 8666
2 8666 8667
2 8667 8664
2 8668 8669
2 8669 8670
2 8670 8671
2 8671 8668
2 8664 8668
2 8665 8669
2 8666 8670
2 8667 8671
2 8672 8673
2 8673 8674
2 8674 8675
2 8675 8672
2 8676 8677
2 8677 8678
2 8678 8679
2 8679 8676
2 8672 8676
2 8673 8677
2 8674 8678
2 8675 8679
2 8680 8681
2 8681 8682
2 8682 8683
2 8683 8680
2 8684 8685
2 8685 8686
2 8686 8687
2 8687 8684
2 8680 8684
2 8681 8685
2 8682 8686
2 8683 8687
2 8688 8689
2 8689 8690
2 8690 8691
2 8691 8688
2 8692 8693
2 8693 8694
2 8694 8695
2 8695 8692
2 8688 8692
2 8689 8693
2 8690 8694
2 8691 8695
2 8696 8697
2 8697 8698
2 8698 8699
2 8699 8696
2 8700 8701
2 8701 8702
2 8702 8703
2 8703 8700
2 8696 8700
2 8697 8701
2 8698 8702
2 8699 8703
2 8704 8705
2 8705 8706
2 8706 8707
2 8707 8704
2 8708 8709
2 8709 8710
2 8710 8711
2 8711 8708
2 8704 8708
2 8705 8709
2 8706 8710
2 8707 8711
2 8712 8713
2 8713 8714
2 8714 8715
2 8715 8712
2 8716 8717
2 8717 8718
2 8718 8719
2 8719 8716
2 8712 8716
2 8713 8717
2 8714 8718
2 8715 8719
2 8720 8721
2 8721 8722
2 8722 8723
2 8723 8720
2 8724 8725
2 8725 8726
2 8726 8727
2 8727 8724
2 8720 8724
2 8721 8725
2 8722 8726
2 8723 8727
2 8728 8729
2 8729 8730
2 8730 8731
2 8731 8728
2 8732 8733
2 8733 8734
2 8734 8735
2 8735 8732
2 8728 8732
2 8729 8733
2 8730 8734
2 8731 8735
2 8736 8737
2 8737 8738
2 8738 8739
2 8739 8736
2 8740 8741
2 8741 8742
2 8742 8743
2 8743 8740
2 8736 8740
2 8737 8741
2 8738 8742
2 8739 8743
2 8744 8745
2 8745 8746
2 8746 8747
2 8747 8744
2 8748 8749
2 8749 8750
2 8750 8751
2 8751 8748
2 8744 8748
2 8745 8749
2 8746 8750
2 8747 8751
2 8752 8753
2 8753 8754
2 8754 8755
2 8755 8752
2 8756 8757
2 8757 8758
2 8758 8759
2 8759 8756
2 8752 8756
2 8753 8757
2 8754 8758
2 8755 8759
2 8760 8761
2 8761 8762
2 8762 8763
2 8763 8760
2 8764 8765
2 8765 8766
2 8766 8767
2 8767 8764
2 8760 8764
2 8761 8765
2 8762 8766
2 8763 8767
2 8768 8769
2 8769 8770
2 8770 8771
2 8771 8768
2 8772 8773
2 8773 8774
2 8774 8775
2 8775 8772
2 8768 8772
2 8769 8773
2 8770 8774
2 8771 8775
2 8776 8777
2 8777 8778
2 8778 8779
2 8779 8776
2 8780 8781
2 8781 8782
2 8782 8783
2 8783 8780
2 8776 8780
2 8777 8781
2 8778 8782
2 8779 8783
2 8784 8785
2 8785 8786
2 8786 8787
2 8787 8784
2 8788 8789
2 8789 8790
2 8790 8791
2 8791 8788
2 8784 8788
2 8785 8789
2 8786 8790
2 8787 8791
2 8792 8793
2 8793 8794
2 8794 8795
2 8795 8792
2 8796 8797
2 8797 8798
2 8798 8799
2 8799 8796
2 8792 8796
2 8793 8797
2 8794 8798
2 8795 8799
2 8800 8801
2 8801 8802
2 8802 8803
2 8803 8800
2 8804 8805
2 8805 8806
2 8806 8807
2 8807 8804
2 8800 8804
2 8801 8805
2 8802 8806
2 8803 8807
2 8808 8809
2 8809 8810
2 8810 8811
2 8811 8808
2 8812 8813
2 8813 8814
2 8814 8815
2 8815 8812
2 8808 8812
2 8809 8813
2 8810 8814
2 8811 8815
2 8816 8817
2 8817 8818
2 8818 8819
2 8819 8816
2 8820 8821
2 8821 8822
2 8822 8823
2 8823 8820
2 8816 8820
2 8817 8821
2 8818 8822
2 8819 8823
2 8824 8825
2 8825 8826
2 8826 8827
2 8827 8824
2 8828 8829
2 8829 8830
2 8830 8831
2 8831 8828
2 8824 8828
2 8825 8829
2 8826 8830
2 8827 8831
2 8832 8833
2 8833 8834
2 8834 8835
2 8835 8832
2 8836 8837
2 8837 8838
2 8838 8839
2 8839 8836
2 8832 8836
2 8833 8837
2 8834 8838
2 8835 8839
2 8840 8841
2 8841 8842
2 8842 8843
2 8843 8840
2 8844 8845
2 8845 8846
2 8846 8847
2 8847 8844
2 8840 8844
2 8841 8845
2 8842 8846
2 8843 8847
2 8848 8849
2 8849 8850
2 8850 8851
2 8851 8848
2 8852 8853
2 8853 8854
2 8854 8855
2 8855 8852
2 8848 8852
2 8849 8853
2 8850 8854
2 8851 8855
2 8856 8857
2 8857 8858
2 8858 8859
2 8859 8856
2 8860 8861
2 8861 8862
2 8862 8863
2 8863 8860
2 8856 8860
2 8857 8861
2 8858 8862
2 8859 8863
2 8864 8865
2 8865 8866
2 8866 8867
2 8867 8864
2 8868 8869
2 8869 8870
2 8870 8871
2 8871 8868
2 8864 8868
2 8865 8869
2 8866 8870
2 8867 8871
2 8872 8873
2 8873 8874
2 8874 8875
2 8875 8872
2 8876 8877
2 8877 8878
2 8878 8879
2 8879 8876
2 8872 8876
2 8873 8877
2 8874 8878
2 8875 8879
2 8880 8881
2 8881 8882
2 8882 8883
2 8883 8880
2 8884 8885
2 8885 8886
2 8886 8887
2 8887 8884
2 8880 8884
2 8881 8885
2 8882 8886
2 8883 8887
2 8888 8889
2 8889 8890
2 8890 8891
2 8891 8888
2 8892 8893
2 8893 8894
2 8894 8895
2 8895 8892
2 8888 8892
2 8889 8893
2 8890 8894
2 8891 8895
2 8896 8897
2 8897 8898
2 8898 8899
2 8899 8896
2 8900 8901
2 8901 8902
2 8902 8903
2 8903 8900
2 8896 8900
2 8897 8901
2 8898 8902
2 8899 8903
2 8904 8905
2 8905 8906
2 8906 8907
2 8907 8904
2 8908 8909
2 8909 8910
2 8910 8911
2 8911 8908
2 8904 8908
2 8905 8909
2 8906 8910
2 8907 8911
2 8912 8913
2 8913 8914
2 8914 8915
2 8915 8912
2 8916 8917
2 8917 8918
2 8918 8919
2 8919 8916
2 8912 8916
2 8913 8917
2 8914 8918
2 8915 8919
2 8920 8921
2 8921 8922
2 8922 8923
2 8923 8920
2 8924 8925
2 8925 8926
2 8926 8927
2 8927 8924
2 8920 8924
2 8921 8925
2 8922 8926
2 8923 8927
2 8928 8929
2 8929 8930
2 8930 8931
2 8931 8928
2 8932 8933
2 8933 8934
2 8934 8935
2 8935 8932
2 8928 8932
2 8929 8933
2 8930 8934
2 8931 8935
2 8936 8937
2 8937 8938
2 8938 8939
2 8939 8936
2 8940 8941
2 8941 8942
2 8942 8943
2 8943 8940
2 8936 8940
2 8937 8941
2 8938 8942
2 8939 8943
2 8944 8945
2 8945 8946
2 8946 8947
2 8947 8944
2 8948 8949
2 8949 8950
2 8950 8951
2 8951 8948
2 8944 8948
2 8945 8949
2 8946 8950
2 8947 8951
2 8952 8953
2 8953 8954
2 8954 8955
2 8955 8952
2 8956 8957
2 8957 8958
2 8958 8959
2 8959 8956
2 8952 8956
2 8953 8957
2 8954 8958
2 8955 8959
2 8960 8961
2 8961 8962
2 8962 8963
2 8963 8960
2 8964 8965
2 8965 8966
2 8966 8967
2 8967 8964
2 8960 8964
2 8961 8965
2 8962 8966
2 8963 8967
2 8968 8969
2 8969 8970
2 8970 8971
2 8971 8968
2 8972 8973
2 8973 8974
2 8974 8975
2 8975 8972
2 8968 8972
2 8969 8973
2 8970 8974
2 8971 8975
2 8976 8977
2 8977 8978
2 8978 8979
2 8979 8976
2 8980 8981
2 8981 8982
2 8982 8983
2 8983 8980
2 8976 8980
2 8977 8981
2 8978 8982
2 8979 8983
2 8984 8985
2 8985 8986
2 8986 8987
2 8987 8984
2 8988 8989
2 8989 8990
2 8990 8991
2 8991 8988
2 8984 8988
2 8985 8989
2 8986 8990
2 8987 8991
2 8992 8993
2 8993 8994
2 8994 8995
2 8995 8992
2 8996 8997
2 8997 8998
2 8998 8999
2 8999 8996
2 8992 8996
2 8993 8997
2 8994 8998
2 8995 8999
2 9000 9001
2 9001 9002
2 9002 9003
2 9003 9000
2 9004 9005
2 9005 9006
2 9006 9007
2 9007 9004
2 9000 9004
2 9001 9005
2 9002 9006
2 9003 9007
2 9008 9009
2 9009 9010
2 9010 9011
2 9011 9008
2 9012 9013
2 9013 9014
2 9014 9015
2 9015 9012
2 9008 9012
2 9009 9013
2 9010 9014
2 9011 9015
2 9016 9017
2 9017 9018
2 9018 9019
2 9019 9016
2 9020 9021
2 9021 9022
2 9022 9023
2 9023 9020
2 9016 9020
2 9017 9021
2 9018 9022
2 9019 9023
2 9024 9025
2 9025 9026
2 9026 9027
2 9027 9024
2 9028 9029
2 9029 9030
2 9030 9031
2 9031 9028
2 9024 9028
2 9025 9029
2 9026 9030
2 9027 9031
2 9032 9033
2 9033 9034
2 9034 9035
2 9035 9032
2 9036 9037
2 9037 9038
2 9038 9039
2 9039 9036
2 9032 9036
2 9033 9037
2 9034 9038
2 9035 9039
2 9040 9041
2 9041 9042
2 9042 9043
2 9043 9040
2 9044 9045
2 9045 9046
2 9046 9047
2 9047 9044
2 9040 9044
2 9041 9045
2 9042 9046
2 9043 9047
2 9048 9049
2 9049 9050
2 9050 9051
2 9051 9048
2 9052 9053
2 9053 9054
2 9054 9055
2 9055 9052
2 9048 9052
2 9049 9053
2 9050 9054
2 9051 9055
2 9056 9057
2 9057 9058
2 9058 9059
2 9059 9056
2 9060 9061
2 9061 9062
2 9062 9063
2 9063 9060
2 9056 9060
2 9057 9061
2 9058 9062
2 9059 9063
2 9064 9065
2 9065 9066
2 9066 9067
2 9067 9064
2 9068 9069
2 9069 9070
2 9070 9071
2 9071 9068
2 9064 9068
2 9065 9069
2 9066 9070
2 9067 9071
2 9072 9073
2 9073 9074
2 9074 9075
2 9075 9072
2 9076 9077
2 9077 9078
2 9078 9079
2 9079 9076
2 9072 9076
2 9073 9077
2 9074 9078
2 9075 9079
2 9080 9081
2 9081 9082
2 9082 9083
2 9083 9080
2 9084 9085
2 9085 9086
2 9086 9087
2 9087 9084
2 9080 9084
2 9081 9085
2 9082 9086
2 9083 9087
2 9088 9089
2 9089 9090
2 9090 9091
2 9091 9088
2 9092 9093
2 9093 9094
2 9094 9095
2 9095 9092
2 9088 9092
2 9089 9093
2 9090 9094
2 9091 9095
2 9096 9097
2 9097 9098
2 9098 9099
2 9099 9096
2 9100 9101
2 9101 9102
2 9102 9103
2 9103 9100
2 9096 9100
2 9097 9101
2 9098 9102
2 9099 9103
2 9104 9105
2 9105 9106
2 9106 9107
2 9107 9104
2 9108 9109
2 9109 9110
2 9110 9111
2 9111 9108
2 9104 9108
2 9105 9109
2 9106 9110
2 9107 9111
2 9112 9113
2 9113 9114
2 9114 9115
2 9115 9112
2 9116 9117
2 9117 9118
2 9118 9119
2 9119 9116
2 9112 9116
2 9113 9117
2 9114 9118
2 9115 9119
2 9120 9121
2 9121 9122
2 9122 9123
2 9123 9120
2 9124 9125
2 9125 9126
2 9126 9127
2 9127 9124
2 9120 9124
2 9121 9125
2 9122 9126
2 9123 9127
2 9128 9129
2 9129 9130
2 9130 9131
2 9131 9128
2 9132 9133
2 9133 9134
2 9134 9135
2 9135 9132
2 9128 9132
2 9129 9133
2 9130 9134
2 9131 9135
2 9136 9137
2 9137 9138
2 9138 9139
2 9139 9136
2 9140 9141
2 9141 9142
2 9142 9143
2 9143 9140
2 9136 9140
2 9137 9141
2 9138 9142
2 9139 9143
2 9144 9145
2 9145 9146
2 9146 9147
2 9147 9144
2 9148 9149
2 9149 9150
2 9150 9151
2 9151 9148
2 9144 9148
2 9145 9149
2 9146 9150
2 9147 9151
2 9152 9153
2 9153 9154
2 9154 9155
2 9155 9152
2 9156 9157
2 9157 9158
2 9158 9159
2 9159 9156
2 9152 9156
2 9153 9157
2 9154 9158
2 9155 9159
2 9160 9161
2 9161 9162
2 9162 9163
2 9163 9160
2 9164 9165
2 9165 9166
2 9166 9167
2 9167 9164
2 9160 9164
2 9161 9165
2 9162 9166
2 9163 9167
2 9168 9169
2 9169 9170
2 9170 9171
2 9171 9168
2 9172 9173
2 9173 9174
2 9174 9175
2 9175 9172
2 9168 9172
2 9169 9173
2 9170 9174
2 9171 9175
2 9176 9177
2 9177 9178
2 9178 9179
2 9179 9176
2 9180 9181
2 9181 9182
2 9182 9183
2 9183 9180
2 9176 9180
2 9177 9181
2 9178 9182
2 9179 9183
2 9184 9185
2 9185 9186
2 9186 9187
2 9187 9184
2 9188 9189
2 9189 9190
2 9190 9191
2 9191 9188
2 9184 9188
2 9185 9189
2 9186 9190
2 9187 9191
2 9192 9193
2 9193 9194
2 9194 9195
2 9195 9192
2 9196 9197
2 9197 9198
2 9198 9199
2 9199 9196
2 9192 9196
2 9193 9197
2 9194 9198
2 9195 9199
2 9200 9201
2 9201 9202
2 9202 9203
2 9203 9200
2 9204 9205
2 9205 9206
2 9206 9207
2 9207 9204
2 9200 9204
2 9201 9205
2 9202 9206
2 9203 9207
2 9208 9209
2 9209 9210
2 9210 9211
2 9211 9208
2 9212 9213
2 9213 9214
2 9214 9215
2 9215 9212
2 9208 9212
2 9209 9213
2 9210 9214
2 9211 9215
2 9216 9217
2 9217 9218
2 9218 9219
2 9219 9216
2 9220 9221
2 9221 9222
2 9222 9223
2 9223 9220
2 9216 9220
2 9217 9221
2 9218 9222
2 9219 9223
2 9224 9225
2 9225 9226
2 9226 9227
2 9227 9224
2 9228 9229
2 9229 9230
2 9230 9231
2 9231 9228
2 9224 9228
2 9225 9229
2 9226 9230
2 9227 9231
2 9232 9233
2 9233 9234
2 9234 9235
2 9235 9232
2 9236 9237
2 9237 9238
2 9238 9239
2 9239 9236
2 9232 9236
2 9233 9237
2 9234 9238
2 9235 9239
2 9240 9241
2 9241 9242
2 9242 9243
2 9243 9240
2 9244 9245
2 9245 9246
2 9246 9247
2 9247 9244
2 9240 9244
2 9241 9245
2 9242 9246
2 9243 9247
2 9248 9249
2 9249 9250
2 9250 9251
2 9251 9248
2 9252 9253
2 9253 9254
2 9254 9255
2 9255 9252
2 9248 9252
2 9249 9253
2 9250 9254
2 9251 9255
2 9256 9257
2 9257 9258
2 9258 9259
2 9259 9256
2 9260 9261
2 9261 9262
2 9262 9263
2 9263 9260
2 9256 9260
2 9257 9261
2 9258 9262
2 9259 9263
2 9264 9265
2 9265 9266
2 9266 9267
2 9267 9264
2 9268 9269
2 9269 9270
2 9270 9271
2 9271 9268
2 9264 9268
2 9265 9269
2 9266 9270
2 9267 9271
2 9272 9273
2 9273 9274
2 9274 9275
2 9275 9272
2 9276 9277
2 9277 9278
2 9278 9279
2 9279 9276
2 9272 9276
2 9273 9277
2 9274 9278
2 9275 9279
2 9280 9281
2 9281 9282
2 9282 9283
2 9283 9280
2 9284 9285
2 9285 9286
2 9286 9287
2 9287 9284
2 9280 9284
2 9281 9285
2 9282 9286
2 9283 9287
2 9288 9289
2 9289 9290
2 9290 9291
2 9291 9288
2 9292 9293
2 9293 9294
2 9294 9295
2 9295 9292
2 9288 9292
2 9289 9293
2 9290 9294
2 9291 9295
2 9296 9297
2 9297 9298
2 9298 9299
2 9299 9296
2 9300 9301
2 9301 9302
2 9302 9303
2 9303 9300
2 9296 9300
2 9297 9301
2 9298 9302
2 9299 9303
2 9304 9305
2 9305 9306
2 9306 9307
2 9307 9304
2 9308 9309
2 9309 9310
2 9310 9311
2 9311 9308
2 9304 9308
2 9305 9309
2 9306 9310
2 9307 9311
2 9312 9313
2 9313 9314
2 9314 9315
2 9315 9312
2 9316 9317
2 9317 9318
2 9318 9319
2 9319 9316
2 9312 9316
2 9313 9317
2 9314 9318
2 9315 9319
2 9320 9321
2 9321 9322
2 9322 9323
2 9323 9320
2 9324 9325
2 9325 9326
2 9326 9327
2 9327 9324
2 9320 9324
2 9321 9325
2 9322 9326
2 9323 9327
2 9328 9329
2 9329 9330
2 9330 9331
2 9331 9328
2 9332 9333
2 9333 9334
2 9334 9335
2 9335 9332
2 9328 9332
2 9329 9333
2 9330 9334
2 9331 9335
2 9336 9337
2 9337 9338
2 9338 9339
2 9339 9336
2 9340 9341
2 9341 9342
2 9342 9343
2 9343 9340
2 9336 9340
2 9337 9341
2 9338 9342
2 9339 9343
2 9344 9345
2 9345 9346
2 9346 9347
2 9347 9344
2 9348 9349
2 9349 9350
2 9350 9351
2 9351 9348
2 9344 9348
2 9345 9349
2 9346 9350
2 9347 9351
2 9352 9353
2 9353 9354
2 9354 9355
2 9355 9352
2 9356 9357
2 9357 9358
2 9358 9359
2 9359 9356
2 9352 9356
2 9353 9357
2 9354 9358
2 9355 9359
2 9360 9361
2 9361 9362
2 9362 9363
2 9363 9360
2 9364 9365
2 9365 9366
2 9366 9367
2 9367 9364
2 9360 9364
2 9361 9365
2 9362 9366
2 9363 9367
2 9368 9369
2 9369 9370
2 9370 9371
2 9371 9368
2 9372 9373
2 9373 9374
2 9374 9375
2 9375 9372
2 9368 9372
2 9369 9373
2 9370 9374
2 9371 9375
2 9376 9377
2 9377 9378
2 9378 9379
2 9379 9376
2 9380 9381
2 9381 9382
2 9382 9383
2 9383 9380
2 9376 9380
2 9377 9381
2 9378 9382
2 9379 9383
2 9384 9385
2 9385 9386
2 9386 9387
2 9387 9384
2 9388 9389
2 9389 9390
2 9390 9391
2 9391 9388
2 9384 9388
2 9385 9389
2 9386 9390
2 9387 9391
2 9392 9393
2 9393 9394
2 9394 9395
2 9395 9392
2 9396 9397
2 9397 9398
2 9398 9399
2 9399 9396
2 9392 9396
2 9393 9397
2 9394 9398
2 9395 9399
2 9400 9401
2 9401 9402
2 9402 9403
2 9403 9400
2 9404 9405
2 9405 9406
2 9406 9407
2 9407 9404
2 9400 9404
2 9401 9405
2 9402 9406
2 9403 9407
2 9408 9409
2 9409 9410
2 9410 9411
2 9411 9408
2 9412 9413
2 9413 9414
2 9414 9415
2 9415 9412
2 9408 9412
2 9409 9413
2 9410 9414
2 9411 9415
2 9416 9417
2 9417 9418
2 9418 9419
2 9419 9416
2 9420 9421
2 9421 9422
2 9422 9423
2 9423 9420
2 9416 9420
2 9417 9421
2 9418 9422
2 9419 9423
2 9424 9425
2 9425 9426
2 9426 9427
2 9427 9424
2 9428 9429
2 9429 9430
2 9430 9431
2 9431 9428
2 9424 9428
2 9425 9429
2 9426 9430
2 9427 9431
2 9432 9433
2 9433 9434
2 9434 9435
2 9435 9432
2 9436 9437
2 9437 9438
2 9438 9439
2 9439 9436
2 9432 9436
2 9433 9437
2 9434 9438
2 9435 9439
2 9440 9441
2 9441 9442
2 9442 9443
2 9443 9440
2 9444 9445
2 9445 9446
2 9446 9447
2 9447 9444
2 9440 9444
2 9441 9445
2 9442 9446
2 9443 9447
2 9448 9449
2 9449 9450
2 9450 9451
2 9451 9448
2 9452 9453
2 9453 9454
2 9454 9455
2 9455 9452
2 9448 9452
2 9449 9453
2 9450 9454
2 9451 9455
2 9456 9457
2 9457 9458
2 9458 9459
2 9459 9456
2 9460 9461
2 9461 9462
2 9462 9463
2 9463 9460
2 9456 9460
2 9457 9461
2 9458 9462
2 9459 9463
2 9464 9465
2 9465 9466
2 9466 9467
2 9467 9464
2 9468 9469
2 9469 9470
2 9470 9471
2 9471 9468
2 9464 9468
2 9465 9469
2 9466 9470
2 9467 9471
2 9472 9473
2 9473 9474
2 9474 9475
2 9475 9472
2 9476 9477
2 9477 9478
2 9478 9479
2 9479 9476
2 9472 9476
2 9473 9477
2 9474 9478
2 9475 9479
2 9480 9481
2 9481 9482
2 9482 9483
2 9483 9480
2 9484 9485
2 9485 9486
2 9486 9487
2 9487 9484
2 9480 9484
2 9481 9485
2 9482 9486
2 9483 9487
2 9488 9489
2 9489 9490
2 9490 9491
2 9491 9488
2 9492 9493
2 9493 9494
2 9494 9495
2 9495 9492
2 9488 9492
2 9489 9493
2 9490 9494
2 9491 9495
2 9496 9497
2 9497 9498
2 9498 9499
2 9499 9496
2 9500 9501
2 9501 9502
2 9502 9503
2 9503 9500
2 9496 9500
2 9497 9501
2 9498 9502
2 9499 9503
2 9504 9505
2 9505 9506
2 9506 9507
2 9507 9504
2 9508 9509
2 9509 9510
2 9510 9511
2 9511 9508
2 9504 9508
2 9505 9509
2 9506 9510
2 9507 9511
2 9512 9513
2 9513 9514
2 9514 9515
2 9515 9512
2 9516 9517
2 9517 9518
2 9518 9519
2 9519 9516
2 9512 9516
2 9513 9517
2 9514 9518
2 9515 9519
2 9520 9521
2 9521 9522
2 9522 9523
2 9523 9520
2 9524 9525
2 9525 9526
2 9526 9527
2 9527 9524
2 9520 9524
2 9521 9525
2 9522 9526
2 9523 9527
2 9528 9529
2 9529 9530
2 9530 9531
2 9531 9528
2 9532 9533
2 9533 9534
2 9534 9535
2 9535 9532
2 9528 9532
2 9529 9533
2 9530 9534
2 9531 9535
2 9536 9537
2 9537 9538
2 9538 9539
2 9539 9536
2 9540 9541
2 9541 9542
2 9542 9543
2 9543 9540
2 9536 9540
2 9537 9541
2 9538 9542
2 9539 9543
2 9544 9545
2 9545 9546
2 9546 9547
2 9547 9544
2 9548 9549
2 9549 9550
2 9550 9551
2 9551 9548
2 9544 9548
2 9545 9549
2 9546 9550
2 9547 9551
2 9552 9553
2 9553 9554
2 9554 9555
2 9555 9552
2 9556 9557
2 9557 9558
2 9558 9559
2 9559 9556
2 9552 9556
2 9553 9557
2 9554 9558
2 9555 9559
2 9560 9561
2 9561 9562
2 9562 9563
2 9563 9560
2 9564 9565
2 9565 9566
2 9566 9567
2 9567 9564
2 9560 9564
2 9561 9565
2 9562 9566
2 9563 9567
2 9568 9569
2 9569 9570
2 9570 9571
2 9571 9568
2 9572 9573
2 9573 9574
2 9574 9575
2 9575 9572
2 9568 9572
2 9569 9573
2 9570 9574
2 9571 9575
2 9576 9577
2 9577 9578
2 9578 9579
2 9579 9576
2 9580 9581
2 9581 9582
2 9582 9583
2 9583 9580
2 9576 9580
2 9577 9581
2 9578 9582
2 9579 9583
2 9584 9585
2 9585 9586
2 9586 9587
2 9587 9584
2 9588 9589
2 9589 9590
2 9590 9591
2 9591 9588
2 9584 9588
2 9585 9589
2 9586 9590
2 9587 9591
2 9592 9593
2 9593 9594
2 9594 9595
2 9595 9592
2 9596 9597
2 9597 9598
2 9598 9599
2 9599 9596
2 9592 9596
2 9593 9597
2 9594 9598
2 9595 9599
2 9600 9601
2 9601 9602
2 9602 9603
2 9603 9600
2 9604 9605
2 9605 9606
2 9606 9607
2 9607 9604
2 9600 9604
2 9601 9605
2 9602 9606
2 9603 9607
2 9608 9609
2 9609 9610
2 9610 9611
2 9611 9608
2 9612 9613
2 9613 9614
2 9614 9615
2 9615 9612
2 9608 9612
2 9609 9613
2 9610 9614
2 9611 9615
2 9616 9617
2 9617 9618
2 9618 9619
2 9619 9616
2 9620 9621
2 9621 9622
2 9622 9623
2 9623 9620
2 9616 9620
2 9617 9621
2 9618 9622
2 9619 9623
2 9624 9625
2 9625 9626
2 9626 9627
2 9627 9624
2 9628 9629
2 9629 9630
2 9630 9631
2 9631 9628
2 9624 9628
2 9625 9629
2 9626 9630
2 9627 9631
2 9632 9633
2 9633 9634
2 9634 9635
2 9635 9632
2 9636 9637
2 9637 9638
2 9638 9639
2 9639 9636
2 9632 9636
2 9633 9637
2 9634 9638
2 9635 9639
2 9640 9641
2 9641 9642
2 9642 9643
2 9643 9640
2 9644 9645
2 9645 9646
2 9646 9647
2 9647 9644
2 9640 9644
2 9641 9645
2 9642 9646
2 9643 9647
2 9648 9649
2 9649 9650
2 9650 9651
2 9651 9648
2 9652 9653
2 9653 9654
2 9654 9655
2 9655 9652
2 9648 9652
2 9649 9653
2 9650 9654
2 9651 9655
2 9656 9657
2 9657 9658
2 9658 9659
2 9659 9656
2 9660 9661
2 9661 9662
2 9662 9663
2 9663 9660
2 9656 9660
2 9657 9661
2 9658 9662
2 9659 9663
2 9664 9665
2 9665 9666
2 9666 9667
2 9667 9664
2 9668 9669
2 9669 9670
2 9670 9671
2 9671 9668
2 9664 9668
2 9665 9669
2 9666 9670
2 9667 9671
2 9672 9673
2 9673 9674
2 9674 9675
2 9675 9672
2 9676 9677
2 9677 9678
2 9678 9679
2 9679 9676
2 9672 9676
2 9673 9677
2 9674 9678
2 9675 9679
2 9680 9681
2 9681 9682
2 9682 9683
2 9683 9680
2 9684 9685
2 9685 9686
2 9686 9687
2 9687 9684
2 9680 9684
2 9681 9685
2 9682 9686
2 9683 9687
2 9688 9689
2 9689 9690
2 9690 9691
2 9691 9688
2 9692 9693
2 9693 9694
2 9694 9695
2 9695 9692
2 9688 9692
2 9689 9693
2 9690 9694
2 9691 9695
2 9696 9697
2 9697 9698
2 9698 9699
2 9699 9696
2 9700 9701
2 9701 9702
2 9702 9703
2 9703 9700
2 9696 9700
2 9697 9701
2 9698 9702
2 9699 9703
2 9704 9705
2 9705 9706
2 9706 9707
2 9707 9704
2 9708 9709
2 9709 9710
2 9710 9711
2 9711 9708
2 9704 9708
2 9705 9709
2 9706 9710
2 9707 9711
2 9712 9713
2 9713 9714
2 9714 9715
2 9715 9712
2 9716 9717
2 9717 9718
2 9718 9719
2 9719 9716
2 9712 9716
2 9713 9717
2 9714 9718
2 9715 9719
2 9720 9721
2 9721 9722
2 9722 9723
2 9723 9720
2 9724 9725
2 9725 9726
2 9726 9727
2 9727 9724
2 9720 9724
2 9721 9725
2 9722 9726
2 9723 9727
2 9728 9729
2 9729 9730
2 9730 9731
2 9731 9728
2 9732 9733
2 9733 9734
2 9734 9735
2 9735 9732
2 9728 9732
2 9729 9733
2 9730 9734
2 9731 9735
2 9736 9737
2 9737 9738
2 9738 9739
2 9739 9736
2 9740 9741
2 9741 9742
2 9742 9743
2 9743 9740
2 9736 9740
2 9737 9741
2 9738 9742
2 9739 9743
2 9744 9745
2 9745 9746
2 9746 9747
2 9747 9744
2 9748 9749
2 9749 9750
2 9750 9751
2 9751 9748
2 9744 9748
2 9745 9749
2 9746 9750
2 9747 9751
2 9752 9753
2 9753 9754
2 9754 9755
2 9755 9752
2 9756 9757
2 9757 9758
2 9758 9759
2 9759 9756
2 9752 9756
2 9753 9757
2 9754 9758
2 9755 9759
2 9760 9761
2 9761 9762
2 9762 9763
2 9763 9760
2 9764 9765
2 9765 9766
2 9766 9767
2 9767 9764
2 9760 9764
2 9761 9765
2 9762 9766
2 9763 9767
2 9768 9769
2 9769 9770
2 9770 9771
2 9771 9768
2 9772 9773
2 9773 9774
2 9774 9775
2 9775 9772
2 9768 9772
2 9769 9773
2 9770 9774
2 9771 9775
2 9776 9777
2 9777 9778
2 9778 9779
2 9779 9776
2 9780 9781
2 9781 9782
2 9782 9783
2 9783 9780
2 9776 9780
2 9777 9781
2 9778 9782
2 9779 9783
2 9784 9785
2 9785 9786
2 9786 9787
2 9787 9784
2 9788 9789
2 9789 9790
2 9790 9791
2 9791 9788
2 9784 9788
2 9785 9789
2 9786 9790
2 9787 9791
2 9792 9793
2 9793 9794
2 9794 9795
2 9795 9792
2 9796 9797
2 9797 9798
2 9798 9799
2 9799 9796
2 9792 9796
2 9793 9797
2 9794 9798
2 9795 9799
2 9800 9801
2 9801 9802
2 9802 9803
2 9803 9800
2 9804 9805
2 9805 9806
2 9806 9807
2 9807 9804
2 9800 9804
2 9801 9805
2 9802 9806
2 9803 9807
2 9808 9809
2 9809 9810
2 9810 9811
2 9811 9808
2 9812 9813
2 9813 9814
2 9814 9815
2 9815 9812
2 9808 9812
2 9809 9813
2 9810 9814
2 9811 9815
2 9816 9817
2 9817 9818
2 9818 9819
2 9819 9816
2 9820 9821
2 9821 9822
2 9822 9823
2 9823 9820
2 9816 9820
2 9817 9821
2 9818 9822
2 9819 9823
2 9824 9825
2 9825 9826
2 9826 9827
2 9827 9824
2 9828 9829
2 9829 9830
2 9830 9831
2 9831 9828
2 9824 9828
2 9825 9829
2 9826 9830
2 9827 9831
2 9832 9833
2 9833 9834
2 9834 9835
2 9835 9832
2 9836 9837
2 9837 9838
2 9838 9839
2 9839 9836
2 9832 9836
2 9833 9837
2 9834 9838
2 9835 9839
2 9840 9841
2 9841 9842
2 9842 9843
2 9843 9840
2 9844 9845
2 9845 9846
2 9846 9847
2 9847 9844
2 9840 9844
2 9841 9845
2 9842 9846
2 9843 9847
2 9848 9849
2 9849 9850
2 9850 9851
2 9851 9848
2 9852 9853
2 9853 9854
2 9854 9855
2 9855 9852
2 9848 9852
2 9849 9853
2 9850 9854
2 9851 9855
2 9856 9857
2 9857 9858
2 9858 9859
2 9859 9856
2 9860 9861
2 9861 9862
2 9862 9863
2 9863 9860
2 9856 9860
2 9857 9861
2 9858 9862
2 9859 9863
2 9864 9865
2 9865 9866
2 9866 9867
2 9867 9864
2 9868 9869
2 9869 9870
2 9870 9871
2 9871 9868
2 9864 9868
2 9865 9869
2 9866 9870
2 9867 9871
2 9872 9873
2 9873 9874
2 9874 9875
2 9875 9872
2 9876 9877
2 9877 9878
2 9878 9879
2 9879 9876
2 9872 9876
2 9873 9877
2 9874 9878
2 9875 9879
2 9880 9881
2 9881 9882
2 9882 9883
2 9883 9880
2 9884 9885
2 9885 9886
2 9886 9887
2 9887 9884
2 9880 9884
2 9881 9885
2 9882 9886
2 9883 9887
2 9888 9889
2 9889 9890
2 9890 9891
2 9891 9888
2 9892 9893
2 9893 9894
2 9894 9895
2 9895 9892
2 9888 9892
2 9889 9893
2 9890 9894
2 9891 9895
2 9896 9897
2 9897 9898
2 9898 9899
2 9899 9896
2 9900 9901
2 9901 9902
2 9902 9903
2 9903 9900
2 9896 9900
2 9897 9901
2 9898 9902
2 9899 9903
2 9904 9905
2 9905 9906
2 9906 9907
2 9907 9904
2 9908 9909
2 9909 9910
2 9910 9911
2 9911 9908
2 9904 9908
2 9905 9909
2 9906 9910
2 9907 9911
2 9912 9913
2 9913 9914
2 9914 9915
2 9915 9912
2 9916 9917
2 9917 9918
2 9918 9919
2 9919 9916
2 9912 9916
2 9913 9917
2 9914 9918
2 9915 9919
2 9920 9921
2 9921 9922
2 9922 9923
2 9923 9920
2 9924 9925
2 9925 9926
2 9926 9927
2 9927 9924
2 9920 9924
2 9921 9925
2 9922 9926
2 9923 9927
2 9928 9929
2 9929 9930
2 9930 9931
2 9931 9928
2 9932 9933
2 9933 9934
2 9934 9935
2 9935 9932
2 9928 9932
2 9929 9933
2 9930 9934
2 9931 9935
2 9936 9937
2 9937 9938
2 9938 9939
2 9939 9936
2 9940 9941
2 9941 9942
2 9942 9943
2 9943 9940
2 9936 9940
2 9937 9941
2 9938 9942
2 9939 9943
2 9944 9945
2 9945 9946
2 9946 9947
2 9947 9944
2 9948 9949
2 9949 9950
2 9950 9951
2 9951 9948
2 9944 9948
2 9945 9949
2 9946 9950
2 9947 9951
2 9952 9953
2 9953 9954
2 9954 9955
2 9955 9952
2 9956 9957
2 9957 9958
2 9958 9959
2 9959 9956
2 9952 9956
2 9953 9957
2 9954 9958
2 9955 9959
2 9960 9961
2 9961 9962
2 9962 9963
2 9963 9960
2 9964 9965
2 9965 9966
2 9966 9967
2 9967 9964
2 9960 9964
2 9961 9965
2 9962 9966
2 9963 9967
2 9968 9969
2 9969 9970
2 9970 9971
2 9971 9968
2 9972 9973
2 9973 9974
2 9974 9975
2 9975 9972
2 9968 9972
2 9969 9973
2 9970 9974
2 9971 9975
2 9976 9977
2 9977 9978
2 9978 9979
2 9979 9976
2 9980 9981
2 9981 9982
2 9982 9983
2 9983 9980
2 9976 9980
2 9977 9981
2 9978 9982
2 9979 9983
2 9984 9985
2 9985 9986
2 9986 9987
2 9987 9984
2 9988 9989
2 9989 9990
2 9990 9991
2 9991 9988
2 9984 9988
2 9985 9989
2 9986 9990
2 9987 9991
2 9992 9993
2 9993 9994
2 9994 9995
2 9995 9992
2 9996 9997
2 9997 9998
2 9998 9999
2 9999 9996
2 9992 9996
2 9993 9997
2 9994 9998
2 9995 9999
2 10000 10001
2 10001 10002
2 10002 10003
2 10003 10000
2 10004 10005
2 10005 10006
2 10006 10007
2 10007 10004
2 10000 10004
2 10001 10005
2 10002 10006
2 10003 10007
2 10008 10009
2 10009 10010
2 10010 10011
2 10011 10008
2 10012 10013
2 10013 10014
2 10014 10015
2 10015 10012
2 10008 10012
2 10009 10013
2 10010 10014
2 10011 10015
2 10016 10017
2 10017 10018
2 10018 10019
2 10019 10016
2 10020 10021
2 10021 10022
2 10022 10023
2 10023 10020
2 10016 10020
2 10017 10021
2 10018 10022
2 10019 10023
2 10024 10025
2 10025 10026
2 10026 10027
2 10027 10024
2 10028 10029
2 10029 10030
2 10030 10031
2 10031 10028
2 10024 10028
2 10025 10029
2 10026 10030
2 10027 10031
2 10032 10033
2 10033 10034
2 10034 10035
2 10035 10032
2 10036 10037
2 10037 10038
2 10038 10039
2 10039 10036
2 10032 10036
2 10033 10037
2 10034 10038
2 10035 10039
2 10040 10041
2 10041 10042
2 10042 10043
2 10043 10040
2 10044 10045
2 10045 10046
2 10046 10047
2 10047 10044
2 10040 10044
2 10041 10045
2 10042 10046
2 10043 10047
2 10048 10049
2 10049 10050
2 10050 10051
2 10051 10048
2 10052 10053
2 10053 10054
2 10054 10055
2 10055 10052
2 10048 10052
2 10049 10053
2 10050 10054
2 10051 10055
2 10056 10057
2 10057 10058
2 10058 10059
2 10059 10056
2 10060 10061
2 10061 10062
2 10062 10063
2 10063 10060
2 10056 10060
2 10057 10061
2 10058 10062
2 10059 10063
2 10064 10065
2 10065 10066
2 10066 10067
2 10067 10064
2 10068 10069
2 10069 10070
2 10070 10071
2 10071 10068
2 10064 10068
2 10065 10069
2 10066 10070
2 10067 10071
2 10072 10073
2 10073 10074
2 10074 10075
2 10075 10072
2 10076 10077
2 10077 10078
2 10078 10079
2 10079 10076
2 10072 10076
2 10073 10077
2 10074 10078
2 10075 10079
2 10080 10081
2 10081 10082
2 10082 10083
2 10083 10080
2 10084 10085
2 10085 10086
2 10086 10087
2 10087 10084
2 10080 10084
2 10081 10085
2 10082 10086
2 10083 10087
2 10088 10089
2 10089 10090
2 10090 10091
2 10091 10088
2 10092 10093
2 10093 10094
2 10094 10095
2 10095 10092
2 10088 10092
2 10089 10093
2 10090 10094
2 10091 10095
2 10096 10097
2 10097 10098
2 10098 10099
2 10099 10096
2 10100 10101
2 10101 10102
2 10102 10103
2 10103 10100
2 10096 10100
2 10097 10101
2 10098 10102
2 10099 10103
2 10104 10105
2 10105 10106
2 10106 10107
2 10107 10104
2 10108 10109
2 10109 10110
2 10110 10111
2 10111 10108
2 10104 10108
2 10105 10109
2 10106 10110
2 10107 10111
2 10112 10113
2 10113 10114
2 10114 10115
2 10115 10112
2 10116 10117
2 10117 10118
2 10118 10119
2 10119 10116
2 10112 10116
2 10113 10117
2 10114 10118
2 10115 10119
2 10120 10121
2 10121 10122
2 10122 10123
2 10123 10120
2 10124 10125
2 10125 10126
2 10126 10127
2 10127 10124
2 10120 10124
2 10121 10125
2 10122 10126
2 10123 10127
2 10128 10129
2 10129 10130
2 10130 10131
2 10131 10128
2 10132 10133
2 10133 10134
2 10134 10135
2 10135 10132
2 10128 10132
2 10129 10133
2 10130 10134
2 10131 10135
2 10136 10137
2 10137 10138
2 10138 10139
2 10139 10136
2 10140 10141
2 10141 10142
2 10142 10143
2 10143 10140
2 10136 10140
2 10137 10141
2 10138 10142
2 10139 10143
2 10144 10145
2 10145 10146
2 10146 10147
2 10147 10144
2 10148 10149
2 10149 10150
2 10150 10151
2 10151 10148
2 10144 10148
2 10145 10149
2 10146 10150
2 10147 10151
2 10152 10153
2 10153 10154
2 10154 10155
2 10155 10152
2 10156 10157
2 10157 10158
2 10158 10159
2 10159 10156
2 10152 10156
2 10153 10157
2 10154 10158
2 10155 10159
2 10160 10161
2 10161 10162
2 10162 10163
2 10163 10160
2 10164 10165
2 10165 10166
2 10166 10167
2 10167 10164
2 10160 10164
2 10161 10165
2 10162 10166
2 10163 10167
2 10168 10169
2 10169 10170
2 10170 10171
2 10171 10168
2 10172 10173
2 10173 10174
2 10174 10175
2 10175 10172
2 10168 10172
2 10169 10173
2 10170 10174
2 10171 10175
2 10176 10177
2 10177 10178
2 10178 10179
2 10179 10176
2 10180 10181
2 10181 10182
2 10182 10183
2 10183 10180
2 10176 10180
2 10177 10181
2 10178 10182
2 10179 10183
2 10184 10185
2 10185 10186
2 10186 10187
2 10187 10184
2 10188 10189
2 10189 10190
2 10190 10191
2 10191 10188
2 10184 10188
2 10185 10189
2 10186 10190
2 10187 10191
2 10192 10193
2 10193 10194
2 10194 10195
2 10195 10192
2 10196 10197
2 10197 10198
2 10198 10199
2 10199 10196
2 10192 10196
2 10193 10197
2 10194 10198
2 10195 10199
2 10200 10201
2 10201 10202
2 10202 10203
2 10203 10200
2 10204 10205
2 10205 10206
2 10206 10207
2 10207 10204
2 10200 10204
2 10201 10205
2 10202 10206
2 10203 10207
2 10208 10209
2 10209 10210
2 10210 10211
2 10211 10208
2 10212 10213
2 10213 10214
2 10214 10215
2 10215 10212
2 10208 10212
2 10209 10213
2 10210 10214
2 10211 10215
2 10216 10217
2 10217 10218
2 10218 10219
2 10219 10216
2 10220 10221
2 10221 10222
2 10222 10223
2 10223 10220
2 10216 10220
2 10217 10221
2 10218 10222
2 10219 10223
2 10224 10225
2 10225 10226
2 10226 10227
2 10227 10224
2 10228 10229
2 10229 10230
2 10230 10231
2 10231 10228
2 10224 10228
2 10225 10229
2 10226 10230
2 10227 10231
2 10232 10233
2 10233 10234
2 10234 10235
2 10235 10232
2 10236 10237
2 10237 10238
2 10238 10239
2 10239 10236
2 10232 10236
2 10233 10237
2 10234 10238
2 10235 10239
2 10240 10241
2 10241 10242
2 10242 10243
2 10243 10240
2 10244 10245
2 10245 10246
2 10246 10247
2 10247 10244
2 10240 10244
2 10241 10245
2 10242 10246
2 10243 10247
2 10248 10249
2 10249 10250
2 10250 10251
2 10251 10248
2 10252 10253
2 10253 10254
2 10254 10255
2 10255 10252
2 10248 10252
2 10249 10253
2 10250 10254
2 10251 10255
2 10256 10257
2 10257 10258
2 10258 10259
2 10259 10256
2 10260 10261
2 10261 10262
2 10262 10263
2 10263 10260
2 10256 10260
2 10257 10261
2 10258 10262
2 10259 10263
2 10264 10265
2 10265 10266
2 10266 10267
2 10267 10264
2 10268 10269
2 10269 10270
2 10270 10271
2 10271 10268
2 10264 10268
2 10265 10269
2 10266 10270
2 10267 10271
2 10272 10273
2 10273 10274
2 10274 10275
2 10275 10272
2 10276 10277
2 10277 10278
2 10278 10279
2 10279 10276
2 10272 10276
2 10273 10277
2 10274 10278
2 10275 10279
2 10280 10281
2 10281 10282
2 10282 10283
2 10283 10280
2 10284 10285
2 10285 10286
2 10286 10287
2 10287 10284
2 10280 10284
2 10281 10285
2 10282 10286
2 10283 10287
2 10288 10289
2 10289 10290
2 10290 10291
2 10291 10288
2 10292 10293
2 10293 10294
2 10294 10295
2 10295 10292
2 10288 10292
2 10289 10293
2 10290 10294
2 10291 10295
2 10296 10297
2 10297 10298
2 10298 10299
2 10299 10296
2 10300 10301
2 10301 10302
2 10302 10303
2 10303 10300
2 10296 10300
2 10297 10301
2 10298 10302
2 10299 10303
2 10304 10305
2 10305 10306
2 10306 10307
2 10307 10304
2 10308 10309
2 10309 10310
2 10310 10311
2 10311 10308
2 10304 10308
2 10305 10309
2 10306 10310
2 10307 10311
2 10312 10313
2 10313 10314
2 10314 10315
2 10315 10312
2 10316 10317
2 10317 10318
2 10318 10319
2 10319 10316
2 10312 10316
2 10313 10317
2 10314 10318
2 10315 10319
2 10320 10321
2 10321 10322
2 10322 10323
2 10323 10320
2 10324 10325
2 10325 10326
2 10326 10327
2 10327 10324
2 10320 10324
2 10321 10325
2 10322 10326
2 10323 10327
2 10328 10329
2 10329 10330
2 10330 10331
2 10331 10328
2 10332 10333
2 10333 10334
2 10334 10335
2 10335 10332
2 10328 10332
2 10329 10333
2 10330 10334
2 10331 10335
2 10336 10337
2 10337 10338
2 10338 10339
2 10339 10336
2 10340 10341
2 10341 10342
2 10342 10343
2 10343 10340
2 10336 10340
2 10337 10341
2 10338 10342
2 10339 10343
2 10344 10345
2 10345 10346
2 10346 10347
2 10347 10344
2 10348 10349
2 10349 10350
2 10350 10351
2 10351 10348
2 10344 10348
2 10345 10349
2 10346 10350
2 10347 10351
2 10352 10353
2 10353 10354
2 10354 10355
2 10355 10352
2 10356 10357
2 10357 10358
2 10358 10359
2 10359 10356
2 10352 10356
2 10353 10357
2 10354 10358
2 10355 10359
2 10360 10361
2 10361 10362
2 10362 10363
2 10363 10360
2 10364 10365
2 10365 10366
2 10366 10367
2 10367 10364
2 10360 10364
2 10361 10365
2 10362 10366
2 10363 10367
2 10368 10369
2 10369 10370
2 10370 10371
2 10371 10368
2 10372 10373
2 10373 10374
2 10374 10375
2 10375 10372
2 10368 10372
2 10369 10373
2 10370 10374
2 10371 10375
2 10376 10377
2 10377 10378
2 10378 10379
2 10379 10376
2 10380 10381
2 10381 10382
2 10382 10383
2 10383 10380
2 10376 10380
2 10377 10381
2 10378 10382
2 10379 10383
2 10384 10385
2 10385 10386
2 10386 10387
2 10387 10384
2 10388 10389
2 10389 10390
2 10390 10391
2 10391 10388
2 10384 10388
2 10385 10389
2 10386 10390
2 10387 10391
2 10392 10393
2 10393 10394
2 10394 10395
2 10395 10392
2 10396 10397
2 10397 10398
2 10398 10399
2 10399 10396
2 10392 10396
2 10393 10397
2 10394 10398
2 10395 10399
2 10400 10401
2 10401 10402
2 10402 10403
2 10403 10400
2 10404 10405
2 10405 10406
2 10406 10407
2 10407 10404
2 10400 10404
2 10401 10405
2 10402 10406
2 10403 10407
2 10408 10409
2 10409 10410
2 10410 10411
2 10411 10408
2 10412 10413
2 10413 10414
2 10414 10415
2 10415 10412
2 10408 10412
2 10409 10413
2 10410 10414
2 10411 10415
2 10416 10417
2 10417 10418
2 10418 10419
2 10419 10416
2 10420 10421
2 10421 10422
2 10422 10423
2 10423 10420
2 10416 10420
2 10417 10421
2 10418 10422
2 10419 10423
2 10424 10425
2 10425 10426
2 10426 10427
2 10427 10424
2 10428 10429
2 10429 10430
2 10430 10431
2 10431 10428
2 10424 10428
2 10425 10429
2 10426 10430
2 10427 10431
2 10432 10433
2 10433 10434
2 10434 10435
2 10435 10432
2 10436 10437
2 10437 10438
2 10438 10439
2 10439 10436
2 10432 10436
2 10433 10437
2 10434 10438
2 10435 10439
2 10440 10441
2 10441 10442
2 10442 10443
2 10443 10440
2 10444 10445
2 10445 10446
2 10446 10447
2 10447 10444
2 10440 10444
2 10441 10445
2 10442 10446
2 10443 10447
2 10448 10449
2 10449 10450
2 10450 10451
2 10451 10448
2 10452 10453
2 10453 10454
2 10454 10455
2 10455 10452
2 10448 10452
2 10449 10453
2 10450 10454
2 10451 10455
2 10456 10457
2 10457 10458
2 10458 10459
2 10459 10456
2 10460 10461
2 10461 10462
2 10462 10463
2 10463 10460
2 10456 10460
2 10457 10461
2 10458 10462
2 10459 10463
2 10464 10465
2 10465 10466
2 10466 10467
2 10467 10464
2 10468 10469
2 10469 10470
2 10470 10471
2 10471 10468
2 10464 10468
2 10465 10469
2 10466 10470
2 10467 10471
2 10472 10473
2 10473 10474
2 10474 10475
2 10475 10472
2 10476 10477
2 10477 10478
2 10478 10479
2 10479 10476
2 10472 10476
2 10473 10477
2 10474 10478
2 10475 10479
2 10480 10481
2 10481 10482
2 10482 10483
2 10483 10480
2 10484 10485
2 10485 10486
2 10486 10487
2 10487 10484
2 10480 10484
2 10481 10485
2 10482 10486
2 10483 10487
2 10488 10489
2 10489 10490
2 10490 10491
2 10491 10488
2 10492 10493
2 10493 10494
2 10494 10495
2 10495 10492
2 10488 10492
2 10489 10493
2 10490 10494
2 10491 10495
2 10496 10497
2 10497 10498
2 10498 10499
2 10499 10496
2 10500 10501
2 10501 10502
2 10502 10503
2 10503 10500
2 10496 10500
2 10497 10501
2 10498 10502
2 10499 10503
2 10504 10505
2 10505 10506
2 10506 10507
2 10507 10504
2 10508 10509
2 10509 10510
2 10510 10511
2 10511 10508
2 10504 10508
2 10505 10509
2 10506 10510
2 10507 10511
2 10512 10513
2 10513 10514
2 10514 10515
2 10515 10512
2 10516 10517
2 10517 10518
2 10518 10519
2 10519 10516
2 10512 10516
2 10513 10517
2 10514 10518
2 10515 10519
2 10520 10521
2 10521 10522
2 10522 10523
2 10523 10520
2 10524 10525
2 10525 10526
2 10526 10527
2 10527 10524
2 10520 10524
2 10521 10525
2 10522 10526
2 10523 10527
2 10528 10529
2 10529 10530
2 10530 10531
2 10531 10528
2 10532 10533
2 10533 10534
2 10534 10535
2 10535 10532
2 10528 10532
2 10529 10533
2 10530 10534
2 10531 10535
2 10536 10537
2 10537 10538
2 10538 10539
2 10539 10536
2 10540 10541
2 10541 10542
2 10542 10543
2 10543 10540
2 10536 10540
2 10537 10541
2 10538 10542
2 10539 10543
2 10544 10545
2 10545 10546
2 10546 10547
2 10547 10544
2 10548 10549
2 10549 10550
2 10550 10551
2 10551 10548
2 10544 10548
2 10545 10549
2 10546 10550
2 10547 10551
2 10552 10553
2 10553 10554
2 10554 10555
2 10555 10552
2 10556 10557
2 10557 10558
2 10558 10559
2 10559 10556
2 10552 10556
2 10553 10557
2 10554 10558
2 10555 10559
2 10560 10561
2 10561 10562
2 10562 10563
2 10563 10560
2 10564 10565
2 10565 10566
2 10566 10567
2 10567 10564
2 10560 10564
2 10561 10565
2 10562 10566
2 10563 10567
2 10568 10569
2 10569 10570
2 10570 10571
2 10571 10568
2 10572 10573
2 10573 10574
2 10574 10575
2 10575 10572
2 10568 10572
2 10569 10573
2 10570 10574
2 10571 10575
2 10576 10577
2 10577 10578
2 10578 10579
2 10579 10576
2 10580 10581
2 10581 10582
2 10582 10583
2 10583 10580
2 10576 10580
2 10577 10581
2 10578 10582
2 10579 10583
2 10584 10585
2 10585 10586
2 10586 10587
2 10587 10584
2 10588 10589
2 10589 10590
2 10590 10591
2 10591 10588
2 10584 10588
2 10585 10589
2 10586 10590
2 10587 10591
2 10592 10593
2 10593 10594
2 10594 10595
2 10595 10592
2 10596 10597
2 10597 10598
2 10598 10599
2 10599 10596
2 10592 10596
2 10593 10597
2 10594 10598
2 10595 10599
2 10600 10601
2 10601 10602
2 10602 10603
2 10603 10600
2 10604 10605
2 10605 10606
2 10606 10607
2 10607 10604
2 10600 10604
2 10601 10605
2 10602 10606
2 10603 10607
2 10608 10609
2 10609 10610
2 10610 10611
2 10611 10608
2 10612 10613
2 10613 10614
2 10614 10615
2 10615 10612
2 10608 10612
2 10609 10613
2 10610 10614
2 10611 10615
2 10616 10617
2 10617 10618
2 10618 10619
2 10619 10616
2 10620 10621
2 10621 10622
2 10622 10623
2 10623 10620
2 10616 10620
2 10617 10621
2 10618 10622
2 10619 10623
2 10624 10625
2 10625 10626
2 10626 10627
2 10627 10624
2 10628 10629
2 10629 10630
2 10630 10631
2 10631 10628
2 10624 10628
2 10625 10629
2 10626 10630
2 10627 10631
2 10632 10633
2 10633 10634
2 10634 10635
2 10635 10632
2 10636 10637
2 10637 10638
2 10638 10639
2 10639 10636
2 10632 10636
2 10633 10637
2 10634 10638
2 10635 10639
2 10640 10641
2 10641 10642
2 10642 10643
2 10643 10640
2 10644 10645
2 10645 10646
2 10646 10647
2 10647 10644
2 10640 10644
2 10641 10645
2 10642 10646
2 10643 10647
2 10648 10649
2 10649 10650
2 10650 10651
2 10651 10648
2 10652 10653
2 10653 10654
2 10654 10655
2 10655 10652
2 10648 10652
2 10649 10653
2 10650 10654
2 10651 10655
2 10656 10657
2 10657 10658
2 10658 10659
2 10659 10656
2 10660 10661
2 10661 10662
2 10662 10663
2 10663 10660
2 10656 10660
2 10657 10661
2 10658 10662
2 10659 10663
2 10664 10665
2 10665 10666
2 10666 10667
2 10667 10664
2 10668 10669
2 10669 10670
2 10670 10671
2 10671 10668
2 10664 10668
2 10665 10669
2 10666 10670
2 10667 10671
2 10672 10673
2 10673 10674
2 10674 10675
2 10675 10672
2 10676 10677
2 10677 10678
2 10678 10679
2 10679 10676
2 10672 10676
2 10673 10677
2 10674 10678
2 10675 10679
2 10680 10681
2 10681 10682
2 10682 10683
2 10683 10680
2 10684 10685
2 10685 10686
2 10686 10687
2 10687 10684
2 10680 10684
2 10681 10685
2 10682 10686
2 10683 10687
2 10688 10689
2 10689 10690
2 10690 10691
2 10691 10688
2 10692 10693
2 10693 10694
2 10694 10695
2 10695 10692
2 10688 10692
2 10689 10693
2 10690 10694
2 10691 10695
2 10696 10697
2 10697 10698
2 10698 10699
2 10699 10696
2 10700 10701
2 10701 10702
2 10702 10703
2 10703 10700
2 10696 10700
2 10697 10701
2 10698 10702
2 10699 10703
2 10704 10705
2 10705 10706
2 10706 10707
2 10707 10704
2 10708 10709
2 10709 10710
2 10710 10711
2 10711 10708
2 10704 10708
2 10705 10709
2 10706 10710
2 10707 10711
2 10712 10713
2 10713 10714
2 10714 10715
2 10715 10712
2 10716 10717
2 10717 10718
2 10718 10719
2 10719 10716
2 10712 10716
2 10713 10717
2 10714 10718
2 10715 10719
2 10720 10721
2 10721 10722
2 10722 10723
2 10723 10720
2 10724 10725
2 10725 10726
2 10726 10727
2 10727 10724
2 10720 10724
2 10721 10725
2 10722 10726
2 10723 10727
2 10728 10729
2 10729 10730
2 10730 10731
2 10731 10728
2 10732 10733
2 10733 10734
2 10734 10735
2 10735 10732
2 10728 10732
2 10729 10733
2 10730 10734
2 10731 10735
2 10736 10737
2 10737 10738
2 10738 10739
2 10739 10736
2 10740 10741
2 10741 10742
2 10742 10743
2 10743 10740
2 10736 10740
2 10737 10741
2 10738 10742
2 10739 10743
2 10744 10745
2 10745 10746
2 10746 10747
2 10747 10744
2 10748 10749
2 10749 10750
2 10750 10751
2 10751 10748
2 10744 10748
2 10745 10749
2 10746 10750
2 10747 10751
2 10752 10753
2 10753 10754
2 10754 10755
2 10755 10752
2 10756 10757
2 10757 10758
2 10758 10759
2 10759 10756
2 10752 10756
2 10753 10757
2 10754 10758
2 10755 10759
2 10760 10761
2 10761 10762
2 10762 10763
2 10763 10760
2 10764 10765
2 10765 10766
2 10766 10767
2 10767 10764
2 10760 10764
2 10761 10765
2 10762 10766
2 10763 10767
2 10768 10769
2 10769 10770
2 10770 10771
2 10771 10768
2 10772 10773
2 10773 10774
2 10774 10775
2 10775 10772
2 10768 10772
2 10769 10773
2 10770 10774
2 10771 10775
2 10776 10777
2 10777 10778
2 10778 10779
2 10779 10776
2 10780 10781
2 10781 10782
2 10782 10783
2 10783 10780
2 10776 10780
2 10777 10781
2 10778 10782
2 10779 10783
2 10784 10785
2 10785 10786
2 10786 10787
2 10787 10784
2 10788 10789
2 10789 10790
2 10790 10791
2 10791 10788
2 10784 10788
2 10785 10789
2 10786 10790
2 10787 10791
2 10792 10793
2 10793 10794
2 10794 10795
2 10795 10792
2 10796 10797
2 10797 10798
2 10798 10799
2 10799 10796
2 10792 10796
2 10793 10797
2 10794 10798
2 10795 10799
2 10800 10801
2 10801 10802
2 10802 10803
2 10803 10800
2 10804 10805
2 10805 10806
2 10806 10807
2 10807 10804
2 10800 10804
2 10801 10805
2 10802 10806
2 10803 10807
2 10808 10809
2 10809 10810
2 10810 10811
2 10811 10808
2 10812 10813
2 10813 10814
2 10814 10815
2 10815 10812
2 10808 10812
2 10809 10813
2 10810 10814
2 10811 10815
2 10816 10817
2 10817 10818
2 10818 10819
2 10819 10816
2 10820 10821
2 10821 10822
2 10822 10823
2 10823 10820
2 10816 10820
2 10817 10821
2 10818 10822
2 10819 10823
2 10824 10825
2 10825 10826
2 10826 10827
2 10827 10824
2 10828 10829
2 10829 10830
2 10830 10831
2 10831 10828
2 10824 10828
2 10825 10829
2 10826 10830
2 10827 10831
2 10832 10833
2 10833 10834
2 10834 10835
2 10835 10832
2 10836 10837
2 10837 10838
2 10838 10839
2 10839 10836
2 10832 10836
2 10833 10837
2 10834 10838
2 10835 10839
2 10840 10841
2 10841 10842
2 10842 10843
2 10843 10840
2 10844 10845
2 10845 10846
2 10846 10847
2 10847 10844
2 10840 10844
2 10841 10845
2 10842 10846
2 10843 10847
2 10848 10849
2 10849 10850
2 10850 10851
2 10851 10848
2 10852 10853
2 10853 10854
2 10854 10855
2 10855 10852
2 10848 10852
2 10849 10853
2 10850 10854
2 10851 10855
2 10856 10857
2 10857 10858
2 10858 10859
2 10859 10856
2 10860 10861
2 10861 10862
2 10862 10863
2 10863 10860
2 10856 10860
2 10857 10861
2 10858 10862
2 10859 10863
2 10864 10865
2 10865 10866
2 10866 10867
2 10867 10864
2 10868 10869
2 10869 10870
2 10870 10871
2 10871 10868
2 10864 10868
2 10865 10869
2 10866 10870
2 10867 10871
2 10872 10873
2 10873 10874
2 10874 10875
2 10875 10872
2 10876 10877
2 10877 10878
2 10878 10879
2 10879 10876
2 10872 10876
2 10873 10877
2 10874 10878
2 10875 10879
2 10880 10881
2 10881 10882
2 10882 10883
2 10883 10880
2 10884 10885
2 10885 10886
2 10886 10887
2 10887 10884
2 10880 10884
2 10881 10885
2 10882 10886
2 10883 10887
2 10888 10889
2 10889 10890
2 10890 10891
2 10891 10888
2 10892 10893
2 10893 10894
2 10894 10895
2 10895 10892
2 10888 10892
2 10889 10893
2 10890 10894
2 10891 10895
2 10896 10897
2 10897 10898
2 10898 10899
2 10899 10896
2 10900 10901
2 10901 10902
2 10902 10903
2 10903 10900
2 10896 10900
2 10897 10901
2 10898 10902
2 10899 10903
2 10904 10905
2 10905 10906
2 10906 10907
2 10907 10904
2 10908 10909
2 10909 10910
2 10910 10911
2 10911 10908
2 10904 10908
2 10905 10909
2 10906 10910
2 10907 10911
2 10912 10913
2 10913 10914
2 10914 10915
2 10915 10912
2 10916 10917
2 10917 10918
2 10918 10919
2 10919 10916
2 10912 10916
2 10913 10917
2 10914 10918
2 10915 10919
2 10920 10921
2 10921 10922
2 10922 10923
2 10923 10920
2 10924 10925
2 10925 10926
2 10926 10927
2 10927 10924
2 10920 10924
2 10921 10925
2 10922 10926
2 10923 10927
2 10928 10929
2 10929 10930
2 10930 10931
2 10931 10928
2 10932 10933
2 10933 10934
2 10934 10935
2 10935 10932
2 10928 10932
2 10929 10933
2 10930 10934
2 10931 10935
2 10936 10937
2 10937 10938
2 10938 10939
2 10939 10936
2 10940 10941
2 10941 10942
2 10942 10943
2 10943 10940
2 10936 10940
2 10937 10941
2 10938 10942
2 10939 10943
2 10944 10945
2 10945 10946
2 10946 10947
2 10947 10944
2 10948 10949
2 10949 10950
2 10950 10951
2 10951 10948
2 10944 10948
2 10945 10949
2 10946 10950
2 10947 10951
2 10952 10953
2 10953 10954
2 10954 10955
2 10955 10952
2 10956 10957
2 10957 10958
2 10958 10959
2 10959 10956
2 10952 10956
2 10953 10957
2 10954 10958
2 10955 10959
2 10960 10961
2 10961 10962
2 10962 10963
2 10963 10960
2 10964 10965
2 10965 10966
2 10966 10967
2 10967 10964
2 10960 10964
2 10961 10965
2 10962 10966
2 10963 10967
2 10968 10969
2 10969 10970
2 10970 10971
2 10971 10968
2 10972 10973
2 10973 10974
2 10974 10975
2 10975 10972
2 10968 10972
2 10969 10973
2 10970 10974
2 10971 10975
2 10976 10977
2 10977 10978
2 10978 10979
2 10979 10976
2 10980 10981
2 10981 10982
2 10982 10983
2 10983 10980
2 10976 10980
2 10977 10981
2 10978 10982
2 10979 10983
2 10984 10985
2 10985 10986
2 10986 10987
2 10987 10984
2 10988 10989
2 10989 10990
2 10990 10991
2 10991 10988
2 10984 10988
2 10985 10989
2 10986 10990
2 10987 10991
2 10992 10993
2 10993 10994
2 10994 10995
2 10995 10992
2 10996 10997
2 10997 10998
2 10998 10999
2 10999 10996
2 10992 10996
2 10993 10997
2 10994 10998
2 10995 10999
2 11000 11001
2 11001 11002
2 11002 11003
2 11003 11000
2 11004 11005
2 11005 11006
2 11006 11007
2 11007 11004
2 11000 11004
2 11001 11005
2 11002 11006
2 11003 11007
2 11008 11009
2 11009 11010
2 11010 11011
2 11011 11008
2 11012 11013
2 11013 11014
2 11014 11015
2 11015 11012
2 11008 11012
2 11009 11013
2 11010 11014
2 11011 11015
2 11016 11017
2 11017 11018
2 11018 11019
2 11019 11016
2 11020 11021
2 11021 11022
2 11022 11023
2 11023 11020
2 11016 11020
2 11017 11021
2 11018 11022
2 11019 11023
2 11024 11025
2 11025 11026
2 11026 11027
2 11027 11024
2 11028 11029
2 11029 11030
2 11030 11031
2 11031 11028
2 11024 11028
2 11025 11029
2 11026 11030
2 11027 11031
2 11032 11033
2 11033 11034
2 11034 11035
2 11035 11032
2 11036 11037
2 11037 11038
2 11038 11039
2 11039 11036
2 11032 11036
2 11033 11037
2 11034 11038
2 11035 11039
2 11040 11041
2 11041 11042
2 11042 11043
2 11043 11040
2 11044 11045
2 11045 11046
2 11046 11047
2 11047 11044
2 11040 11044
2 11041 11045
2 11042 11046
2 11043 11047
2 11048 11049
2 11049 11050
2 11050 11051
2 11051 11048
2 11052 11053
2 11053 11054
2 11054 11055
2 11055 11052
2 11048 11052
2 11049 11053
2 11050 11054
2 11051 11055
2 11056 11057
2 11057 11058
2 11058 11059
2 11059 11056
2 11060 11061
2 11061 11062
2 11062 11063
2 11063 11060
2 11056 11060
2 11057 11061
2 11058 11062
2 11059 11063
2 11064 11065
2 11065 11066
2 11066 11067
2 11067 11064
2 11068 11069
2 11069 11070
2 11070 11071
2 11071 11068
2 11064 11068
2 11065 11069
2 11066 11070
2 11067 11071
2 11072 11073
2 11073 11074
2 11074 11075
2 11075 11072
2 11076 11077
2 11077 11078
2 11078 11079
2 11079 11076
2 11072 11076
2 11073 11077
2 11074 11078
2 11075 11079
2 11080 11081
2 11081 11082
2 11082 11083
2 11083 11080
2 11084 11085
2 11085 11086
2 11086 11087
2 11087 11084
2 11080 11084
2 11081 11085
2 11082 11086
2 11083 11087
2 11088 11089
2 11089 11090
2 11090 11091
2 11091 11088
2 11092 11093
2 11093 11094
2 11094 11095
2 11095 11092
2 11088 11092
2 11089 11093
2 11090 11094
2 11091 11095
2 11096 11097
2 11097 11098
2 11098 11099
2 11099 11096
2 11100 11101
2 11101 11102
2 11102 11103
2 11103 11100
2 11096 11100
2 11097 11101
2 11098 11102
2 11099 11103
2 11104 11105
2 11105 11106
2 11106 11107
2 11107 11104
2 11108 11109
2 11109 11110
2 11110 11111
2 11111 11108
2 11104 11108
2 11105 11109
2 11106 11110
2 11107 11111
2 11112 11113
2 11113 11114
2 11114 11115
2 11115 11112
2 11116 11117
2 11117 11118
2 11118 11119
2 11119 11116
2 11112 11116
2 11113 11117
2 11114 11118
2 11115 11119
2 11120 11121
2 11121 11122
2 11122 11123
2 11123 11120
2 11124 11125
2 11125 11126
2 11126 11127
2 11127 11124
2 11120 11124
2 11121 11125
2 11122 11126
2 11123 11127
2 11128 11129
2 11129 11130
2 11130 11131
2 11131 11128
2 11132 11133
2 11133 11134
2 11134 11135
2 11135 11132
2 11128 11132
2 11129 11133
2 11130 11134
2 11131 11135
2 11136 11137
2 11137 11138
2 11138 11139
2 11139 11136
2 11140 11141
2 11141 11142
2 11142 11143
2 11143 11140
2 11136 11140
2 11137 11141
2 11138 11142
2 11139 11143
2 11144 11145
2 11145 11146
2 11146 11147
2 11147 11144
2 11148 11149
2 11149 11150
2 11150 11151
2 11151 11148
2 11144 11148
2 11145 11149
2 11146 11150
2 11147 11151
2 11152 11153
2 11153 11154
2 11154 11155
2 11155 11152
2 11156 11157
2 11157 11158
2 11158 11159
2 11159 11156
2 11152 11156
2 11153 11157
2 11154 11158
2 11155 11159
2 11160 11161
2 11161 11162
2 11162 11163
2 11163 11160
2 11164 11165
2 11165 11166
2 11166 11167
2 11167 11164
2 11160 11164
2 11161 11165
2 11162 11166
2 11163 11167
2 11168 11169
2 11169 11170
2 11170 11171
2 11171 11168
2 11172 11173
2 11173 11174
2 11174 11175
2 11175 11172
2 11168 11172
2 11169 11173
2 11170 11174
2 11171 11175
2 11176 11177
2 11177 11178
2 11178 11179
2 11179 11176
2 11180 11181
2 11181 11182
2 11182 11183
2 11183 11180
2 11176 11180
2 11177 11181
2 11178 11182
2 11179 11183
2 11184 11185
2 11185 11186
2 11186 11187
2 11187 11184
2 11188 11189
2 11189 11190
2 11190 11191
2 11191 11188
2 11184 11188
2 11185 11189
2 11186 11190
2 11187 11191
2 11192 11193
2 11193 11194
2 11194 11195
2 11195 11192
2 11196 11197
2 11197 11198
2 11198 11199
2 11199 11196
2 11192 11196
2 11193 11197
2 11194 11198
2 11195 11199
2 11200 11201
2 11201 11202
2 11202 11203
2 11203 11200
2 11204 11205
2 11205 11206
2 11206 11207
2 11207 11204
2 11200 11204
2 11201 11205
2 11202 11206
2 11203 11207
2 11208 11209
2 11209 11210
2 11210 11211
2 11211 11208
2 11212 11213
2 11213 11214
2 11214 11215
2 11215 11212
2 11208 11212
2 11209 11213
2 11210 11214
2 11211 11215
2 11216 11217
2 11217 11218
2 11218 11219
2 11219 11216
2 11220 11221
2 11221 11222
2 11222 11223
2 11223 11220
2 11216 11220
2 11217 11221
2 11218 11222
2 11219 11223
2 11224 11225
2 11225 11226
2 11226 11227
2 11227 11224
2 11228 11229
2 11229 11230
2 11230 11231
2 11231 11228
2 11224 11228
2 11225 11229
2 11226 11230
2 11227 11231
2 11232 11233
2 11233 11234
2 11234 11235
2 11235 11232
2 11236 11237
2 11237 11238
2 11238 11239
2 11239 11236
2 11232 11236
2 11233 11237
2 11234 11238
2 11235 11239
2 11240 11241
2 11241 11242
2 11242 11243
2 11243 11240
2 11244 11245
2 11245 11246
2 11246 11247
2 11247 11244
2 11240 11244
2 11241 11245
2 11242 11246
2 11243 11247
2 11248 11249
2 11249 11250
2 11250 11251
2 11251 11248
2 11252 11253
2 11253 11254
2 11254 11255
2 11255 11252
2 11248 11252
2 11249 11253
2 11250 11254
2 11251 11255
2 11256 11257
2 11257 11258
2 11258 11259
2 11259 11256
2 11260 11261
2 11261 11262
2 11262 11263
2 11263 11260
2 11256 11260
2 11257 11261
2 11258 11262
2 11259 11263
2 11264 11265
2 11265 11266
2 11266 11267
2 11267 11264
2 11268 11269
2 11269 11270
2 11270 11271
2 11271 11268
2 11264 11268
2 11265 11269
2 11266 11270
2 11267 11271
2 11272 11273
2 11273 11274
2 11274 11275
2 11275 11272
2 11276 11277
2 11277 11278
2 11278 11279
2 11279 11276
2 11272 11276
2 11273 11277
2 11274 11278
2 11275 11279
2 11280 11281
2 11281 11282
2 11282 11283
2 11283 11280
2 11284 11285
2 11285 11286
2 11286 11287
2 11287 11284
2 11280 11284
2 11281 11285
2 11282 11286
2 11283 11287
2 11288 11289
2 11289 11290
2 11290 11291
2 11291 11288
2 11292 11293
2 11293 11294
2 11294 11295
2 11295 11292
2 11288 11292
2 11289 11293
2 11290 11294
2 11291 11295
2 11296 11297
2 11297 11298
2 11298 11299
2 11299 11296
2 11300 11301
2 11301 11302
2 11302 11303
2 11303 11300
2 11296 11300
2 11297 11301
2 11298 11302
2 11299 11303
2 11304 11305
2 11305 11306
2 11306 11307
2 11307 11304
2 11308 11309
2 11309 11310
2 11310 11311
2 11311 11308
2 11304 11308
2 11305 11309
2 11306 11310
2 11307 11311
2 11312 11313
2 11313 11314
2 11314 11315
2 11315 11312
2 11316 11317
2 11317 11318
2 11318 11319
2 11319 11316
2 11312 11316
2 11313 11317
2 11314 11318
2 11315 11319
2 11320 11321
2 11321 11322
2 11322 11323
2 11323 11320
2 11324 11325
2 11325 11326
2 11326 11327
2 11327 11324
2 11320 11324
2 11321 11325
2 11322 11326
2 11323 11327
2 11328 11329
2 11329 11330
2 11330 11331
2 11331 11328
2 11332 11333
2 11333 11334
2 11334 11335
2 11335 11332
2 11328 11332
2 11329 11333
2 11330 11334
2 11331 11335
2 11336 11337
2 11337 11338
2 11338 11339
2 11339 11336
2 11340 11341
2 11341 11342
2 11342 11343
2 11343 11340
2 11336 11340
2 11337 11341
2 11338 11342
2 11339 11343
2 11344 11345
2 11345 11346
2 11346 11347
2 11347 11344
2 11348 11349
2 11349 11350
2 11350 11351
2 11351 11348
2 11344 11348
2 11345 11349
2 11346 11350
2 11347 11351
2 11352 11353
2 11353 11354
2 11354 11355
2 11355 11352
2 11356 11357
2 11357 11358
2 11358 11359
2 11359 11356
2 11352 11356
2 11353 11357
2 11354 11358
2 11355 11359
2 11360 11361
2 11361 11362
2 11362 11363
2 11363 11360
2 11364 11365
2 11365 11366
2 11366 11367
2 11367 11364
2 11360 11364
2 11361 11365
2 11362 11366
2 11363 11367
2 11368 11369
2 11369 11370
2 11370 11371
2 11371 11368
2 11372 11373
2 11373 11374
2 11374 11375
2 11375 11372
2 11368 11372
2 11369 11373
2 11370 11374
2 11371 11375
2 11376 11377
2 11377 11378
2 11378 11379
2 11379 11376
2 11380 11381
2 11381 11382
2 11382 11383
2 11383 11380
2 11376 11380
2 11377 11381
2 11378 11382
2 11379 11383
2 11384 11385
2 11385 11386
2 11386 11387
2 11387 11384
2 11388 11389
2 11389 11390
2 11390 11391
2 11391 11388
2 11384 11388
2 11385 11389
2 11386 11390
2 11387 11391
2 11392 11393
2 11393 11394
2 11394 11395
2 11395 11392
2 11396 11397
2 11397 11398
2 11398 11399
2 11399 11396
2 11392 11396
2 11393 11397
2 11394 11398
2 11395 11399
2 11400 11401
2 11401 11402
2 11402 11403
2 11403 11400
2 11404 11405
2 11405 11406
2 11406 11407
2 11407 11404
2 11400 11404
2 11401 11405
2 11402 11406
2 11403 11407
2 11408 11409
2 11409 11410
2 11410 11411
2 11411 11408
2 11412 11413
2 11413 11414
2 11414 11415
2 11415 11412
2 11408 11412
2 11409 11413
2 11410 11414
2 11411 11415
2 11416 11417
2 11417 11418
2 11418 11419
2 11419 11416
2 11420 11421
2 11421 11422
2 11422 11423
2 11423 11420
2 11416 11420
2 11417 11421
2 11418 11422
2 11419 11423
2 11424 11425
2 11425 11426
2 11426 11427
2 11427 11424
2 11428 11429
2 11429 11430
2 11430 11431
2 11431 11428
2 11424 11428
2 11425 11429
2 11426 11430
2 11427 11431
2 11432 11433
2 11433 11434
2 11434 11435
2 11435 11432
2 11436 11437
2 11437 11438
2 11438 11439
2 11439 11436
2 11432 11436
2 11433 11437
2 11434 11438
2 11435 11439
2 11440 11441
2 11441 11442
2 11442 11443
2 11443 11440
2 11444 11445
2 11445 11446
2 11446 11447
2 11447 11444
2 11440 11444
2 11441 11445
2 11442 11446
2 11443 11447
2 11448 11449
2 11449 11450
2 11450 11451
2 11451 11448
2 11452 11453
2 11453 11454
2 11454 11455
2 11455 11452
2 11448 11452
2 11449 11453
2 11450 11454
2 11451 11455
2 11456 11457
2 11457 11458
2 11458 11459
2 11459 11456
2 11460 11461
2 11461 11462
2 11462 11463
2 11463 11460
2 11456 11460
2 11457 11461
2 11458 11462
2 11459 11463
2 11464 11465
2 11465 11466
2 11466 11467
2 11467 11464
2 11468 11469
2 11469 11470
2 11470 11471
2 11471 11468
2 11464 11468
2 11465 11469
2 11466 11470
2 11467 11471
2 11472 11473
2 11473 11474
2 11474 11475
2 11475 11472
2 11476 11477
2 11477 11478
2 11478 11479
2 11479 11476
2 11472 11476
2 11473 11477
2 11474 11478
2 11475 11479
2 11480 11481
2 11481 11482
2 11482 11483
2 11483 11480
2 11484 11485
2 11485 11486
2 11486 11487
2 11487 11484
2 11480 11484
2 11481 11485
2 11482 11486
2 11483 11487
2 11488 11489
2 11489 11490
2 11490 11491
2 11491 11488
2 11492 11493
2 11493 11494
2 11494 11495
2 11495 11492
2 11488 11492
2 11489 11493
2 11490 11494
2 11491 11495
2 11496 11497
2 11497 11498
2 11498 11499
2 11499 11496
2 11500 11501
2 11501 11502
2 11502 11503
2 11503 11500
2 11496 11500
2 11497 11501
2 11498 11502
2 11499 11503
2 11504 11505
2 11505 11506
2 11506 11507
2 11507 11504
2 11508 11509
2 11509 11510
2 11510 11511
2 11511 11508
2 11504 11508
2 11505 11509
2 11506 11510
2 11507 11511
2 11512 11513
2 11513 11514
2 11514 11515
2 11515 11512
2 11516 11517
2 11517 11518
2 11518 11519
2 11519 11516
2 11512 11516
2 11513 11517
2 11514 11518
2 11515 11519
2 11520 11521
2 11521 11522
2 11522 11523
2 11523 11520
2 11524 11525
2 11525 11526
2 11526 11527
2 11527 11524
2 11520 11524
2 11521 11525
2 11522 11526
2 11523 11527
2 11528 11529
2 11529 11530
2 11530 11531
2 11531 11528
2 11532 11533
2 11533 11534
2 11534 11535
2 11535 11532
2 11528 11532
2 11529 11533
2 11530 11534
2 11531 11535
2 11536 11537
2 11537 11538
2 11538 11539
2 11539 11536
2 11540 11541
2 11541 11542
2 11542 11543
2 11543 11540
2 11536 11540
2 11537 11541
2 11538 11542
2 11539 11543
2 11544 11545
2 11545 11546
2 11546 11547
2 11547 11544
2 11548 11549
2 11549 11550
2 11550 11551
2 11551 11548
2 11544 11548
2 11545 11549
2 11546 11550
2 11547 11551
2 11552 11553
2 11553 11554
2 11554 11555
2 11555 11552
2 11556 11557
2 11557 11558
2 11558 11559
2 11559 11556
2 11552 11556
2 11553 11557
2 11554 11558
2 11555 11559
2 11560 11561
2 11561 11562
2 11562 11563
2 11563 11560
2 11564 11565
2 11565 11566
2 11566 11567
2 11567 11564
2 11560 11564
2 11561 11565
2 11562 11566
2 11563 11567
2 11568 11569
2 11569 11570
2 11570 11571
2 11571 11568
2 11572 11573
2 11573 11574
2 11574 11575
2 11575 11572
2 11568 11572
2 11569 11573
2 11570 11574
2 11571 11575
2 11576 11577
2 11577 11578
2 11578 11579
2 11579 11576
2 11580 11581
2 11581 11582
2 11582 11583
2 11583 11580
2 11576 11580
2 11577 11581
2 11578 11582
2 11579 11583
2 11584 11585
2 11585 11586
2 11586 11587
2 11587 11584
2 11588 11589
2 11589 11590
2 11590 11591
2 11591 11588
2 11584 11588
2 11585 11589
2 11586 11590
2 11587 11591
2 11592 11593
2 11593 11594
2 11594 11595
2 11595 11592
2 11596 11597
2 11597 11598
2 11598 11599
2 11599 11596
2 11592 11596
2 11593 11597
2 11594 11598
2 11595 11599
2 11600 11601
2 11601 11602
2 11602 11603
2 11603 11600
2 11604 11605
2 11605 11606
2 11606 11607
2 11607 11604
2 11600 11604
2 11601 11605
2 11602 11606
2 11603 11607
2 11608 11609
2 11609 11610
2 11610 11611
2 11611 11608
2 11612 11613
2 11613 11614
2 11614 11615
2 11615 11612
2 11608 11612
2 11609 11613
2 11610 11614
2 11611 11615
2 11616 11617
2 11617 11618
2 11618 11619
2 11619 11616
2 11620 11621
2 11621 11622
2 11622 11623
2 11623 11620
2 11616 11620
2 11617 11621
2 11618 11622
2 11619 11623
2 11624 11625
2 11625 11626
2 11626 11627
2 11627 11624
2 11628 11629
2 11629 11630
2 11630 11631
2 11631 11628
2 11624 11628
2 11625 11629
2 11626 11630
2 11627 11631
2 11632 11633
2 11633 11634
2 11634 11635
2 11635 11632
2 11636 11637
2 11637 11638
2 11638 11639
2 11639 11636
2 11632 11636
2 11633 11637
2 11634 11638
2 11635 11639
2 11640 11641
2 11641 11642
2 11642 11643
2 11643 11640
2 11644 11645
2 11645 11646
2 11646 11647
2 11647 11644
2 11640 11644
2 11641 11645
2 11642 11646
2 11643 11647
2 11648 11649
2 11649 11650
2 11650 11651
2 11651 11648
2 11652 11653
2 11653 11654
2 11654 11655
2 11655 11652
2 11648 11652
2 11649 11653
2 11650 11654
2 11651 11655
2 11656 11657
2 11657 11658
2 11658 11659
2 11659 11656
2 11660 11661
2 11661 11662
2 11662 11663
2 11663 11660
2 11656 11660
2 11657 11661
2 11658 11662
2 11659 11663
2 11664 11665
2 11665 11666
2 11666 11667
2 11667 11664
2 11668 11669
2 11669 11670
2 11670 11671
2 11671 11668
2 11664 11668
2 11665 11669
2 11666 11670
2 11667 11671
2 11672 11673
2 11673 11674
2 11674 11675
2 11675 11672
2 11676 11677
2 11677 11678
2 11678 11679
2 11679 11676
2 11672 11676
2 11673 11677
2 11674 11678
2 11675 11679
2 11680 11681
2 11681 11682
2 11682 11683
2 11683 11680
2 11684 11685
2 11685 11686
2 11686 11687
2 11687 11684
2 11680 11684
2 11681 11685
2 11682 11686
2 11683 11687
2 11688 11689
2 11689 11690
2 11690 11691
2 11691 11688
2 11692 11693
2 11693 11694
2 11694 11695
2 11695 11692
2 11688 11692
2 11689 11693
2 11690 11694
2 11691 11695
2 11696 11697
2 11697 11698
2 11698 11699
2 11699 11696
2 11700 11701
2 11701 11702
2 11702 11703
2 11703 11700
2 11696 11700
2 11697 11701
2 11698 11702
2 11699 11703
2 11704 11705
2 11705 11706
2 11706 11707
2 11707 11704
2 11708 11709
2 11709 11710
2 11710 11711
2 11711 11708
2 11704 11708
2 11705 11709
2 11706 11710
2 11707 11711
2 11712 11713
2 11713 11714
2 11714 11715
2 11715 11712
2 11716 11717
2 11717 11718
2 11718 11719
2 11719 11716
2 11712 11716
2 11713 11717
2 11714 11718
2 11715 11719
2 11720 11721
2 11721 11722
2 11722 11723
2 11723 11720
2 11724 11725
2 11725 11726
2 11726 11727
2 11727 11724
2 11720 11724
2 11721 11725
2 11722 11726
2 11723 11727
2 11728 11729
2 11729 11730
2 11730 11731
2 11731 11728
2 11732 11733
2 11733 11734
2 11734 11735
2 11735 11732
2 11728 11732
2 11729 11733
2 11730 11734
2 11731 11735
2 11736 11737
2 11737 11738
2 11738 11739
2 11739 11736
2 11740 11741
2 11741 11742
2 11742 11743
2 11743 11740
2 11736 11740
2 11737 11741
2 11738 11742
2 11739 11743
2 11744 11745
2 11745 11746
2 11746 11747
2 11747 11744
2 11748 11749
2 11749 11750
2 11750 11751
2 11751 11748
2 11744 11748
2 11745 11749
2 11746 11750
2 11747 11751
2 11752 11753
2 11753 11754
2 11754 11755
2 11755 11752
2 11756 11757
2 11757 11758
2 11758 11759
2 11759 11756
2 11752 11756
2 11753 11757
2 11754 11758
2 11755 11759
2 11760 11761
2 11761 11762
2 11762 11763
2 11763 11760
2 11764 11765
2 11765 11766
2 11766 11767
2 11767 11764
2 11760 11764
2 11761 11765
2 11762 11766
2 11763 11767
2 11768 11769
2 11769 11770
2 11770 11771
2 11771 11768
2 11772 11773
2 11773 11774
2 11774 11775
2 11775 11772
2 11768 11772
2 11769 11773
2 11770 11774
2 11771 11775
2 11776 11777
2 11777 11778
2 11778 11779
2 11779 11776
2 11780 11781
2 11781 11782
2 11782 11783
2 11783 11780
2 11776 11780
2 11777 11781
2 11778 11782
2 11779 11783
2 11784 11785
2 11785 11786
2 11786 11787
2 11787 11784
2 11788 11789
2 11789 11790
2 11790 11791
2 11791 11788
2 11784 11788
2 11785 11789
2 11786 11790
2 11787 11791
2 11792 11793
2 11793 11794
2 11794 11795
2 11795 11792
2 11796 11797
2 11797 11798
2 11798 11799
2 11799 11796
2 11792 11796
2 11793 11797
2 11794 11798
2 11795 11799
2 11800 11801
2 11801 11802
2 11802 11803
2 11803 11800
2 11804 11805
2 11805 11806
2 11806 11807
2 11807 11804
2 11800 11804
2 11801 11805
2 11802 11806
2 11803 11807
2 11808 11809
2 11809 11810
2 11810 11811
2 11811 11808
2 11812 11813
2 11813 11814
2 11814 11815
2 11815 11812
2 11808 11812
2 11809 11813
2 11810 11814
2 11811 11815
2 11816 11817
2 11817 11818
2 11818 11819
2 11819 11816
2 11820 11821
2 11821 11822
2 11822 11823
2 11823 11820
2 11816 11820
2 11817 11821
2 11818 11822
2 11819 11823
2 11824 11825
2 11825 11826
2 11826 11827
2 11827 11824
2 11828 11829
2 11829 11830
2 11830 11831
2 11831 11828
2 11824 11828
2 11825 11829
2 11826 11830
2 11827 11831
2 11832 11833
2 11833 11834
2 11834 11835
2 11835 11832
2 11836 11837
2 11837 11838
2 11838 11839
2 11839 11836
2 11832 11836
2 11833 11837
2 11834 11838
2 11835 11839
2 11840 11841
2 11841 11842
2 11842 11843
2 11843 11840
2 11844 11845
2 11845 11846
2 11846 11847
2 11847 11844
2 11840 11844
2 11841 11845
2 11842 11846
2 11843 11847
2 11848 11849
2 11849 11850
2 11850 11851
2 11851 11848
2 11852 11853
2 11853 11854
2 11854 11855
2 11855 11852
2 11848 11852
2 11849 11853
2 11850 11854
2 11851 11855
2 11856 11857
2 11857 11858
2 11858 11859
2 11859 11856
2 11860 11861
2 11861 11862
2 11862 11863
2 11863 11860
2 11856 11860
2 11857 11861
2 11858 11862
2 11859 11863
2 11864 11865
2 11865 11866
2 11866 11867
2 11867 11864
2 11868 11869
2 11869 11870
2 11870 11871
2 11871 11868
2 11864 11868
2 11865 11869
2 11866 11870
2 11867 11871
2 11872 11873
2 11873 11874
2 11874 11875
2 11875 11872
2 11876 11877
2 11877 11878
2 11878 11879
2 11879 11876
2 11872 11876
2 11873 11877
2 11874 11878
2 11875 11879
2 11880 11881
2 11881 11882
2 11882 11883
2 11883 11880
2 11884 11885
2 11885 11886
2 11886 11887
2 11887 11884
2 11880 11884
2 11881 11885
2 11882 11886
2 11883 11887
2 11888 11889
2 11889 11890
2 11890 11891
2 11891 11888
2 11892 11893
2 11893 11894
2 11894 11895
2 11895 11892
2 11888 11892
2 11889 11893
2 11890 11894
2 11891 11895
2 11896 11897
2 11897 11898
2 11898 11899
2 11899 11896
2 11900 11901
2 11901 11902
2 11902 11903
2 11903 11900
2 11896 11900
2 11897 11901
2 11898 11902
2 11899 11903
2 11904 11905
2 11905 11906
2 11906 11907
2 11907 11904
2 11908 11909
2 11909 11910
2 11910 11911
2 11911 11908
2 11904 11908
2 11905 11909
2 11906 11910
2 11907 11911
2 11912 11913
2 11913 11914
2 11914 11915
2 11915 11912
2 11916 11917
2 11917 11918
2 11918 11919
2 11919 11916
2 11912 11916
2 11913 11917
2 11914 11918
2 11915 11919
2 11920 11921
2 11921 11922
2 11922 11923
2 11923 11920
2 11924 11925
2 11925 11926
2 11926 11927
2 11927 11924
2 11920 11924
2 11921 11925
2 11922 11926
2 11923 11927
2 11928 11929
2 11929 11930
2 11930 11931
2 11931 11928
2 11932 11933
2 11933 11934
2 11934 11935
2 11935 11932
2 11928 11932
2 11929 11933
2 11930 11934
2 11931 11935
2 11936 11937
2 11937 11938
2 11938 11939
2 11939 11936
2 11940 11941
2 11941 11942
2 11942 11943
2 11943 11940
2 11936 11940
2 11937 11941
2 11938 11942
2 11939 11943
2 11944 11945
2 11945 11946
2 11946 11947
2 11947 11944
2 11948 11949
2 11949 11950
2 11950 11951
2 11951 11948
2 11944 11948
2 11945 11949
2 11946 11950
2 11947 11951
2 11952 11953
2 11953 11954
2 11954 11955
2 11955 11952
2 11956 11957
2 11957 11958
2 11958 11959
2 11959 11956
2 11952 11956
2 11953 11957
2 11954 11958
2 11955 11959
2 11960 11961
2 11961 11962
2 11962 11963
2 11963 11960
2 11964 11965
2 11965 11966
2 11966 11967
2 11967 11964
2 11960 11964
2 11961 11965
2 11962 11966
2 11963 11967
2 11968 11969
2 11969 11970
2 11970 11971
2 11971 11968
2 11972 11973
2 11973 11974
2 11974 11975
2 11975 11972
2 11968 11972
2 11969 11973
2 11970 11974
2 11971 11975
2 11976 11977
2 11977 11978
2 11978 11979
2 11979 11976
2 11980 11981
2 11981 11982
2 11982 11983
2 11983 11980
2 11976 11980
2 11977 11981
2 11978 11982
2 11979 11983
2 11984 11985
2 11985 11986
2 11986 11987
2 11987 11984
2 11988 11989
2 11989 11990
2 11990 11991
2 11991 11988
2 11984 11988
2 11985 11989
2 11986 11990
2 11987 11991
2 11992 11993
2 11993 11994
2 11994 11995
2 11995 11992
2 11996 11997
2 11997 11998
2 11998 11999
2 11999 11996
2 11992 11996
2 11993 11997
2 11994 11998
2 11995 11999
2 12000 12001
2 12001 12002
2 12002 12003
2 12003 12000
2 12004 12005
2 12005 12006
2 12006 12007
2 12007 12004
2 12000 12004
2 12001 12005
2 12002 12006
2 12003 12007
2 12008 12009
2 12009 12010
2 12010 12011
2 12011 12008
2 12012 12013
2 12013 12014
2 12014 12015
2 12015 12012
2 12008 12012
2 12009 12013
2 12010 12014
2 12011 12015
2 12016 12017
2 12017 12018
2 12018 12019
2 12019 12016
2 12020 12021
2 12021 12022
2 12022 12023
2 12023 12020
2 12016 12020
2 12017 12021
2 12018 12022
2 12019 12023
2 12024 12025
2 12025 12026
2 12026 12027
2 12027 12024
2 12028 12029
2 12029 12030
2 12030 12031
2 12031 12028
2 12024 12028
2 12025 12029
2 12026 12030
2 12027 12031
2 12032 12033
2 12033 12034
2 12034 12035
2 12035 12032
2 12036 12037
2 12037 12038
2 12038 12039
2 12039 12036
2 12032 12036
2 12033 12037
2 12034 12038
2 12035 12039
2 12040 12041
2 12041 12042
2 12042 12043
2 12043 12040
2 12044 12045
2 12045 12046
2 12046 12047
2 12047 12044
2 12040 12044
2 12041 12045
2 12042 12046
2 12043 12047
2 12048 12049
2 12049 12050
2 12050 12051
2 12051 12048
2 12052 12053
2 12053 12054
2 12054 12055
2 12055 12052
2 12048 12052
2 12049 12053
2 12050 12054
2 12051 12055
2 12056 12057
2 12057 12058
2 12058 12059
2 12059 12056
2 12060 12061
2 12061 12062
2 12062 12063
2 12063 12060
2 12056 12060
2 12057 12061
2 12058 12062
2 12059 12063
2 12064 12065
2 12065 12066
2 12066 12067
2 12067 12064
2 12068 12069
2 12069 12070
2 12070 12071
2 12071 12068
2 12064 12068
2 12065 12069
2 12066 12070
2 12067 12071
2 12072 12073
2 12073 12074
2 12074 12075
2 12075 12072
2 12076 12077
2 12077 12078
2 12078 12079
2 12079 12076
2 12072 12076
2 12073 12077
2 12074 12078
2 12075 12079
2 12080 12081
2 12081 12082
2 12082 12083
2 12083 12080
2 12084 12085
2 12085 12086
2 12086 12087
2 12087 12084
2 12080 12084
2 12081 12085
2 12082 12086
2 12083 12087
2 12088 12089
2 12089 12090
2 12090 12091
2 12091 12088
2 12092 12093
2 12093 12094
2 12094 12095
2 12095 12092
2 12088 12092
2 12089 12093
2 12090 12094
2 12091 12095
2 12096 12097
2 12097 12098
2 12098 12099
2 12099 12096
2 12100 12101
2 12101 12102
2 12102 12103
2 12103 12100
2 12096 12100
2 12097 12101
2 12098 12102
2 12099 12103
2 12104 12105
2 12105 12106
2 12106 12107
2 12107 12104
2 12108 12109
2 12109 12110
2 12110 12111
2 12111 12108
2 12104 12108
2 12105 12109
2 12106 12110
2 12107 12111
2 12112 12113
2 12113 12114
2 12114 12115
2 12115 12112
2 12116 12117
2 12117 12118
2 12118 12119
2 12119 12116
2 12112 12116
2 12113 12117
2 12114 12118
2 12115 12119
2 12120 12121
2 12121 12122
2 12122 12123
2 12123 12120
2 12124 12125
2 12125 12126
2 12126 12127
2 12127 12124
2 12120 12124
2 12121 12125
2 12122 12126
2 12123 12127
2 12128 12129
2 12129 12130
2 12130 12131
2 12131 12128
2 12132 12133
2 12133 12134
2 12134 12135
2 12135 12132
2 12128 12132
2 12129 12133
2 12130 12134
2 12131 12135
2 12136 12137
2 12137 12138
2 12138 12139
2 12139 12136
2 12140 12141
2 12141 12142
2 12142 12143
2 12143 12140
2 12136 12140
2 12137 12141
2 12138 12142
2 12139 12143
2 12144 12145
2 12145 12146
2 12146 12147
2 12147 12144
2 12148 12149
2 12149 12150
2 12150 12151
2 12151 12148
2 12144 12148
2 12145 12149
2 12146 12150
2 12147 12151
2 12152 12153
2 12153 12154
2 12154 12155
2 12155 12152
2 12156 12157
2 12157 12158
2 12158 12159
2 12159 12156
2 12152 12156
2 12153 12157
2 12154 12158
2 12155 12159
2 12160 12161
2 12161 12162
2 12162 12163
2 12163 12160
2 12164 12165
2 12165 12166
2 12166 12167
2 12167 12164
2 12160 12164
2 12161 12165
2 12162 12166
2 12163 12167
2 12168 12169
2 12169 12170
2 12170 12171
2 12171 12168
2 12172 12173
2 12173 12174
2 12174 12175
2 12175 12172
2 12168 12172
2 12169 12173
2 12170 12174
2 12171 12175
2 12176 12177
2 12177 12178
2 12178 12179
2 12179 12176
2 12180 12181
2 12181 12182
2 12182 12183
2 12183 12180
2 12176 12180
2 12177 12181
2 12178 12182
2 12179 12183
2 12184 12185
2 12185 12186
2 12186 12187
2 12187 12184
2 12188 12189
2 12189 12190
2 12190 12191
2 12191 12188
2 12184 12188
2 12185 12189
2 12186 12190
2 12187 12191
2 12192 12193
2 12193 12194
2 12194 12195
2 12195 12192
2 12196 12197
2 12197 12198
2 12198 12199
2 12199 12196
2 12192 12196
2 12193 12197
2 12194 12198
2 12195 12199
2 12200 12201
2 12201 12202
2 12202 12203
2 12203 12200
2 12204 12205
2 12205 12206
2 12206 12207
2 12207 12204
2 12200 12204
2 12201 12205
2 12202 12206
2 12203 12207
2 12208 12209
2 12209 12210
2 12210 12211
2 12211 12208
2 12212 12213
2 12213 12214
2 12214 12215
2 12215 12212
2 12208 12212
2 12209 12213
2 12210 12214
2 12211 12215
2 12216 12217
2 12217 12218
2 12218 12219
2 12219 12216
2 12220 12221
2 12221 12222
2 12222 12223
2 12223 12220
2 12216 12220
2 12217 12221
2 12218 12222
2 12219 12223
2 12224 12225
2 12225 12226
2 12226 12227
2 12227 12224
2 12228 12229
2 12229 12230
2 12230 12231
2 12231 12228
2 12224 12228
2 12225 12229
2 12226 12230
2 12227 12231
2 12232 12233
2 12233 12234
2 12234 12235
2 12235 12232
2 12236 12237
2 12237 12238
2 12238 12239
2 12239 12236
2 12232 12236
2 12233 12237
2 12234 12238
2 12235 12239
2 12240 12241
2 12241 12242
2 12242 12243
2 12243 12240
2 12244 12245
2 12245 12246
2 12246 12247
2 12247 12244
2 12240 12244
2 12241 12245
2 12242 12246
2 12243 12247
2 12248 12249
2 12249 12250
2 12250 12251
2 12251 12248
2 12252 12253
2 12253 12254
2 12254 12255
2 12255 12252
2 12248 12252
2 12249 12253
2 12250 12254
2 12251 12255
2 12256 12257
2 12257 12258
2 12258 12259
2 12259 12256
2 12260 12261
2 12261 12262
2 12262 12263
2 12263 12260
2 12256 12260
2 12257 12261
2 12258 12262
2 12259 12263
2 12264 12265
2 12265 12266
2 12266 12267
2 12267 12264
2 12268 12269
2 12269 12270
2 12270 12271
2 12271 12268
2 12264 12268
2 12265 12269
2 12266 12270
2 12267 12271
2 12272 12273
2 12273 12274
2 12274 12275
2 12275 12272
2 12276 12277
2 12277 12278
2 12278 12279
2 12279 12276
2 12272 12276
2 12273 12277
2 12274 12278
2 12275 12279
2 12280 12281
2 12281 12282
2 12282 12283
2 12283 12280
2 12284 12285
2 12285 12286
2 12286 12287
2 12287 12284
2 12280 12284
2 12281 12285
2 12282 12286
2 12283 12287
2 12288 12289
2 12289 12290
2 12290 12291
2 12291 12288
2 12292 12293
2 12293 12294
2 12294 12295
2 12295 12292
2 12288 12292
2 12289 12293
2 12290 12294
2 12291 12295
2 12296 12297
2 12297 12298
2 12298 12299
2 12299 12296
2 12300 12301
2 12301 12302
2 12302 12303
2 12303 12300
2 12296 12300
2 12297 12301
2 12298 12302
2 12299 12303
2 12304 12305
2 12305 12306
2 12306 12307
2 12307 12304
2 12308 12309
2 12309 12310
2 12310 12311
2 12311 12308
2 12304 12308
2 12305 12309
2 12306 12310
2 12307 12311
2 12312 12313
2 12313 12314
2 12314 12315
2 12315 12312
2 12316 12317
2 12317 12318
2 12318 12319
2 12319 12316
2 12312 12316
2 12313 12317
2 12314 12318
2 12315 12319
2 12320 12321
2 12321 12322
2 12322 12323
2 12323 12320
2 12324 12325
2 12325 12326
2 12326 12327
2 12327 12324
2 12320 12324
2 12321 12325
2 12322 12326
2 12323 12327
2 12328 12329
2 12329 12330
2 12330 12331
2 12331 12328
2 12332 12333
2 12333 12334
2 12334 12335
2 12335 12332
2 12328 12332
2 12329 12333
2 12330 12334
2 12331 12335
2 12336 12337
2 12337 12338
2 12338 12339
2 12339 12336
2 12340 12341
2 12341 12342
2 12342 12343
2 12343 12340
2 12336 12340
2 12337 12341
2 12338 12342
2 12339 12343
2 12344 12345
2 12345 12346
2 12346 12347
2 12347 12344
2 12348 12349
2 12349 12350
2 12350 12351
2 12351 12348
2 12344 12348
2 12345 12349
2 12346 12350
2 12347 12351
2 12352 12353
2 12353 12354
2 12354 12355
2 12355 12352
2 12356 12357
2 12357 12358
2 12358 12359
2 12359 12356
2 12352 12356
2 12353 12357
2 12354 12358
2 12355 12359
2 12360 12361
2 12361 12362
2 12362 12363
2 12363 12360
2 12364 12365
2 12365 12366
2 12366 12367
2 12367 12364
2 12360 12364
2 12361 12365
2 12362 12366
2 12363 12367
2 12368 12369
2 12369 12370
2 12370 12371
2 12371 12368
2 12372 12373
2 12373 12374
2 12374 12375
2 12375 12372
2 12368 12372
2 12369 12373
2 12370 12374
2 12371 12375
2 12376 12377
2 12377 12378
2 12378 12379
2 12379 12376
2 12380 12381
2 12381 12382
2 12382 12383
2 12383 12380
2 12376 12380
2 12377 12381
2 12378 12382
2 12379 12383
2 12384 12385
2 12385 12386
2 12386 12387
2 12387 12384
2 12388 12389
2 12389 12390
2 12390 12391
2 12391 12388
2 12384 12388
2 12385 12389
2 12386 12390
2 12387 12391
2 12392 12393
2 12393 12394
2 12394 12395
2 12395 12392
2 12396 12397
2 12397 12398
2 12398 12399
2 12399 12396
2 12392 12396
2 12393 12397
2 12394 12398
2 12395 12399
2 12400 12401
2 12401 12402
2 12402 12403
2 12403 12400
2 12404 12405
2 12405 12406
2 12406 12407
2 12407 12404
2 12400 12404
2 12401 12405
2 12402 12406
2 12403 12407
2 12408 12409
2 12409 12410
2 12410 12411
2 12411 12408
2 12412 12413
2 12413 12414
2 12414 12415
2 12415 12412
2 12408 12412
2 12409 12413
2 12410 12414
2 12411 12415
2 12416 12417
2 12417 12418
2 12418 12419
2 12419 12416
2 12420 12421
2 12421 12422
2 12422 12423
2 12423 12420
2 12416 12420
2 12417 12421
2 12418 12422
2 12419 12423
2 12424 12425
2 12425 12426
2 12426 12427
2 12427 12424
2 12428 12429
2 12429 12430
2 12430 12431
2 12431 12428
2 12424 12428
2 12425 12429
2 12426 12430
2 12427 12431
2 12432 12433
2 12433 12434
2 12434 12435
2 12435 12432
2 12436 12437
2 12437 12438
2 12438 12439
2 12439 12436
2 12432 12436
2 12433 12437
2 12434 12438
2 12435 12439
2 12440 12441
2 12441 12442
2 12442 12443
2 12443 12440
2 12444 12445
2 12445 12446
2 12446 12447
2 12447 12444
2 12440 12444
2 12441 12445
2 12442 12446
2 12443 12447
2 12448 12449
2 12449 12450
2 12450 12451
2 12451 12448
2 12452 12453
2 12453 12454
2 12454 12455
2 12455 12452
2 12448 12452
2 12449 12453
2 12450 12454
2 12451 12455
2 12456 12457
2 12457 12458
2 12458 12459
2 12459 12456
2 12460 12461
2 12461 12462
2 12462 12463
2 12463 12460
2 12456 12460
2 12457 12461
2 12458 12462
2 12459 12463
2 12464 12465
2 12465 12466
2 12466 12467
2 12467 12464
2 12468 12469
2 12469 12470
2 12470 12471
2 12471 12468
2 12464 12468
2 12465 12469
2 12466 12470
2 12467 12471
2 12472 12473
2 12473 12474
2 12474 12475
2 12475 12472
2 12476 12477
2 12477 12478
2 12478 12479
2 12479 12476
2 12472 12476
2 12473 12477
2 12474 12478
2 12475 12479
2 12480 12481
2 12481 12482
2 12482 12483
2 12483 12480
2 12484 12485
2 12485 12486
2 12486 12487
2 12487 12484
2 12480 12484
2 12481 12485
2 12482 12486
2 12483 12487
2 12488 12489
2 12489 12490
2 12490 12491
2 12491 12488
2 12492 12493
2 12493 12494
2 12494 12495
2 12495 12492
2 12488 12492
2 12489 12493
2 12490 12494
2 12491 12495
2 12496 12497
2 12497 12498
2 12498 12499
2 12499 12496
2 12500 12501
2 12501 12502
2 12502 12503
2 12503 12500
2 12496 12500
2 12497 12501
2 12498 12502
2 12499 12503
2 12504 12505
2 12505 12506
2 12506 12507
2 12507 12504
2 12508 12509
2 12509 12510
2 12510 12511
2 12511 12508
2 12504 12508
2 12505 12509
2 12506 12510
2 12507 12511
2 12512 12513
2 12513 12514
2 12514 12515
2 12515 12512
2 12516 12517
2 12517 12518
2 12518 12519
2 12519 12516
2 12512 12516
2 12513 12517
2 12514 12518
2 12515 12519
2 12520 12521
2 12521 12522
2 12522 12523
2 12523 12520
2 12524 12525
2 12525 12526
2 12526 12527
2 12527 12524
2 12520 12524
2 12521 12525
2 12522 12526
2 12523 12527
2 12528 12529
2 12529 12530
2 12530 12531
2 12531 12528
2 12532 12533
2 12533 12534
2 12534 12535
2 12535 12532
2 12528 12532
2 12529 12533
2 12530 12534
2 12531 12535
2 12536 12537
2 12537 12538
2 12538 12539
2 12539 12536
2 12540 12541
2 12541 12542
2 12542 12543
2 12543 12540
2 12536 12540
2 12537 12541
2 12538 12542
2 12539 12543
2 12544 12545
2 12545 12546
2 12546 12547
2 12547 12544
2 12548 12549
2 12549 12550
2 12550 12551
2 12551 12548
2 12544 12548
2 12545 12549
2 12546 12550
2 12547 12551
2 12552 12553
2 12553 12554
2 12554 12555
2 12555 12552
2 12556 12557
2 12557 12558
2 12558 12559
2 12559 12556
2 12552 12556
2 12553 12557
2 12554 12558
2 12555 12559
2 12560 12561
2 12561 12562
2 12562 12563
2 12563 12560
2 12564 12565
2 12565 12566
2 12566 12567
2 12567 12564
2 12560 12564
2 12561 12565
2 12562 12566
2 12563 12567
2 12568 12569
2 12569 12570
2 12570 12571
2 12571 12568
2 12572 12573
2 12573 12574
2 12574 12575
2 12575 12572
2 12568 12572
2 12569 12573
2 12570 12574
2 12571 12575
2 12576 12577
2 12577 12578
2 12578 12579
2 12579 12576
2 12580 12581
2 12581 12582
2 12582 12583
2 12583 12580
2 12576 12580
2 12577 12581
2 12578 12582
2 12579 12583
2 12584 12585
2 12585 12586
2 12586 12587
2 12587 12584
2 12588 12589
2 12589 12590
2 12590 12591
2 12591 12588
2 12584 12588
2 12585 12589
2 12586 12590
2 12587 12591
2 12592 12593
2 12593 12594
2 12594 12595
2 12595 12592
2 12596 12597
2 12597 12598
2 12598 12599
2 12599 12596
2 12592 12596
2 12593 12597
2 12594 12598
2 12595 12599
2 12600 12601
2 12601 12602
2 12602 12603
2 12603 12600
2 12604 12605
2 12605 12606
2 12606 12607
2 12607 12604
2 12600 12604
2 12601 12605
2 12602 12606
2 12603 12607
2 12608 12609
2 12609 12610
2 12610 12611
2 12611 12608
2 12612 12613
2 12613 12614
2 12614 12615
2 12615 12612
2 12608 12612
2 12609 12613
2 12610 12614
2 12611 12615
2 12616 12617
2 12617 12618
2 12618 12619
2 12619 12616
2 12620 12621
2 12621 12622
2 12622 12623
2 12623 12620
2 12616 12620
2 12617 12621
2 12618 12622
2 12619 12623
2 12624 12625
2 12625 12626
2 12626 12627
2 12627 12624
2 12628 12629
2 12629 12630
2 12630 12631
2 12631 12628
2 12624 12628
2 12625 12629
2 12626 12630
2 12627 12631
2 12632 12633
2 12633 12634
2 12634 12635
2 12635 12632
2 12636 12637
2 12637 12638
2 12638 12639
2 12639 12636
2 12632 12636
2 12633 12637
2 12634 12638
2 12635 12639
2 12640 12641
2 12641 12642
2 12642 12643
2 12643 12640
2 12644 12645
2 12645 12646
2 12646 12647
2 12647 12644
2 12640 12644
2 12641 12645
2 12642 12646
2 12643 12647
2 12648 12649
2 12649 12650
2 12650 12651
2 12651 12648
2 12652 12653
2 12653 12654
2 12654 12655
2 12655 12652
2 12648 12652
2 12649 12653
2 12650 12654
2 12651 12655
2 12656 12657
2 12657 12658
2 12658 12659
2 12659 12656
2 12660 12661
2 12661 12662
2 12662 12663
2 12663 12660
2 12656 12660
2 12657 12661
2 12658 12662
2 12659 12663
2 12664 12665
2 12665 12666
2 12666 12667
2 12667 12664
2 12668 12669
2 12669 12670
2 12670 12671
2 12671 12668
2 12664 12668
2 12665 12669
2 12666 12670
2 12667 12671
2 12672 12673
2 12673 12674
2 12674 12675
2 12675 12672
2 12676 12677
2 12677 12678
2 12678 12679
2 12679 12676
2 12672 12676
2 12673 12677
2 12674 12678
2 12675 12679
2 12680 12681
2 12681 12682
2 12682 12683
2 12683 12680
2 12684 12685
2 12685 12686
2 12686 12687
2 12687 12684
2 12680 12684
2 12681 12685
2 12682 12686
2 12683 12687
2 12688 12689
2 12689 12690
2 12690 12691
2 12691 12688
2 12692 12693
2 12693 12694
2 12694 12695
2 12695 12692
2 12688 12692
2 12689 12693
2 12690 12694
2 12691 12695
2 12696 12697
2 12697 12698
2 12698 12699
2 12699 12696
2 12700 12701
2 12701 12702
2 12702 12703
2 12703 12700
2 12696 12700
2 12697 12701
2 12698 12702
2 12699 12703
2 12704 12705
2 12705 12706
2 12706 12707
2 12707 12704
2 12708 12709
2 12709 12710
2 12710 12711
2 12711 12708
2 12704 12708
2 12705 12709
2 12706 12710
2 12707 12711
2 12712 12713
2 12713 12714
2 12714 12715
2 12715 12712
2 12716 12717
2 12717 12718
2 12718 12719
2 12719 12716
2 12712 12716
2 12713 12717
2 12714 12718
2 12715 12719
2 12720 12721
2 12721 12722
2 12722 12723
2 12723 12720
2 12724 12725
2 12725 12726
2 12726 12727
2 12727 12724
2 12720 12724
2 12721 12725
2 12722 12726
2 12723 12727
2 12728 12729
2 12729 12730
2 12730 12731
2 12731 12728
2 12732 12733
2 12733 12734
2 12734 12735
2 12735 12732
2 12728 12732
2 12729 12733
2 12730 12734
2 12731 12735
2 12736 12737
2 12737 12738
2 12738 12739
2 12739 12736
2 12740 12741
2 12741 12742
2 12742 12743
2 12743 12740
2 12736 12740
2 12737 12741
2 12738 12742
2 12739 12743
2 12744 12745
2 12745 12746
2 12746 12747
2 12747 12744
2 12748 12749
2 12749 12750
2 12750 12751
2 12751 12748
2 12744 12748
2 12745 12749
2 12746 12750
2 12747 12751
2 12752 12753
2 12753 12754
2 12754 12755
2 12755 12752
2 12756 12757
2 12757 12758
2 12758 12759
2 12759 12756
2 12752 12756
2 12753 12757
2 12754 12758
2 12755 12759
2 12760 12761
2 12761 12762
2 12762 12763
2 12763 12760
2 12764 12765
2 12765 12766
2 12766 12767
2 12767 12764
2 12760 12764
2 12761 12765
2 12762 12766
2 12763 12767
2 12768 12769
2 12769 12770
2 12770 12771
2 12771 12768
2 12772 12773
2 12773 12774
2 12774 12775
2 12775 12772
2 12768 12772
2 12769 12773
2 12770 12774
2 12771 12775
2 12776 12777
2 12777 12778
2 12778 12779
2 12779 12776
2 12780 12781
2 12781 12782
2 12782 12783
2 12783 12780
2 12776 12780
2 12777 12781
2 12778 12782
2 12779 12783
2 12784 12785
2 12785 12786
2 12786 12787
2 12787 12784
2 12788 12789
2 12789 12790
2 12790 12791
2 12791 12788
2 12784 12788
2 12785 12789
2 12786 12790
2 12787 12791
2 12792 12793
2 12793 12794
2 12794 12795
2 12795 12792
2 12796 12797
2 12797 12798
2 12798 12799
2 12799 12796
2 12792 12796
2 12793 12797
2 12794 12798
2 12795 12799
2 12800 12801
2 12802 12803
2 12804 12805
2 12806 12807
2 12808 12809
2 12810 12811
2 12812 12813
2 12814 12815
2 12816 12817
2 12818 12819
2 12820 12821
2 12822 12823
2 12824 12825
2 12826 12827
2 12828 12829
2 12830 12831
2 12832 12833
2 12834 12835
2 12836 12837
2 12838 12839
2 12840 12841
2 12842 12843
2 12844 12845
2 12846 12847
2 12848 12849
2 12850 12851
2 12852 12853
2 12854 12855
2 12856 12857
2 12858 12859
2 12860 12861
2 12862 12863
2 12864 12865
2 12866 12867
2 12868 12869
2 12870 12871
2 12872 12873
2 12874 12875
2 12876 12877
2 12878 12879
2 12880 12881
2 12882 12883
2 12884 12885
2 12886 12887
2 12888 12889
2 12890 12891
2 12892 12893
2 12894 12895
2 12896 12897
2 12898 12899
2 12900 12901
2 12902 12903
2 12904 12905
2 12906 12907
2 12908 12909
2 12910 12911
2 12912 12913
2 12914 12915
2 12916 12917
2 12918 12919
2 12920 12921
2 12922 12923
2 12924 12925
2 12926 12927
2 12928 12929
2 12930 12931
2 12932 12933
2 12934 12935
2 12936 12937
2 12938 12939
2 12940 12941
2 12942 12943
2 12944 12945
2 12946 12947
2 12948 12949
2 12950 12951
2 12952 12953
2 12954 12955
2 12956 12957
2 12958 12959
2 12960 12961
2 12962 12963
2 12964 12965
2 12966 12967
2 12968 12969
2 12970 12971
2 12972 12973
2 12974 12975
2 12976 12977
2 12978 12979
2 12980 12981
2 12982 12983
2 12984 12985
2 12986 12987
2 12988 12989
2 12990 12991
2 12992 12993
2 12994 12995
2 12996 12997
2 12998 12999
2 13000 13001
2 13002 13003
2 13004 13005
2 13006 13007
2 13008 13009
2 13010 13011
2 13012 13013
2 13014 13015
2 13016 13017
2 13018 13019
2 13020 13021
2 13022 13023
2 13024 13025
2 13026 13027
2 13028 13029
2 13030 13031
2 13032 13033
2 13034 13035
2 13036 13037
2 13038 13039
2 13040 13041
2 13042 13043
2 13044 13045
2 13046 13047
2 13048 13049
2 13050 13051
2 13052 13053
2 13054 13055
2 13056 13057
2 13058 13059
2 13060 13061
2 13062 13063
2 13064 13065
2 13066 13067
2 13068 13069
2 13070 13071
2 13072 13073
2 13074 13075
2 13076 13077
2 13078 13079
2 13080 13081
2 13082 13083
2 13084 13085
2 13086 13087
2 13088 13089
2 13090 13091
2 13092 13093
2 13094 13095
2 13096 13097
2 13098 13099
2 13100 13101
2 13102 13103
2 13104 13105
2 13106 13107
2 13108 13109
2 13110 13111
2 13112 13113
2 13114 13115
2 13116 13117
2 13118 13119
2 13120 13121
2 13122 13123
2 13124 13125
2 13126 13127
2 13128 13129
2 13130 13131
2 13132 13133
2 13134 13135
2 13136 13137
2 13138 13139
2 13140 13141
2 13142 13143
2 13144 13145
2 13146 13147
2 13148 13149
2 13150 13151
2 13152 13153
2 13154 13155
2 13156 13157
2 13158 13159
2 13160 13161
2 13162 13163
2 13164 13165
2 13166 13167
2 13168 13169
2 13170 13171
2 13172 13173
2 13174 13175
2 13176 13177
2 13178 13179
2 13180 13181
2 13182 13183
2 13184 13185
2 13186 13187
2 13188 13189
2 13190 13191
2 13192 13193
2 13194 13195
2 13196 13197
2 13198 13199
2 13200 13201
2 13202 13203
2 13204 13205
2 13206 13207
2 13208 13209
2 13210 13211
2 13212 13213
2 13214 13215
2 13216 13217
2 13218 13219
2 13220 13221
2 13222 13223
2 13224 13225
2 13226 13227
2 13228 13229
2 13230 13231
2 13232 13233
2 13234 13235
2 13236 13237
2 13238 13239
2 13240 13241
2 13242 13243
2 13244 13245
2 13246 13247
2 13248 13249
2 13250 13251
2 13252 13253
2 13254 13255
2 13256 13257
2 13258 13259
2 13260 13261
2 13262 13263
2 13264 13265
2 13266 13267
2 13268 13269
2 13270 13271
2 13272 13273
2 13274 13275
2 13276 13277
2 13278 13279
2 13280 13281
2 13282 13283
2 13284 13285
2 13286 13287
2 13288 13289
2 13290 13291
2 13292 13293
2 13294 13295
2 13296 13297
2 13298 13299
2 13300 13301
2 13302 13303
2 13304 13305
2 13306 13307
2 13308 13309
2 13310 13311
2 13312 13313
2 13314 13315
2 13316 13317
2 13318 13319
2 13320 13321
2 13322 13323
2 13324 13325
2 13326 13327
2 13328 13329
2 13330 13331
2 13332 13333
2 13334 13335
2 13336 13337
2 13338 13339
2 13340 13341
2 13342 13343
2 13344 13345
2 13346 13347
2 13348 13349
2 13350 13351
2 13352 13353
2 13354 13355
2 13356 13357
2 13358 13359
2 13360 13361
2 13362 13363
2 13364 13365
2 13366 13367
2 13368 13369
2 13370 13371
2 13372 13373
2 13374 13375
2 13376 13377
2 13378 13379
2 13380 13381
2 13382 13383
2 13384 13385
2 13386 13387
2 13388 13389
2 13390 13391
2 13392 13393
2 13394 13395
2 13396 13397
2 13398 13399
2 13400 13401
2 13402 13403
2 13404 13405
2 13406 13407
2 13408 13409
2 13410 13411
2 13412 13413
2 13414 13415
2 13416 13417
2 13418 13419
2 13420 13421
2 13422 13423
2 13424 13425
2 13426 13427
2 13428 13429
2 13430 13431
2 13432 13433
2 13434 13435
2 13436 13437
2 13438 13439
CELL_DATA 19520
SCALARS host_volume_fraction float 1
LOOKUP_TABLE default
0.785398163397
0.785398163397
0.785398163397
0.785398163397
0.785398163397
0.785398163397
0.785398163397
0.785398163397
0.785398163397
0.785398163397
0.785398163397
0.785398163397
0.785398163397
0.785398163397
0.785398163397
0.785398163397
0.785398163397
0.785398163397
0.785398163397
0.785398163397
0.785398163397
0.785398163397
0.785398163397
0.785398163397
0.785398163397
0.785398163397
0.785398163397
0.785398163397
0.785398163397
0.785398163397
0.785398163397
0.785398163397
0.785398163397
0.785398163397
0.785398163397
0.785398163397
0.785398163397
0.785398163397
0.785398163397
0.785398163397
0.785398163397
0.785398163397
0.785398163397
0.785398163397
0.785398163397
0.785398163397
0.785398163397
0.785398163397
0.785398163397
0.785398163397
0.785398163397
0.785398163397
0.785398163397
0.785398163397
0.785398163397
0.785398163397
0.785398163397
0.785398163397
0.785398163397
0.785398163397
0.785398163397
0.785398163397
0.785398163397
0.785398163397
0.785398163397
0.785398163397
0.785398163397
0.785398163397
0.785398163397
0.785398163397
0.785398163397
0.785398163397
0.785398163397
0.785398163397
0.785398163397
0.785398163397
0.785398163397
0.785398163397
0.785398163397
0.785398163397
0.785398163397
0.785398163397
0.785398163397
0.785398163397
0.785398163397
0.785398163397
0.785398163397
0.785398163397
0.785398163397
0.785398163397
0.785398163397
0.785398163397
0.785398163397
0.785398163397
0.785398163397
0.785398163397
0.785398163397
0.785398163397
0.785398163397
0.785398163397
0.785398163397
0.785398163397
0.785398163397
0.785398163397
0.785398163397
0.785398163397
0.785398163397
0.785398163397
0.785398163397
0.785398163397
0.785398163397
0.785398163397
0.785398163397
0.785398163397
0.785398163397
0.785398163397
0.785398163397
0.785398163397
0.785398163397
0.785398163397
0.785398163397
0.785398163397
0.785398163397
0.785398163397
0.785398163397
0.785398163397
0.785398163397
0.785398163397
0.785398163397
0.785398163397
0.785398163397
0.785398163397
0.785398163397
0.785398163397
0.785398163397
0.785398163397
0.785398163397
0.785398163397
0.785398163397
0.785398163397
0.785398163397
0.785398163397
0.785398163397
0.785398163397
0.785398163397
0.785398163397
0.785398163397
0.785398163397
0.785398163397
0.785398163397
0.785398163397
0.785398163397
0.785398163397
0.785398163397
0.785398163397
0.785398163397
0.785398163397
0.785398163397
0.785398163397
0.785398163397
0.785398163397
0.785398163397
0.785398163397
0.785398163397
0.785398163397
0.785398163397
0.785398163397
0.785398163397
0.785398163397
0.785398163397
0.785398163397
0.785398163397
0.785398163397
0.785398163397
0.785398163397
0.785398163397
0.785398163397
0.785398163397
0.785398163397
0.785398163397
0.785398163397
0.785398163397
0.785398163397
0.785398163397
0.785398163397
0.785398163397
0.785398163397
0.785398163397
0.785398163397
0.785398163397
0.785398163397
0.785398163397
0.785398163397
0.785398163397
0.785398163397
0.785398163397
0.785398163397
0.785398163397
0.785398163397
0.785398163397
0.785398163397
0.785398163397
0.785398163397
0.785398163397
0.785398163397
0.785398163397
0.785398163397
0.785398163397
0.785398163397
0.785398163397
0.785398163397
0.785398163397
0.785398163397
0.785398163397
0.785398163397
0.785398163397
0.785398163397
0.785398163397
0.785398163397
0.785398163397
0.785398163397
0.785398163397
0.785398163397
0.785398163397
0.785398163397
0.785398163397
0.785398163397
0.785398163397
0.785398163397
0.785398163397
0.785398163397
0.785398163397
0.785398163397
0.785398163397
0.785398163397
0.785398163397
0.785398163397
0.785398163397
0.785398163397
0.785398163397
0.785398163397
0.785398163397
0.785398163397
0.785398163397
0.785398163397
0.785398163397
0.785398163397
0.785398163397
0.785398163397
0.785398163397
0.785398163397
0.785398163397
0.785398163397
0.785398163397
0.785398163397
0.785398163397
0.785398163397
0.785398163397
0.785398163397
0.785398163397
0.785398163397
0.785398163397
0.785398163397
0.785398163397
0.785398163397
0.785398163397
0.785398163397
0.785398163397
0.785398163397
0.785398163397
0.785398163397
0.785398163397
0.785398163397
0.785398163397
0.785398163397
0.785398163397
0.785398163397
0.785398163397
0.785398163397
0.785398163397
0.785398163397
0.785398163397
0.785398163397
0.785398163397
0.785398163397
0.785398163397
0.785398163397
0.785398163397
0.785398163397
0.785398163397
0.785398163397
0.785398163397
0.785398163397
0.785398163397
0.785398163397
0.785398163397
0.785398163397
0.785398163397
0.785398163397
0.785398163397
0.785398163397
0.785398163397
0.785398163397
0.785398163397
0.785398163397
0.785398163397
0.785398163397
0.785398163397
0.785398163397
0.785398163397
0.785398163397
0.785398163397
0.785398163397
0.785398163397
0.785398163397
0.785398163397
0.785398163397
0.785398163397
0.785398163397
0.785398163397
0.785398163397
0.785398163397
0.785398163397
0.785398163397
0.785398163397
0.785398163397
0.785398163397
0.785398163397
0.785398163397
0.785398163397
0.785398163397
0.785398163397
0.785398163397
0.785398163397
0.785398163397
0.785398163397
0.785398163397
0.785398163397
0.785398163397
0.785398163397
0.785398163397
0.785398163397
0.785398163397
0.785398163397
0.785398163397
0.785398163397
0.785398163397
0.785398163397
0.785398163397
0.785398163397
0.785398163397
0.785398163397
0.785398163397
0.785398163397
0.785398163397
0.785398163397
0.785398163397
0.785398163397
0.785398163397
0.785398163397
0.785398163397
0.785398163397
0.785398163397
0.785398163397
0.785398163397
0.785398163397
0.785398163397
0.785398163397
0.785398163397
0.785398163397
0.785398163397
0.785398163397
0.785398163397
0.785398163397
0.785398163397
0.785398163397
0.785398163397
0.785398163397
0.785398163397
0.785398163397
0.785398163397
0.785398163397
0.785398163397
0.785398163397
0.785398163397
0.785398163397
0.785398163397
0.785398163397
0.785398163397
0.785398163397
0.785398163397
0.785398163397
0.785398163397
0.785398163397
0.785398163397
0.785398163397
0.785398163397
0.785398163397
0.785398163397
0.785398163397
0.785398163397
0.785398163397
0.785398163397
0.785398163397
0.785398163397
0.785398163397
0.785398163397
0.785398163397
0.785398163397
0.785398163397
0.785398163397
0.785398163397
0.785398163397
0.785398163397
0.785398163397
0.785398163397
0.785398163397
0.785398163397
0.785398163397
0.785398163397
0.785398163397
0.785398163397
0.785398163397
0.785398163397
0.785398163397
0.785398163397
0.785398163397
0.785398163397
0.785398163397
0.785398163397
0.785398163397
0.785398163397
0.785398163397
0.785398163397
0.785398163397
0.785398163397
0.785398163397
0.785398163397
0.785398163397
0.785398163397
0.785398163397
0.785398163397
0.785398163397
0.785398163397
0.785398163397
0.785398163397
0.785398163397
0.785398163397
0.785398163397
0.785398163397
0.785398163397
0.785398163397
0.785398163397
0.785398163397
0.785398163397
0.785398163397
0.785398163397
0.785398163397
0.785398163397
0.785398163397
0.785398163397
0.785398163397
0.785398163397
0.785398163397
0.785398163397
0.785398163397
0.785398163397
0.785398163397
0.785398163397
0.785398163397
0.785398163397
0.785398163397
0.785398163397
0.785398163397
0.785398163397
0.785398163397
0.785398163397
0.785398163397
0.785398163397
0.785398163397
0.785398163397
0.785398163397
0.785398163397
0.785398163397
0.785398163397
0.785398163397
0.785398163397
0.785398163397
0.785398163397
0.785398163397
0.785398163397
0.785398163397
0.785398163397
0.785398163397
0.785398163397
0.785398163397
0.785398163397
0.785398163397
0.785398163397
0.785398163397
0.785398163397
0.785398163397
0.785398163397
0.785398163397
0.785398163397
0.785398163397
0.785398163397
0.785398163397
0.785398163397
0.785398163397
0.785398163397
0.785398163397
0.785398163397
0.785398163397
0.785398163397
0.785398163397
0.785398163397
0.785398163397
0.785398163397
0.785398163397
0.785398163397
0.785398163397
0.785398163397
0.785398163397
0.785398163397
0.785398163397
0.785398163397
0.785398163397
0.785398163397
0.785398163397
0.785398163397
0.785398163397
0.785398163397
0.785398163397
0.785398163397
0.785398163397
0.785398163397
0.785398163397
0.785398163397
0.785398163397
0.785398163397
0.785398163397
0.785398163397
0.785398163397
0.785398163397
0.785398163397
0.785398163397
0.785398163397
0.785398163397
0.785398163397
0.785398163397
0.785398163397
0.785398163397
0.785398163397
0.785398163397
0.785398163397
0.785398163397
0.785398163397
0.785398163397
0.785398163397
0.785398163397
0.785398163397
0.785398163397
0.785398163397
0.785398163397
0.785398163397
0.785398163397
0.785398163397
0.785398163397
0.785398163397
0.785398163397
0.785398163397
0.785398163397
0.785398163397
0.785398163397
0.785398163397
0.785398163397
0.785398163397
0.785398163397
0.785398163397
0.785398163397
0.785398163397
0.785398163397
0.785398163397
0.785398163397
0.785398163397
0.785398163397
0.785398163397
0.785398163397
0.785398163397
0.785398163397
0.785398163397
0.785398163397
0.785398163397
0.785398163397
0.785398163397
0.785398163397
0.785398163397
0.785398163397
0.785398163397
0.785398163397
0.785398163397
0.785398163397
0.785398163397
0.785398163397
0.785398163397
0.785398163397
0.785398163397
0.785398163397
0.785398163397
0.785398163397
0.785398163397
0.785398163397
0.785398163397
0.785398163397
0.785398163397
0.785398163397
0.785398163397
0.785398163397
0.785398163397
0.785398163397
0.785398163397
0.785398163397
0.785398163397
0.785398163397
0.785398163397
0.785398163397
0.785398163397
0.785398163397
0.785398163397
0.785398163397
0.785398163397
0.785398163397
0.785398163397
0.785398163397
0.785398163397
0.785398163397
0.785398163397
0.785398163397
0.785398163397
0.785398163397
0.785398163397
0.785398163397
0.785398163397
0.785398163397
0.785398163397
0.785398163397
0.785398163397
0.785398163397
0.785398163397
0.785398163397
0.785398163397
0.785398163397
0.785398163397
0.785398163397
0.785398163397
0.785398163397
0.785398163397
0.785398163397
0.785398163397
0.785398163397
0.785398163397
0.785398163397
0.785398163397
0.785398163397
0.785398163397
0.785398163397
0.785398163397
0.785398163397
0.785398163397
0.785398163397
0.785398163397
0.785398163397
0.785398163397
0.785398163397
0.785398163397
0.785398163397
0.785398163397
0.785398163397
0.785398163397
0.785398163397
0.785398163397
0.785398163397
0.785398163397
0.785398163397
0.785398163397
0.785398163397
0.785398163397
0.785398163397
0.785398163397
0.785398163397
0.785398163397
0.785398163397
0.785398163397
0.785398163397
0.785398163397
0.785398163397
0.785398163397
0.785398163397
0.785398163397
0.785398163397
0.785398163397
0.785398163397
0.785398163397
0.785398163397
0.785398163397
0.785398163397
0.785398163397
0.785398163397
0.785398163397
0.785398163397
0.785398163397
0.785398163397
0.785398163397
0.785398163397
0.785398163397
0.785398163397
0.785398163397
0.785398163397
0.785398163397
0.785398163397
0.785398163397
0.785398163397
0.785398163397
0.785398163397
0.785398163397
0.785398163397
0.785398163397
0.785398163397
0.785398163397
0.785398163397
0.785398163397
0.785398163397
0.785398163397
0.785398163397
0.785398163397
0.785398163397
0.785398163397
0.785398163397
0.785398163397
0.785398163397
0.785398163397
0.785398163397
0.785398163397
0.785398163397
0.785398163397
0.785398163397
0.785398163397
0.785398163397
0.785398163397
0.785398163397
0.785398163397
0.785398163397
0.785398163397
0.785398163397
0.785398163397
0.785398163397
0.785398163397
0.785398163397
0.785398163397
0.785398163397
0.785398163397
0.785398163397
0.785398163397
0.785398163397
0.785398163397
0.785398163397
0.785398163397
0.785398163397
0.785398163397
0.785398163397
0.785398163397
0.785398163397
0.785398163397
0.785398163397
0.785398163397
0.785398163397
0.785398163397
0.785398163397
0.785398163397
0.785398163397
0.785398163397
0.785398163397
0.785398163397
0.785398163397
0.785398163397
0.785398163397
0.785398163397
0.785398163397
0.785398163397
0.785398163397
0.785398163397
0.785398163397
0.785398163397
0.785398163397
0.785398163397
0.785398163397
0.785398163397
0.785398163397
0.785398163397
0.785398163397
0.785398163397
0.785398163397
0.785398163397
0.785398163397
0.785398163397
0.785398163397
0.785398163397
0.785398163397
0.785398163397
0.785398163397
0.785398163397
0.785398163397
0.785398163397
0.785398163397
0.785398163397
0.785398163397
0.785398163397
0.785398163397
0.785398163397
0.785398163397
0.785398163397
0.785398163397
0.785398163397
0.785398163397
0.785398163397
0.785398163397
0.785398163397
0.785398163397
0.785398163397
0.785398163397
0.785398163397
0.785398163397
0.785398163397
0.785398163397
0.785398163397
0.785398163397
0.785398163397
0.785398163397
0.785398163397
0.785398163397
0.785398163397
0.785398163397
0.785398163397
0.785398163397
0.785398163397
0.785398163397
0.785398163397
0.785398163397
0.785398163397
0.785398163397
0.785398163397
0.785398163397
0.785398163397
0.785398163397
0.785398163397
0.785398163397
0.785398163397
0.785398163397
0.785398163397
0.785398163397
0.785398163397
0.785398163397
0.785398163397
0.785398163397
0.785398163397
0.785398163397
0.785398163397
0.785398163397
0.785398163397
0.785398163397
0.785398163397
0.785398163397
0.785398163397
0.785398163397
0.785398163397
0.785398163397
0.785398163397
0.785398163397
0.785398163397
0.785398163397
0.785398163397
0.785398163397
0.785398163397
0.785398163397
0.785398163397
0.785398163397
0.785398163397
0.785398163397
0.785398163397
0.785398163397
0.785398163397
0.785398163397
0.785398163397
0.785398163397
0.785398163397
0.785398163397
0.785398163397
0.785398163397
0.785398163397
0.785398163397
0.785398163397
0.785398163397
0.785398163397
0.785398163397
0.785398163397
0.785398163397
0.785398163397
0.785398163397
0.785398163397
0.785398163397
0.785398163397
0.785398163397
0.785398163397
0.785398163397
0.785398163397
0.785398163397
0.785398163397
0.785398163397
0.785398163397
0.785398163397
0.785398163397
0.785398163397
0.785398163397
0.785398163397
0.785398163397
0.785398163397
0.785398163397
0.785398163397
0.785398163397
0.785398163397
0.785398163397
0.785398163397
0.785398163397
0.785398163397
0.785398163397
0.785398163397
0.785398163397
0.785398163397
0.785398163397
0.785398163397
0.785398163397
0.785398163397
0.785398163397
0.785398163397
0.785398163397
0.785398163397
0.785398163397
0.785398163397
0.785398163397
0.785398163397
0.785398163397
0.785398163397
0.785398163397
0.785398163397
0.785398163397
0.785398163397
0.785398163397
0.785398163397
0.785398163397
0.785398163397
0.785398163397
0.785398163397
0.785398163397
0.785398163397
0.785398163397
0.785398163397
0.785398163397
0.785398163397
0.785398163397
0.785398163397
0.785398163397
0.785398163397
0.785398163397
0.785398163397
0.785398163397
0.785398163397
0.785398163397
0.785398163397
0.785398163397
0.785398163397
0.785398163397
0.785398163397
0.785398163397
0.785398163397
0.785398163397
0.785398163397
0.785398163397
0.785398163397
0.785398163397
0.785398163397
0.785398163397
0.785398163397
0.785398163397
0.785398163397
0.785398163397
0.785398163397
0.785398163397
0.785398163397
0.785398163397
0.785398163397
0.785398163397
0.785398163397
0.785398163397
0.785398163397
0.785398163397
0.785398163397
0.785398163397
0.785398163397
0.785398163397
0.785398163397
0.785398163397
0.785398163397
0.785398163397
0.785398163397
0.785398163397
0.785398163397
0.785398163397
0.785398163397
0.785398163397
0.785398163397
0.785398163397
0.785398163397
0.785398163397
0.785398163397
0.785398163397
0.785398163397
0.785398163397
0.785398163397
0.785398163397
0.785398163397
0.785398163397
0.785398163397
0.785398163397
0.785398163397
0.785398163397
0.785398163397
0.785398163397
0.785398163397
0.785398163397
0.785398163397
0.785398163397
0.785398163397
0.785398163397
0.785398163397
0.785398163397
0.785398163397
0.785398163397
0.785398163397
0.785398163397
0.785398163397
0.785398163397
0.785398163397
0.785398163397
0.785398163397
0.785398163397
0.785398163397
0.785398163397
0.785398163397
0.785398163397
0.785398163397
0.785398163397
0.785398163397
0.785398163397
0.785398163397
0.785398163397
0.785398163397
0.785398163397
0.785398163397
0.785398163397
0.785398163397
0.785398163397
0.785398163397
0.785398163397
0.785398163397
0.785398163397
0.785398163397
0.785398163397
0.785398163397
0.785398163397
0.785398163397
0.785398163397
0.785398163397
0.785398163397
0.785398163397
0.785398163397
0.785398163397
0.785398163397
0.785398163397
0.785398163397
0.785398163397
0.785398163397
0.785398163397
0.785398163397
0.785398163397
0.785398163397
0.785398163397
0.785398163397
0.785398163397
0.785398163397
0.785398163397
0.785398163397
0.785398163397
0.785398163397
0.785398163397
0.785398163397
0.785398163397
0.785398163397
0.785398163397
0.785398163397
0.785398163397
0.785398163397
0.785398163397
0.785398163397
0.785398163397
0.785398163397
0.785398163397
0.785398163397
0.785398163397
0.785398163397
0.785398163397
0.785398163397
0.785398163397
0.785398163397
0.785398163397
0.785398163397
0.785398163397
0.785398163397
0.785398163397
0.785398163397
0.785398163397
0.785398163397
0.785398163397
0.785398163397
0.785398163397
0.785398163397
0.785398163397
0.785398163397
0.785398163397
0.785398163397
0.785398163397
0.785398163397
0.785398163397
0.785398163397
0.785398163397
0.785398163397
0.785398163397
0.785398163397
0.785398163397
0.785398163397
0.785398163397
0.785398163397
0.785398163397
0.785398163397
0.785398163397
0.785398163397
0.785398163397
0.785398163397
0.785398163397
0.785398163397
0.785398163397
0.785398163397
0.785398163397
0.785398163397
0.785398163397
0.785398163397
0.785398163397
0.785398163397
0.785398163397
0.785398163397
0.785398163397
0.785398163397
0.785398163397
0.785398163397
0.785398163397
0.785398163397
0.785398163397
0.785398163397
0.785398163397
0.785398163397
0.785398163397
0.785398163397
0.785398163397
0.785398163397
0.785398163397
0.785398163397
0.785398163397
0.785398163397
0.785398163397
0.785398163397
0.785398163397
0.785398163397
0.785398163397
0.785398163397
0.785398163397
0.785398163397
0.785398163397
0.785398163397
0.785398163397
0.785398163397
0.785398163397
0.785398163397
0.785398163397
0.785398163397
0.785398163397
0.785398163397
0.785398163397
0.785398163397
0.785398163397
0.785398163397
0.785398163397
0.785398163397
0.785398163397
0.785398163397
0.785398163397
0.785398163397
0.785398163397
0.785398163397
0.785398163397
0.785398163397
0.785398163397
0.785398163397
0.785398163397
0.785398163397
0.785398163397
0.785398163397
0.785398163397
0.785398163397
0.785398163397
0.785398163397
0.785398163397
0.785398163397
0.785398163397
0.785398163397
0.785398163397
0.785398163397
0.785398163397
0.785398163397
0.785398163397
0.785398163397
0.785398163397
0.785398163397
0.785398163397
0.785398163397
0.785398163397
0.785398163397
0.785398163397
0.785398163397
0.785398163397
0.785398163397
0.785398163397
0.785398163397
0.785398163397
0.785398163397
0.785398163397
0.785398163397
0.785398163397
0.785398163397
0.785398163397
0.785398163397
0.785398163397
0.785398163397
0.785398163397
0.785398163397
0.785398163397
0.785398163397
0.785398163397
0.785398163397
0.785398163397
0.785398163397
0.785398163397
0.785398163397
0.785398163397
0.785398163397
0.785398163397
0.785398163397
0.785398163397
0.785398163397
0.785398163397
0.785398163397
0.785398163397
0.785398163397
0.785398163397
0.785398163397
0.785398163397
0.785398163397
0.785398163397
0.785398163397
0.785398163397
0.785398163397
0.785398163397
0.785398163397
0.785398163397
0.785398163397
0.785398163397
0.785398163397
0.785398163397
0.785398163397
0.785398163397
0.785398163397
0.785398163397
0.785398163397
0.785398163397
0.785398163397
0.785398163397
0.785398163397
0.785398163397
0.785398163397
0.785398163397
0.785398163397
0.785398163397
0.785398163397
0.785398163397
0.785398163397
0.785398163397
0.785398163397
0.785398163397
0.785398163397
0.785398163397
0.785398163397
0.785398163397
0.785398163397
0.785398163397
0.785398163397
0.785398163397
0.785398163397
0.785398163397
0.785398163397
0.785398163397
0.785398163397
0.785398163397
0.785398163397
0.785398163397
0.785398163397
0.785398163397
0.785398163397
0.785398163397
0.785398163397
0.785398163397
0.785398163397
0.785398163397
0.785398163397
0.785398163397
0.785398163397
0.785398163397
0.785398163397
0.785398163397
0.785398163397
0.785398163397
0.785398163397
0.785398163397
0.785398163397
0.785398163397
0.785398163397
0.785398163397
0.785398163397
0.785398163397
0.785398163397
0.785398163397
0.785398163397
0.785398163397
0.785398163397
0.785398163397
0.785398163397
0.785398163397
0.785398163397
0.785398163397
0.785398163397
0.785398163397
0.785398163397
0.785398163397
0.785398163397
0.785398163397
0.785398163397
0.785398163397
0.785398163397
0.785398163397
0.785398163397
0.785398163397
0.785398163397
0.785398163397
0.785398163397
0.785398163397
0.785398163397
0.785398163397
0.785398163397
0.785398163397
0.785398163397
0.785398163397
0.785398163397
0.785398163397
0.785398163397
0.785398163397
0.785398163397
0.785398163397
0.785398163397
0.785398163397
0.785398163397
0.785398163397
0.785398163397
0.785398163397
0.785398163397
0.785398163397
0.785398163397
0.785398163397
0.785398163397
0.785398163397
0.785398163397
0.785398163397
0.785398163397
0.785398163397
0.785398163397
0.785398163397
0.785398163397
0.785398163397
0.785398163397
0.785398163397
0.785398163397
0.785398163397
0.785398163397
0.785398163397
0.785398163397
0.785398163397
0.785398163397
0.785398163397
0.785398163397
0.785398163397
0.785398163397
0.785398163397
0.785398163397
0.785398163397
0.785398163397
0.785398163397
0.785398163397
0.785398163397
0.785398163397
0.785398163397
0.785398163397
0.785398163397
0.785398163397
0.785398163397
0.785398163397
0.785398163397
0.785398163397
0.785398163397
0.785398163397
0.785398163397
0.785398163397
0.785398163397
0.785398163397
0.785398163397
0.785398163397
0.785398163397
0.785398163397
0.785398163397
0.785398163397
0.785398163397
0.785398163397
0.785398163397
0.785398163397
0.785398163397
0.785398163397
0.785398163397
0.785398163397
0.785398163397
0.785398163397
0.785398163397
0.785398163397
0.785398163397
0.785398163397
0.785398163397
0.785398163397
0.785398163397
0.785398163397
0.785398163397
0.785398163397
0.785398163397
0.785398163397
0.785398163397
0.785398163397
0.785398163397
0.785398163397
0.785398163397
0.785398163397
0.785398163397
0.785398163397
0.785398163397
0.785398163397
0.785398163397
0.785398163397
0.785398163397
0.785398163397
0.785398163397
0.785398163397
0.785398163397
0.785398163397
0.785398163397
0.785398163397
0.785398163397
0.785398163397
0.785398163397
0.785398163397
0.785398163397
0.785398163397
0.785398163397
0.785398163397
0.785398163397
0.785398163397
0.785398163397
0.785398163397
0.785398163397
0.785398163397
0.785398163397
0.785398163397
0.785398163397
0.785398163397
0.785398163397
0.785398163397
0.785398163397
0.785398163397
0.785398163397
0.785398163397
0.785398163397
0.785398163397
0.785398163397
0.785398163397
0.785398163397
0.785398163397
0.785398163397
0.785398163397
0.785398163397
0.785398163397
0.785398163397
0.785398163397
0.785398163397
0.785398163397
0.785398163397
0.785398163397
0.785398163397
0.785398163397
0.785398163397
0.785398163397
0.785398163397
0.785398163397
0.785398163397
0.785398163397
0.785398163397
0.785398163397
0.785398163397
0.785398163397
0.785398163397
0.785398163397
0.785398163397
0.785398163397
0.785398163397
0.785398163397
0.785398163397
0.785398163397
0.785398163397
0.785398163397
0.785398163397
0.785398163397
0.785398163397
0.785398163397
0.785398163397
0.785398163397
0.785398163397
0.785398163397
0.785398163397
0.785398163397
0.785398163397
0.785398163397
0.785398163397
0.785398163397
0.785398163397
0.785398163397
0.785398163397
0.785398163397
0.785398163397
0.785398163397
0.785398163397
0.785398163397
0.785398163397
0.785398163397
0.785398163397
0.785398163397
0.785398163397
0.785398163397
0.785398163397
0.785398163397
0.785398163397
0.785398163397
0.785398163397
0.785398163397
0.785398163397
0.785398163397
0.785398163397
0.785398163397
0.785398163397
0.785398163397
0.785398163397
0.785398163397
0.785398163397
0.785398163397
0.785398163397
0.785398163397
0.785398163397
0.785398163397
0.785398163397
0.785398163397
0.785398163397
0.785398163397
0.785398163397
0.785398163397
0.785398163397
0.785398163397
0.785398163397
0.785398163397
0.785398163397
0.785398163397
0.785398163397
0.785398163397
0.785398163397
0.785398163397
0.785398163397
0.785398163397
0.785398163397
0.785398163397
0.785398163397
0.785398163397
0.785398163397
0.785398163397
0.785398163397
0.785398163397
0.785398163397
0.785398163397
0.785398163397
0.785398163397
0.785398163397
0.785398163397
0.785398163397
0.785398163397
0.785398163397
0.785398163397
0.785398163397
0.785398163397
0.785398163397
0.785398163397
0.785398163397
0.785398163397
0.785398163397
0.785398163397
0.785398163397
0.785398163397
0.785398163397
0.785398163397
0.785398163397
0.785398163397
0.785398163397
0.785398163397
0.785398163397
0.785398163397
0.785398163397
0.785398163397
0.785398163397
0.785398163397
0.785398163397
0.785398163397
0.785398163397
0.785398163397
0.785398163397
0.785398163397
0.785398163397
0.785398163397
0.785398163397
0.785398163397
0.785398163397
0.785398163397
0.785398163397
0.785398163397
0.785398163397
0.785398163397
0.785398163397
0.785398163397
0.785398163397
0.785398163397
0.785398163397
0.785398163397
0.785398163397
0.785398163397
0.785398163397
0.785398163397
0.785398163397
0.785398163397
0.785398163397
0.785398163397
0.785398163397
0.785398163397
0.785398163397
0.785398163397
0.785398163397
0.785398163397
0.785398163397
0.785398163397
0.785398163397
0.785398163397
0.785398163397
0.785398163397
0.785398163397
0.785398163397
0.785398163397
0.785398163397
0.785398163397
0.785398163397
0.785398163397
0.785398163397
0.785398163397
0.785398163397
0.785398163397
0.785398163397
0.785398163397
0.785398163397
0.785398163397
0.785398163397
0.785398163397
0.785398163397
0.785398163397
0.785398163397
0.785398163397
0.785398163397
0.785398163397
0.785398163397
0.785398163397
0.785398163397
0.785398163397
0.785398163397
0.785398163397
0.785398163397
0.785398163397
0.785398163397
0.785398163397
0.785398163397
0.785398163397
0.785398163397
0.785398163397
0.785398163397
0.785398163397
0.785398163397
0.785398163397
0.785398163397
0.785398163397
0.785398163397
0.785398163397
0.785398163397
0.785398163397
0.785398163397
0.785398163397
0.785398163397
0.785398163397
0.785398163397
0.785398163397
0.785398163397
0.785398163397
0.785398163397
0.785398163397
0.785398163397
0.785398163397
0.785398163397
0.785398163397
0.785398163397
0.785398163397
0.785398163397
0.785398163397
0.785398163397
0.785398163397
0.785398163397
0.785398163397
0.785398163397
0.785398163397
0.785398163397
0.785398163397
0.785398163397
0.785398163397
0.785398163397
0.785398163397
0.785398163397
0.785398163397
0.785398163397
0.785398163397
0.785398163397
0.785398163397
0.785398163397
0.785398163397
0.785398163397
0.785398163397
0.785398163397
0.785398163397
0.785398163397
0.785398163397
0.785398163397
0.785398163397
0.785398163397
0.785398163397
0.785398163397
0.785398163397
0.785398163397
0.785398163397
0.785398163397
0.785398163397
0.785398163397
0.785398163397
0.785398163397
0.785398163397
0.785398163397
0.785398163397
0.785398163397
0.785398163397
0.785398163397
0.785398163397
0.785398163397
0.785398163397
0.785398163397
0.785398163397
0.785398163397
0.785398163397
0.785398163397
0.785398163397
0.785398163397
0.785398163397
0.785398163397
0.785398163397
0.785398163397
0.785398163397
0.785398163397
0.785398163397
0.785398163397
0.785398163397
0.785398163397
0.785398163397
0.785398163397
0.785398163397
0.785398163397
0.785398163397
0.785398163397
0.785398163397
0.785398163397
0.785398163397
0.785398163397
0.785398163397
0.785398163397
0.785398163397
0.785398163397
0.785398163397
0.785398163397
0.785398163397
0.785398163397
0.785398163397
0.785398163397
0.785398163397
0.785398163397
0.785398163397
0.785398163397
0.785398163397
0.785398163397
0.785398163397
0.785398163397
0.785398163397
0.785398163397
0.785398163397
0.785398163397
0.785398163397
0.785398163397
0.785398163397
0.785398163397
0.785398163397
0.785398163397
0.785398163397
0.785398163397
0.785398163397
0.785398163397
0.785398163397
0.785398163397
0.785398163397
0.785398163397
0.785398163397
0.785398163397
0.785398163397
0.785398163397
0.785398163397
0.785398163397
0.785398163397
0.785398163397
0.785398163397
0.785398163397
0.785398163397
0.785398163397
0.785398163397
0.785398163397
0.785398163397
0.785398163397
0.785398163397
0.785398163397
0.785398163397
0.785398163397
0.785398163397
0.785398163397
0.785398163397
0.785398163397
0.785398163397
0.785398163397
0.785398163397
0.785398163397
0.785398163397
0.785398163397
0.785398163397
0.785398163397
0.785398163397
0.785398163397
0.785398163397
0.785398163397
0.785398163397
0.785398163397
0.785398163397
0.785398163397
0.785398163397
0.785398163397
0.785398163397
0.785398163397
0.785398163397
0.785398163397
0.785398163397
0.785398163397
0.785398163397
0.785398163397
0.785398163397
0.785398163397
0.785398163397
0.785398163397
0.785398163397
0.785398163397
0.785398163397
0.785398163397
0.785398163397
0.785398163397
0.785398163397
0.785398163397
0.785398163397
0.785398163397
0.785398163397
0.785398163397
0.785398163397
0.785398163397
0.785398163397
0.785398163397
0.785398163397
0.785398163397
0.785398163397
0.785398163397
0.785398163397
0.785398163397
0.785398163397
0.785398163397
0.785398163397
0.785398163397
0.785398163397
0.785398163397
0.785398163397
0.785398163397
0.785398163397
0.785398163397
0.785398163397
0.785398163397
0.785398163397
0.785398163397
0.785398163397
0.785398163397
0.785398163397
0.785398163397
0.785398163397
0.785398163397
0.785398163397
0.785398163397
0.785398163397
0.785398163397
0.785398163397
0.785398163397
0.785398163397
0.785398163397
0.785398163397
0.785398163397
0.785398163397
0.785398163397
0.785398163397
0.785398163397
0.785398163397
0.785398163397
0.785398163397
0.785398163397
0.785398163397
0.785398163397
0.785398163397
0.785398163397
0.785398163397
0.785398163397
0.785398163397
0.785398163397
0.785398163397
0.785398163397
0.785398163397
0.785398163397
0.785398163397
0.785398163397
0.785398163397
0.785398163397
0.785398163397
0.785398163397
0.785398163397
0.785398163397
0.785398163397
0.785398163397
0.785398163397
0.785398163397
0.785398163397
0.785398163397
0.785398163397
0.785398163397
0.785398163397
0.785398163397
0.785398163397
0.785398163397
0.785398163397
0.785398163397
0.785398163397
0.785398163397
0.785398163397
0.785398163397
0.785398163397
0.785398163397
0.785398163397
0.785398163397
0.785398163397
0.785398163397
0.785398163397
0.785398163397
0.785398163397
0.785398163397
0.785398163397
0.785398163397
0.785398163397
0.785398163397
0.785398163397
0.785398163397
0.785398163397
0.785398163397
0.785398163397
0.785398163397
0.785398163397
0.785398163397
0.785398163397
0.785398163397
0.785398163397
0.785398163397
0.785398163397
0.785398163397
0.785398163397
0.785398163397
0.785398163397
0.785398163397
0.785398163397
0.785398163397
0.785398163397
0.785398163397
0.785398163397
0.785398163397
0.785398163397
0.785398163397
0.785398163397
0.785398163397
0.785398163397
0.785398163397
0.785398163397
0.785398163397
0.785398163397
0.785398163397
0.785398163397
0.785398163397
0.785398163397
0.785398163397
0.785398163397
0.785398163397
0.785398163397
0.785398163397
0.785398163397
0.785398163397
0.785398163397
0.785398163397
0.785398163397
0.785398163397
0.785398163397
0.785398163397
0.785398163397
0.785398163397
0.785398163397
0.785398163397
0.785398163397
0.785398163397
0.785398163397
0.785398163397
0.785398163397
0.785398163397
0.785398163397
0.785398163397
0.785398163397
0.785398163397
0.785398163397
0.785398163397
0.785398163397
0.785398163397
0.785398163397
0.785398163397
0.785398163397
0.785398163397
0.785398163397
0.785398163397
0.785398163397
0.785398163397
0.785398163397
0.785398163397
0.785398163397
0.785398163397
0.785398163397
0.785398163397
0.785398163397
0.785398163397
0.785398163397
0.785398163397
0.785398163397
0.785398163397
0.785398163397
0.785398163397
0.785398163397
0.785398163397
0.785398163397
0.785398163397
0.785398163397
0.785398163397
0.785398163397
0.785398163397
0.785398163397
0.785398163397
0.785398163397
0.785398163397
0.785398163397
0.785398163397
0.785398163397
0.785398163397
0.785398163397
0.785398163397
0.785398163397
0.785398163397
0.785398163397
0.785398163397
0.785398163397
0.785398163397
0.785398163397
0.785398163397
0.785398163397
0.785398163397
0.785398163397
0.785398163397
0.785398163397
0.785398163397
0.785398163397
0.785398163397
0.785398163397
0.785398163397
0.785398163397
0.785398163397
0.785398163397
0.785398163397
0.785398163397
0.785398163397
0.785398163397
0.785398163397
0.785398163397
0.785398163397
0.785398163397
0.785398163397
0.785398163397
0.785398163397
0.785398163397
0.785398163397
0.785398163397
0.785398163397
0.785398163397
0.785398163397
0.785398163397
0.785398163397
0.785398163397
0.785398163397
0.785398163397
0.785398163397
0.785398163397
0.785398163397
0.785398163397
0.785398163397
0.785398163397
0.785398163397
0.785398163397
0.785398163397
0.785398163397
0.785398163397
0.785398163397
0.785398163397
0.785398163397
0.785398163397
0.785398163397
0.785398163397
0.785398163397
0.785398163397
0.785398163397
0.785398163397
0.785398163397
0.785398163397
0.785398163397
0.785398163397
0.785398163397
0.785398163397
0.785398163397
0.785398163397
0.785398163397
0.785398163397
0.785398163397
0.785398163397
0.785398163397
0.785398163397
0.785398163397
0.785398163397
0.785398163397
0.785398163397
0.785398163397
0.785398163397
0.785398163397
0.785398163397
0.785398163397
0.785398163397
0.785398163397
0.785398163397
0.785398163397
0.785398163397
0.785398163397
0.785398163397
0.785398163397
0.785398163397
0.785398163397
0.785398163397
0.785398163397
0.785398163397
0.785398163397
0.785398163397
0.785398163397
0.785398163397
0.785398163397
0.785398163397
0.785398163397
0.785398163397
0.785398163397
0.785398163397
0.785398163397
0.785398163397
0.785398163397
0.785398163397
0.785398163397
0.785398163397
0.785398163397
0.785398163397
0.785398163397
0.785398163397
0.785398163397
0.785398163397
0.785398163397
0.785398163397
0.785398163397
0.785398163397
0.785398163397
0.785398163397
0.785398163397
0.785398163397
0.785398163397
0.785398163397
0.785398163397
0.785398163397
0.785398163397
0.785398163397
0.785398163397
0.785398163397
0.785398163397
0.785398163397
0.785398163397
0.785398163397
0.785398163397
0.785398163397
0.785398163397
0.785398163397
0.785398163397
0.785398163397
0.785398163397
0.785398163397
0.785398163397
0.785398163397
0.785398163397
0.785398163397
0.785398163397
0.785398163397
0.785398163397
0.785398163397
0.785398163397
0.785398163397
0.785398163397
0.785398163397
0.785398163397
0.785398163397
0.785398163397
0.785398163397
0.785398163397
0.785398163397
0.785398163397
0.785398163397
0.785398163397
0.785398163397
0.785398163397
0.785398163397
0.785398163397
0.785398163397
0.785398163397
0.785398163397
0.785398163397
0.785398163397
0.785398163397
0.785398163397
0.785398163397
0.785398163397
0.785398163397
0.785398163397
0.785398163397
0.785398163397
0.785398163397
0.785398163397
0.785398163397
0.785398163397
0.785398163397
0.785398163397
0.785398163397
0.785398163397
0.785398163397
0.785398163397
0.785398163397
0.785398163397
0.785398163397
0.785398163397
0.785398163397
0.785398163397
0.785398163397
0.785398163397
0.785398163397
0.785398163397
0.785398163397
0.785398163397
0.785398163397
0.785398163397
0.785398163397
0.785398163397
0.785398163397
0.785398163397
0.785398163397
0.785398163397
0.785398163397
0.785398163397
0.785398163397
0.785398163397
0.785398163397
0.785398163397
0.785398163397
0.785398163397
0.785398163397
0.785398163397
0.785398163397
0.785398163397
0.785398163397
0.785398163397
0.785398163397
0.785398163397
0.785398163397
0.785398163397
0.785398163397
0.785398163397
0.785398163397
0.785398163397
0.785398163397
0.785398163397
0.785398163397
0.785398163397
0.785398163397
0.785398163397
0.785398163397
0.785398163397
0.785398163397
0.785398163397
0.785398163397
0.785398163397
0.785398163397
0.785398163397
0.785398163397
0.785398163397
0.785398163397
0.785398163397
0.785398163397
0.785398163397
0.785398163397
0.785398163397
0.785398163397
0.785398163397
0.785398163397
0.785398163397
0.785398163397
0.785398163397
0.785398163397
0.785398163397
0.785398163397
0.785398163397
0.785398163397
0.785398163397
0.785398163397
0.785398163397
0.785398163397
0.785398163397
0.785398163397
0.785398163397
0.785398163397
0.785398163397
0.785398163397
0.785398163397
0.785398163397
0.785398163397
0.785398163397
0.785398163397
0.785398163397
0.785398163397
0.785398163397
0.785398163397
0.785398163397
0.785398163397
0.785398163397
0.785398163397
0.785398163397
0.785398163397
0.785398163397
0.785398163397
0.785398163397
0.785398163397
0.785398163397
0.785398163397
0.785398163397
0.785398163397
0.785398163397
0.785398163397
0.785398163397
0.785398163397
0.785398163397
0.785398163397
0.785398163397
0.785398163397
0.785398163397
0.785398163397
0.785398163397
0.785398163397
0.785398163397
0.785398163397
0.785398163397
0.785398163397
0.785398163397
0.785398163397
0.785398163397
0.785398163397
0.785398163397
0.785398163397
0.785398163397
0.785398163397
0.785398163397
0.785398163397
0.785398163397
0.785398163397
0.785398163397
0.785398163397
0.785398163397
0.785398163397
0.785398163397
0.785398163397
0.785398163397
0.785398163397
0.785398163397
0.785398163397
0.785398163397
0.785398163397
0.785398163397
0.785398163397
0.785398163397
0.785398163397
0.785398163397
0.785398163397
0.785398163397
0.785398163397
0.785398163397
0.785398163397
0.785398163397
0.785398163397
0.785398163397
0.785398163397
0.785398163397
0.785398163397
0.785398163397
0.785398163397
0.785398163397
0.785398163397
0.785398163397
0.785398163397
0.785398163397
0.785398163397
0.785398163397
0.785398163397
0.785398163397
0.785398163397
0.785398163397
0.785398163397
0.785398163397
0.785398163397
0.785398163397
0.785398163397
0.785398163397
0.785398163397
0.785398163397
0.785398163397
0.785398163397
0.785398163397
0.785398163397
0.785398163397
0.785398163397
0.785398163397
0.785398163397
0.785398163397
0.785398163397
0.785398163397
0.785398163397
0.785398163397
0.785398163397
0.785398163397
0.785398163397
0.785398163397
0.785398163397
0.785398163397
0.785398163397
0.785398163397
0.785398163397
0.785398163397
0.785398163397
0.785398163397
0.785398163397
0.785398163397
0.785398163397
0.785398163397
0.785398163397
0.785398163397
0.785398163397
0.785398163397
0.785398163397
0.785398163397
0.785398163397
0.785398163397
0.785398163397
0.785398163397
0.785398163397
0.785398163397
0.785398163397
0.785398163397
0.785398163397
0.785398163397
0.785398163397
0.785398163397
0.785398163397
0.785398163397
0.785398163397
0.785398163397
0.785398163397
0.785398163397
0.785398163397
0.785398163397
0.785398163397
0.785398163397
0.785398163397
0.785398163397
0.785398163397
0.785398163397
0.785398163397
0.785398163397
0.785398163397
0.785398163397
0.785398163397
0.785398163397
0.785398163397
0.785398163397
0.785398163397
0.785398163397
0.785398163397
0.785398163397
0.785398163397
0.785398163397
0.785398163397
0.785398163397
0.785398163397
0.785398163397
0.785398163397
0.785398163397
0.785398163397
0.785398163397
0.785398163397
0.785398163397
0.785398163397
0.785398163397
0.785398163397
0.785398163397
0.785398163397
0.785398163397
0.785398163397
0.785398163397
0.785398163397
0.785398163397
0.785398163397
0.785398163397
0.785398163397
0.785398163397
0.785398163397
0.785398163397
0.785398163397
0.785398163397
0.785398163397
0.785398163397
0.785398163397
0.785398163397
0.785398163397
0.785398163397
0.785398163397
0.785398163397
0.785398163397
0.785398163397
0.785398163397
0.785398163397
0.785398163397
0.785398163397
0.785398163397
0.785398163397
0.785398163397
0.785398163397
0.785398163397
0.785398163397
0.785398163397
0.785398163397
0.785398163397
0.785398163397
0.785398163397
0.785398163397
0.785398163397
0.785398163397
0.785398163397
0.785398163397
0.785398163397
0.785398163397
0.785398163397
0.785398163397
0.785398163397
0.785398163397
0.785398163397
0.785398163397
0.785398163397
0.785398163397
0.785398163397
0.785398163397
0.785398163397
0.785398163397
0.785398163397
0.785398163397
0.785398163397
0.785398163397
0.785398163397
0.785398163397
0.785398163397
0.785398163397
0.785398163397
0.785398163397
0.785398163397
0.785398163397
0.785398163397
0.785398163397
0.785398163397
0.785398163397
0.785398163397
0.785398163397
0.785398163397
0.785398163397
0.785398163397
0.785398163397
0.785398163397
0.785398163397
0.785398163397
0.785398163397
0.785398163397
0.785398163397
0.785398163397
0.785398163397
0.785398163397
0.785398163397
0.785398163397
0.785398163397
0.785398163397
0.785398163397
0.785398163397
0.785398163397
0.785398163397
0.785398163397
0.785398163397
0.785398163397
0.785398163397
0.785398163397
0.785398163397
0.785398163397
0.785398163397
0.785398163397
0.785398163397
0.785398163397
0.785398163397
0.785398163397
0.785398163397
0.785398163397
0.785398163397
0.785398163397
0.785398163397
0.785398163397
0.785398163397
0.785398163397
0.785398163397
0.785398163397
0.785398163397
0.785398163397
0.785398163397
0.785398163397
0.785398163397
0.785398163397
0.785398163397
0.785398163397
0.785398163397
0.785398163397
0.785398163397
0.785398163397
0.785398163397
0.785398163397
0.785398163397
0.785398163397
0.785398163397
0.785398163397
0.785398163397
0.785398163397
0.785398163397
0.785398163397
0.785398163397
0.785398163397
0.785398163397
0.785398163397
0.785398163397
0.785398163397
0.785398163397
0.785398163397
0.785398163397
0.785398163397
0.785398163397
0.785398163397
0.785398163397
0.785398163397
0.785398163397
0.785398163397
0.785398163397
0.785398163397
0.785398163397
0.785398163397
0.785398163397
0.785398163397
0.785398163397
0.785398163397
0.785398163397
0.785398163397
0.785398163397
0.785398163397
0.785398163397
0.785398163397
0.785398163397
0.785398163397
0.785398163397
0.785398163397
0.785398163397
0.785398163397
0.785398163397
0.785398163397
0.785398163397
0.785398163397
0.785398163397
0.785398163397
0.785398163397
0.785398163397
0.785398163397
0.785398163397
0.785398163397
0.785398163397
0.785398163397
0.785398163397
0.785398163397
0.785398163397
0.785398163397
0.785398163397
0.785398163397
0.785398163397
0.785398163397
0.785398163397
0.785398163397
0.785398163397
0.785398163397
0.785398163397
0.785398163397
0.785398163397
0.785398163397
0.785398163397
0.785398163397
0.785398163397
0.785398163397
0.785398163397
0.785398163397
0.785398163397
0.785398163397
0.785398163397
0.785398163397
0.785398163397
0.785398163397
0.785398163397
0.785398163397
0.785398163397
0.785398163397
0.785398163397
0.785398163397
0.785398163397
0.785398163397
0.785398163397
0.785398163397
0.785398163397
0.785398163397
0.785398163397
0.785398163397
0.785398163397
0.785398163397
0.785398163397
0.785398163397
0.785398163397
0.785398163397
0.785398163397
0.785398163397
0.785398163397
0.785398163397
0.785398163397
0.785398163397
0.785398163397
0.785398163397
0.785398163397
0.785398163397
0.785398163397
0.785398163397
0.785398163397
0.785398163397
0.785398163397
0.785398163397
0.785398163397
0.785398163397
0.785398163397
0.785398163397
0.785398163397
0.785398163397
0.785398163397
0.785398163397
0.785398163397
0.785398163397
0.785398163397
0.785398163397
0.785398163397
0.785398163397
0.785398163397
0.785398163397
0.785398163397
0.785398163397
0.785398163397
0.785398163397
0.785398163397
0.785398163397
0.785398163397
0.785398163397
0.785398163397
0.785398163397
0.785398163397
0.785398163397
0.785398163397
0.785398163397
0.785398163397
0.785398163397
0.785398163397
0.785398163397
0.785398163397
0.785398163397
0.785398163397
0.785398163397
0.785398163397
0.785398163397
0.785398163397
0.785398163397
0.785398163397
0.785398163397
0.785398163397
0.785398163397
0.785398163397
0.785398163397
0.785398163397
0.785398163397
0.785398163397
0.785398163397
0.785398163397
0.785398163397
0.785398163397
0.785398163397
0.785398163397
0.785398163397
0.785398163397
0.785398163397
0.785398163397
0.785398163397
0.785398163397
0.785398163397
0.785398163397
0.785398163397
0.785398163397
0.785398163397
0.785398163397
0.785398163397
0.785398163397
0.785398163397
0.785398163397
0.785398163397
0.785398163397
0.785398163397
0.785398163397
0.785398163397
0.785398163397
0.785398163397
0.785398163397
0.785398163397
0.785398163397
0.785398163397
0.785398163397
0.785398163397
0.785398163397
0.785398163397
0.785398163397
0.785398163397
0.785398163397
0.785398163397
0.785398163397
0.785398163397
0.785398163397
0.785398163397
0.785398163397
0.785398163397
0.785398163397
0.785398163397
0.785398163397
0.785398163397
0.785398163397
0.785398163397
0.785398163397
0.785398163397
0.785398163397
0.785398163397
0.785398163397
0.785398163397
0.785398163397
0.785398163397
0.785398163397
0.785398163397
0.785398163397
0.785398163397
0.785398163397
0.785398163397
0.785398163397
0.785398163397
0.785398163397
0.785398163397
0.785398163397
0.785398163397
0.785398163397
0.785398163397
0.785398163397
0.785398163397
0.785398163397
0.785398163397
0.785398163397
0.785398163397
0.785398163397
0.785398163397
0.785398163397
0.785398163397
0.785398163397
0.785398163397
0.785398163397
0.785398163397
0.785398163397
0.785398163397
0.785398163397
0.785398163397
0.785398163397
0.785398163397
0.785398163397
0.785398163397
0.785398163397
0.785398163397
0.785398163397
0.785398163397
0.785398163397
0.785398163397
0.785398163397
0.785398163397
0.785398163397
0.785398163397
0.785398163397
0.785398163397
0.785398163397
0.785398163397
0.785398163397
0.785398163397
0.785398163397
0.785398163397
0.785398163397
0.785398163397
0.785398163397
0.785398163397
0.785398163397
0.785398163397
0.785398163397
0.785398163397
0.785398163397
0.785398163397
0.785398163397
0.785398163397
0.785398163397
0.785398163397
0.785398163397
0.785398163397
0.785398163397
0.785398163397
0.785398163397
0.785398163397
0.785398163397
0.785398163397
0.785398163397
0.785398163397
0.785398163397
0.785398163397
0.785398163397
0.785398163397
0.785398163397
0.785398163397
0.785398163397
0.785398163397
0.785398163397
0.785398163397
0.785398163397
0.785398163397
0.785398163397
0.785398163397
0.785398163397
0.785398163397
0.785398163397
0.785398163397
0.785398163397
0.785398163397
0.785398163397
0.785398163397
0.785398163397
0.785398163397
0.785398163397
0.785398163397
0.785398163397
0.785398163397
0.785398163397
0.785398163397
0.785398163397
0.785398163397
0.785398163397
0.785398163397
0.785398163397
0.785398163397
0.785398163397
0.785398163397
0.785398163397
0.785398163397
0.785398163397
0.785398163397
0.785398163397
0.785398163397
0.785398163397
0.785398163397
0.785398163397
0.785398163397
0.785398163397
0.785398163397
0.785398163397
0.785398163397
0.785398163397
0.785398163397
0.785398163397
0.785398163397
0.785398163397
0.785398163397
0.785398163397
0.785398163397
0.785398163397
0.785398163397
0.785398163397
0.785398163397
0.785398163397
0.785398163397
0.785398163397
0.785398163397
0.785398163397
0.785398163397
0.785398163397
0.785398163397
0.785398163397
0.785398163397
0.785398163397
0.785398163397
0.785398163397
0.785398163397
0.785398163397
0.785398163397
0.785398163397
0.785398163397
0.785398163397
0.785398163397
0.785398163397
0.785398163397
0.785398163397
0.785398163397
0.785398163397
0.785398163397
0.785398163397
0.785398163397
0.785398163397
0.785398163397
0.785398163397
0.785398163397
0.785398163397
0.785398163397
0.785398163397
0.785398163397
0.785398163397
0.785398163397
0.785398163397
0.785398163397
0.785398163397
0.785398163397
0.785398163397
0.785398163397
0.785398163397
0.785398163397
0.785398163397
0.785398163397
0.785398163397
0.785398163397
0.785398163397
0.785398163397
0.785398163397
0.785398163397
0.785398163397
0.785398163397
0.785398163397
0.785398163397
0.785398163397
0.785398163397
0.785398163397
0.785398163397
0.785398163397
0.785398163397
0.785398163397
0.785398163397
0.785398163397
0.785398163397
0.785398163397
0.785398163397
0.785398163397
0.785398163397
0.785398163397
0.785398163397
0.785398163397
0.785398163397
0.785398163397
0.785398163397
0.785398163397
0.785398163397
0.785398163397
0.785398163397
0.785398163397
0.785398163397
0.785398163397
0.785398163397
0.785398163397
0.785398163397
0.785398163397
0.785398163397
0.785398163397
0.785398163397
0.785398163397
0.785398163397
0.785398163397
0.785398163397
0.785398163397
0.785398163397
0.785398163397
0.785398163397
0.785398163397
0.785398163397
0.785398163397
0.785398163397
0.785398163397
0.785398163397
0.785398163397
0.785398163397
0.785398163397
0.785398163397
0.785398163397
0.785398163397
0.785398163397
0.785398163397
0.785398163397
0.785398163397
0.785398163397
0.785398163397
0.785398163397
0.785398163397
0.785398163397
0.785398163397
0.785398163397
0.785398163397
0.785398163397
0.785398163397
0.785398163397
0.785398163397
0.785398163397
0.785398163397
0.785398163397
0.785398163397
0.785398163397
0.785398163397
0.785398163397
0.785398163397
0.785398163397
0.785398163397
0.785398163397
0.785398163397
0.785398163397
0.785398163397
0.785398163397
0.785398163397
0.785398163397
0.785398163397
0.785398163397
0.785398163397
0.785398163397
0.785398163397
0.785398163397
0.785398163397
0.785398163397
0.785398163397
0.785398163397
0.785398163397
0.785398163397
0.785398163397
0.785398163397
0.785398163397
0.785398163397
0.785398163397
0.785398163397
0.785398163397
0.785398163397
0.785398163397
0.785398163397
0.785398163397
0.785398163397
0.785398163397
0.785398163397
0.785398163397
0.785398163397
0.785398163397
0.785398163397
0.785398163397
0.785398163397
0.785398163397
0.785398163397
0.785398163397
0.785398163397
0.785398163397
0.785398163397
0.785398163397
0.785398163397
0.785398163397
0.785398163397
0.785398163397
0.785398163397
0.785398163397
0.785398163397
0.785398163397
0.785398163397
0.785398163397
0.785398163397
0.785398163397
0.785398163397
0.785398163397
0.785398163397
0.785398163397
0.785398163397
0.785398163397
0.785398163397
0.785398163397
0.785398163397
0.785398163397
0.785398163397
0.785398163397
0.785398163397
0.785398163397
0.785398163397
0.785398163397
0.785398163397
0.785398163397
0.785398163397
0.785398163397
0.785398163397
0.785398163397
0.785398163397
0.785398163397
0.785398163397
0.785398163397
0.785398163397
0.785398163397
0.785398163397
0.785398163397
0.785398163397
0.785398163397
0.785398163397
0.785398163397
0.785398163397
0.785398163397
0.785398163397
0.785398163397
0.785398163397
0.785398163397
0.785398163397
0.785398163397
0.785398163397
0.785398163397
0.785398163397
0.785398163397
0.785398163397
0.785398163397
0.785398163397
0.785398163397
0.785398163397
0.785398163397
0.785398163397
0.785398163397
0.785398163397
0.785398163397
0.785398163397
0.785398163397
0.785398163397
0.785398163397
0.785398163397
0.785398163397
0.785398163397
0.785398163397
0.785398163397
0.785398163397
0.785398163397
0.785398163397
0.785398163397
0.785398163397
0.785398163397
0.785398163397
0.785398163397
0.785398163397
0.785398163397
0.785398163397
0.785398163397
0.785398163397
0.785398163397
0.785398163397
0.785398163397
0.785398163397
0.785398163397
0.785398163397
0.785398163397
0.785398163397
0.785398163397
0.785398163397
0.785398163397
0.785398163397
0.785398163397
0.785398163397
0.785398163397
0.785398163397
0.785398163397
0.785398163397
0.785398163397
0.785398163397
0.785398163397
0.785398163397
0.785398163397
0.785398163397
0.785398163397
0.785398163397
0.785398163397
0.785398163397
0.785398163397
0.785398163397
0.785398163397
0.785398163397
0.785398163397
0.785398163397
0.785398163397
0.785398163397
0.785398163397
0.785398163397
0.785398163397
0.785398163397
0.785398163397
0.785398163397
0.785398163397
0.785398163397
0.785398163397
0.785398163397
0.785398163397
0.785398163397
0.785398163397
0.785398163397
0.785398163397
0.785398163397
0.785398163397
0.785398163397
0.785398163397
0.785398163397
0.785398163397
0.785398163397
0.785398163397
0.785398163397
0.785398163397
0.785398163397
0.785398163397
0.785398163397
0.785398163397
0.785398163397
0.785398163397
0.785398163397
0.785398163397
0.785398163397
0.785398163397
0.785398163397
0.785398163397
0.785398163397
0.785398163397
0.785398163397
0.785398163397
0.785398163397
0.785398163397
0.785398163397
0.785398163397
0.785398163397
0.785398163397
0.785398163397
0.785398163397
0.785398163397
0.785398163397
0.785398163397
0.785398163397
0.785398163397
0.785398163397
0.785398163397
0.785398163397
0.785398163397
0.785398163397
0.785398163397
0.785398163397
0.785398163397
0.785398163397
0.785398163397
0.785398163397
0.785398163397
0.785398163397
0.785398163397
0.785398163397
0.785398163397
0.785398163397
0.785398163397
0.785398163397
0.785398163397
0.785398163397
0.785398163397
0.785398163397
0.785398163397
0.785398163397
0.785398163397
0.785398163397
0.785398163397
0.785398163397
0.785398163397
0.785398163397
0.785398163397
0.785398163397
0.785398163397
0.785398163397
0.785398163397
0.785398163397
0.785398163397
0.785398163397
0.785398163397
0.785398163397
0.785398163397
0.785398163397
0.785398163397
0.785398163397
0.785398163397
0.785398163397
0.785398163397
0.785398163397
0.785398163397
0.785398163397
0.785398163397
0.785398163397
0.785398163397
0.785398163397
0.785398163397
0.785398163397
0.785398163397
0.785398163397
0.785398163397
0.785398163397
0.785398163397
0.785398163397
0.785398163397
0.785398163397
0.785398163397
0.785398163397
0.785398163397
0.785398163397
0.785398163397
0.785398163397
0.785398163397
0.785398163397
0.785398163397
0.785398163397
0.785398163397
0.785398163397
0.785398163397
0.785398163397
0.785398163397
0.785398163397
0.785398163397
0.785398163397
0.785398163397
0.785398163397
0.785398163397
0.785398163397
0.785398163397
0.785398163397
0.785398163397
0.785398163397
0.785398163397
0.785398163397
0.785398163397
0.785398163397
0.785398163397
0.785398163397
0.785398163397
0.785398163397
0.785398163397
0.785398163397
0.785398163397
0.785398163397
0.785398163397
0.785398163397
0.785398163397
0.785398163397
0.785398163397
0.785398163397
0.785398163397
0.785398163397
0.785398163397
0.785398163397
0.785398163397
0.785398163397
0.785398163397
0.785398163397
0.785398163397
0.785398163397
0.785398163397
0.785398163397
0.785398163397
0.785398163397
0.785398163397
0.785398163397
0.785398163397
0.785398163397
0.785398163397
0.785398163397
0.785398163397
0.785398163397
0.785398163397
0.785398163397
0.785398163397
0.785398163397
0.785398163397
0.785398163397
0.785398163397
0.785398163397
0.785398163397
0.785398163397
0.785398163397
0.785398163397
0.785398163397
0.785398163397
0.785398163397
0.785398163397
0.785398163397
0.785398163397
0.785398163397
0.785398163397
0.785398163397
0.785398163397
0.785398163397
0.785398163397
0.785398163397
0.785398163397
0.785398163397
0.785398163397
0.785398163397
0.785398163397
0.785398163397
0.785398163397
0.785398163397
0.785398163397
0.785398163397
0.785398163397
0.785398163397
0.785398163397
0.785398163397
0.785398163397
0.785398163397
0.785398163397
0.785398163397
0.785398163397
0.785398163397
0.785398163397
0.785398163397
0.785398163397
0.785398163397
0.785398163397
0.785398163397
0.785398163397
0.785398163397
0.785398163397
0.785398163397
0.785398163397
0.785398163397
0.785398163397
0.785398163397
0.785398163397
0.785398163397
0.785398163397
0.785398163397
0.785398163397
0.785398163397
0.785398163397
0.785398163397
0.785398163397
0.785398163397
0.785398163397
0.785398163397
0.785398163397
0.785398163397
0.785398163397
0.785398163397
0.785398163397
0.785398163397
0.785398163397
0.785398163397
0.785398163397
0.785398163397
0.785398163397
0.785398163397
0.785398163397
0.785398163397
0.785398163397
0.785398163397
0.785398163397
0.785398163397
0.785398163397
0.785398163397
0.785398163397
0.785398163397
0.785398163397
0.785398163397
0.785398163397
0.785398163397
0.785398163397
0.785398163397
0.785398163397
0.785398163397
0.785398163397
0.785398163397
0.785398163397
0.785398163397
0.785398163397
0.785398163397
0.785398163397
0.785398163397
0.785398163397
0.785398163397
0.785398163397
0.785398163397
0.785398163397
0.785398163397
0.785398163397
0.785398163397
0.785398163397
0.785398163397
0.785398163397
0.785398163397
0.785398163397
0.785398163397
0.785398163397
0.785398163397
0.785398163397
0.785398163397
0.785398163397
0.785398163397
0.785398163397
0.785398163397
0.785398163397
0.785398163397
0.785398163397
0.785398163397
0.785398163397
0.785398163397
0.785398163397
0.785398163397
0.785398163397
0.785398163397
0.785398163397
0.785398163397
0.785398163397
0.785398163397
0.785398163397
0.785398163397
0.785398163397
0.785398163397
0.785398163397
0.785398163397
0.785398163397
0.785398163397
0.785398163397
0.785398163397
0.785398163397
0.785398163397
0.785398163397
0.785398163397
0.785398163397
0.785398163397
0.785398163397
0.785398163397
0.785398163397
0.785398163397
0.785398163397
0.785398163397
0.785398163397
0.785398163397
0.785398163397
0.785398163397
0.785398163397
0.785398163397
0.785398163397
0.785398163397
0.785398163397
0.785398163397
0.785398163397
0.785398163397
0.785398163397
0.785398163397
0.785398163397
0.785398163397
0.785398163397
0.785398163397
0.785398163397
0.785398163397
0.785398163397
0.785398163397
0.785398163397
0.785398163397
0.785398163397
0.785398163397
0.785398163397
0.785398163397
0.785398163397
0.785398163397
0.785398163397
0.785398163397
0.785398163397
0.785398163397
0.785398163397
0.785398163397
0.785398163397
0.785398163397
0.785398163397
0.785398163397
0.785398163397
0.785398163397
0.785398163397
0.785398163397
0.785398163397
0.785398163397
0.785398163397
0.785398163397
0.785398163397
0.785398163397
0.785398163397
0.785398163397
0.785398163397
0.785398163397
0.785398163397
0.785398163397
0.785398163397
0.785398163397
0.785398163397
0.785398163397
0.785398163397
0.785398163397
0.785398163397
0.785398163397
0.785398163397
0.785398163397
0.785398163397
0.785398163397
0.785398163397
0.785398163397
0.785398163397
0.785398163397
0.785398163397
0.785398163397
0.785398163397
0.785398163397
0.785398163397
0.785398163397
0.785398163397
0.785398163397
0.785398163397
0.785398163397
0.785398163397
0.785398163397
0.785398163397
0.785398163397
0.785398163397
0.785398163397
0.785398163397
0.785398163397
0.785398163397
0.785398163397
0.785398163397
0.785398163397
0.785398163397
0.785398163397
0.785398163397
0.785398163397
0.785398163397
0.785398163397
0.785398163397
0.785398163397
0.785398163397
0.785398163397
0.785398163397
0.785398163397
0.785398163397
0.785398163397
0.785398163397
0.785398163397
0.785398163397
0.785398163397
0.785398163397
0.785398163397
0.785398163397
0.785398163397
0.785398163397
0.785398163397
0.785398163397
0.785398163397
0.785398163397
0.785398163397
0.785398163397
0.785398163397
0.785398163397
0.785398163397
0.785398163397
0.785398163397
0.785398163397
0.785398163397
0.785398163397
0.785398163397
0.785398163397
0.785398163397
0.785398163397
0.785398163397
0.785398163397
0.785398163397
0.785398163397
0.785398163397
0.785398163397
0.785398163397
0.785398163397
0.785398163397
0.785398163397
0.785398163397
0.785398163397
0.785398163397
0.785398163397
0.785398163397
0.785398163397
0.785398163397
0.785398163397
0.785398163397
0.785398163397
0.785398163397
0.785398163397
0.785398163397
0.785398163397
0.785398163397
0.785398163397
0.785398163397
0.785398163397
0.785398163397
0.785398163397
0.785398163397
0.785398163397
0.785398163397
0.785398163397
0.785398163397
0.785398163397
0.785398163397
0.785398163397
0.785398163397
0.785398163397
0.785398163397
0.785398163397
0.785398163397
0.785398163397
0.785398163397
0.785398163397
0.785398163397
0.785398163397
0.785398163397
0.785398163397
0.785398163397
0.785398163397
0.785398163397
0.785398163397
0.785398163397
0.785398163397
0.785398163397
0.785398163397
0.785398163397
0.785398163397
0.785398163397
0.785398163397
0.785398163397
0.785398163397
0.785398163397
0.785398163397
0.785398163397
0.785398163397
0.785398163397
0.785398163397
0.785398163397
0.785398163397
0.785398163397
0.785398163397
0.785398163397
0.785398163397
0.785398163397
0.785398163397
0.785398163397
0.785398163397
0.785398163397
0.785398163397
0.785398163397
0.785398163397
0.785398163397
0.785398163397
0.785398163397
0.785398163397
0.785398163397
0.785398163397
0.785398163397
0.785398163397
0.785398163397
0.785398163397
0.785398163397
0.785398163397
0.785398163397
0.785398163397
0.785398163397
0.785398163397
0.785398163397
0.785398163397
0.785398163397
0.785398163397
0.785398163397
0.785398163397
0.785398163397
0.785398163397
0.785398163397
0.785398163397
0.785398163397
0.785398163397
0.785398163397
0.785398163397
0.785398163397
0.785398163397
0.785398163397
0.785398163397
0.785398163397
0.785398163397
0.785398163397
0.785398163397
0.785398163397
0.785398163397
0.785398163397
0.785398163397
0.785398163397
0.785398163397
0.785398163397
0.785398163397
0.785398163397
0.785398163397
0.785398163397
0.785398163397
0.785398163397
0.785398163397
0.785398163397
0.785398163397
0.785398163397
0.785398163397
0.785398163397
0.785398163397
0.785398163397
0.785398163397
0.785398163397
0.785398163397
0.785398163397
0.785398163397
0.785398163397
0.785398163397
0.785398163397
0.785398163397
0.785398163397
0.785398163397
0.785398163397
0.785398163397
0.785398163397
0.785398163397
0.785398163397
0.785398163397
0.785398163397
0.785398163397
0.785398163397
0.785398163397
0.785398163397
0.785398163397
0.785398163397
0.785398163397
0.785398163397
0.785398163397
0.785398163397
0.785398163397
0.785398163397
0.785398163397
0.785398163397
0.785398163397
0.785398163397
0.785398163397
0.785398163397
0.785398163397
0.785398163397
0.785398163397
0.785398163397
0.785398163397
0.785398163397
0.785398163397
0.785398163397
0.785398163397
0.785398163397
0.785398163397
0.785398163397
0.785398163397
0.785398163397
0.785398163397
0.785398163397
0.785398163397
0.785398163397
0.785398163397
0.785398163397
0.785398163397
0.785398163397
0.785398163397
0.785398163397
0.785398163397
0.785398163397
0.785398163397
0.785398163397
0.785398163397
0.785398163397
0.785398163397
0.785398163397
0.785398163397
0.785398163397
0.785398163397
0.785398163397
0.785398163397
0.785398163397
0.785398163397
0.785398163397
0.785398163397
0.785398163397
0.785398163397
0.785398163397
0.785398163397
0.785398163397
0.785398163397
0.785398163397
0.785398163397
0.785398163397
0.785398163397
0.785398163397
0.785398163397
0.785398163397
0.785398163397
0.785398163397
0.785398163397
0.785398163397
0.785398163397
0.785398163397
0.785398163397
0.785398163397
0.785398163397
0.785398163397
0.785398163397
0.785398163397
0.785398163397
0.785398163397
0.785398163397
0.785398163397
0.785398163397
0.785398163397
0.785398163397
0.785398163397
0.785398163397
0.785398163397
0.785398163397
0.785398163397
0.785398163397
0.785398163397
0.785398163397
0.785398163397
0.785398163397
0.785398163397
0.785398163397
0.785398163397
0.785398163397
0.785398163397
0.785398163397
0.785398163397
0.785398163397
0.785398163397
0.785398163397
0.785398163397
0.785398163397
0.785398163397
0.785398163397
0.785398163397
0.785398163397
0.785398163397
0.785398163397
0.785398163397
0.785398163397
0.785398163397
0.785398163397
0.785398163397
0.785398163397
0.785398163397
0.785398163397
0.785398163397
0.785398163397
0.785398163397
0.785398163397
0.785398163397
0.785398163397
0.785398163397
0.785398163397
0.785398163397
0.785398163397
0.785398163397
0.785398163397
0.785398163397
0.785398163397
0.785398163397
0.785398163397
0.785398163397
0.785398163397
0.785398163397
0.785398163397
0.785398163397
0.785398163397
0.785398163397
0.785398163397
0.785398163397
0.785398163397
0.785398163397
0.785398163397
0.785398163397
0.785398163397
0.785398163397
0.785398163397
0.785398163397
0.785398163397
0.785398163397
0.785398163397
0.785398163397
0.785398163397
0.785398163397
0.785398163397
0.785398163397
0.785398163397
0.785398163397
0.785398163397
0.785398163397
0.785398163397
0.785398163397
0.785398163397
0.785398163397
0.785398163397
0.785398163397
0.785398163397
0.785398163397
0.785398163397
0.785398163397
0.785398163397
0.785398163397
0.785398163397
0.785398163397
0.785398163397
0.785398163397
0.785398163397
0.785398163397
0.785398163397
0.785398163397
0.785398163397
0.785398163397
0.785398163397
0.785398163397
0.785398163397
0.785398163397
0.785398163397
0.785398163397
0.785398163397
0.785398163397
0.785398163397
0.785398163397
0.785398163397
0.785398163397
0.785398163397
0.785398163397
0.785398163397
0.785398163397
0.785398163397
0.785398163397
0.785398163397
0.785398163397
0.785398163397
0.785398163397
0.785398163397
0.785398163397
0.785398163397
0.785398163397
0.785398163397
0.785398163397
0.785398163397
0.785398163397
0.785398163397
0.785398163397
0.785398163397
0.785398163397
0.785398163397
0.785398163397
0.785398163397
0.785398163397
0.785398163397
0.785398163397
0.785398163397
0.785398163397
0.785398163397
0.785398163397
0.785398163397
0.785398163397
0.785398163397
0.785398163397
0.785398163397
0.785398163397
0.785398163397
0.785398163397
0.785398163397
0.785398163397
0.785398163397
0.785398163397
0.785398163397
0.785398163397
0.785398163397
0.785398163397
0.785398163397
0.785398163397
0.785398163397
0.785398163397
0.785398163397
0.785398163397
0.785398163397
0.785398163397
0.785398163397
0.785398163397
0.785398163397
0.785398163397
0.785398163397
0.785398163397
0.785398163397
0.785398163397
0.785398163397
0.785398163397
0.785398163397
0.785398163397
0.785398163397
0.785398163397
0.785398163397
0.785398163397
0.785398163397
0.785398163397
0.785398163397
0.785398163397
0.785398163397
0.785398163397
0.785398163397
0.785398163397
0.785398163397
0.785398163397
0.785398163397
0.785398163397
0.785398163397
0.785398163397
0.785398163397
0.785398163397
0.785398163397
0.785398163397
0.785398163397
0.785398163397
0.785398163397
0.785398163397
0.785398163397
0.785398163397
0.785398163397
0.785398163397
0.785398163397
0.785398163397
0.785398163397
0.785398163397
0.785398163397
0.785398163397
0.785398163397
0.785398163397
0.785398163397
0.785398163397
0.785398163397
0.785398163397
0.785398163397
0.785398163397
0.785398163397
0.785398163397
0.785398163397
0.785398163397
0.785398163397
0.785398163397
0.785398163397
0.785398163397
0.785398163397
0.785398163397
0.785398163397
0.785398163397
0.785398163397
0.785398163397
0.785398163397
0.785398163397
0.785398163397
0.785398163397
0.785398163397
0.785398163397
0.785398163397
0.785398163397
0.785398163397
0.785398163397
0.785398163397
0.785398163397
0.785398163397
0.785398163397
0.785398163397
0.785398163397
0.785398163397
0.785398163397
0.785398163397
0.785398163397
0.785398163397
0.785398163397
0.785398163397
0.785398163397
0.785398163397
0.785398163397
0.785398163397
0.785398163397
0.785398163397
0.785398163397
0.785398163397
0.785398163397
0.785398163397
0.785398163397
0.785398163397
0.785398163397
0.785398163397
0.785398163397
0.785398163397
0.785398163397
0.785398163397
0.785398163397
0.785398163397
0.785398163397
0.785398163397
0.785398163397
0.785398163397
0.785398163397
0.785398163397
0.785398163397
0.785398163397
0.785398163397
0.785398163397
0.785398163397
0.785398163397
0.785398163397
0.785398163397
0.785398163397
0.785398163397
0.785398163397
0.785398163397
0.785398163397
0.785398163397
0.785398163397
0.785398163397
0.785398163397
0.785398163397
0.785398163397
0.785398163397
0.785398163397
0.785398163397
0.785398163397
0.785398163397
0.785398163397
0.785398163397
0.785398163397
0.785398163397
0.785398163397
0.785398163397
0.785398163397
0.785398163397
0.785398163397
0.785398163397
0.785398163397
0.785398163397
0.785398163397
0.785398163397
0.785398163397
0.785398163397
0.785398163397
0.785398163397
0.785398163397
0.785398163397
0.785398163397
0.785398163397
0.785398163397
0.785398163397
0.785398163397
0.785398163397
0.785398163397
0.785398163397
0.785398163397
0.785398163397
0.785398163397
0.785398163397
0.785398163397
0.785398163397
0.785398163397
0.785398163397
0.785398163397
0.785398163397
0.785398163397
0.785398163397
0.785398163397
0.785398163397
0.785398163397
0.785398163397
0.785398163397
0.785398163397
0.785398163397
0.785398163397
0.785398163397
0.785398163397
0.785398163397
0.785398163397
0.785398163397
0.785398163397
0.785398163397
0.785398163397
0.785398163397
0.785398163397
0.785398163397
0.785398163397
0.785398163397
0.785398163397
0.785398163397
0.785398163397
0.785398163397
0.785398163397
0.785398163397
0.785398163397
0.785398163397
0.785398163397
0.785398163397
0.785398163397
0.785398163397
0.785398163397
0.785398163397
0.785398163397
0.785398163397
0.785398163397
0.785398163397
0.785398163397
0.785398163397
0.785398163397
0.785398163397
0.785398163397
0.785398163397
0.785398163397
0.785398163397
0.785398163397
0.785398163397
0.785398163397
0.785398163397
0.785398163397
0.785398163397
0.785398163397
0.785398163397
0.785398163397
0.785398163397
0.785398163397
0.785398163397
0.785398163397
0.785398163397
0.785398163397
0.785398163397
0.785398163397
0.785398163397
0.785398163397
0.785398163397
0.785398163397
0.785398163397
0.785398163397
0.785398163397
0.785398163397
0.785398163397
0.785398163397
0.785398163397
0.785398163397
0.785398163397
0.785398163397
0.785398163397
0.785398163397
0.785398163397
0.785398163397
0.785398163397
0.785398163397
0.785398163397
0.785398163397
0.785398163397
0.785398163397
0.785398163397
0.785398163397
0.785398163397
0.785398163397
0.785398163397
0.785398163397
0.785398163397
0.785398163397
0.785398163397
0.785398163397
0.785398163397
0.785398163397
0.785398163397
0.785398163397
0.785398163397
0.785398163397
0.785398163397
0.785398163397
0.785398163397
0.785398163397
0.785398163397
0.785398163397
0.785398163397
0.785398163397
0.785398163397
0.785398163397
0.785398163397
0.785398163397
0.785398163397
0.785398163397
0.785398163397
0.785398163397
0.785398163397
0.785398163397
0.785398163397
0.785398163397
0.785398163397
0.785398163397
0.785398163397
0.785398163397
0.785398163397
0.785398163397
0.785398163397
0.785398163397
0.785398163397
0.785398163397
0.785398163397
0.785398163397
0.785398163397
0.785398163397
0.785398163397
0.785398163397
0.785398163397
0.785398163397
0.785398163397
0.785398163397
0.785398163397
0.785398163397
0.785398163397
0.785398163397
0.785398163397
0.785398163397
0.785398163397
0.785398163397
0.785398163397
0.785398163397
0.785398163397
0.785398163397
0.785398163397
0.785398163397
0.785398163397
0.785398163397
0.785398163397
0.785398163397
0.785398163397
0.785398163397
0.785398163397
0.785398163397
0.785398163397
0.785398163397
0.785398163397
0.785398163397
0.785398163397
0.785398163397
0.785398163397
0.785398163397
0.785398163397
0.785398163397
0.785398163397
0.785398163397
0.785398163397
0.785398163397
0.785398163397
0.785398163397
0.785398163397
0.785398163397
0.785398163397
0.785398163397
0.785398163397
0.785398163397
0.785398163397
0.785398163397
0.785398163397
0.785398163397
0.785398163397
0.785398163397
0.785398163397
0.785398163397
0.785398163397
0.785398163397
0.785398163397
0.785398163397
0.785398163397
0.785398163397
0.785398163397
0.785398163397
0.785398163397
0.785398163397
0.785398163397
0.785398163397
0.785398163397
0.785398163397
0.785398163397
0.785398163397
0.785398163397
0.785398163397
0.785398163397
0.785398163397
0.785398163397
0.785398163397
0.785398163397
0.785398163397
0.785398163397
0.785398163397
0.785398163397
0.785398163397
0.785398163397
0.785398163397
0.785398163397
0.785398163397
0.785398163397
0.785398163397
0.785398163397
0.785398163397
0.785398163397
0.785398163397
0.785398163397
0.785398163397
0.785398163397
0.785398163397
0.785398163397
0.785398163397
0.785398163397
0.785398163397
0.785398163397
0.785398163397
0.785398163397
0.785398163397
0.785398163397
0.785398163397
0.785398163397
0.785398163397
0.785398163397
0.785398163397
0.785398163397
0.785398163397
0.785398163397
0.785398163397
0.785398163397
0.785398163397
0.785398163397
0.785398163397
0.785398163397
0.785398163397
0.785398163397
0.785398163397
0.785398163397
0.785398163397
0.785398163397
0.785398163397
0.785398163397
0.785398163397
0.785398163397
0.785398163397
0.785398163397
0.785398163397
0.785398163397
0.785398163397
0.785398163397
0.785398163397
0.785398163397
0.785398163397
0.785398163397
0.785398163397
0.785398163397
0.785398163397
0.785398163397
0.785398163397
0.785398163397
0.785398163397
0.785398163397
0.785398163397
0.785398163397
0.785398163397
0.785398163397
0.785398163397
0.785398163397
0.785398163397
0.785398163397
0.785398163397
0.785398163397
0.785398163397
0.785398163397
0.785398163397
0.785398163397
0.785398163397
0.785398163397
0.785398163397
0.785398163397
0.785398163397
0.785398163397
0.785398163397
0.785398163397
0.785398163397
0.785398163397
0.785398163397
0.785398163397
0.785398163397
0.785398163397
0.785398163397
0.785398163397
0.785398163397
0.785398163397
0.785398163397
0.785398163397
0.785398163397
0.785398163397
0.785398163397
0.785398163397
0.785398163397
0.785398163397
0.785398163397
0.785398163397
0.785398163397
0.785398163397
0.785398163397
0.785398163397
0.785398163397
0.785398163397
0.785398163397
0.785398163397
0.785398163397
0.785398163397
0.785398163397
0.785398163397
0.785398163397
0.785398163397
0.785398163397
0.785398163397
0.785398163397
0.785398163397
0.785398163397
0.785398163397
0.785398163397
0.785398163397
0.785398163397
0.785398163397
0.785398163397
0.785398163397
0.785398163397
0.785398163397
0.785398163397
0.785398163397
0.785398163397
0.785398163397
0.785398163397
0.785398163397
0.785398163397
0.785398163397
0.785398163397
0.785398163397
0.785398163397
0.785398163397
0.785398163397
0.785398163397
0.785398163397
0.785398163397
0.785398163397
0.785398163397
0.785398163397
0.785398163397
0.785398163397
0.785398163397
0.785398163397
0.785398163397
0.785398163397
0.785398163397
0.785398163397
0.785398163397
0.785398163397
0.785398163397
0.785398163397
0.785398163397
0.785398163397
0.785398163397
0.785398163397
0.785398163397
0.785398163397
0.785398163397
0.785398163397
0.785398163397
0.785398163397
0.785398163397
0.785398163397
0.785398163397
0.785398163397
0.785398163397
0.785398163397
0.785398163397
0.785398163397
0.785398163397
0.785398163397
0.785398163397
0.785398163397
0.785398163397
0.785398163397
0.785398163397
0.785398163397
0.785398163397
0.785398163397
0.785398163397
0.785398163397
0.785398163397
0.785398163397
0.785398163397
0.785398163397
0.785398163397
0.785398163397
0.785398163397
0.785398163397
0.785398163397
0.785398163397
0.785398163397
0.785398163397
0.785398163397
0.785398163397
0.785398163397
0.785398163397
0.785398163397
0.785398163397
0.785398163397
0.785398163397
0.785398163397
0.785398163397
0.785398163397
0.785398163397
0.785398163397
0.785398163397
0.785398163397
0.785398163397
0.785398163397
0.785398163397
0.785398163397
0.785398163397
0.785398163397
0.785398163397
0.785398163397
0.785398163397
0.785398163397
0.785398163397
0.785398163397
0.785398163397
0.785398163397
0.785398163397
0.785398163397
0.785398163397
0.785398163397
0.785398163397
0.785398163397
0.785398163397
0.785398163397
0.785398163397
0.785398163397
0.785398163397
0.785398163397
0.785398163397
0.785398163397
0.785398163397
0.785398163397
0.785398163397
0.785398163397
0.785398163397
0.785398163397
0.785398163397
0.785398163397
0.785398163397
0.785398163397
0.785398163397
0.785398163397
0.785398163397
0.785398163397
0.785398163397
0.785398163397
0.785398163397
0.785398163397
0.785398163397
0.785398163397
0.785398163397
0.785398163397
0.785398163397
0.785398163397
0.785398163397
0.785398163397
0.785398163397
0.785398163397
0.785398163397
0.785398163397
0.785398163397
0.785398163397
0.785398163397
0.785398163397
0.785398163397
0.785398163397
0.785398163397
0.785398163397
0.785398163397
0.785398163397
0.785398163397
0.785398163397
0.785398163397
0.785398163397
0.785398163397
0.785398163397
0.785398163397
0.785398163397
0.785398163397
0.785398163397
0.785398163397
0.785398163397
0.785398163397
0.785398163397
0.785398163397
0.785398163397
0.785398163397
0.785398163397
0.785398163397
0.785398163397
0.785398163397
0.785398163397
0.785398163397
0.785398163397
0.785398163397
0.785398163397
0.785398163397
0.785398163397
0.785398163397
0.785398163397
0.785398163397
0.785398163397
0.785398163397
0.785398163397
0.785398163397
0.785398163397
0.785398163397
0.785398163397
0.785398163397
0.785398163397
0.785398163397
0.785398163397
0.785398163397
0.785398163397
0.785398163397
0.785398163397
0.785398163397
0.785398163397
0.785398163397
0.785398163397
0.785398163397
0.785398163397
0.785398163397
0.785398163397
0.785398163397
0.785398163397
0.785398163397
0.785398163397
0.785398163397
0.785398163397
0.785398163397
0.785398163397
0.785398163397
0.785398163397
0.785398163397
0.785398163397
0.785398163397
0.785398163397
0.785398163397
0.785398163397
0.785398163397
0.785398163397
0.785398163397
0.785398163397
0.785398163397
0.785398163397
0.785398163397
0.785398163397
0.785398163397
0.785398163397
0.785398163397
0.785398163397
0.785398163397
0.785398163397
0.785398163397
0.785398163397
0.785398163397
0.785398163397
0.785398163397
0.785398163397
0.785398163397
0.785398163397
0.785398163397
0.785398163397
0.785398163397
0.785398163397
0.785398163397
0.785398163397
0.785398163397
0.785398163397
0.785398163397
0.785398163397
0.785398163397
0.785398163397
0.785398163397
0.785398163397
0.785398163397
0.785398163397
0.785398163397
0.785398163397
0.785398163397
0.785398163397
0.785398163397
0.785398163397
0.785398163397
0.785398163397
0.785398163397
0.785398163397
0.785398163397
0.785398163397
0.785398163397
0.785398163397
0.785398163397
0.785398163397
0.785398163397
0.785398163397
0.785398163397
0.785398163397
0.785398163397
0.785398163397
0.785398163397
0.785398163397
0.785398163397
0.785398163397
0.785398163397
0.785398163397
0.785398163397
0.785398163397
0.785398163397
0.785398163397
0.785398163397
0.785398163397
0.785398163397
0.785398163397
0.785398163397
0.785398163397
0.785398163397
0.785398163397
0.785398163397
0.785398163397
0.785398163397
0.785398163397
0.785398163397
0.785398163397
0.785398163397
0.785398163397
0.785398163397
0.785398163397
0.785398163397
0.785398163397
0.785398163397
0.785398163397
0.785398163397
0.785398163397
0.785398163397
0.785398163397
0.785398163397
0.785398163397
0.785398163397
0.785398163397
0.785398163397
0.785398163397
0.785398163397
0.785398163397
0.785398163397
0.785398163397
0.785398163397
0.785398163397
0.785398163397
0.785398163397
0.785398163397
0.785398163397
0.785398163397
0.785398163397
0.785398163397
0.785398163397
0.785398163397
0.785398163397
0.785398163397
0.785398163397
0.785398163397
0.785398163397
0.785398163397
0.785398163397
0.785398163397
0.785398163397
0.785398163397
0.785398163397
0.785398163397
0.785398163397
0.785398163397
0.785398163397
0.785398163397
0.785398163397
0.785398163397
0.785398163397
0.785398163397
0.785398163397
0.785398163397
0.785398163397
0.785398163397
0.785398163397
0.785398163397
0.785398163397
0.785398163397
0.785398163397
0.785398163397
0.785398163397
0.785398163397
0.785398163397
0.785398163397
0.785398163397
0.785398163397
0.785398163397
0.785398163397
0.785398163397
0.785398163397
0.785398163397
0.785398163397
0.785398163397
0.785398163397
0.785398163397
0.785398163397
0.785398163397
0.785398163397
0.785398163397
0.785398163397
0.785398163397
0.785398163397
0.785398163397
0.785398163397
0.785398163397
0.785398163397
0.785398163397
0.785398163397
0.785398163397
0.785398163397
0.785398163397
0.785398163397
0.785398163397
0.785398163397
0.785398163397
0.785398163397
0.785398163397
0.785398163397
0.785398163397
0.785398163397
0.785398163397
0.785398163397
0.785398163397
0.785398163397
0.785398163397
0.785398163397
0.785398163397
0.785398163397
0.785398163397
0.785398163397
0.785398163397
0.785398163397
0.785398163397
0.785398163397
0.785398163397
0.785398163397
0.785398163397
0.785398163397
0.785398163397
0.785398163397
0.785398163397
0.785398163397
0.785398163397
0.785398163397
0.785398163397
0.785398163397
0.785398163397
0.785398163397
0.785398163397
0.785398163397
0.785398163397
0.785398163397
0.785398163397
0.785398163397
0.785398163397
0.785398163397
0.785398163397
0.785398163397
0.785398163397
0.785398163397
0.785398163397
0.785398163397
0.785398163397
0.785398163397
0.785398163397
0.785398163397
0.785398163397
0.785398163397
0.785398163397
0.785398163397
0.785398163397
0.785398163397
0.785398163397
0.785398163397
0.785398163397
0.785398163397
0.785398163397
0.785398163397
0.785398163397
0.785398163397
0.785398163397
0.785398163397
0.785398163397
0.785398163397
0.785398163397
0.785398163397
0.785398163397
0.785398163397
0.785398163397
0.785398163397
0.785398163397
0.785398163397
0.785398163397
0.785398163397
0.785398163397
0.785398163397
0.785398163397
0.785398163397
0.785398163397
0.785398163397
0.785398163397
0.785398163397
0.785398163397
0.785398163397
0.785398163397
0.785398163397
0.785398163397
0.785398163397
0.785398163397
0.785398163397
0.785398163397
0.785398163397
0.785398163397
0.785398163397
0.785398163397
0.785398163397
0.785398163397
0.785398163397
0.785398163397
0.785398163397
0.785398163397
0.785398163397
0.785398163397
0.785398163397
0.785398163397
0.785398163397
0.785398163397
0.785398163397
0.785398163397
0.785398163397
0.785398163397
0.785398163397
0.785398163397
0.785398163397
0.785398163397
0.785398163397
0.785398163397
0.785398163397
0.785398163397
0.785398163397
0.785398163397
0.785398163397
0.785398163397
0.785398163397
0.785398163397
0.785398163397
0.785398163397
0.785398163397
0.785398163397
0.785398163397
0.785398163397
0.785398163397
0.785398163397
0.785398163397
0.785398163397
0.785398163397
0.785398163397
0.785398163397
0.785398163397
0.785398163397
0.785398163397
0.785398163397
0.785398163397
0.785398163397
0.785398163397
0.785398163397
0.785398163397
0.785398163397
0.785398163397
0.785398163397
0.785398163397
0.785398163397
0.785398163397
0.785398163397
0.785398163397
0.785398163397
0.785398163397
0.785398163397
0.785398163397
0.785398163397
0.785398163397
0.785398163397
0.785398163397
0.785398163397
0.785398163397
0.785398163397
0.785398163397
0.785398163397
0.785398163397
0.785398163397
0.785398163397
0.785398163397
0.785398163397
0.785398163397
0.785398163397
0.785398163397
0.785398163397
0.785398163397
0.785398163397
0.785398163397
0.785398163397
0.785398163397
0.785398163397
0.785398163397
0.785398163397
0.785398163397
0.785398163397
0.785398163397
0.785398163397
0.785398163397
0.785398163397
0.785398163397
0.785398163397
0.785398163397
0.785398163397
0.785398163397
0.785398163397
0.785398163397
0.785398163397
0.785398163397
0.785398163397
0.785398163397
0.785398163397
0.785398163397
0.785398163397
0.785398163397
0.785398163397
0.785398163397
0.785398163397
0.785398163397
0.785398163397
0.785398163397
0.785398163397
0.785398163397
0.785398163397
0.785398163397
0.785398163397
0.785398163397
0.785398163397
0.785398163397
0.785398163397
0.785398163397
0.785398163397
0.785398163397
0.785398163397
0.785398163397
0.785398163397
0.785398163397
0.785398163397
0.785398163397
0.785398163397
0.785398163397
0.785398163397
0.785398163397
0.785398163397
0.785398163397
0.785398163397
0.785398163397
0.785398163397
0.785398163397
0.785398163397
0.785398163397
0.785398163397
0.785398163397
0.785398163397
0.785398163397
0.785398163397
0.785398163397
0.785398163397
0.785398163397
0.785398163397
0.785398163397
0.785398163397
0.785398163397
0.785398163397
0.785398163397
0.785398163397
0.785398163397
0.785398163397
0.785398163397
0.785398163397
0.785398163397
0.785398163397
0.785398163397
0.785398163397
0.785398163397
0.785398163397
0.785398163397
0.785398163397
0.785398163397
0.785398163397
0.785398163397
0.785398163397
0.785398163397
0.785398163397
0.785398163397
0.785398163397
0.785398163397
0.785398163397
0.785398163397
0.785398163397
0.785398163397
0.785398163397
0.785398163397
0.785398163397
0.785398163397
0.785398163397
0.785398163397
0.785398163397
0.785398163397
0.785398163397
0.785398163397
0.785398163397
0.785398163397
0.785398163397
0.785398163397
0.785398163397
0.785398163397
0.785398163397
0.785398163397
0.785398163397
0.785398163397
0.785398163397
0.785398163397
0.785398163397
0.785398163397
0.785398163397
0.785398163397
0.785398163397
0.785398163397
0.785398163397
0.785398163397
0.785398163397
0.785398163397
0.785398163397
0.785398163397
0.785398163397
0.785398163397
0.785398163397
0.785398163397
0.785398163397
0.785398163397
0.785398163397
0.785398163397
0.785398163397
0.785398163397
0.785398163397
0.785398163397
0.785398163397
0.785398163397
0.785398163397
0.785398163397
0.785398163397
0.785398163397
0.785398163397
0.785398163397
0.785398163397
0.785398163397
0.785398163397
0.785398163397
0.785398163397
0.785398163397
0.785398163397
0.785398163397
0.785398163397
0.785398163397
0.785398163397
0.785398163397
0.785398163397
0.785398163397
0.785398163397
0.785398163397
0.785398163397
0.785398163397
0.785398163397
0.785398163397
0.785398163397
0.785398163397
0.785398163397
0.785398163397
0.785398163397
0.785398163397
0.785398163397
0.785398163397
0.785398163397
0.785398163397
0.785398163397
0.785398163397
0.785398163397
0.785398163397
0.785398163397
0.785398163397
0.785398163397
0.785398163397
0.785398163397
0.785398163397
0.785398163397
0.785398163397
0.785398163397
0.785398163397
0.785398163397
0.785398163397
0.785398163397
0.785398163397
0.785398163397
0.785398163397
0.785398163397
0.785398163397
0.785398163397
0.785398163397
0.785398163397
0.785398163397
0.785398163397
0.785398163397
0.785398163397
0.785398163397
0.785398163397
0.785398163397
0.785398163397
0.785398163397
0.785398163397
0.785398163397
0.785398163397
0.785398163397
0.785398163397
0.785398163397
0.785398163397
0.785398163397
0.785398163397
0.785398163397
0.785398163397
0.785398163397
0.785398163397
0.785398163397
0.785398163397
0.785398163397
0.785398163397
0.785398163397
0.785398163397
0.785398163397
0.785398163397
0.785398163397
0.785398163397
0.785398163397
0.785398163397
0.785398163397
0.785398163397
0.785398163397
0.785398163397
0.785398163397
0.785398163397
0.785398163397
0.785398163397
0.785398163397
0.785398163397
0.785398163397
0.785398163397
0.785398163397
0.785398163397
0.785398163397
0.785398163397
0.785398163397
0.785398163397
0.785398163397
0.785398163397
0.785398163397
0.785398163397
0.785398163397
0.785398163397
0.785398163397
0.785398163397
0.785398163397
0.785398163397
0.785398163397
0.785398163397
0.785398163397
0.785398163397
0.785398163397
0.785398163397
0.785398163397
0.785398163397
0.785398163397
0.785398163397
0.785398163397
0.785398163397
0.785398163397
0.785398163397
0.785398163397
0.785398163397
0.785398163397
0.785398163397
0.785398163397
0.785398163397
0.785398163397
0.785398163397
0.785398163397
0.785398163397
0.785398163397
0.785398163397
0.785398163397
0.785398163397
0.785398163397
0.785398163397
0.785398163397
0.785398163397
0.785398163397
0.785398163397
0.785398163397
0.785398163397
0.785398163397
0.785398163397
0.785398163397
0.785398163397
0.785398163397
0.785398163397
0.785398163397
0.785398163397
0.785398163397
0.785398163397
0.785398163397
0.785398163397
0.785398163397
0.785398163397
0.785398163397
0.785398163397
0.785398163397
0.785398163397
0.785398163397
0.785398163397
0.785398163397
0.785398163397
0.785398163397
0.785398163397
0.785398163397
0.785398163397
0.785398163397
0.785398163397
0.785398163397
0.785398163397
0.785398163397
0.785398163397
0.785398163397
0.785398163397
0.785398163397
0.785398163397
0.785398163397
0.785398163397
0.785398163397
0.785398163397
0.785398163397
0.785398163397
0.785398163397
0.785398163397
0.785398163397
0.785398163397
0.785398163397
0.785398163397
0.785398163397
0.785398163397
0.785398163397
0.785398163397
0.785398163397
0.785398163397
0.785398163397
0.785398163397
0.785398163397
0.785398163397
0.785398163397
0.785398163397
0.785398163397
0.785398163397
0.785398163397
0.785398163397
0.785398163397
0.785398163397
0.785398163397
0.785398163397
0.785398163397
0.785398163397
0.785398163397
0.785398163397
0.785398163397
0.785398163397
0.785398163397
0.785398163397
0.785398163397
0.785398163397
0.785398163397
0.785398163397
0.785398163397
0.785398163397
0.785398163397
0.785398163397
0.785398163397
0.785398163397
0.785398163397
0.785398163397
0.785398163397
0.785398163397
0.785398163397
0.785398163397
0.785398163397
0.785398163397
0.785398163397
0.785398163397
0.785398163397
0.785398163397
0.785398163397
0.785398163397
0.785398163397
0.785398163397
0.785398163397
0.785398163397
0.785398163397
0.785398163397
0.785398163397
0.785398163397
0.785398163397
0.785398163397
0.785398163397
0.785398163397
0.785398163397
0.785398163397
0.785398163397
0.785398163397
0.785398163397
0.785398163397
0.785398163397
0.785398163397
0.785398163397
0.785398163397
0.785398163397
0.785398163397
0.785398163397
0.785398163397
0.785398163397
0.785398163397
0.785398163397
0.785398163397
0.785398163397
0.785398163397
0.785398163397
0.785398163397
0.785398163397
0.785398163397
0.785398163397
0.785398163397
0.785398163397
0.785398163397
0.785398163397
0.785398163397
0.785398163397
0.785398163397
0.785398163397
0.785398163397
0.785398163397
0.785398163397
0.785398163397
0.785398163397
0.785398163397
0.785398163397
0.785398163397
0.785398163397
0.785398163397
0.785398163397
0.785398163397
0.785398163397
0.785398163397
0.785398163397
0.785398163397
0.785398163397
0.785398163397
0.785398163397
0.785398163397
0.785398163397
0.785398163397
0.785398163397
0.785398163397
0.785398163397
0.785398163397
0.785398163397
0.785398163397
0.785398163397
0.785398163397
0.785398163397
0.785398163397
0.785398163397
0.785398163397
0.785398163397
0.785398163397
0.785398163397
0.785398163397
0.785398163397
0.785398163397
0.785398163397
0.785398163397
0.785398163397
0.785398163397
0.785398163397
0.785398163397
0.785398163397
0.785398163397
0.785398163397
0.785398163397
0.785398163397
0.785398163397
0.785398163397
0.785398163397
0.785398163397
0.785398163397
0.785398163397
0.785398163397
0.785398163397
0.785398163397
0.785398163397
0.785398163397
0.785398163397
0.785398163397
0.785398163397
0.785398163397
0.785398163397
0.785398163397
0.785398163397
0.785398163397
0.785398163397
0.785398163397
0.785398163397
0.785398163397
0.785398163397
0.785398163397
0.785398163397
0.785398163397
0.785398163397
0.785398163397
0.785398163397
0.785398163397
0.785398163397
0.785398163397
0.785398163397
0.785398163397
0.785398163397
0.785398163397
0.785398163397
0.785398163397
0.785398163397
0.785398163397
0.785398163397
0.785398163397
0.785398163397
0.785398163397
0.785398163397
0.785398163397
0.785398163397
0.785398163397
0.785398163397
0.785398163397
0.785398163397
0.785398163397
0.785398163397
0.785398163397
0.785398163397
0.785398163397
0.785398163397
0.785398163397
0.785398163397
0.785398163397
0.785398163397
0.785398163397
0.785398163397
0.785398163397
0.785398163397
0.785398163397
0.785398163397
0.785398163397
0.785398163397
0.785398163397
0.785398163397
0.785398163397
0.785398163397
0.785398163397
0.785398163397
0.785398163397
0.785398163397
0.785398163397
0.785398163397
0.785398163397
0.785398163397
0.785398163397
0.785398163397
0.785398163397
0.785398163397
0.785398163397
0.785398163397
0.785398163397
0.785398163397
0.785398163397
0.785398163397
0.785398163397
0.785398163397
0.785398163397
0.785398163397
0.785398163397
0.785398163397
0.785398163397
0.785398163397
0.785398163397
0.785398163397
0.785398163397
0.785398163397
0.785398163397
0.785398163397
0.785398163397
0.785398163397
0.785398163397
0.785398163397
0.785398163397
0.785398163397
0.785398163397
0.785398163397
0.785398163397
0.785398163397
0.785398163397
0.785398163397
0.785398163397
0.785398163397
0.785398163397
0.785398163397
0.785398163397
0.785398163397
0.785398163397
0.785398163397
0.785398163397
0.785398163397
0.785398163397
0.785398163397
0.785398163397
0.785398163397
0.785398163397
0.785398163397
0.785398163397
0.785398163397
0.785398163397
0.785398163397
0.785398163397
0.785398163397
0.785398163397
0.785398163397
0.785398163397
0.785398163397
0.785398163397
0.785398163397
0.785398163397
0.785398163397
0.785398163397
0.785398163397
0.785398163397
0.785398163397
0.785398163397
0.785398163397
0.785398163397
0.785398163397
0.785398163397
0.785398163397
0.785398163397
0.785398163397
0.785398163397
0.785398163397
0.785398163397
0.785398163397
0.785398163397
0.785398163397
0.785398163397
0.785398163397
0.785398163397
0.785398163397
0.785398163397
0.785398163397
0.785398163397
0.785398163397
0.785398163397
0.785398163397
0.785398163397
0.785398163397
0.785398163397
0.785398163397
0.785398163397
0.785398163397
0.785398163397
0.785398163397
0.785398163397
0.785398163397
0.785398163397
0.785398163397
0.785398163397
0.785398163397
0.785398163397
0.785398163397
0.785398163397
0.785398163397
0.785398163397
0.785398163397
0.785398163397
0.785398163397
0.785398163397
0.785398163397
0.785398163397
0.785398163397
0.785398163397
0.785398163397
0.785398163397
0.785398163397
0.785398163397
0.785398163397
0.785398163397
0.785398163397
0.785398163397
0.785398163397
0.785398163397
0.785398163397
0.785398163397
0.785398163397
0.785398163397
0.785398163397
0.785398163397
0.785398163397
0.785398163397
0.785398163397
0.785398163397
0.785398163397
0.785398163397
0.785398163397
0.785398163397
0.785398163397
0.785398163397
0.785398163397
0.785398163397
0.785398163397
0.785398163397
0.785398163397
0.785398163397
0.785398163397
0.785398163397
0.785398163397
0.785398163397
0.785398163397
0.785398163397
0.785398163397
0.785398163397
0.785398163397
0.785398163397
0.785398163397
0.785398163397
0.785398163397
0.785398163397
0.785398163397
0.785398163397
0.785398163397
0.785398163397
0.785398163397
0.785398163397
0.785398163397
0.785398163397
0.785398163397
0.785398163397
0.785398163397
0.785398163397
0.785398163397
0.785398163397
0.785398163397
0.785398163397
0.785398163397
0.785398163397
0.785398163397
0.785398163397
0.785398163397
0.785398163397
0.785398163397
0.785398163397
0.785398163397
0.785398163397
0.785398163397
0.785398163397
0.785398163397
0.785398163397
0.785398163397
0.785398163397
0.785398163397
0.785398163397
0.785398163397
0.785398163397
0.785398163397
0.785398163397
0.785398163397
0.785398163397
0.785398163397
0.785398163397
0.785398163397
0.785398163397
0.785398163397
0.785398163397
0.785398163397
0.785398163397
0.785398163397
0.785398163397
0.785398163397
0.785398163397
0.785398163397
0.785398163397
0.785398163397
0.785398163397
0.785398163397
0.785398163397
0.785398163397
0.785398163397
0.785398163397
0.785398163397
0.785398163397
0.785398163397
0.785398163397
0.785398163397
0.785398163397
0.785398163397
0.785398163397
0.785398163397
0.785398163397
0.785398163397
0.785398163397
0.785398163397
0.785398163397
0.785398163397
0.785398163397
0.785398163397
0.785398163397
0.785398163397
0.785398163397
0.785398163397
0.785398163397
0.785398163397
0.785398163397
0.785398163397
0.785398163397
0.785398163397
0.785398163397
0.785398163397
0.785398163397
0.785398163397
0.785398163397
0.785398163397
0.785398163397
0.785398163397
0.785398163397
0.785398163397
0.785398163397
0.785398163397
0.785398163397
0.785398163397
0.785398163397
0.785398163397
0.785398163397
0.785398163397
0.785398163397
0.785398163397
0.785398163397
0.785398163397
0.785398163397
0.785398163397
0.785398163397
0.785398163397
0.785398163397
0.785398163397
0.785398163397
0.785398163397
0.785398163397
0.785398163397
0.785398163397
0.785398163397
0.785398163397
0.785398163397
0.785398163397
0.785398163397
0.785398163397
0.785398163397
0.785398163397
0.785398163397
0.785398163397
0.785398163397
0.785398163397
0.785398163397
0.785398163397
0.785398163397
0.785398163397
0.785398163397
0.785398163397
0.785398163397
0.785398163397
0.785398163397
0.785398163397
0.785398163397
0.785398163397
0.785398163397
0.785398163397
0.785398163397
0.785398163397
0.785398163397
0.785398163397
0.785398163397
0.785398163397
0.785398163397
0.785398163397
0.785398163397
0.785398163397
0.785398163397
0.785398163397
0.785398163397
0.785398163397
0.785398163397
0.785398163397
0.785398163397
0.785398163397
0.785398163397
0.785398163397
0.785398163397
0.785398163397
0.785398163397
0.785398163397
0.785398163397
0.785398163397
0.785398163397
0.785398163397
0.785398163397
0.785398163397
0.785398163397
0.785398163397
0.785398163397
0.785398163397
0.785398163397
0.785398163397
0.785398163397
0.785398163397
0.785398163397
0.785398163397
0.785398163397
0.785398163397
0.785398163397
0.785398163397
0.785398163397
0.785398163397
0.785398163397
0.785398163397
0.785398163397
0.785398163397
0.785398163397
0.785398163397
0.785398163397
0.785398163397
0.785398163397
0.785398163397
0.785398163397
0.785398163397
0.785398163397
0.785398163397
0.785398163397
0.785398163397
0.785398163397
0.785398163397
0.785398163397
0.785398163397
0.785398163397
0.785398163397
0.785398163397
0.785398163397
0.785398163397
0.785398163397
0.785398163397
0.785398163397
0.785398163397
0.785398163397
0.785398163397
0.785398163397
0.785398163397
0.785398163397
0.785398163397
0.785398163397
0.785398163397
0.785398163397
0.785398163397
0.785398163397
0.785398163397
0.785398163397
0.785398163397
0.785398163397
0.785398163397
0.785398163397
0.785398163397
0.785398163397
0.785398163397
0.785398163397
0.785398163397
0.785398163397
0.785398163397
0.785398163397
0.785398163397
0.785398163397
0.785398163397
0.785398163397
0.785398163397
0.785398163397
0.785398163397
0.785398163397
0.785398163397
0.785398163397
0.785398163397
0.785398163397
0.785398163397
0.785398163397
0.785398163397
0.785398163397
0.785398163397
0.785398163397
0.785398163397
0.785398163397
0.785398163397
0.785398163397
0.785398163397
0.785398163397
0.785398163397
0.785398163397
0.785398163397
0.785398163397
0.785398163397
0.785398163397
0.785398163397
0.785398163397
0.785398163397
0.785398163397
0.785398163397
0.785398163397
0.785398163397
0.785398163397
0.785398163397
0.785398163397
0.785398163397
0.785398163397
0.785398163397
0.785398163397
0.785398163397
0.785398163397
0.785398163397
0.785398163397
0.785398163397
0.785398163397
0.785398163397
0.785398163397
0.785398163397
0.785398163397
0.785398163397
0.785398163397
0.785398163397
0.785398163397
0.785398163397
0.785398163397
0.785398163397
0.785398163397
0.785398163397
0.785398163397
0.785398163397
0.785398163397
0.785398163397
0.785398163397
0.785398163397
0.785398163397
0.785398163397
0.785398163397
0.785398163397
0.785398163397
0.785398163397
0.785398163397
0.785398163397
0.785398163397
0.785398163397
0.785398163397
0.785398163397
0.785398163397
0.785398163397
0.785398163397
0.785398163397
0.785398163397
0.785398163397
0.785398163397
0.785398163397
0.785398163397
0.785398163397
0.785398163397
0.785398163397
0.785398163397
0.785398163397
0.785398163397
0.785398163397
0.785398163397
0.785398163397
0.785398163397
0.785398163397
0.785398163397
0.785398163397
0.785398163397
0.785398163397
0.785398163397
0.785398163397
0.785398163397
0.785398163397
0.785398163397
0.785398163397
0.785398163397
0.785398163397
0.785398163397
0.785398163397
0.785398163397
0.785398163397
0.785398163397
0.785398163397
0.785398163397
0.785398163397
0.785398163397
0.785398163397
0.785398163397
0.785398163397
0.785398163397
0.785398163397
0.785398163397
0.785398163397
0.785398163397
0.785398163397
0.785398163397
0.785398163397
0.785398163397
0.785398163397
0.785398163397
0.785398163397
0.785398163397
0.785398163397
0.785398163397
0.785398163397
0.785398163397
0.785398163397
0.785398163397
0.785398163397
0.785398163397
0.785398163397
0.785398163397
0.785398163397
0.785398163397
0.785398163397
0.785398163397
0.785398163397
0.785398163397
0.785398163397
0.785398163397
0.785398163397
0.785398163397
0.785398163397
0.785398163397
0.785398163397
0.785398163397
0.785398163397
0.785398163397
0.785398163397
0.785398163397
0.785398163397
0.785398163397
0.785398163397
0.785398163397
0.785398163397
0.785398163397
0.785398163397
0.785398163397
0.785398163397
0.785398163397
0.785398163397
0.785398163397
0.785398163397
0.785398163397
0.785398163397
0.785398163397
0.785398163397
0.785398163397
0.785398163397
0.785398163397
0.785398163397
0.785398163397
0.785398163397
0.785398163397
0.785398163397
0.785398163397
0.785398163397
0.785398163397
0.785398163397
0.785398163397
0.785398163397
0.785398163397
0.785398163397
0.785398163397
0.785398163397
0.785398163397
0.785398163397
0.785398163397
0.785398163397
0.785398163397
0.785398163397
0.785398163397
0.785398163397
0.785398163397
0.785398163397
0.785398163397
0.785398163397
0.785398163397
0.785398163397
0.785398163397
0.785398163397
0.785398163397
0.785398163397
0.785398163397
0.785398163397
0.785398163397
0.785398163397
0.785398163397
0.785398163397
0.785398163397
0.785398163397
0.785398163397
0.785398163397
0.785398163397
0.785398163397
0.785398163397
0.785398163397
0.785398163397
0.785398163397
0.785398163397
0.785398163397
0.785398163397
0.785398163397
0.785398163397
0.785398163397
0.785398163397
0.785398163397
0.785398163397
0.785398163397
0.785398163397
0.785398163397
0.785398163397
0.785398163397
0.785398163397
0.785398163397
0.785398163397
0.785398163397
0.785398163397
0.785398163397
0.785398163397
0.785398163397
0.785398163397
0.785398163397
0.785398163397
0.785398163397
0.785398163397
0.785398163397
0.785398163397
0.785398163397
0.785398163397
0.785398163397
0.785398163397
0.785398163397
0.785398163397
0.785398163397
0.785398163397
0.785398163397
0.785398163397
0.785398163397
0.785398163397
0.785398163397
0.785398163397
0.785398163397
0.785398163397
0.785398163397
0.785398163397
0.785398163397
0.785398163397
0.785398163397
0.785398163397
0.785398163397
0.785398163397
0.785398163397
0.785398163397
0.785398163397
0.785398163397
0.785398163397
0.785398163397
0.785398163397
0.785398163397
0.785398163397
0.785398163397
0.785398163397
0.785398163397
0.785398163397
0.785398163397
0.785398163397
0.785398163397
0.785398163397
0.785398163397
0.785398163397
0.785398163397
0.785398163397
0.785398163397
0.785398163397
0.785398163397
0.785398163397
0.785398163397
0.785398163397
0.785398163397
0.785398163397
0.785398163397
0.785398163397
0.785398163397
0.785398163397
0.785398163397
0.785398163397
0.785398163397
0.785398163397
0.785398163397
0.785398163397
0.785398163397
0.785398163397
0.785398163397
0.785398163397
0.785398163397
0.785398163397
0.785398163397
0.785398163397
0.785398163397
0.785398163397
0.785398163397
0.785398163397
0.785398163397
0.785398163397
0.785398163397
0.785398163397
0.785398163397
0.785398163397
0.785398163397
0.785398163397
0.785398163397
0.785398163397
0.785398163397
0.785398163397
0.785398163397
0.785398163397
0.785398163397
0.785398163397
0.785398163397
0.785398163397
0.785398163397
0.785398163397
0.785398163397
0.785398163397
0.785398163397
0.785398163397
0.785398163397
0.785398163397
0.785398163397
0.785398163397
0.785398163397
0.785398163397
0.785398163397
0.785398163397
0.785398163397
0.785398163397
0.785398163397
0.785398163397
0.785398163397
0.785398163397
0.785398163397
0.785398163397
0.785398163397
0.785398163397
0.785398163397
0.785398163397
0.785398163397
0.785398163397
0.785398163397
0.785398163397
0.785398163397
0.785398163397
0.785398163397
0.785398163397
0.785398163397
0.785398163397
0.785398163397
0.785398163397
0.785398163397
0.785398163397
0.785398163397
0.785398163397
0.785398163397
0.785398163397
0.785398163397
0.785398163397
0.785398163397
0.785398163397
0.785398163397
0.785398163397
0.785398163397
0.785398163397
0.785398163397
0.785398163397
0.785398163397
0.785398163397
0.785398163397
0.785398163397
0.785398163397
0.785398163397
0.785398163397
0.785398163397
0.785398163397
0.785398163397
0.785398163397
0.785398163397
0.785398163397
0.785398163397
0.785398163397
0.785398163397
0.785398163397
0.785398163397
0.785398163397
0.785398163397
0.785398163397
0.785398163397
0.785398163397
0.785398163397
0.785398163397
0.785398163397
0.785398163397
0.785398163397
0.785398163397
0.785398163397
0.785398163397
0.785398163397
0.785398163397
0.785398163397
0.785398163397
0.785398163397
0.785398163397
0.785398163397
0.785398163397
0.785398163397
0.785398163397
0.785398163397
0.785398163397
0.785398163397
0.785398163397
0.785398163397
0.785398163397
0.785398163397
0.785398163397
0.785398163397
0.785398163397
0.785398163397
0.785398163397
0.785398163397
0.785398163397
0.785398163397
0.785398163397
0.785398163397
0.785398163397
0.785398163397
0.785398163397
0.785398163397
0.785398163397
0.785398163397
0.785398163397
0.785398163397
0.785398163397
0.785398163397
0.785398163397
0.785398163397
0.785398163397
0.785398163397
0.785398163397
0.785398163397
0.785398163397
0.785398163397
0.785398163397
0.785398163397
0.785398163397
0.785398163397
0.785398163397
0.785398163397
0.785398163397
0.785398163397
0.785398163397
0.785398163397
0.785398163397
0.785398163397
0.785398163397
0.785398163397
0.785398163397
0.785398163397
0.785398163397
0.785398163397
0.785398163397
0.785398163397
0.785398163397
0.785398163397
0.785398163397
0.785398163397
0.785398163397
0.785398163397
0.785398163397
0.785398163397
0.785398163397
0.785398163397
0.785398163397
0.785398163397
0.785398163397
0.785398163397
0.785398163397
0.785398163397
0.785398163397
0.785398163397
0.785398163397
0.785398163397
0.785398163397
0.785398163397
0.785398163397
0.785398163397
0.785398163397
0.785398163397
0.785398163397
0.785398163397
0.785398163397
0.785398163397
0.785398163397
0.785398163397
0.785398163397
0.785398163397
0.785398163397
0.785398163397
0.785398163397
0.785398163397
0.785398163397
0.785398163397
0.785398163397
0.785398163397
0.785398163397
0.785398163397
0.785398163397
0.785398163397
0.785398163397
0.785398163397
0.785398163397
0.785398163397
0.785398163397
0.785398163397
0.785398163397
0.785398163397
0.785398163397
0.785398163397
0.785398163397
0.785398163397
0.785398163397
0.785398163397
0.785398163397
0.785398163397
0.785398163397
0.785398163397
0.785398163397
0.785398163397
0.785398163397
0.785398163397
0.785398163397
0.785398163397
0.785398163397
0.785398163397
0.785398163397
0.785398163397
0.785398163397
0.785398163397
0.785398163397
0.785398163397
0.785398163397
0.785398163397
0.785398163397
0.785398163397
0.785398163397
0.785398163397
0.785398163397
0.785398163397
0.785398163397
0.785398163397
0.785398163397
0.785398163397
0.785398163397
0.785398163397
0.785398163397
0.785398163397
0.785398163397
0.785398163397
0.785398163397
0.785398163397
0.785398163397
0.785398163397
0.785398163397
0.785398163397
0.785398163397
0.785398163397
0.785398163397
0.785398163397
0.785398163397
0.785398163397
0.785398163397
0.785398163397
0.785398163397
0.785398163397
0.785398163397
0.785398163397
0.785398163397
0.785398163397
0.785398163397
0.785398163397
0.785398163397
0.785398163397
0.785398163397
0.785398163397
0.785398163397
0.785398163397
0.785398163397
0.785398163397
0.785398163397
0.785398163397
0.785398163397
0.785398163397
0.785398163397
0.785398163397
0.785398163397
0.785398163397
0.785398163397
0.785398163397
0.785398163397
0.785398163397
0.785398163397
0.785398163397
0.785398163397
0.785398163397
0.785398163397
0.785398163397
0.785398163397
0.785398163397
0.785398163397
0.785398163397
0.785398163397
0.785398163397
0.785398163397
0.785398163397
0.785398163397
0.785398163397
0.785398163397
0.785398163397
0.785398163397
0.785398163397
0.785398163397
0.785398163397
0.785398163397
0.785398163397
0.785398163397
0.785398163397
0.785398163397
0.785398163397
0.785398163397
0.785398163397
0.785398163397
0.785398163397
0.785398163397
0.785398163397
0.785398163397
0.785398163397
0.785398163397
0.785398163397
0.785398163397
0.785398163397
0.785398163397
0.785398163397
0.785398163397
0.785398163397
0.785398163397
0.785398163397
0.785398163397
0.785398163397
0.785398163397
0.785398163397
0.785398163397
0.785398163397
0.785398163397
0.785398163397
0.785398163397
0.785398163397
0.785398163397
0.785398163397
0.785398163397
0.785398163397
0.785398163397
0.785398163397
0.785398163397
0.785398163397
0.785398163397
0.785398163397
0.785398163397
0.785398163397
0.785398163397
0.785398163397
0.785398163397
0.785398163397
0.785398163397
0.785398163397
0.785398163397
0.785398163397
0.785398163397
0.785398163397
0.785398163397
0.785398163397
0.785398163397
0.785398163397
0.785398163397
0.785398163397
0.785398163397
0.785398163397
0.785398163397
0.785398163397
0.785398163397
0.785398163397
0.785398163397
0.785398163397
0.785398163397
0.785398163397
0.785398163397
0.785398163397
0.785398163397
0.785398163397
0.785398163397
0.785398163397
0.785398163397
0.785398163397
0.785398163397
0.785398163397
0.785398163397
0.785398163397
0.785398163397
0.785398163397
0.785398163397
0.785398163397
0.785398163397
0.785398163397
0.785398163397
0.785398163397
0.785398163397
0.785398163397
0.785398163397
0.785398163397
0.785398163397
0.785398163397
0.785398163397
0.785398163397
0.785398163397
0.785398163397
0.785398163397
0.785398163397
0.785398163397
0.785398163397
0.785398163397
0.785398163397
0.785398163397
0.785398163397
0.785398163397
0.785398163397
0.785398163397
0.785398163397
0.785398163397
0.785398163397
0.785398163397
0.785398163397
0.785398163397
0.785398163397
0.785398163397
0.785398163397
0.785398163397
0.785398163397
0.785398163397
0.785398163397
0.785398163397
0.785398163397
0.785398163397
0.785398163397
0.785398163397
0.785398163397
0.785398163397
0.785398163397
0.785398163397
0.785398163397
0.785398163397
0.785398163397
0.785398163397
0.785398163397
0.785398163397
0.785398163397
0.785398163397
0.785398163397
0.785398163397
0.785398163397
0.785398163397
0.785398163397
0.785398163397
0.785398163397
0.785398163397
0.785398163397
0.785398163397
0.785398163397
0.785398163397
0.785398163397
0.785398163397
0.785398163397
0.785398163397
0.785398163397
0.785398163397
0.785398163397
0.785398163397
0.785398163397
0.785398163397
0.785398163397
0.785398163397
0.785398163397
0.785398163397
0.785398163397
0.785398163397
0.785398163397
0.785398163397
0.785398163397
0.785398163397
0.785398163397
0.785398163397
0.785398163397
0.785398163397
0.785398163397
0.785398163397
0.785398163397
0.785398163397
0.785398163397
0.785398163397
0.785398163397
0.785398163397
0.785398163397
0.785398163397
0.785398163397
0.785398163397
0.785398163397
0.785398163397
0.785398163397
0.785398163397
0.785398163397
0.785398163397
0.785398163397
0.785398163397
0.785398163397
0.785398163397
0.785398163397
0.785398163397
0.785398163397
0.785398163397
0.785398163397
0.785398163397
0.785398163397
0.785398163397
0.785398163397
0.785398163397
0.785398163397
0.785398163397
0.785398163397
0.785398163397
0.785398163397
0.785398163397
0.785398163397
0.785398163397
0.785398163397
0.785398163397
0.785398163397
0.785398163397
0.785398163397
0.785398163397
0.785398163397
0.785398163397
0.785398163397
0.785398163397
0.785398163397
0.785398163397
0.785398163397
0.785398163397
0.785398163397
0.785398163397
0.785398163397
0.785398163397
0.785398163397
0.785398163397
0.785398163397
0.785398163397
0.785398163397
0.785398163397
0.785398163397
0.785398163397
0.785398163397
0.785398163397
0.785398163397
0.785398163397
0.785398163397
0.785398163397
0.785398163397
0.785398163397
0.785398163397
0.785398163397
0.785398163397
0.785398163397
0.785398163397
0.785398163397
0.785398163397
0.785398163397
0.785398163397
0.785398163397
0.785398163397
0.785398163397
0.785398163397
0.785398163397
0.785398163397
0.785398163397
0.785398163397
0.785398163397
0.785398163397
0.785398163397
0.785398163397
0.785398163397
0.785398163397
0.785398163397
0.785398163397
0.785398163397
0.785398163397
0.785398163397
0.785398163397
0.785398163397
0.785398163397
0.785398163397
0.785398163397
0.785398163397
0.785398163397
0.785398163397
0.785398163397
0.785398163397
0.785398163397
0.785398163397
0.785398163397
0.785398163397
0.785398163397
0.785398163397
0.785398163397
0.785398163397
0.785398163397
0.785398163397
0.785398163397
0.785398163397
0.785398163397
0.785398163397
0.785398163397
0.785398163397
0.785398163397
0.785398163397
0.785398163397
0.785398163397
0.785398163397
0.785398163397
0.785398163397
0.785398163397
0.785398163397
0.785398163397
0.785398163397
0.785398163397
0.785398163397
0.785398163397
0.785398163397
0.785398163397
0.785398163397
0.785398163397
0.785398163397
0.785398163397
0.785398163397
0.785398163397
0.785398163397
0.785398163397
0.785398163397
0.785398163397
0.785398163397
0.785398163397
0.785398163397
0.785398163397
0.785398163397
0.785398163397
0.785398163397
0.785398163397
0.785398163397
0.785398163397
0.785398163397
0.785398163397
0.785398163397
0.785398163397
0.785398163397
0.785398163397
0.785398163397
0.785398163397
0.785398163397
0.785398163397
0.785398163397
0.785398163397
0.785398163397
0.785398163397
0.785398163397
0.785398163397
0.785398163397
0.785398163397
0.785398163397
0.785398163397
0.785398163397
0.785398163397
0.785398163397
0.785398163397
0.785398163397
0.785398163397
0.785398163397
0.785398163397
0.785398163397
0.785398163397
0.785398163397
0.785398163397
0.785398163397
0.785398163397
0.785398163397
0.785398163397
0.785398163397
0.785398163397
0.785398163397
0.785398163397
0.785398163397
0.785398163397
0.785398163397
0.785398163397
0.785398163397
0.785398163397
0.785398163397
0.785398163397
0.785398163397
0.785398163397
0.785398163397
0.785398163397
0.785398163397
0.785398163397
0.785398163397
0.785398163397
0.785398163397
0.785398163397
0.785398163397
0.785398163397
0.785398163397
0.785398163397
0.785398163397
0.785398163397
0.785398163397
0.785398163397
0.785398163397
0.785398163397
0.785398163397
0.785398163397
0.785398163397
0.785398163397
0.785398163397
0.785398163397
0.785398163397
0.785398163397
0.785398163397
0.785398163397
0.785398163397
0.785398163397
0.785398163397
0.785398163397
0.785398163397
0.785398163397
0.785398163397
0.785398163397
0.785398163397
0.785398163397
0.785398163397
0.785398163397
0.785398163397
0.785398163397
0.785398163397
0.785398163397
0.785398163397
0.785398163397
0.785398163397
0.785398163397
0.785398163397
0.785398163397
0.785398163397
0.785398163397
0.785398163397
0.785398163397
0.785398163397
0.785398163397
0.785398163397
0.785398163397
0.785398163397
0.785398163397
0.785398163397
0.785398163397
0.785398163397
0.785398163397
0.785398163397
0.785398163397
0.785398163397
0.785398163397
0.785398163397
0.785398163397
0.785398163397
0.785398163397
0.785398163397
0.785398163397
0.785398163397
0.785398163397
0.785398163397
0.785398163397
0.785398163397
0.785398163397
0.785398163397
0.785398163397
0.785398163397
0.785398163397
0.785398163397
0.785398163397
0.785398163397
0.785398163397
0.785398163397
0.785398163397
0.785398163397
0.785398163397
0.785398163397
0.785398163397
0.785398163397
0.785398163397
0.785398163397
0.785398163397
0.785398163397
0.785398163397
0.785398163397
0.785398163397
0.785398163397
0.785398163397
0.785398163397
0.785398163397
0.785398163397
0.785398163397
0.785398163397
0.785398163397
0.785398163397
0.785398163397
0.785398163397
0.785398163397
0.785398163397
0.785398163397
0.785398163397
0.785398163397
0.785398163397
0.785398163397
0.785398163397
0.785398163397
0.785398163397
0.785398163397
0.785398163397
0.785398163397
0.785398163397
0.785398163397
0.785398163397
0.785398163397
0.785398163397
0.785398163397
0.785398163397
0.785398163397
0.785398163397
0.785398163397
0.785398163397
0.785398163397
0.785398163397
0.785398163397
0.785398163397
0.785398163397
0.785398163397
0.785398163397
0.785398163397
0.785398163397
0.785398163397
0.785398163397
0.785398163397
0.785398163397
0.785398163397
0.785398163397
0.785398163397
0.785398163397
0.785398163397
0.785398163397
0.785398163397
0.785398163397
0.785398163397
0.785398163397
0.785398163397
0.785398163397
0.785398163397
0.785398163397
0.785398163397
0.785398163397
0.785398163397
0.785398163397
0.785398163397
0.785398163397
0.785398163397
0.785398163397
0.785398163397
0.785398163397
0.785398163397
0.785398163397
0.785398163397
0.785398163397
0.785398163397
0.785398163397
0.785398163397
0.785398163397
0.785398163397
0.785398163397
0.785398163397
0.785398163397
0.785398163397
0.785398163397
0.785398163397
0.785398163397
0.785398163397
0.785398163397
0.785398163397
0.785398163397
0.785398163397
0.785398163397
0.785398163397
0.785398163397
0.785398163397
0.785398163397
0.785398163397
0.785398163397
0.785398163397
0.785398163397
0.785398163397
0.785398163397
0.785398163397
0.785398163397
0.785398163397
0.785398163397
0.785398163397
0.785398163397
0.785398163397
0.785398163397
0.785398163397
0.785398163397
0.785398163397
0.785398163397
0.785398163397
0.785398163397
0.785398163397
0.785398163397
0.785398163397
0.785398163397
0.785398163397
0.785398163397
0.785398163397
0.785398163397
0.785398163397
0.785398163397
0.785398163397
0.785398163397
0.785398163397
0.785398163397
0.785398163397
0.785398163397
0.785398163397
0.785398163397
0.785398163397
0.785398163397
0.785398163397
0.785398163397
0.785398163397
0.785398163397
0.785398163397
0.785398163397
0.785398163397
0.785398163397
0.785398163397
0.785398163397
0.785398163397
0.785398163397
0.785398163397
0.785398163397
0.785398163397
0.785398163397
0.785398163397
0.785398163397
0.785398163397
0.785398163397
0.785398163397
0.785398163397
0.785398163397
0.785398163397
0.785398163397
0.785398163397
0.785398163397
0.785398163397
0.785398163397
0.785398163397
0.785398163397
0.785398163397
0.785398163397
0.785398163397
0.785398163397
0.785398163397
0.785398163397
0.785398163397
0.785398163397
0.785398163397
0.785398163397
0.785398163397
0.785398163397
0.785398163397
0.785398163397
0.785398163397
0.785398163397
0.785398163397
0.785398163397
0.785398163397
0.785398163397
0.785398163397
0.785398163397
0.785398163397
0.785398163397
0.785398163397
0.785398163397
0.785398163397
0.785398163397
0.785398163397
0.785398163397
0.785398163397
0.785398163397
0.785398163397
0.785398163397
0.785398163397
0.785398163397
0.785398163397
0.785398163397
0.785398163397
0.785398163397
0.785398163397
0.785398163397
0.785398163397
0.785398163397
0.785398163397
0.785398163397
0.785398163397
0.785398163397
0.785398163397
0.785398163397
0.785398163397
0.785398163397
0.785398163397
0.785398163397
0.785398163397
0.785398163397
0.785398163397
0.785398163397
0.785398163397
0.785398163397
0.785398163397
0.785398163397
0.785398163397
0.785398163397
0.785398163397
0.785398163397
0.785398163397
0.785398163397
0.785398163397
0.785398163397
0.785398163397
0.785398163397
0.785398163397
0.785398163397
0.785398163397
0.785398163397
0.785398163397
0.785398163397
0.785398163397
0.785398163397
0.785398163397
0.785398163397
0.785398163397
0.785398163397
0.785398163397
0.785398163397
0.785398163397
0.785398163397
0.785398163397
0.785398163397
0.785398163397
0.785398163397
0.785398163397
0.785398163397
0.785398163397
0.785398163397
0.785398163397
0.785398163397
0.785398163397
0.785398163397
0.785398163397
0.785398163397
0.785398163397
0.785398163397
0.785398163397
0.785398163397
0.785398163397
0.785398163397
0.785398163397
0.785398163397
0.785398163397
0.785398163397
0.785398163397
0.785398163397
0.785398163397
0.785398163397
0.785398163397
0.785398163397
0.785398163397
0.785398163397
0.785398163397
0.785398163397
0.785398163397
0.785398163397
0.785398163397
0.785398163397
0.785398163397
0.785398163397
0.785398163397
0.785398163397
0.785398163397
0.785398163397
0.785398163397
0.785398163397
0.785398163397
0.785398163397
0.785398163397
0.785398163397
0.785398163397
0.785398163397
0.785398163397
0.785398163397
0.785398163397
0.785398163397
0.785398163397
0.785398163397
0.785398163397
0.785398163397
0.785398163397
0.785398163397
0.785398163397
0.785398163397
0.785398163397
0.785398163397
0.785398163397
0.785398163397
0.785398163397
0.785398163397
0.785398163397
0.785398163397
0.785398163397
0.785398163397
0.785398163397
0.785398163397
0.785398163397
0.785398163397
0.785398163397
0.785398163397
0.785398163397
0.785398163397
0.785398163397
0.785398163397
0.785398163397
0.785398163397
0.785398163397
0.785398163397
0.785398163397
0.785398163397
0.785398163397
0.785398163397
0.785398163397
0.785398163397
0.785398163397
0.785398163397
0.785398163397
0.785398163397
0.785398163397
0.785398163397
0.785398163397
0.785398163397
0.785398163397
0.785398163397
0.785398163397
0.785398163397
0.785398163397
0.785398163397
0.785398163397
0.785398163397
0.785398163397
0.785398163397
0.785398163397
0.785398163397
0.785398163397
0.785398163397
0.785398163397
0.785398163397
0.785398163397
0.785398163397
0.785398163397
0.785398163397
0.785398163397
0.785398163397
0.785398163397
0.785398163397
0.785398163397
0.785398163397
0.785398163397
0.785398163397
0.785398163397
0.785398163397
0.785398163397
0.785398163397
0.785398163397
0.785398163397
0.785398163397
0.785398163397
0.785398163397
0.785398163397
0.785398163397
0.785398163397
0.785398163397
0.785398163397
0.785398163397
0.785398163397
0.785398163397
0.785398163397
0.785398163397
0.785398163397
0.785398163397
0.785398163397
0.785398163397
0.785398163397
0.785398163397
0.785398163397
0.785398163397
0.785398163397
0.785398163397
0.785398163397
0.785398163397
0.785398163397
0.785398163397
0.785398163397
0.785398163397
0.785398163397
0.785398163397
0.785398163397
0.785398163397
0.785398163397
0.785398163397
0.785398163397
0.785398163397
0.785398163397
0.785398163397
0.785398163397
0.785398163397
0.785398163397
0.785398163397
0.785398163397
0.785398163397
0.785398163397
0.785398163397
0.785398163397
0.785398163397
0.785398163397
0.785398163397
0.785398163397
0.785398163397
0.785398163397
0.785398163397
0.785398163397
0.785398163397
0.785398163397
0.785398163397
0.785398163397
0.785398163397
0.785398163397
0.785398163397
0.785398163397
0.785398163397
0.785398163397
0.785398163397
0.785398163397
0.785398163397
0.785398163397
0.785398163397
0.785398163397
0.785398163397
0.785398163397
0.785398163397
0.785398163397
0.785398163397
0.785398163397
0.785398163397
0.785398163397
0.785398163397
0.785398163397
0.785398163397
0.785398163397
0.785398163397
0.785398163397
0.785398163397
0.785398163397
0.785398163397
0.785398163397
0.785398163397
0.785398163397
0.785398163397
0.785398163397
0.785398163397
0.785398163397
0.785398163397
0.785398163397
0.785398163397
0.785398163397
0.785398163397
0.785398163397
0.785398163397
0.785398163397
0.785398163397
0.785398163397
0.785398163397
0.785398163397
0.785398163397
0.785398163397
0.785398163397
0.785398163397
0.785398163397
0.785398163397
0.785398163397
0.785398163397
0.785398163397
0.785398163397
0.785398163397
0.785398163397
0.785398163397
0.785398163397
0.785398163397
0.785398163397
0.785398163397
0.785398163397
0.785398163397
0.785398163397
0.785398163397
0.785398163397
0.785398163397
0.785398163397
0.785398163397
0.785398163397
0.785398163397
0.785398163397
0.785398163397
0.785398163397
0.785398163397
0.785398163397
0.785398163397
0.785398163397
0.785398163397
0.785398163397
0.785398163397
0.785398163397
0.785398163397
0.785398163397
0.785398163397
0.785398163397
0.785398163397
0.785398163397
0.785398163397
0.785398163397
0.785398163397
0.785398163397
0.785398163397
0.785398163397
0.785398163397
0.785398163397
0.785398163397
0.785398163397
0.785398163397
0.785398163397
0.785398163397
0.785398163397
0.785398163397
0.785398163397
0.785398163397
0.785398163397
0.785398163397
0.785398163397
0.785398163397
0.785398163397
0.785398163397
0.785398163397
0.785398163397
0.785398163397
0.785398163397
0.785398163397
0.785398163397
0.785398163397
0.785398163397
0.785398163397
0.785398163397
0.785398163397
0.785398163397
0.785398163397
0.785398163397
0.785398163397
0.785398163397
0.785398163397
0.785398163397
0.785398163397
0.785398163397
0.785398163397
0.785398163397
0.785398163397
0.785398163397
0.785398163397
0.785398163397
0.785398163397
0.785398163397
0.785398163397
0.785398163397
0.785398163397
0.785398163397
0.785398163397
0.785398163397
0.785398163397
0.785398163397
0.785398163397
0.785398163397
0.785398163397
0.785398163397
0.785398163397
0.785398163397
0.785398163397
0.785398163397
0.785398163397
0.785398163397
0.785398163397
0.785398163397
0.785398163397
0.785398163397
0.785398163397
0.785398163397
0.785398163397
0.785398163397
0.785398163397
0.785398163397
0.785398163397
0.785398163397
0.785398163397
0.785398163397
0.785398163397
0.785398163397
0.785398163397
0.785398163397
0.785398163397
0.785398163397
0.785398163397
0.785398163397
0.785398163397
0.785398163397
0.785398163397
0.785398163397
0.785398163397
0.785398163397
0.785398163397
0.785398163397
0.785398163397
0.785398163397
0.785398163397
0.785398163397
0.785398163397
0.785398163397
0.785398163397
0.785398163397
0.785398163397
0.785398163397
0.785398163397
0.785398163397
0.785398163397
0.785398163397
0.785398163397
0.785398163397
0.785398163397
0.785398163397
0.785398163397
0.785398163397
0.785398163397
0.785398163397
0.785398163397
0.785398163397
0.785398163397
0.785398163397
0.785398163397
0.785398163397
0.785398163397
0.785398163397
0.785398163397
0.785398163397
0.785398163397
0.785398163397
0.785398163397
0.785398163397
0.785398163397
0.785398163397
0.785398163397
0.785398163397
0.785398163397
0.785398163397
0.785398163397
0.785398163397
0.785398163397
0.785398163397
0.785398163397
0.785398163397
0.785398163397
0.785398163397
0.785398163397
0.785398163397
0.785398163397
0.785398163397
0.785398163397
0.785398163397
0.785398163397
0.785398163397
0.785398163397
0.785398163397
0.785398163397
0.785398163397
0.785398163397
0.785398163397
0.785398163397
0.785398163397
0.785398163397
0.785398163397
0.785398163397
0.785398163397
0.785398163397
0.785398163397
0.785398163397
0.785398163397
0.785398163397
0.785398163397
0.785398163397
0.785398163397
0.785398163397
0.785398163397
0.785398163397
0.785398163397
0.785398163397
0.785398163397
0.785398163397
0.785398163397
0.785398163397
0.785398163397
0.785398163397
0.785398163397
0.785398163397
0.785398163397
0.785398163397
0.785398163397
0.785398163397
0.785398163397
0.785398163397
0.785398163397
0.785398163397
0.785398163397
0.785398163397
0.785398163397
0.785398163397
0.785398163397
0.785398163397
0.785398163397
0.785398163397
0.785398163397
0.785398163397
0.785398163397
0.785398163397
0.785398163397
0.785398163397
0.785398163397
0.785398163397
0.785398163397
0.785398163397
0.785398163397
0.785398163397
0.785398163397
0.785398163397
0.785398163397
0.785398163397
0.785398163397
0.785398163397
0.785398163397
0.785398163397
0.785398163397
0.785398163397
0.785398163397
0.785398163397
0.785398163397
0.785398163397
0.785398163397
0.785398163397
0.785398163397
0.785398163397
0.785398163397
0.785398163397
0.785398163397
0.785398163397
0.785398163397
0.785398163397
0.785398163397
0.785398163397
0.785398163397
0.785398163397
0.785398163397
0.785398163397
0.785398163397
0.785398163397
0.785398163397
0.785398163397
0.785398163397
0.785398163397
0.785398163397
0.785398163397
0.785398163397
0.785398163397
0.785398163397
0.785398163397
0.785398163397
0.785398163397
0.785398163397
0.785398163397
0.785398163397
0.785398163397
0.785398163397
0.785398163397
0.785398163397
0.785398163397
0.785398163397
0.785398163397
0.785398163397
0.785398163397
0.785398163397
0.785398163397
0.785398163397
0.785398163397
0.785398163397
0.785398163397
0.785398163397
0.785398163397
0.785398163397
0.785398163397
0.785398163397
0.785398163397
0.785398163397
0.785398163397
0.785398163397
0.785398163397
0.785398163397
0.785398163397
0.785398163397
0.785398163397
0.785398163397
0.785398163397
0.785398163397
0.785398163397
0.785398163397
0.785398163397
0.785398163397
0.785398163397
0.785398163397
0.785398163397
0.785398163397
0.785398163397
0.785398163397
0.785398163397
0.785398163397
0.785398163397
0.785398163397
0.785398163397
0.785398163397
0.785398163397
0.785398163397
0.785398163397
0.785398163397
0.785398163397
0.785398163397
0.785398163397
0.785398163397
0.785398163397
0.785398163397
0.785398163397
0.785398163397
0.785398163397
0.785398163397
0.785398163397
0.785398163397
0.785398163397
0.785398163397
0.785398163397
0.785398163397
0.785398163397
0.785398163397
0.785398163397
0.785398163397
0.785398163397
0.785398163397
0.785398163397
0.785398163397
0.785398163397
0.785398163397
0.785398163397
0.785398163397
0.785398163397
0.785398163397
0.785398163397
0.785398163397
0.785398163397
0.785398163397
0.785398163397
0.785398163397
0.785398163397
0.785398163397
0.785398163397
0.785398163397
0.785398163397
0.785398163397
0.785398163397
0.785398163397
0.785398163397
0.785398163397
0.785398163397
0.785398163397
0.785398163397
0.785398163397
0.785398163397
0.785398163397
0.785398163397
0.785398163397
0.785398163397
0.785398163397
0.785398163397
0.785398163397
0.785398163397
0.785398163397
0.785398163397
0.785398163397
0.785398163397
0.785398163397
0.785398163397
0.785398163397
0.785398163397
0.785398163397
0.785398163397
0.785398163397
0.785398163397
0.785398163397
0.785398163397
0.785398163397
0.785398163397
0.785398163397
0.785398163397
0.785398163397
0.785398163397
0.785398163397
0.785398163397
0.785398163397
0.785398163397
0.785398163397
0.785398163397
0.785398163397
0.785398163397
0.785398163397
0.785398163397
0.785398163397
0.785398163397
0.785398163397
0.785398163397
0.785398163397
0.785398163397
0.785398163397
0.785398163397
0.785398163397
0.785398163397
0.785398163397
0.785398163397
0.785398163397
0.785398163397
0.785398163397
0.785398163397
0.785398163397
0.785398163397
0.785398163397
0.785398163397
0.785398163397
0.785398163397
0.785398163397
0.785398163397
0.785398163397
0.785398163397
0.785398163397
0.785398163397
0.785398163397
0.785398163397
0.785398163397
0.785398163397
0.785398163397
0.785398163397
0.785398163397
0.785398163397
0.785398163397
0.785398163397
0.785398163397
0.785398163397
0.785398163397
0.785398163397
0.785398163397
0.785398163397
0.785398163397
0.785398163397
0.785398163397
0.785398163397
0.785398163397
0.785398163397
0.785398163397
0.785398163397
0.785398163397
0.785398163397
0.785398163397
0.785398163397
0.785398163397
0.785398163397
0.785398163397
0.785398163397
0.785398163397
0.785398163397
0.785398163397
0.785398163397
0.785398163397
0.785398163397
0.785398163397
0.785398163397
0.785398163397
0.785398163397
0.785398163397
0.785398163397
0.785398163397
0.785398163397
0.785398163397
0.785398163397
0.785398163397
0.785398163397
0.785398163397
0.785398163397
0.785398163397
0.785398163397
0.785398163397
0.785398163397
0.785398163397
0.785398163397
0.785398163397
0.785398163397
0.785398163397
0.785398163397
0.785398163397
0.785398163397
0.785398163397
0.785398163397
0.785398163397
0.785398163397
0.785398163397
0.785398163397
0.785398163397
0.785398163397
0.785398163397
0.785398163397
0.785398163397
0.785398163397
0.785398163397
0.785398163397
0.785398163397
0.785398163397
0.785398163397
0.785398163397
0.785398163397
0.785398163397
0.785398163397
0.785398163397
0.785398163397
0.785398163397
0.785398163397
0.785398163397
0.785398163397
0.785398163397
0.785398163397
0.785398163397
0.785398163397
0.785398163397
0.785398163397
0.785398163397
0.785398163397
0.785398163397
0.785398163397
0.785398163397
0.785398163397
0.785398163397
0.785398163397
0.785398163397
0.785398163397
0.785398163397
0.785398163397
0.785398163397
0.785398163397
0.785398163397
0.785398163397
0.785398163397
0.785398163397
0.785398163397
0.785398163397
0.785398163397
0.785398163397
0.785398163397
0.785398163397
0.785398163397
0.785398163397
0.785398163397
0.785398163397
0.785398163397
0.785398163397
0.785398163397
0.785398163397
0.785398163397
0.785398163397
0.785398163397
0.785398163397
0.785398163397
0.785398163397
0.785398163397
0.785398163397
0.785398163397
0.785398163397
0.785398163397
0.785398163397
0.785398163397
0.785398163397
0.785398163397
0.785398163397
0.785398163397
0.785398163397
0.785398163397
0.785398163397
0.785398163397
0.785398163397
0.785398163397
0.785398163397
0.785398163397
0.785398163397
0.785398163397
0.785398163397
0.785398163397
0.785398163397
0.785398163397
0.785398163397
0.785398163397
0.785398163397
0.785398163397
0.785398163397
0.785398163397
0.785398163397
0.785398163397
0.785398163397
0.785398163397
0.785398163397
0.785398163397
0.785398163397
0.785398163397
0.785398163397
0.785398163397
0.785398163397
0.785398163397
0.785398163397
0.785398163397
0.785398163397
0.785398163397
0.785398163397
0.785398163397
0.785398163397
0.785398163397
0.785398163397
0.785398163397
0.785398163397
0.785398163397
0.785398163397
0.785398163397
0.785398163397
0.785398163397
0.785398163397
0.785398163397
0.785398163397
0.785398163397
0.785398163397
0.785398163397
0.785398163397
0.785398163397
0.785398163397
0.785398163397
0.785398163397
0.785398163397
0.785398163397
0.785398163397
0.785398163397
0.785398163397
0.785398163397
0.785398163397
0.785398163397
0.785398163397
0.785398163397
0.785398163397
0.785398163397
0.785398163397
0.785398163397
0.785398163397
0.785398163397
0.785398163397
0.785398163397
0.785398163397
0.785398163397
0.785398163397
0.785398163397
0.785398163397
0.785398163397
0.785398163397
0.785398163397
0.785398163397
0.785398163397
0.785398163397
0.785398163397
0.785398163397
0.785398163397
0.785398163397
0.785398163397
0.785398163397
0.785398163397
0.785398163397
0.785398163397
0.785398163397
0.785398163397
0.785398163397
0.785398163397
0.785398163397
0.785398163397
0.785398163397
0.785398163397
0.785398163397
0.785398163397
0.785398163397
0.785398163397
0.785398163397
0.785398163397
0.785398163397
0.785398163397
0.785398163397
0.785398163397
0.785398163397
0.785398163397
0.785398163397
0.785398163397
0.785398163397
0.785398163397
0.785398163397
0.785398163397
0.785398163397
0.785398163397
0.785398163397
0.785398163397
0.785398163397
0.785398163397
0.785398163397
0.785398163397
0.785398163397
0.785398163397
0.785398163397
0.785398163397
0.785398163397
0.785398163397
0.785398163397
0.785398163397
0.785398163397
0.785398163397
0.785398163397
0.785398163397
0.785398163397
0.785398163397
0.785398163397
0.785398163397
0.785398163397
0.785398163397
0.785398163397
0.785398163397
0.785398163397
0.785398163397
0.785398163397
0.785398163397
0.785398163397
0.785398163397
0.785398163397
0.785398163397
0.785398163397
0.785398163397
0.785398163397
0.785398163397
0.785398163397
0.785398163397
0.785398163397
0.785398163397
0.785398163397
0.785398163397
0.785398163397
0.785398163397
0.785398163397
0.785398163397
0.785398163397
0.785398163397
0.785398163397
0.785398163397
0.785398163397
0.785398163397
0.785398163397
0.785398163397
0.785398163397
0.785398163397
0.785398163397
0.785398163397
0.785398163397
0.785398163397
0.785398163397
0.785398163397
0.785398163397
0.785398163397
0.785398163397
0.785398163397
0.785398163397
0.785398163397
0.785398163397
0.785398163397
0.785398163397
0.785398163397
0.785398163397
0.785398163397
0.785398163397
0.785398163397
0.785398163397
0.785398163397
0.785398163397
0.785398163397
0.785398163397
0.785398163397
0.785398163397
0.785398163397
0.785398163397
0.785398163397
0.785398163397
0.785398163397
0.785398163397
0.785398163397
0.785398163397
0.785398163397
0.785398163397
0.785398163397
0.785398163397
0.785398163397
0.785398163397
0.785398163397
0.785398163397
0.785398163397
0.785398163397
0.785398163397
0.785398163397
0.785398163397
0.785398163397
0.785398163397
0.785398163397
0.785398163397
0.785398163397
0.785398163397
0.785398163397
0.785398163397
0.785398163397
0.785398163397
0.785398163397
0.785398163397
0.785398163397
0.785398163397
0.785398163397
0.785398163397
0.785398163397
0.785398163397
0.785398163397
0.785398163397
0.785398163397
0.785398163397
0.785398163397
0.785398163397
0.785398163397
0.785398163397
0.785398163397
0.785398163397
0.785398163397
0.785398163397
0.785398163397
0.785398163397
0.785398163397
0.785398163397
0.785398163397
0.785398163397
0.785398163397
0.785398163397
0.785398163397
0.785398163397
0.785398163397
0.785398163397
0.785398163397
0.785398163397
0.785398163397
0.785398163397
0.785398163397
0.785398163397
0.785398163397
0.785398163397
0.785398163397
0.785398163397
0.785398163397
0.785398163397
0.785398163397
0.785398163397
0.785398163397
0.785398163397
0.785398163397
0.785398163397
0.785398163397
0.785398163397
0.785398163397
0.785398163397
0.785398163397
0.785398163397
0.785398163397
0.785398163397
0.785398163397
0.785398163397
0.785398163397
0.785398163397
0.785398163397
0.785398163397
0.785398163397
0.785398163397
0.785398163397
0.785398163397
0.785398163397
0.785398163397
0.785398163397
0.785398163397
0.785398163397
0.785398163397
0.785398163397
0.785398163397
0.785398163397
0.785398163397
0.785398163397
0.785398163397
0.785398163397
0.785398163397
0.785398163397
0.785398163397
0.785398163397
0.785398163397
0.785398163397
0.785398163397
0.785398163397
0.785398163397
0.785398163397
0.785398163397
0.785398163397
0.785398163397
0.785398163397
0.785398163397
0.785398163397
0.785398163397
0.785398163397
0.785398163397
0.785398163397
0.785398163397
0.785398163397
0.785398163397
0.785398163397
0.785398163397
0.785398163397
0.785398163397
0.785398163397
0.785398163397
0.785398163397
0.785398163397
0.785398163397
0.785398163397
0.785398163397
0.785398163397
0.785398163397
0.785398163397
0.785398163397
0.785398163397
0.785398163397
0.785398163397
0.785398163397
0.785398163397
0.785398163397
0.785398163397
0.785398163397
0.785398163397
0.785398163397
0.785398163397
0.785398163397
0.785398163397
0.785398163397
0.785398163397
0.785398163397
0.785398163397
0.785398163397
0.785398163397
0.785398163397
0.785398163397
0.785398163397
0.785398163397
0.785398163397
0.785398163397
0.785398163397
0.785398163397
0.785398163397
0.785398163397
0.785398163397
0.785398163397
0.785398163397
0.785398163397
0.785398163397
0.785398163397
0.785398163397
0.785398163397
0.785398163397
0.785398163397
0.785398163397
0.785398163397
0.785398163397
0.785398163397
0.785398163397
0.785398163397
0.785398163397
0.785398163397
0.785398163397
0.785398163397
0.785398163397
0.785398163397
0.785398163397
0.785398163397
0.785398163397
0.785398163397
0.785398163397
0.785398163397
0.785398163397
0.785398163397
0.785398163397
0.785398163397
0.785398163397
0.785398163397
0.785398163397
0.785398163397
0.785398163397
0.785398163397
0.785398163397
0.785398163397
0.785398163397
0.785398163397
0.785398163397
0.785398163397
0.785398163397
0.785398163397
0.785398163397
0.785398163397
0.785398163397
0.785398163397
0.785398163397
0.785398163397
0.785398163397
0.785398163397
0.785398163397
0.785398163397
0.785398163397
0.785398163397
0.785398163397
0.785398163397
0.785398163397
0.785398163397
0.785398163397
0.785398163397
0.785398163397
0.785398163397
0.785398163397
0.785398163397
0.785398163397
0.785398163397
0.785398163397
0.785398163397
0.785398163397
0.785398163397
0.785398163397
0.785398163397
0.785398163397
0.785398163397
0.785398163397
0.785398163397
0.785398163397
0.785398163397
0.785398163397
0.785398163397
0.785398163397
0.785398163397
0.785398163397
0.785398163397
0.785398163397
0.785398163397
0.785398163397
0.785398163397
0.785398163397
0.785398163397
0.785398163397
0.785398163397
0.785398163397
0.785398163397
0.785398163397
0.785398163397
0.785398163397
0.785398163397
0.785398163397
0.785398163397
0.785398163397
0.785398163397
0.785398163397
0.785398163397
0.785398163397
0.785398163397
0.785398163397
0.785398163397
0.785398163397
0.785398163397
0.785398163397
0.785398163397
0.785398163397
0.785398163397
0.785398163397
0.785398163397
0.785398163397
0.785398163397
0.785398163397
0.785398163397
0.785398163397
0.785398163397
0.785398163397
0.785398163397
0.785398163397
0.785398163397
0.785398163397
0.785398163397
0.785398163397
0.785398163397
0.785398163397
0.785398163397
0.785398163397
0.785398163397
0.785398163397
0.785398163397
0.785398163397
0.785398163397
0.785398163397
0.785398163397
0.785398163397
0.785398163397
0.785398163397
0.785398163397
0.785398163397
0.785398163397
0.785398163397
0.785398163397
0.785398163397
0.785398163397
0.785398163397
0.785398163397
0.785398163397
0.785398163397
0.785398163397
0.785398163397
0.785398163397
0.785398163397
0.785398163397
0.785398163397
0.785398163397
0.785398163397
0.785398163397
0.785398163397
0.785398163397
0.785398163397
0.785398163397
0.785398163397
0.785398163397
0.785398163397
0.785398163397
0.785398163397
0.785398163397
0.785398163397
0.785398163397
0.785398163397
0.785398163397
0.785398163397
0.785398163397
0.785398163397
0.785398163397
0.785398163397
0.785398163397
0.785398163397
0.785398163397
0.785398163397
0.785398163397
0.785398163397
0.785398163397
0.785398163397
0.785398163397
0.785398163397
0.785398163397
0.785398163397
0.785398163397
0.785398163397
0.785398163397
0.785398163397
0.785398163397
0.785398163397
0.785398163397
0.785398163397
0.785398163397
0.785398163397
0.785398163397
0.785398163397
0.785398163397
0.785398163397
0.785398163397
0.785398163397
0.785398163397
0.785398163397
0.785398163397
0.785398163397
0.785398163397
0.785398163397
0.785398163397
0.785398163397
0.785398163397
0.785398163397
0.785398163397
0.785398163397
0.785398163397
0.785398163397
0.785398163397
0.785398163397
0.785398163397
0.785398163397
0.785398163397
0.785398163397
0.785398163397
0.785398163397
0.785398163397
0.785398163397
0.785398163397
0.785398163397
0.785398163397
0.785398163397
0.785398163397
0.785398163397
0.785398163397
0.785398163397
0.785398163397
0.785398163397
0.785398163397
0.785398163397
0.785398163397
0.785398163397
0.785398163397
0.785398163397
0.785398163397
0.785398163397
0.785398163397
0.785398163397
0.785398163397
0.785398163397
0.785398163397
0.785398163397
0.785398163397
0.785398163397
0.785398163397
0.785398163397
0.785398163397
0.785398163397
0.785398163397
0.785398163397
0.785398163397
0.785398163397
0.785398163397
0.785398163397
0.785398163397
0.785398163397
0.785398163397
0.785398163397
0.785398163397
0.785398163397
0.785398163397
0.785398163397
0.785398163397
0.785398163397
0.785398163397
0.785398163397
0.785398163397
0.785398163397
0.785398163397
0.785398163397
0.785398163397
0.785398163397
0.785398163397
0.785398163397
0.785398163397
0.785398163397
0.785398163397
0.785398163397
0.785398163397
0.785398163397
0.785398163397
0.785398163397
0.785398163397
0.785398163397
0.785398163397
0.785398163397
0.785398163397
0.785398163397
0.785398163397
0.785398163397
0.785398163397
0.785398163397
0.785398163397
0.785398163397
0.785398163397
0.785398163397
0.785398163397
0.785398163397
0.785398163397
0.785398163397
0.785398163397
0.785398163397
0.785398163397
0.785398163397
0.785398163397
0.785398163397
0.785398163397
0.785398163397
0.785398163397
0.785398163397
0.785398163397
0.785398163397
0.785398163397
0.785398163397
0.785398163397
0.785398163397
0.785398163397
0.785398163397
0.785398163397
0.785398163397
0.785398163397
0.785398163397
0.785398163397
0.785398163397
0.785398163397
0.785398163397
0.785398163397
0.785398163397
0.785398163397
0.785398163397
0.785398163397
0.785398163397
0.785398163397
0.785398163397
0.785398163397
0.785398163397
0.785398163397
0.785398163397
0.785398163397
0.785398163397
0.785398163397
0.785398163397
0.785398163397
0.785398163397
0.785398163397
0.785398163397
0.785398163397
0.785398163397
0.785398163397
0.785398163397
0.785398163397
0.785398163397
0.785398163397
0.785398163397
0.785398163397
0.785398163397
0.785398163397
0.785398163397
0.785398163397
0.785398163397
0.785398163397
0.785398163397
0.785398163397
0.785398163397
0.785398163397
0.785398163397
0.785398163397
0.785398163397
0.785398163397
0.785398163397
0.785398163397
0.785398163397
0.785398163397
0.785398163397
0.785398163397
0.785398163397
0.785398163397
0.785398163397
0.785398163397
0.785398163397
0.785398163397
0.785398163397
0.785398163397
0.785398163397
0.785398163397
0.785398163397
0.785398163397
0.785398163397
0.785398163397
0.785398163397
0.785398163397
0.785398163397
0.785398163397
0.785398163397
0.785398163397
0.785398163397
0.785398163397
0.785398163397
0.785398163397
0.785398163397
0.785398163397
0.785398163397
0.785398163397
0.785398163397
0.785398163397
0.785398163397
0.785398163397
0.785398163397
0.785398163397
0.785398163397
0.785398163397
0.785398163397
0.785398163397
0.785398163397
0.785398163397
0.785398163397
0.785398163397
0.785398163397
0.785398163397
0.785398163397
0.785398163397
0.785398163397
0.785398163397
0.785398163397
0.785398163397
0.785398163397
0.785398163397
0.785398163397
0.785398163397
0.785398163397
0.785398163397
0.785398163397
0.785398163397
0.785398163397
0.785398163397
0.785398163397
0.785398163397
0.785398163397
0.785398163397
0.785398163397
0.785398163397
0.785398163397
0.785398163397
0.785398163397
0.785398163397
0.785398163397
0.785398163397
0.785398163397
0.785398163397
0.785398163397
0.785398163397
0.785398163397
0.785398163397
0.785398163397
0.785398163397
0.785398163397
0.785398163397
0.785398163397
0.785398163397
0.785398163397
0.785398163397
0.785398163397
0.785398163397
0.785398163397
0.785398163397
0.785398163397
0.785398163397
0.785398163397
0.785398163397
0.785398163397
0.785398163397
0.785398163397
0.785398163397
0.785398163397
0.785398163397
0.785398163397
0.785398163397
0.785398163397
0.785398163397
0.785398163397
0.785398163397
0.785398163397
0.785398163397
0.785398163397
0.785398163397
0.785398163397
0.785398163397
0.785398163397
0.785398163397
0.785398163397
0.785398163397
0.785398163397
0.785398163397
0.785398163397
0.785398163397
0.785398163397
0.785398163397
0.785398163397
0.785398163397
0.785398163397
0.785398163397
0.785398163397
0.785398163397
0.785398163397
0.785398163397
0.785398163397
0.785398163397
0.785398163397
0.785398163397
0.785398163397
0.785398163397
0.785398163397
0.785398163397
0.785398163397
0.785398163397
0.785398163397
0.785398163397
0.785398163397
0.785398163397
0.785398163397
0.785398163397
0.785398163397
0.785398163397
0.785398163397
0.785398163397
0.785398163397
0.785398163397
0.785398163397
0.785398163397
0.785398163397
0.785398163397
0.785398163397
0.785398163397
0.785398163397
0.785398163397
0.785398163397
0.785398163397
0.785398163397
0.785398163397
0.785398163397
0.785398163397
0.785398163397
0.785398163397
0.785398163397
0.785398163397
0.785398163397
0.785398163397
0.785398163397
0.785398163397
0.785398163397
0.785398163397
0.785398163397
0.785398163397
0.785398163397
0.785398163397
0.785398163397
0.785398163397
0.785398163397
0.785398163397
0.785398163397
0.785398163397
0.785398163397
0.785398163397
0.785398163397
0.785398163397
0.785398163397
0.785398163397
0.785398163397
0.785398163397
0.785398163397
0.785398163397
0.785398163397
0.785398163397
0.785398163397
0.785398163397
0.785398163397
0.785398163397
0.785398163397
0.785398163397
0.785398163397
0.785398163397
0.785398163397
0.785398163397
0.785398163397
0.785398163397
0.785398163397
0.785398163397
0.785398163397
0.785398163397
0.785398163397
0.785398163397
0.785398163397
0.785398163397
0.785398163397
0.785398163397
0.785398163397
0.785398163397
0.785398163397
0.785398163397
0.785398163397
0.785398163397
0.785398163397
0.785398163397
0.785398163397
0.785398163397
0.785398163397
0.785398163397
0.785398163397
0.785398163397
0.785398163397
0.785398163397
0.785398163397
0.785398163397
0.785398163397
0.785398163397
0.785398163397
0.785398163397
0.785398163397
0.785398163397
0.785398163397
0.785398163397
0.785398163397
0.785398163397
0.785398163397
0.785398163397
0.785398163397
0.785398163397
0.785398163397
0.785398163397
0.785398163397
0.785398163397
0.785398163397
0.785398163397
0.785398163397
0.785398163397
0.785398163397
0.785398163397
0.785398163397
0.785398163397
0.785398163397
0.785398163397
0.785398163397
0.785398163397
0.785398163397
0.785398163397
0.785398163397
0.785398163397
0.785398163397
0.785398163397
0.785398163397
0.785398163397
0.785398163397
0.785398163397
0.785398163397
0.785398163397
0.785398163397
0.785398163397
0.785398163397
0.785398163397
0.785398163397
0.785398163397
0.785398163397
0.785398163397
0.785398163397
0.785398163397
0.785398163397
0.785398163397
0.785398163397
0.785398163397
0.785398163397
0.785398163397
0.785398163397
0.785398163397
0.785398163397
0.785398163397
0.785398163397
0.785398163397
0.785398163397
0.785398163397
0.785398163397
0.785398163397
0.785398163397
0.785398163397
0.785398163397
0.785398163397
0.785398163397
0.785398163397
0.785398163397
0.785398163397
0.785398163397
0.785398163397
0.785398163397
0.785398163397
0.785398163397
0.785398163397
0.785398163397
0.785398163397
0.785398163397
0.785398163397
0.785398163397
0.785398163397
0.785398163397
0.785398163397
0.785398163397
0.785398163397
0.785398163397
0.785398163397
0.785398163397
0.785398163397
0.785398163397
0.785398163397
0.785398163397
0.785398163397
0.785398163397
0.785398163397
0.785398163397
0.785398163397
0.785398163397
0.785398163397
0.785398163397
0.785398163397
0.785398163397
0.785398163397
0.785398163397
0.785398163397
0.785398163397
0.785398163397
0.785398163397
0.785398163397
0.785398163397
0.785398163397
0.785398163397
0.785398163397
0.785398163397
0.785398163397
0.785398163397
0.785398163397
0.785398163397
0.785398163397
0.785398163397
0.785398163397
0.785398163397
0.785398163397
0.785398163397
0.785398163397
0.785398163397
0.785398163397
0.785398163397
0.785398163397
0.785398163397
0.785398163397
0.785398163397
0.785398163397
0.785398163397
0.785398163397
0.785398163397
0.785398163397
0.785398163397
0.785398163397
0.785398163397
0.785398163397
0.785398163397
0.785398163397
0.785398163397
0.785398163397
0.785398163397
0.785398163397
0.785398163397
0.785398163397
0.785398163397
0.785398163397
0.785398163397
0.785398163397
0.785398163397
0.785398163397
0.785398163397
0.785398163397
0.785398163397
0.785398163397
0.785398163397
0.785398163397
0.785398163397
0.785398163397
0.785398163397
0.785398163397
0.785398163397
0.785398163397
0.785398163397
0.785398163397
0.785398163397
0.785398163397
0.785398163397
0.785398163397
0.785398163397
0.785398163397
0.785398163397
0.785398163397
0.785398163397
0.785398163397
0.785398163397
0.785398163397
0.785398163397
0.785398163397
0.785398163397
0.785398163397
0.785398163397
0.785398163397
0.785398163397
0.785398163397
0.785398163397
0.785398163397
0.785398163397
0.785398163397
0.785398163397
0.785398163397
0.785398163397
0.785398163397
0.785398163397
0.785398163397
0.785398163397
0.785398163397
0.785398163397
0.785398163397
0.785398163397
0.785398163397
0.785398163397
0.785398163397
0.785398163397
0.785398163397
0.785398163397
0.785398163397
0.785398163397
0.785398163397
0.785398163397
0.785398163397
0.785398163397
0.785398163397
0.785398163397
0.785398163397
0.785398163397
0.785398163397
0.785398163397
0.785398163397
0.785398163397
0.785398163397
0.785398163397
0.785398163397
0.785398163397
0.785398163397
0.785398163397
0.785398163397
0.785398163397
0.785398163397
0.785398163397
0.785398163397
0.785398163397
0.785398163397
0.785398163397
0.785398163397
0.785398163397
0.785398163397
0.785398163397
0.785398163397
0.785398163397
0.785398163397
0.785398163397
0.785398163397
0.785398163397
0.785398163397
0.785398163397
0.785398163397
0.785398163397
0.785398163397
0.785398163397
0.785398163397
0.785398163397
0.785398163397
0.785398163397
0.785398163397
0.785398163397
0.785398163397
0.785398163397
0.785398163397
0.785398163397
0.785398163397
0.785398163397
0.785398163397
0.785398163397
0.785398163397
0.785398163397
0.785398163397
0.785398163397
0.785398163397
0.785398163397
0.785398163397
0.785398163397
0.785398163397
0.785398163397
0.785398163397
0.785398163397
0.785398163397
0.785398163397
0.785398163397
0.785398163397
0.785398163397
0.785398163397
0.785398163397
0.785398163397
0.785398163397
0.785398163397
0.785398163397
0.785398163397
0.785398163397
0.785398163397
0.785398163397
0.785398163397
0.785398163397
0.785398163397
0.785398163397
0.785398163397
0.785398163397
0.785398163397
0.785398163397
0.785398163397
0.785398163397
0.785398163397
0.785398163397
0.785398163397
0.785398163397
0.785398163397
0.785398163397
0.785398163397
0.785398163397
0.785398163397
0.785398163397
0.785398163397
0.785398163397
0.785398163397
0.785398163397
0.785398163397
0.785398163397
0.785398163397
0.785398163397
0.785398163397
0.785398163397
0.785398163397
0.785398163397
0.785398163397
0.785398163397
0.785398163397
0.785398163397
0.785398163397
0.785398163397
0.785398163397
0.785398163397
0.785398163397
0.785398163397
0.785398163397
0.785398163397
0.785398163397
0.785398163397
0.785398163397
0.785398163397
0.785398163397
0.785398163397
0.785398163397
0.785398163397
0.785398163397
0.785398163397
0.785398163397
0.785398163397
0.785398163397
0.785398163397
0.785398163397
0.785398163397
0.785398163397
0.785398163397
0.785398163397
0.785398163397
0.785398163397
0.785398163397
0.785398163397
0.785398163397
0.785398163397
0.785398163397
0.785398163397
0.785398163397
0.785398163397
0.785398163397
0.785398163397
0.785398163397
0.785398163397
0.785398163397
0.785398163397
0.785398163397
0.785398163397
0.785398163397
0.785398163397
0.785398163397
0.785398163397
0.785398163397
0.785398163397
0.785398163397
0.785398163397
0.785398163397
0.785398163397
0.785398163397
0.785398163397
0.785398163397
0.785398163397
0.785398163397
0.785398163397
0.785398163397
0.785398163397
0.785398163397
0.785398163397
0.785398163397
0.785398163397
0.785398163397
0.785398163397
0.785398163397
0.785398163397
0.785398163397
0.785398163397
0.785398163397
0.785398163397
0.785398163397
0.785398163397
0.785398163397
0.785398163397
0.785398163397
0.785398163397
0.785398163397
0.785398163397
0.785398163397
0.785398163397
0.785398163397
0.785398163397
0.785398163397
0.785398163397
0.785398163397
0.785398163397
0.785398163397
0.785398163397
0.785398163397
0.785398163397
0.785398163397
0.785398163397
0.785398163397
0.785398163397
0.785398163397
0.785398163397
0.785398163397
0.785398163397
0.785398163397
0.785398163397
0.785398163397
0.785398163397
0.785398163397
0.785398163397
0.785398163397
0.785398163397
0.785398163397
0.785398163397
0.785398163397
0.785398163397
0.785398163397
0.785398163397
0.785398163397
0.785398163397
0.785398163397
0.785398163397
0.785398163397
0.785398163397
0.785398163397
0.785398163397
0.785398163397
0.785398163397
0.785398163397
0.785398163397
0.785398163397
0.785398163397
0.785398163397
0.785398163397
0.785398163397
0.785398163397
0.785398163397
0.785398163397
0.785398163397
0.785398163397
0.785398163397
0.785398163397
0.785398163397
0.785398163397
0.785398163397
0.785398163397
0.785398163397
0.785398163397
0.785398163397
0.785398163397
0.785398163397
0.785398163397
0.785398163397
0.785398163397
0.785398163397
0.785398163397
0.785398163397
0.785398163397
0.785398163397
0.785398163397
0.785398163397
0.785398163397
0.785398163397
0.785398163397
0.785398163397
0.785398163397
0.785398163397
0.785398163397
0.785398163397
0.785398163397
0.785398163397
0.785398163397
0.785398163397
0.785398163397
0.785398163397
0.785398163397
0.785398163397
0.785398163397
0.785398163397
0.785398163397
0.785398163397
0.785398163397
0.785398163397
0.785398163397
0.785398163397
0.785398163397
0.785398163397
0.785398163397
0.785398163397
0.785398163397
0.785398163397
0.785398163397
0.785398163397
0.785398163397
0.785398163397
0.785398163397
0.785398163397
0.785398163397
0.785398163397
0.785398163397
0.785398163397
0.785398163397
0.785398163397
0.785398163397
0.785398163397
0.785398163397
0.785398163397
0.785398163397
0.785398163397
0.785398163397
0.785398163397
0.785398163397
0.785398163397
0.785398163397
0.785398163397
0.785398163397
0.785398163397
0.785398163397
0.785398163397
0.785398163397
0.785398163397
0.785398163397
0.785398163397
0.785398163397
0.785398163397
0.785398163397
0.785398163397
0.785398163397
0.785398163397
0.785398163397
0.785398163397
0.785398163397
0.785398163397
0.785398163397
0.785398163397
0.785398163397
0.785398163397
0.785398163397
0.785398163397
0.785398163397
0.785398163397
0.785398163397
0.785398163397
0.785398163397
0.785398163397
0.785398163397
0.785398163397
0.785398163397
0.785398163397
0.785398163397
0.785398163397
0.785398163397
0.785398163397
0.785398163397
0.785398163397
0.785398163397
0.785398163397
0.785398163397
0.785398163397
0.785398163397
0.785398163397
0.785398163397
0.785398163397
0.785398163397
0.785398163397
0.785398163397
0.785398163397
0.785398163397
0.785398163397
0.785398163397
0.785398163397
0.785398163397
0.785398163397
0.785398163397
0.785398163397
0.785398163397
0.785398163397
0.785398163397
0.785398163397
0.785398163397
0.785398163397
0.785398163397
0.785398163397
0.785398163397
0.785398163397
0.785398163397
0.785398163397
0.785398163397
0.785398163397
0.785398163397
0.785398163397
0.785398163397
0.785398163397
0.785398163397
0.785398163397
0.785398163397
0.785398163397
0.785398163397
0.785398163397
0.785398163397
0.785398163397
0.785398163397
0.785398163397
0.785398163397
0.785398163397
0.785398163397
0.785398163397
0.785398163397
0.785398163397
0.785398163397
0.785398163397
0.785398163397
0.785398163397
0.785398163397
0.785398163397
0.785398163397
0.785398163397
0.785398163397
0.785398163397
0.785398163397
0.785398163397
0.785398163397
0.785398163397
0.785398163397
0.785398163397
0.785398163397
0.785398163397
0.785398163397
0.785398163397
0.785398163397
0.785398163397
0.785398163397
0.785398163397
0.785398163397
0.785398163397
0.785398163397
0.785398163397
0.785398163397
0.785398163397
0.785398163397
0.785398163397
0.785398163397
0.785398163397
0.785398163397
0.785398163397
0.785398163397
0.785398163397
0.785398163397
0.785398163397
0.785398163397
0.785398163397
0.785398163397
0.785398163397
0.785398163397
0.785398163397
0.785398163397
0.785398163397
0.785398163397
0.785398163397
0.785398163397
0.785398163397
0.785398163397
0.785398163397
0.785398163397
0.785398163397
0.785398163397
0.785398163397
0.785398163397
0.785398163397
0.785398163397
0.785398163397
0.785398163397
0.785398163397
0.785398163397
0.785398163397
0.785398163397
0.785398163397
0.785398163397
0.785398163397
0.785398163397
0.785398163397
0.785398163397
0.785398163397
0.785398163397
0.785398163397
0.785398163397
0.785398163397
0.785398163397
0.785398163397
0.785398163397
0.785398163397
0.785398163397
0.785398163397
0.785398163397
0.785398163397
0.785398163397
0.785398163397
0.785398163397
0.785398163397
0.785398163397
0.785398163397
0.785398163397
0.785398163397
0.785398163397
0.785398163397
0.785398163397
0.785398163397
0.785398163397
0.785398163397
0.785398163397
0.785398163397
0.785398163397
0.785398163397
0.785398163397
0.785398163397
0.785398163397
0.785398163397
0.785398163397
0.785398163397
0.785398163397
0.785398163397
0.785398163397
0.785398163397
0.785398163397
0.785398163397
0.785398163397
0.785398163397
0.785398163397
0.785398163397
0.785398163397
0.785398163397
0.785398163397
0.785398163397
0.785398163397
0.785398163397
0.785398163397
0.785398163397
0.785398163397
0.785398163397
0.785398163397
0.785398163397
0.785398163397
0.785398163397
0.785398163397
0.785398163397
0.785398163397
0.785398163397
0.785398163397
0.785398163397
0.785398163397
0.785398163397
0.785398163397
0.785398163397
0.785398163397
0.785398163397
0.785398163397
0.785398163397
0.785398163397
0.785398163397
0.785398163397
0.785398163397
0.785398163397
0.785398163397
0.785398163397
0.785398163397
0.785398163397
0.785398163397
0.785398163397
0.785398163397
0.785398163397
0.785398163397
0.785398163397
0.785398163397
0.785398163397
0.785398163397
0.785398163397
0.785398163397
0.785398163397
0.785398163397
0.785398163397
0.785398163397
0.785398163397
0.785398163397
0.785398163397
0.785398163397
0.785398163397
0.785398163397
0.785398163397
0.785398163397
0.785398163397
0.785398163397
0.785398163397
0.785398163397
0.785398163397
0.785398163397
0.785398163397
0.785398163397
0.785398163397
0.785398163397
0.785398163397
0.785398163397
0.785398163397
0.785398163397
0.785398163397
0.785398163397
0.785398163397
0.785398163397
0.785398163397
0.785398163397
0.785398163397
0.785398163397
0.785398163397
0.785398163397
0.785398163397
0.785398163397
0.785398163397
0.785398163397
0.785398163397
0.785398163397
0.785398163397
0.785398163397
0.785398163397
0.785398163397
0.785398163397
0.785398163397
0.785398163397
0.785398163397
0.785398163397
0.785398163397
0.785398163397
0.785398163397
0.785398163397
0.785398163397
0.785398163397
0.785398163397
0.785398163397
0.785398163397
0.785398163397
0.785398163397
0.785398163397
0.785398163397
0.785398163397
0.785398163397
0.785398163397
0.785398163397
0.785398163397
0.785398163397
0.785398163397
0.785398163397
0.785398163397
0.785398163397
0.785398163397
0.785398163397
0.785398163397
0.785398163397
0.785398163397
0.785398163397
0.785398163397
0.785398163397
0.785398163397
0.785398163397
0.785398163397
0.785398163397
0.785398163397
0.785398163397
0.785398163397
0.785398163397
0.785398163397
0.785398163397
0.785398163397
0.785398163397
0.785398163397
0.785398163397
0.785398163397
0.785398163397
0.785398163397
0.785398163397
0.785398163397
0.785398163397
0.785398163397
0.785398163397
0.785398163397
0.785398163397
0.785398163397
0.785398163397
0.785398163397
0.785398163397
0.785398163397
0.785398163397
0.785398163397
0.785398163397
0.785398163397
0.785398163397
0.785398163397
0.785398163397
0.785398163397
0.785398163397
0.785398163397
0.785398163397
0.785398163397
0.785398163397
0.785398163397
0.785398163397
0.785398163397
0.785398163397
0.785398163397
0.785398163397
0.785398163397
0.785398163397
0.785398163397
0.785398163397
0.785398163397
0.785398163397
0.785398163397
0.785398163397
0.785398163397
0.785398163397
0.785398163397
0.785398163397
0.785398163397
0.785398163397
0.785398163397
0.785398163397
0.785398163397
0.785398163397
0.785398163397
0.785398163397
0.785398163397
0.785398163397
0.785398163397
0.785398163397
0.785398163397
0.785398163397
0.785398163397
0.785398163397
0.785398163397
0.785398163397
0.785398163397
0.785398163397
0.785398163397
0.785398163397
0.785398163397
0.785398163397
0.785398163397
0.785398163397
0.785398163397
0.785398163397
0.785398163397
0.785398163397
0.785398163397
0.785398163397
0.785398163397
0.785398163397
0.785398163397
0.785398163397
0.785398163397
0.785398163397
0.785398163397
0.785398163397
0.785398163397
0.785398163397
0.785398163397
0.785398163397
0.785398163397
0.785398163397
0.785398163397
0.785398163397
0.785398163397
0.785398163397
0.785398163397
0.785398163397
0.785398163397
0.785398163397
0.785398163397
0.785398163397
0.785398163397
0.785398163397
0.785398163397
0.785398163397
0.785398163397
0.785398163397
0.785398163397
0.785398163397
0.785398163397
0.785398163397
0.785398163397
0.785398163397
0.785398163397
0.785398163397
0.785398163397
0.785398163397
0.785398163397
0.785398163397
0.785398163397
0.785398163397
0.785398163397
0.785398163397
0.785398163397
0.785398163397
0.785398163397
0.785398163397
0.785398163397
0.785398163397
0.785398163397
0.785398163397
0.785398163397
0.785398163397
0.785398163397
0.785398163397
0.785398163397
0.785398163397
0.785398163397
0.785398163397
0.785398163397
0.785398163397
0.785398163397
0.785398163397
0.785398163397
0.785398163397
0.785398163397
0.785398163397
0.785398163397
0.785398163397
0.785398163397
0.785398163397
0.785398163397
0.785398163397
0.785398163397
0.785398163397
0.785398163397
0.785398163397
0.785398163397
0.785398163397
0.785398163397
0.785398163397
0.785398163397
0.785398163397
0.785398163397
0.785398163397
0.785398163397
0.785398163397
0.785398163397
0.785398163397
0.785398163397
0.785398163397
0.785398163397
0.785398163397
0.785398163397
0.785398163397
0.785398163397
0.785398163397
0.785398163397
0.785398163397
0.785398163397
0.785398163397
0.785398163397
0.785398163397
0.785398163397
0.785398163397
0.785398163397
0.785398163397
0.785398163397
0.785398163397
0.785398163397
0.785398163397
0.785398163397
0.785398163397
0.785398163397
0.785398163397
0.785398163397
0.785398163397
0.785398163397
0.785398163397
0.785398163397
0.785398163397
0.785398163397
0.785398163397
0.785398163397
0.785398163397
0.785398163397
0.785398163397
0.785398163397
0.785398163397
0.785398163397
0.785398163397
0.785398163397
0.785398163397
0.785398163397
0.785398163397
0.785398163397
0.785398163397
0.785398163397
0.785398163397
0.785398163397
0.785398163397
0.785398163397
0.785398163397
0.785398163397
0.785398163397
0.785398163397
0.785398163397
0.785398163397
0.785398163397
0.785398163397
0.785398163397
0.785398163397
0.785398163397
0.785398163397
0.785398163397
0.785398163397
0.785398163397
0.785398163397
0.785398163397
0.785398163397
0.785398163397
0.785398163397
0.785398163397
0.785398163397
0.785398163397
0.785398163397
0.785398163397
0.785398163397
0.785398163397
0.785398163397
0.785398163397
0.785398163397
0.785398163397
0.785398163397
0.785398163397
0.785398163397
0.785398163397
0.785398163397
0.785398163397
0.785398163397
0.785398163397
0.785398163397
0.785398163397
0.785398163397
0.785398163397
0.785398163397
0.785398163397
0.785398163397
0.785398163397
0.785398163397
0.785398163397
0.785398163397
0.785398163397
0.785398163397
0.785398163397
0.785398163397
0.785398163397
0.785398163397
0.785398163397
0.785398163397
0.785398163397
0.785398163397
0.785398163397
0.785398163397
0.785398163397
0.785398163397
0.785398163397
0.785398163397
0.785398163397
0.785398163397
0.785398163397
0.785398163397
0.785398163397
0.785398163397
0.785398163397
0.785398163397
0.785398163397
0.785398163397
0.785398163397
0.785398163397
0.785398163397
0.785398163397
0.785398163397
0.785398163397
0.785398163397
0.785398163397
0.785398163397
0.785398163397
0.785398163397
0.785398163397
0.785398163397
0.785398163397
0.785398163397
0.785398163397
0.785398163397
0.785398163397
0.785398163397
0.785398163397
0.785398163397
0.785398163397
0.785398163397
0.785398163397
0.785398163397
0.785398163397
0.785398163397
0.785398163397
0.785398163397
0.785398163397
0.785398163397
0.785398163397
0.785398163397
0.785398163397
0.785398163397
0.785398163397
0.785398163397
0.785398163397
0.785398163397
0.785398163397
0.785398163397
0.785398163397
0.785398163397
0.785398163397
0.785398163397
0.785398163397
0.785398163397
0.785398163397
0.785398163397
0.785398163397
0.785398163397
0.785398163397
0.785398163397
0.785398163397
0.785398163397
0.785398163397
0.785398163397
0.785398163397
0.785398163397
0.785398163397
0.785398163397
0.785398163397
0.785398163397
0.785398163397
0.785398163397
0.785398163397
0.785398163397
0.785398163397
0.785398163397
0.785398163397
0.785398163397
0.785398163397
0.785398163397
0.785398163397
0.785398163397
0.785398163397
0.785398163397
0.785398163397
0.785398163397
0.785398163397
0.785398163397
0.785398163397
0.785398163397
0.785398163397
0.785398163397
0.785398163397
0.785398163397
0.785398163397
0.785398163397
0.785398163397
0.785398163397
0.785398163397
0.785398163397
0.785398163397
0.785398163397
0.785398163397
0.785398163397
0.785398163397
0.785398163397
0.785398163397
0.785398163397
0.785398163397
0.785398163397
0.785398163397
0.785398163397
0.785398163397
0.785398163397
0.785398163397
0.785398163397
0.785398163397
0.785398163397
0.785398163397
0.785398163397
0.785398163397
0.785398163397
0.785398163397
0.785398163397
0.785398163397
0.785398163397
0.785398163397
0.785398163397
0.785398163397
0.785398163397
0.785398163397
0.785398163397
0.785398163397
0.785398163397
0.785398163397
0.785398163397
0.785398163397
0.785398163397
0.785398163397
0.785398163397
0.785398163397
0.785398163397
0.785398163397
0.785398163397
0.785398163397
0.785398163397
0.785398163397
0.785398163397
0.785398163397
0.785398163397
0.785398163397
0.785398163397
0.785398163397
0.785398163397
0.785398163397
0.785398163397
0.785398163397
0.785398163397
0.785398163397
0.785398163397
0.785398163397
0.785398163397
0.785398163397
0.785398163397
0.785398163397
0.785398163397
0.785398163397
0.785398163397
0.785398163397
0.785398163397
0.785398163397
0.785398163397
0.785398163397
0.785398163397
0.785398163397
0.785398163397
0.785398163397
0.785398163397
0.785398163397
0.785398163397
0.785398163397
0.785398163397
0.785398163397
0.785398163397
0.785398163397
0.785398163397
0.785398163397
0.785398163397
0.785398163397
0.785398163397
0.785398163397
0.785398163397
0.785398163397
0.785398163397
0.785398163397
0.785398163397
0.785398163397
0.785398163397
0.785398163397
0.785398163397
0.785398163397
0.785398163397
0.785398163397
0.785398163397
0.785398163397
0.785398163397
0.785398163397
0.785398163397
0.785398163397
0.785398163397
0.785398163397
0.785398163397
0.785398163397
0.785398163397
0.785398163397
0.785398163397
0.785398163397
0.785398163397
0.785398163397
0.785398163397
0.785398163397
0.785398163397
0.785398163397
0.785398163397
0.785398163397
0.785398163397
0.785398163397
0.785398163397
0.785398163397
0.785398163397
0.785398163397
0.785398163397
0.785398163397
0.785398163397
0.785398163397
0.785398163397
0.785398163397
0.785398163397
0.785398163397
0.785398163397
0.785398163397
0.785398163397
0.785398163397
0.785398163397
0.785398163397
0.785398163397
0.785398163397
0.785398163397
0.785398163397
0.785398163397
0.785398163397
0.785398163397
0.785398163397
0.785398163397
0.785398163397
0.785398163397
0.785398163397
0.785398163397
0.785398163397
0.785398163397
0.785398163397
0.785398163397
0.785398163397
0.785398163397
0.785398163397
0.785398163397
0.785398163397
0.785398163397
0.785398163397
0.785398163397
0.785398163397
0.785398163397
0.785398163397
0.785398163397
0.785398163397
0.785398163397
0.785398163397
0.785398163397
0.785398163397
0.785398163397
0.785398163397
0.785398163397
0.785398163397
0.785398163397
0.785398163397
0.785398163397
0.785398163397
0.785398163397
0.785398163397
0.785398163397
0.785398163397
0.785398163397
0.785398163397
0.785398163397
0.785398163397
0.785398163397
0.785398163397
0.785398163397
0.785398163397
0.785398163397
0.785398163397
0.785398163397
0.785398163397
0.785398163397
0.785398163397
0.785398163397
0.785398163397
0.785398163397
0.785398163397
0.785398163397
0.785398163397
0.785398163397
0.785398163397
0.785398163397
0.785398163397
0.785398163397
0.785398163397
0.785398163397
0.785398163397
0.785398163397
0.785398163397
0.785398163397
0.785398163397
0.785398163397
0.785398163397
0.785398163397
0.785398163397
0.785398163397
0.785398163397
0.785398163397
0.785398163397
0.785398163397
0.785398163397
0.785398163397
0.785398163397
0.785398163397
0.785398163397
0.785398163397
0.785398163397
0.785398163397
0.785398163397
0.785398163397
0.785398163397
0.785398163397
0.785398163397
0.785398163397
0.785398163397
0.785398163397
0.785398163397
0.785398163397
0.785398163397
0.785398163397
0.785398163397
0.785398163397
0.785398163397
0.785398163397
0.785398163397
0.785398163397
0.785398163397
0.785398163397
0.785398163397
0.785398163397
0.785398163397
0.785398163397
0.785398163397
0.785398163397
0.785398163397
0.785398163397
0.785398163397
0.785398163397
0.785398163397
0.785398163397
0.785398163397
0.785398163397
0.785398163397
0.785398163397
0.785398163397
0.785398163397
0.785398163397
0.785398163397
0.785398163397
0.785398163397
0.785398163397
0.785398163397
0.785398163397
0.785398163397
0.785398163397
0.785398163397
0.785398163397
0.785398163397
0.785398163397
0.785398163397
0.785398163397
0.785398163397
0.785398163397
0.785398163397
0.785398163397
0.785398163397
0.785398163397
0.785398163397
0.785398163397
0.785398163397
0.785398163397
0.785398163397
0.785398163397
0.785398163397
0.785398163397
0.785398163397
0.785398163397
0.785398163397
0.785398163397
0.785398163397
0.785398163397
0.785398163397
0.785398163397
0.785398163397
0.785398163397
0.785398163397
0.785398163397
0.785398163397
0.785398163397
0.785398163397
0.785398163397
0.785398163397
0.785398163397
0.785398163397
0.785398163397
0.785398163397
0.785398163397
0.785398163397
0.785398163397
0.785398163397
0.785398163397
0.785398163397
0.785398163397
0.785398163397
0.785398163397
0.785398163397
0.785398163397
0.785398163397
0.785398163397
0.785398163397
0.785398163397
0.785398163397
0.785398163397
0.785398163397
0.785398163397
0.785398163397
0.785398163397
0.785398163397
0.785398163397
0.785398163397
0.785398163397
0.785398163397
0.785398163397
0.785398163397
0.785398163397
0.785398163397
0.785398163397
0.785398163397
0.785398163397
0.785398163397
0.785398163397
0.785398163397
0.785398163397
0.785398163397
0.785398163397
0.785398163397
0.785398163397
0.785398163397
0.785398163397
0.785398163397
0.785398163397
0.785398163397
0.785398163397
0.785398163397
0.785398163397
0.785398163397
0.785398163397
0.785398163397
0.785398163397
0.785398163397
0.785398163397
0.785398163397
0.785398163397
0.785398163397
0.785398163397
0.785398163397
0.785398163397
0.785398163397
0.785398163397
0.785398163397
0.785398163397
0.785398163397
0.785398163397
0.785398163397
0.785398163397
0.785398163397
0.785398163397
0.785398163397
0.785398163397
0.785398163397
0.785398163397
0.785398163397
0.785398163397
0.785398163397
0.785398163397
0.785398163397
0.785398163397
0.785398163397
0.785398163397
0.785398163397
0.785398163397
0.785398163397
0.785398163397
0.785398163397
0.785398163397
0.785398163397
0.785398163397
0.785398163397
0.785398163397
0.785398163397
0.785398163397
0.785398163397
0.785398163397
0.785398163397
0.785398163397
0.785398163397
0.785398163397
0.785398163397
0.785398163397
0.785398163397
0.785398163397
0.785398163397
0.785398163397
0.785398163397
0.785398163397
0.785398163397
0.785398163397
0.785398163397
0.785398163397
0.785398163397
0.785398163397
0.785398163397
0.785398163397
0.785398163397
0.785398163397
0.785398163397
0.785398163397
0.785398163397
0.785398163397
0.785398163397
0.785398163397
0.785398163397
0.785398163397
0.785398163397
0.785398163397
0.785398163397
0.785398163397
0.785398163397
0.785398163397
0.785398163397
0.785398163397
0.785398163397
0.785398163397
0.785398163397
0.785398163397
0.785398163397
0.785398163397
0.785398163397
0.785398163397
0.785398163397
0.785398163397
0.785398163397
0.785398163397
0.785398163397
0.785398163397
0.785398163397
0.785398163397
0.785398163397
0.785398163397
0.785398163397
0.785398163397
0.785398163397
0.785398163397
0.785398163397
0.785398163397
0.785398163397
0.785398163397
0.785398163397
0.785398163397
0.785398163397
0.785398163397
0.785398163397
0.785398163397
0.785398163397
0.785398163397
0.785398163397
0.785398163397
0.785398163397
0.785398163397
0.785398163397
0.785398163397
0.785398163397
0.785398163397
0.785398163397
0.785398163397
0.785398163397
0.785398163397
0.785398163397
0.785398163397
0.785398163397
0.785398163397
0.785398163397
0.785398163397
0.785398163397
0.785398163397
0.785398163397
0.785398163397
0.785398163397
0.785398163397
0.785398163397
0.785398163397
0.785398163397
0.785398163397
0.785398163397
0.785398163397
0.785398163397
0.785398163397
0.785398163397
0.785398163397
0.785398163397
0.785398163397
0.785398163397
0.785398163397
0.785398163397
0.785398163397
0.785398163397
0.785398163397
0.785398163397
0.785398163397
0.785398163397
0.785398163397
0.785398163397
0.785398163397
0.785398163397
0.785398163397
0.785398163397
0.785398163397
0.785398163397
0.785398163397
0.785398163397
0.785398163397
0.785398163397
0.785398163397
0.785398163397
0.785398163397
0.785398163397
0.785398163397
0.785398163397
0.785398163397
0.785398163397
0.785398163397
0.785398163397
0.785398163397
0.785398163397
0.785398163397
0.785398163397
0.785398163397
0.785398163397
0.785398163397
0.785398163397
0.785398163397
0.785398163397
0.785398163397
0.785398163397
0.785398163397
0.785398163397
0.785398163397
0.785398163397
0.785398163397
0.785398163397
0.785398163397
0.785398163397
0.785398163397
0.785398163397
0.785398163397
0.785398163397
0.785398163397
0.785398163397
0.785398163397
0.785398163397
0.785398163397
0.785398163397
0.785398163397
0.785398163397
0.785398163397
0.785398163397
0.785398163397
0.785398163397
0.785398163397
0.785398163397
0.785398163397
0.785398163397
0.785398163397
0.785398163397
0.785398163397
0.785398163397
0.785398163397
0.785398163397
0.785398163397
0.785398163397
0.785398163397
0.785398163397
0.785398163397
0.785398163397
0.785398163397
0.785398163397
0.785398163397
0.785398163397
0.785398163397
0.785398163397
0.785398163397
0.785398163397
0.785398163397
0.785398163397
0.785398163397
0.785398163397
0.785398163397
0.785398163397
0.785398163397
0.785398163397
0.785398163397
0.785398163397
0.785398163397
0.785398163397
0.785398163397
0.785398163397
0.785398163397
0.785398163397
0.785398163397
0.785398163397
0.785398163397
0.785398163397
0.785398163397
0.785398163397
0.785398163397
0.785398163397
0.785398163397
0.785398163397
0.785398163397
0.785398163397
0.785398163397
0.785398163397
0.785398163397
0.785398163397
0.785398163397
0.785398163397
0.785398163397
0.785398163397
0.785398163397
0.785398163397
0.785398163397
0.785398163397
0.785398163397
0.785398163397
0.785398163397
0.785398163397
0.785398163397
0.785398163397
0.785398163397
0.785398163397
0.785398163397
0.785398163397
0.785398163397
0.785398163397
0.785398163397
0.785398163397
0.785398163397
0.785398163397
0.785398163397
0.785398163397
0.785398163397
0.785398163397
0.785398163397
0.785398163397
0.785398163397
0.785398163397
0.785398163397
0.785398163397
0.785398163397
0.785398163397
0.785398163397
0.785398163397
0.785398163397
0.785398163397
0.785398163397
0.785398163397
0.785398163397
0.785398163397
0.785398163397
0.785398163397
0.785398163397
0.785398163397
0.785398163397
0.785398163397
0.785398163397
0.785398163397
0.785398163397
0.785398163397
0.785398163397
0.785398163397
0.785398163397
0.785398163397
0.785398163397
0.785398163397
0.785398163397
0.785398163397
0.785398163397
0.785398163397
0.785398163397
0.785398163397
0.785398163397
0.785398163397
0.785398163397
0.785398163397
0.785398163397
0.785398163397
0.785398163397
0.785398163397
0.785398163397
0.785398163397
0.785398163397
0.785398163397
0.785398163397
0.785398163397
0.785398163397
0.785398163397
0.785398163397
0.785398163397
0.785398163397
0.785398163397
0.785398163397
0.785398163397
0.785398163397
0.785398163397
0.785398163397
0.785398163397
0.785398163397
0.785398163397
0.785398163397
0.785398163397
0.785398163397
0.785398163397
0.785398163397
0.785398163397
0.785398163397
0.785398163397
0.785398163397
0.785398163397
0.785398163397
0.785398163397
0.785398163397
0.785398163397
0.785398163397
0.785398163397
0.785398163397
0.785398163397
0.785398163397
0.785398163397
0.785398163397
0.785398163397
0.785398163397
0.785398163397
0.785398163397
0.785398163397
0.785398163397
0.785398163397
0.785398163397
0.785398163397
0.785398163397
0.785398163397
0.785398163397
0.785398163397
0.785398163397
0.785398163397
0.785398163397
0.785398163397
0.785398163397
0.785398163397
0.785398163397
0.785398163397
0.785398163397
0.785398163397
0.785398163397
0.785398163397
0.785398163397
0.785398163397
0.785398163397
0.785398163397
0.785398163397
0.785398163397
0.785398163397
0.785398163397
0.785398163397
0.785398163397
0.785398163397
0.785398163397
0.785398163397
0.785398163397
0.785398163397
0.785398163397
0.785398163397
0.785398163397
0.785398163397
0.785398163397
0.785398163397
0.785398163397
0.785398163397
0.785398163397
0.785398163397
0.785398163397
0.785398163397
0.785398163397
0.785398163397
0.785398163397
0.785398163397
0.785398163397
0.785398163397
0.785398163397
0.785398163397
0.785398163397
0.785398163397
0.785398163397
0.785398163397
0.785398163397
0.785398163397
0.785398163397
0.785398163397
0.785398163397
0.785398163397
0.785398163397
0.785398163397
0.785398163397
0.785398163397
0.785398163397
0.785398163397
0.785398163397
0.785398163397
0.785398163397
0.785398163397
0.785398163397
0.785398163397
0.785398163397
0.785398163397
0.785398163397
0.785398163397
0.785398163397
0.785398163397
0.785398163397
0.785398163397
0.785398163397
0.785398163397
0.785398163397
0.785398163397
0.785398163397
0.785398163397
0.785398163397
0.785398163397
0.785398163397
0.785398163397
0.785398163397
0.785398163397
0.785398163397
0.785398163397
0.785398163397
0.785398163397
0.785398163397
0.785398163397
0.785398163397
0.785398163397
0.785398163397
0.785398163397
0.785398163397
0.785398163397
0.785398163397
0.785398163397
0.785398163397
0.785398163397
0.785398163397
0.785398163397
0.785398163397
0.785398163397
0.785398163397
0.785398163397
0.785398163397
0.785398163397
0.785398163397
0.785398163397
0.785398163397
0.785398163397
0.785398163397
0.785398163397
0.785398163397
0.785398163397
0.785398163397
0.785398163397
0.785398163397
0.785398163397
0.785398163397
0.785398163397
0.785398163397
0.785398163397
0.785398163397
0.785398163397
0.785398163397
0.785398163397
0.785398163397
0.785398163397
0.785398163397
0.785398163397
0.785398163397
0.785398163397
0.785398163397
0.785398163397
0.785398163397
0.785398163397
0.785398163397
0.785398163397
0.785398163397
0.785398163397
0.785398163397
0.785398163397
0.785398163397
0.785398163397
0.785398163397
0.785398163397
0.785398163397
0.785398163397
0.785398163397
0.785398163397
0.785398163397
0.785398163397
0.785398163397
0.785398163397
0.785398163397
0.785398163397
0.785398163397
0.785398163397
0.785398163397
0.785398163397
0.785398163397
0.785398163397
0.785398163397
0.785398163397
0.785398163397
0.785398163397
0.785398163397
0.785398163397
0.785398163397
0.785398163397
0.785398163397
0.785398163397
0.785398163397
0.785398163397
0.785398163397
0.785398163397
0.785398163397
0.785398163397
0.785398163397
0.785398163397
0.785398163397
0.785398163397
0.785398163397
0.785398163397
0.785398163397
0.785398163397
0.785398163397
0.785398163397
0.785398163397
0.785398163397
0.785398163397
0.785398163397
0.785398163397
0.785398163397
0.785398163397
0.785398163397
0.785398163397
0.785398163397
0.785398163397
0.785398163397
0.785398163397
0.785398163397
0.785398163397
0.785398163397
0.785398163397
0.785398163397
0.785398163397
0.785398163397
0.785398163397
0.785398163397
0.785398163397
0.785398163397
0.785398163397
0.785398163397
0.785398163397
0.785398163397
0.785398163397
0.785398163397
0.785398163397
0.785398163397
0.785398163397
0.785398163397
0.785398163397
0.785398163397
0.785398163397
0.785398163397
0.785398163397
0.785398163397
0.785398163397
0.785398163397
0.785398163397
0.785398163397
0.785398163397
0.785398163397
0.785398163397
0.785398163397
0.785398163397
0.785398163397
0.785398163397
0.785398163397
0.785398163397
0.785398163397
0.785398163397
0.785398163397
0.785398163397
0.785398163397
0.785398163397
0.785398163397
0.785398163397
0.785398163397
0.785398163397
0.785398163397
0.785398163397
0.785398163397
0.785398163397
0.785398163397
0.785398163397
0.785398163397
0.785398163397
0.785398163397
0.785398163397
0.785398163397
0.785398163397
0.785398163397
0.785398163397
0.785398163397
0.785398163397
0.785398163397
0.785398163397
0.785398163397
0.785398163397
0.785398163397
0.785398163397
0.785398163397
0.785398163397
0.785398163397
0.785398163397
0.785398163397
0.785398163397
0.785398163397
0.785398163397
0.785398163397
0.785398163397
0.785398163397
0.785398163397
0.785398163397
0.785398163397
0.785398163397
0.785398163397
0.785398163397
0.785398163397
0.785398163397
0.785398163397
0.785398163397
0.785398163397
0.785398163397
0.785398163397
0.785398163397
0.785398163397
0.785398163397
0.785398163397
0.785398163397
0.785398163397
0.785398163397
0.785398163397
0.785398163397
0.785398163397
0.785398163397
0.785398163397
0.785398163397
0.785398163397
0.785398163397
0.785398163397
0.785398163397
0.785398163397
0.785398163397
0.785398163397
0.785398163397
0.785398163397
0.785398163397
0.785398163397
0.785398163397
0.785398163397
0.785398163397
0.785398163397
0.785398163397
0.785398163397
0.785398163397
0.785398163397
0.785398163397
0.785398163397
0.785398163397
0.785398163397
0.785398163397
0.785398163397
0.785398163397
0.785398163397
0.785398163397
0.785398163397
0.785398163397
0.785398163397
0.785398163397
0.785398163397
0.785398163397
0.785398163397
0.785398163397
0.785398163397
0.785398163397
0.785398163397
0.785398163397
0.785398163397
0.785398163397
0.785398163397
0.785398163397
0.785398163397
0.785398163397
0.785398163397
0.785398163397
0.785398163397
0.785398163397
0.785398163397
0.785398163397
0.785398163397
0.785398163397
0.785398163397
0.785398163397
0.785398163397
0.785398163397
0.785398163397
0.785398163397
0.785398163397
0.785398163397
0.785398163397
0.785398163397
0.785398163397
0.785398163397
0.785398163397
0.785398163397
0.785398163397
0.785398163397
0.785398163397
0.785398163397
0.785398163397
0.785398163397
0.785398163397
0.785398163397
0.785398163397
0.785398163397
0.785398163397
0.785398163397
0.785398163397
0.785398163397
0.785398163397
0.785398163397
0.785398163397
0.785398163397
0.785398163397
0.785398163397
0.785398163397
0.785398163397
0.785398163397
0.785398163397
0.785398163397
0.785398163397
0.785398163397
0.785398163397
0.785398163397
0.785398163397
0.785398163397
0.785398163397
0.785398163397
0.785398163397
0.785398163397
0.785398163397
0.785398163397
0.785398163397
0.785398163397
0.785398163397
0.785398163397
0.785398163397
0.785398163397
0.785398163397
0.785398163397
0.785398163397
0.785398163397
0.785398163397
0.785398163397
0.785398163397
0.785398163397
0.785398163397
0.785398163397
0.785398163397
0.785398163397
0.785398163397
0.785398163397
0.785398163397
0.785398163397
0.785398163397
0.785398163397
0.785398163397
0.785398163397
0.785398163397
0.785398163397
0.785398163397
0.785398163397
0.785398163397
0.785398163397
0.785398163397
0.785398163397
0.785398163397
0.785398163397
0.785398163397
0.785398163397
0.785398163397
0.785398163397
0.785398163397
0.785398163397
0.785398163397
0.785398163397
0.785398163397
0.785398163397
0.785398163397
0.785398163397
0.785398163397
0.785398163397
0.785398163397
0.785398163397
0.785398163397
0.785398163397
0.785398163397
0.785398163397
0.785398163397
0.785398163397
0.785398163397
0.785398163397
0.785398163397
0.785398163397
0.785398163397
0.785398163397
0.785398163397
0.785398163397
0.785398163397
0.785398163397
0.785398163397
0.785398163397
0.785398163397
0.785398163397
0.785398163397
0.785398163397
0.785398163397
0.785398163397
0.785398163397
0.785398163397
0.785398163397
0.785398163397
0.785398163397
0.785398163397
0.785398163397
0.785398163397
0.785398163397
0.785398163397
0.785398163397
0.785398163397
0.785398163397
0.785398163397
0.785398163397
0.785398163397
0.785398163397
0.785398163397
0.785398163397
0.785398163397
0.785398163397
0.785398163397
0.785398163397
0.785398163397
0.785398163397
0.785398163397
0.785398163397
0.785398163397
0.785398163397
0.785398163397
0.785398163397
0.785398163397
0.785398163397
0.785398163397
0.785398163397
0.785398163397
0.785398163397
0.785398163397
0.785398163397
0.785398163397
0.785398163397
0.785398163397
0.785398163397
0.785398163397
0.785398163397
0.785398163397
0.785398163397
0.785398163397
0.785398163397
0.785398163397
0.785398163397
0.785398163397
0.785398163397
0.785398163397
0.785398163397
0.785398163397
0.785398163397
0.785398163397
0.785398163397
0.785398163397
0.785398163397
0.785398163397
0.785398163397
0.785398163397
0.785398163397
0.785398163397
0.785398163397
0.785398163397
0.785398163397
0.785398163397
0.785398163397
0.785398163397
0.785398163397
0.785398163397
0.785398163397
0.785398163397
0.785398163397
0.785398163397
0.785398163397
0.785398163397
0.785398163397
0.785398163397
0.785398163397
0.785398163397
0.785398163397
0.785398163397
0.785398163397
0.785398163397
0.785398163397
0.785398163397
0.785398163397
0.785398163397
0.785398163397
0.785398163397
0.785398163397
0.785398163397
0.785398163397
0.785398163397
0.785398163397
0.785398163397
0.785398163397
0.785398163397
0.785398163397
0.785398163397
0.785398163397
0.785398163397
0.785398163397
0.785398163397
0.785398163397
0.785398163397
0.785398163397
0.785398163397
0.785398163397
0.785398163397
0.785398163397
0.785398163397
0.785398163397
0.785398163397
0.785398163397
0.785398163397
0.785398163397
0.785398163397
0.785398163397
0.785398163397
0.785398163397
0.785398163397
0.785398163397
0.785398163397
0.785398163397
0.785398163397
0.785398163397
0.785398163397
0.785398163397
0.785398163397
0.785398163397
0.785398163397
0.785398163397
0.785398163397
0.785398163397
0.785398163397
0.785398163397
0.785398163397
0.785398163397
0.785398163397
0.785398163397
0.785398163397
0.785398163397
0.785398163397
0.785398163397
0.785398163397
0.785398163397
0.785398163397
0.785398163397
0.785398163397
0.785398163397
0.785398163397
0.785398163397
0.785398163397
0.785398163397
0.785398163397
0.785398163397
0.785398163397
0.785398163397
0.785398163397
0.785398163397
0.785398163397
0.785398163397
0.785398163397
0.785398163397
0.785398163397
0.785398163397
0.785398163397
0.785398163397
0.785398163397
0.785398163397
0.785398163397
0.785398163397
0.785398163397
0.785398163397
0.785398163397
0.785398163397
0.785398163397
0.785398163397
0.785398163397
0.785398163397
0.785398163397
0.785398163397
0.785398163397
0.785398163397
0.785398163397
0.785398163397
0.785398163397
0.785398163397
0.785398163397
0.785398163397
0.785398163397
0.785398163397
0.785398163397
0.785398163397
0.785398163397
0.785398163397
0.785398163397
0.785398163397
0.785398163397
0.785398163397
0.785398163397
0.785398163397
0.785398163397
0.785398163397
0.785398163397
0.785398163397
0.785398163397
0.785398163397
0.785398163397
0.785398163397
0.785398163397
0.785398163397
0.785398163397
0.785398163397
0.785398163397
0.785398163397
0.785398163397
0.785398163397
0.785398163397
0.785398163397
0.785398163397
0.785398163397
0.785398163397
0.785398163397
0.785398163397
0.785398163397
0.785398163397
0.785398163397
0.785398163397
0.785398163397
0.785398163397
0.785398163397
0.785398163397
0.785398163397
0.785398163397
0.785398163397
0.785398163397
0.785398163397
0.785398163397
0.785398163397
0.785398163397
0.785398163397
0.785398163397
0.785398163397
0.785398163397
0.785398163397
0.785398163397
0.785398163397
0.785398163397
0.785398163397
0.785398163397
0.785398163397
0.785398163397
0.785398163397
0.785398163397
0.785398163397
0.785398163397
0.785398163397
0.785398163397
0.785398163397
0.785398163397
0.785398163397
0.785398163397
0.785398163397
0.785398163397
0.785398163397
0.785398163397
0.785398163397
0.785398163397
0.785398163397
0.785398163397
0.785398163397
0.785398163397
0.785398163397
0.785398163397
0.785398163397
0.785398163397
0.785398163397
0.785398163397
0.785398163397
0.785398163397
0.785398163397
0.785398163397
0.785398163397
0.785398163397
0.785398163397
0.785398163397
0.785398163397
0.785398163397
0.785398163397
0.785398163397
0.785398163397
0.785398163397
0.785398163397
0.785398163397
0.785398163397
0.785398163397
0.785398163397
0.785398163397
0.785398163397
0.785398163397
0.785398163397
0.785398163397
0.785398163397
0.785398163397
0.785398163397
0.785398163397
0.785398163397
0.785398163397
0.785398163397
0.785398163397
0.785398163397
0.785398163397
0.785398163397
0.785398163397
0.785398163397
0.785398163397
0.785398163397
0.785398163397
0.785398163397
0.785398163397
0.785398163397
0.785398163397
0.785398163397
0.785398163397
0.785398163397
0.785398163397
0.785398163397
0.785398163397
0.785398163397
0.785398163397
0.785398163397
0.785398163397
0.785398163397
0.785398163397
0.785398163397
0.785398163397
0.785398163397
0.785398163397
0.785398163397
0.785398163397
0.785398163397
0.785398163397
0.785398163397
0.785398163397
0.785398163397
0.785398163397
0.785398163397
0.785398163397
0.785398163397
0.785398163397
0.785398163397
0.785398163397
0.785398163397
0.785398163397
0.785398163397
0.785398163397
0.785398163397
0.785398163397
0.785398163397
0.785398163397
0.785398163397
0.785398163397
0.785398163397
0.785398163397
0.785398163397
0.785398163397
0.785398163397
0.785398163397
0.785398163397
0.785398163397
0.785398163397
0.785398163397
0.785398163397
0.785398163397
0.785398163397
0.785398163397
0.785398163397
0.785398163397
0.785398163397
0.785398163397
0.785398163397
0.785398163397
0.785398163397
0.785398163397
0.785398163397
0.785398163397
0.785398163397
0.785398163397
0.785398163397
0.785398163397
0.785398163397
0.785398163397
0.785398163397
0.785398163397
0.785398163397
0.785398163397
0.785398163397
0.785398163397
0.785398163397
0.785398163397
0.785398163397
0.785398163397
0.785398163397
0.785398163397
0.785398163397
0.785398163397
0.785398163397
0.785398163397
0.785398163397
0.785398163397
0.785398163397
0.785398163397
0.785398163397
0.785398163397
0.785398163397
0.785398163397
0.785398163397
0.785398163397
0.785398163397
0.785398163397
0.785398163397
0.785398163397
0.785398163397
0.785398163397
0.785398163397
0.785398163397
0.785398163397
0.785398163397
0.785398163397
0.785398163397
0.785398163397
0.785398163397
0.785398163397
0.785398163397
0.785398163397
0.785398163397
0.785398163397
0.785398163397
0.785398163397
0.785398163397
0.785398163397
0.785398163397
0.785398163397
0.785398163397
0.785398163397
0.785398163397
0.785398163397
0.785398163397
0.785398163397
0.785398163397
0.785398163397
0.785398163397
0.785398163397
0.785398163397
0.785398163397
0.785398163397
0.785398163397
0.785398163397
0.785398163397
0.785398163397
0.785398163397
0.785398163397
0.785398163397
0.785398163397
0.785398163397
0.785398163397
0.785398163397
0.785398163397
0.785398163397
0.785398163397
0.785398163397
0.785398163397
0.785398163397
0.785398163397
0.785398163397
0.785398163397
0.785398163397
0.785398163397
0.785398163397
0.785398163397
0.785398163397
0.785398163397
0.785398163397
0.785398163397
0.785398163397
0.785398163397
0.785398163397
0.785398163397
0.785398163397
0.785398163397
0.785398163397
0.785398163397
0.785398163397
0.785398163397
0.785398163397
0.785398163397
0.785398163397
0.785398163397
0.785398163397
0.785398163397
0.785398163397
0.785398163397
0.785398163397
0.785398163397
0.785398163397
0.785398163397
0.785398163397
0.785398163397
0.785398163397
0.785398163397
0.785398163397
0.785398163397
0.785398163397
0.785398163397
0.785398163397
0.785398163397
0.785398163397
0.785398163397
0.785398163397
0.785398163397
0.785398163397
0.785398163397
0.785398163397
0.785398163397
0.785398163397
0.785398163397
0.785398163397
0.785398163397
0.785398163397
0.785398163397
0.785398163397
0.785398163397
0.785398163397
0.785398163397
0.785398163397
0.785398163397
0.785398163397
0.785398163397
0.785398163397
0.785398163397
0.785398163397
0.785398163397
0.785398163397
0.785398163397
0.785398163397
0.785398163397
0.785398163397
0.785398163397
0.785398163397
0.785398163397
0.785398163397
0.785398163397
0.785398163397
0.785398163397
0.785398163397
0.785398163397
0.785398163397
0.785398163397
0.785398163397
0.785398163397
0.785398163397
0.785398163397
0.785398163397
0.785398163397
0.785398163397
0.785398163397
0.785398163397
0.785398163397
0.785398163397
0.785398163397
0.785398163397
0.785398163397
0.785398163397
0.785398163397
0.785398163397
0.785398163397
0.785398163397
0.785398163397
0.785398163397
0.785398163397
0.785398163397
0.785398163397
0.785398163397
0.785398163397
0.785398163397
0.785398163397
0.785398163397
0.785398163397
0.785398163397
0.785398163397
0.785398163397
0.785398163397
0.785398163397
0.785398163397
0.785398163397
0.785398163397
0.785398163397
0.785398163397
0.785398163397
0.785398163397
0.785398163397
0.785398163397
0.785398163397
0.785398163397
0.785398163397
0.785398163397
0.785398163397
0.785398163397
0.785398163397
0.785398163397
0.785398163397
0.785398163397
0.785398163397
0.785398163397
0.785398163397
0.785398163397
0.785398163397
0.785398163397
0.785398163397
0.785398163397
0.785398163397
0.785398163397
0.785398163397
0.785398163397
0.785398163397
0.785398163397
0.785398163397
0.785398163397
0.785398163397
0.785398163397
0.785398163397
0.785398163397
0.785398163397
0.785398163397
0.785398163397
0.785398163397
0.785398163397
0.785398163397
0.785398163397
0.785398163397
0.785398163397
0.785398163397
0.785398163397
0.785398163397
0.785398163397
0.785398163397
0.785398163397
0.785398163397
0.785398163397
0.785398163397
0.785398163397
0.785398163397
0.785398163397
0.785398163397
0.785398163397
0.785398163397
0.785398163397
0.785398163397
0.785398163397
0.785398163397
0.785398163397
0.785398163397
0.785398163397
0.785398163397
0.785398163397
0.785398163397
0.785398163397
0.785398163397
0.785398163397
0.785398163397
0.785398163397
0.785398163397
0.785398163397
0.785398163397
0.785398163397
0.785398163397
0.785398163397
0.785398163397
0.785398163397
0.785398163397
0.785398163397
0.785398163397
0.785398163397
0.785398163397
0.785398163397
0.785398163397
0.785398163397
0.785398163397
0.785398163397
0.785398163397
0.785398163397
0.785398163397
0.785398163397
0.785398163397
0.785398163397
0.785398163397
0.785398163397
0.785398163397
0.785398163397
0.785398163397
0.785398163397
0.785398163397
0.785398163397
0.785398163397
0.785398163397
0.785398163397
0.785398163397
0.785398163397
0.785398163397
0.785398163397
0.785398163397
0.785398163397
0.785398163397
0.785398163397
0.785398163397
0.785398163397
0.785398163397
0.785398163397
0.785398163397
0.785398163397
0.785398163397
0.785398163397
0.785398163397
0.785398163397
0.785398163397
0.785398163397
0.785398163397
0.785398163397
0.785398163397
0.785398163397
0.785398163397
0.785398163397
0.785398163397
0.785398163397
0.785398163397
0.785398163397
0.785398163397
0.785398163397
0.785398163397
0.785398163397
0.785398163397
0.785398163397
0.785398163397
0.785398163397
0.785398163397
0.785398163397
0.785398163397
0.785398163397
0.785398163397
0.785398163397
0.785398163397
0.785398163397
0.785398163397
0.785398163397
0.785398163397
0.785398163397
0.785398163397
0.785398163397
0.785398163397
0.785398163397
0.785398163397
0.785398163397
0.785398163397
0.785398163397
0.785398163397
0.785398163397
0.785398163397
0.785398163397
0.785398163397
0.785398163397
0.785398163397
0.785398163397
0.785398163397
0.785398163397
0.785398163397
0.785398163397
0.785398163397
0.785398163397
0.785398163397
0.785398163397
0.785398163397
0.785398163397
0.785398163397
0.785398163397
0.785398163397
0.785398163397
0.785398163397
0.785398163397
0.785398163397
0.785398163397
0.785398163397
0.785398163397
0.785398163397
0.785398163397
0.785398163397
0.785398163397
0.785398163397
0.785398163397
0.785398163397
0.785398163397
0.785398163397
0.785398163397
0.785398163397
0.785398163397
0.785398163397
0.785398163397
0.785398163397
0.785398163397
0.785398163397
0.785398163397
0.785398163397
0.785398163397
0.785398163397
0.785398163397
0.785398163397
0.785398163397
0.785398163397
0.785398163397
0.785398163397
0.785398163397
0.785398163397
0.785398163397
0.785398163397
0.785398163397
0.785398163397
0.785398163397
0.785398163397
0.785398163397
0.785398163397
0.785398163397
0.785398163397
0.785398163397
0.785398163397
0.785398163397
0.785398163397
0.785398163397
0.785398163397
0.785398163397
0.785398163397
0.785398163397
0.785398163397
0.785398163397
0.785398163397
0.785398163397
0.785398163397
0.785398163397
0.785398163397
0.785398163397
0.785398163397
0.785398163397
0.785398163397
0.785398163397
0.785398163397
0.785398163397
0.785398163397
0.785398163397
0.785398163397
0.785398163397
0.785398163397
0.785398163397
0.785398163397
0.785398163397
0.785398163397
0.785398163397
0.785398163397
0.785398163397
0.785398163397
0.785398163397
0.785398163397
0.785398163397
0.785398163397
0.785398163397
0.785398163397
0.785398163397
0.785398163397
0.785398163397
0.785398163397
0.785398163397
0.785398163397
0.785398163397
0.785398163397
0.785398163397
0.785398163397
0.785398163397
0.785398163397
0.785398163397
0.785398163397
0.785398163397
0.785398163397
0.785398163397
0.785398163397
0.785398163397
0.785398163397
0.785398163397
0.785398163397
0.785398163397
0.785398163397
0.785398163397
0.785398163397
0.785398163397
0.785398163397
0.785398163397
0.785398163397
0.785398163397
0.785398163397
0.785398163397
0.785398163397
0.785398163397
0.785398163397
0.785398163397
0.785398163397
0.785398163397
0.785398163397
0.785398163397
0.785398163397
0.785398163397
0.785398163397
0.785398163397
0.785398163397
0.785398163397
0.785398163397
0.785398163397
0.785398163397
0.785398163397
0.785398163397
0.785398163397
0.785398163397
0.785398163397
0.785398163397
0.785398163397
0.785398163397
0.785398163397
0.785398163397
0.785398163397
0.785398163397
0.785398163397
0.785398163397
0.785398163397
0.785398163397
0.785398163397
0.785398163397
0.785398163397
0.785398163397
0.785398163397
0.785398163397
0.785398163397
0.785398163397
0.785398163397
0.785398163397
0.785398163397
0.785398163397
0.785398163397
0.785398163397
0.785398163397
0.785398163397
0.785398163397
0.785398163397
0.785398163397
0.785398163397
0.785398163397
0.785398163397
0.785398163397
0.785398163397
0.785398163397
0.785398163397
0.785398163397
0.785398163397
0.785398163397
0.785398163397
0.785398163397
0.785398163397
0.785398163397
0.785398163397
0.785398163397
0.785398163397
0.785398163397
0.785398163397
0.785398163397
0.785398163397
0.785398163397
0.785398163397
0.785398163397
0.785398163397
0.785398163397
0.785398163397
0.785398163397
0.785398163397
0.785398163397
0.785398163397
0.785398163397
0.785398163397
0.785398163397
0.785398163397
0.785398163397
0.785398163397
0.785398163397
0.785398163397
0.785398163397
0.785398163397
0.785398163397
0.785398163397
0.785398163397
0.785398163397
0.785398163397
0.785398163397
0.785398163397
0.785398163397
0.785398163397
0.785398163397
0.785398163397
0.785398163397
0.785398163397
0.785398163397
0.785398163397
0.785398163397
0.785398163397
0.785398163397
0.785398163397
0.785398163397
0.785398163397
0.785398163397
0.785398163397
0.785398163397
0.785398163397
0.785398163397
0.785398163397
0.785398163397
0.785398163397
0.785398163397
0.785398163397
0.785398163397
0.785398163397
0.785398163397
0.785398163397
0.785398163397
0.785398163397
0.785398163397
0.785398163397
0.785398163397
0.785398163397
0.785398163397
0.785398163397
0.785398163397
0.785398163397
0.785398163397
0.785398163397
0.785398163397
0.785398163397
0.785398163397
0.785398163397
0.785398163397
0.785398163397
0.785398163397
0.785398163397
0.785398163397
0.785398163397
0.785398163397
0.785398163397
0.785398163397
0.785398163397
0.785398163397
0.785398163397
0.785398163397
0.785398163397
0.785398163397
0.785398163397
0.785398163397
0.785398163397
0.785398163397
0.785398163397
0.785398163397
0.785398163397
0.785398163397
0.785398163397
0.785398163397
0.785398163397
0.785398163397
0.785398163397
0.785398163397
0.785398163397
0.785398163397
0.785398163397
0.785398163397
0.785398163397
0.785398163397
0.785398163397
0.785398163397
0.785398163397
0.785398163397
0.785398163397
0.785398163397
0.785398163397
0.785398163397
0.785398163397
0.785398163397
0.785398163397
0.785398163397
0.785398163397
0.785398163397
0.785398163397
0.785398163397
0.785398163397
0.785398163397
0.785398163397
0.785398163397
0.785398163397
0.785398163397
0.785398163397
0.785398163397
0.785398163397
0.785398163397
0.785398163397
0.785398163397
0.785398163397
0.785398163397
0.785398163397
0.785398163397
0.785398163397
0.785398163397
0.785398163397
0.785398163397
0.785398163397
0.785398163397
0.785398163397
0.785398163397
0.785398163397
0.785398163397
0.785398163397
0.785398163397
0.785398163397
0.785398163397
0.785398163397
0.785398163397
0.785398163397
0.785398163397
0.785398163397
0.785398163397
0.785398163397
0.785398163397
0.785398163397
0.785398163397
0.785398163397
0.785398163397
0.785398163397
0.785398163397
0.785398163397
0.785398163397
0.785398163397
0.785398163397
0.785398163397
0.785398163397
0.785398163397
0.785398163397
0.785398163397
0.785398163397
0.785398163397
0.785398163397
0.785398163397
0.785398163397
0.785398163397
0.785398163397
0.785398163397
0.785398163397
0.785398163397
0.785398163397
0.785398163397
0.785398163397
0.785398163397
0.785398163397
0.785398163397
0.785398163397
0.785398163397
0.785398163397
0.785398163397
0.785398163397
0.785398163397
0.785398163397
0.785398163397
0.785398163397
0.785398163397
0.785398163397
0.785398163397
0.785398163397
0.785398163397
0.785398163397
0.785398163397
0.785398163397
0.785398163397
0.785398163397
0.785398163397
0.785398163397
0.785398163397
0.785398163397
0.785398163397
0.785398163397
0.785398163397
0.785398163397
0.785398163397
0.785398163397
0.785398163397
0.785398163397
0.785398163397
0.785398163397
0.785398163397
0.785398163397
0.785398163397
0.785398163397
0.785398163397
0.785398163397
0.785398163397
0.785398163397
0.785398163397
0.785398163397
0.785398163397
0.785398163397
0.785398163397
0.785398163397
0.785398163397
0.785398163397
0.785398163397
0.785398163397
0.785398163397
0.785398163397
0.785398163397
0.785398163397
0.785398163397
0.785398163397
0.785398163397
0.785398163397
0.785398163397
0.785398163397
0.785398163397
0.785398163397
0.785398163397
0.785398163397
0.785398163397
0.785398163397
0.785398163397
0.785398163397
0.785398163397
0.785398163397
0.785398163397
0.785398163397
0.785398163397
0.785398163397
0.785398163397
0.785398163397
0.785398163397
0.785398163397
0.785398163397
0.785398163397
0.785398163397
0.785398163397
0.785398163397
0.785398163397
0.785398163397
0.785398163397
0.785398163397
0.785398163397
0.785398163397
0.785398163397
0.785398163397
0.785398163397
0.785398163397
0.785398163397
0.785398163397
0.785398163397
0.785398163397
0.785398163397
0.785398163397
0.785398163397
0.785398163397
0.785398163397
0.785398163397
0.785398163397
0.785398163397
0.785398163397
0.785398163397
0.785398163397
0.785398163397
0.785398163397
0.785398163397
0.785398163397
0.785398163397
0.785398163397
0.785398163397
0.785398163397
0.785398163397
0.785398163397
0.785398163397
0.785398163397
0.785398163397
0.785398163397
0.785398163397
0.785398163397
0.785398163397
0.785398163397
0.785398163397
0.785398163397
0.785398163397
0.785398163397
0.785398163397
0.785398163397
0.785398163397
0.785398163397
0.785398163397
0.785398163397
0.785398163397
0.785398163397
0.785398163397
0.785398163397
0.785398163397
0.785398163397
0.785398163397
0.785398163397
0.785398163397
0.785398163397
0.785398163397
0.785398163397
0.785398163397
0.785398163397
0.785398163397
0.785398163397
0.785398163397
0.785398163397
0.785398163397
0.785398163397
0.785398163397
0.785398163397
0.785398163397
0.785398163397
0.785398163397
0.785398163397
0.785398163397
0.785398163397
0.785398163397
0.785398163397
0.785398163397
0.785398163397
0.785398163397
0.785398163397
0.785398163397
0.785398163397
0.785398163397
0.785398163397
0.785398163397
0.785398163397
0.785398163397
0.785398163397
0.785398163397
0.785398163397
0.785398163397
0.785398163397
0.785398163397
0.785398163397
0.785398163397
0.785398163397
0.785398163397
0.785398163397
0.785398163397
0.785398163397
0.785398163397
0.785398163397
0.785398163397
0.785398163397
0.785398163397
0.785398163397
0.785398163397
0.785398163397
0.785398163397
0.785398163397
0.785398163397
0.785398163397
0.785398163397
0.785398163397
0.785398163397
0.785398163397
0.785398163397
0.785398163397
0.785398163397
0.785398163397
0.785398163397
0.785398163397
0.785398163397
0.785398163397
0.785398163397
0.785398163397
0.785398163397
0.785398163397
0.785398163397
0.785398163397
0.785398163397
0.785398163397
0.785398163397
0.785398163397
0.785398163397
0.785398163397
0.785398163397
0.785398163397
0.785398163397
0.785398163397
0.785398163397
0.785398163397
0.785398163397
0.785398163397
0.785398163397
0.785398163397
0.785398163397
0.785398163397
0.785398163397
0.785398163397
0.785398163397
0.785398163397
0.785398163397
0.785398163397
0.785398163397
0.785398163397
0.785398163397
0.785398163397
0.785398163397
0.785398163397
0.785398163397
0.785398163397
0.785398163397
0.785398163397
0.785398163397
0.785398163397
0.785398163397
0.785398163397
0.785398163397
0.785398163397
0.785398163397
0.785398163397
0.785398163397
0.785398163397
0.785398163397
0.785398163397
0.785398163397
0.785398163397
0.785398163397
0.785398163397
0.785398163397
0.785398163397
0.785398163397
0.785398163397
0.785398163397
0.785398163397
0.785398163397
0.785398163397
0.785398163397
0.785398163397
0.785398163397
0.785398163397
0.785398163397
0.785398163397
0.785398163397
0.785398163397
0.785398163397
0.785398163397
0.785398163397
0.785398163397
0.785398163397
0.785398163397
0.785398163397
0.785398163397
0.785398163397
0.785398163397
0.785398163397
0.785398163397
0.785398163397
0.785398163397
0.785398163397
0.785398163397
0.785398163397
0.785398163397
0.785398163397
0.785398163397
0.785398163397
0.785398163397
0.785398163397
0.785398163397
0.785398163397
0.785398163397
0.785398163397
0.785398163397
0.785398163397
0.785398163397
0.785398163397
0.785398163397
0.785398163397
0.785398163397
0.785398163397
0.785398163397
0.785398163397
0.785398163397
0.785398163397
0.785398163397
0.785398163397
0.785398163397
0.785398163397
0.785398163397
0.785398163397
0.785398163397
0.785398163397
0.785398163397
0.785398163397
0.785398163397
0.785398163397
0.785398163397
0.785398163397
0.785398163397
0.785398163397
0.785398163397
0.785398163397
0.785398163397
0.785398163397
0.785398163397
0.785398163397
0.785398163397
0.785398163397
0.785398163397
0.785398163397
0.785398163397
0.785398163397
0.785398163397
0.785398163397
0.785398163397
0.785398163397
0.785398163397
0.785398163397
0.785398163397
0.785398163397
0.785398163397
0.785398163397
0.785398163397
0.785398163397
0.785398163397
0.785398163397
0.785398163397
0.785398163397
0.785398163397
0.785398163397
0.785398163397
0.785398163397
0.785398163397
0.785398163397
0.785398163397
0.785398163397
0.785398163397
0.785398163397
0.785398163397
0.785398163397
0.785398163397
0.785398163397
0.785398163397
0.785398163397
0.785398163397
0.785398163397
0.785398163397
0.785398163397
0.785398163397
0.785398163397
0.785398163397
0.785398163397
0.785398163397
0.785398163397
0.785398163397
0.785398163397
0.785398163397
0.785398163397
0.785398163397
0.785398163397
0.785398163397
0.785398163397
0.785398163397
0.785398163397
0.785398163397
0.785398163397
0.785398163397
0.785398163397
0.785398163397
0.785398163397
0.785398163397
0.785398163397
0.785398163397
0.785398163397
0.785398163397
0.785398163397
0.785398163397
0.785398163397
0.785398163397
0.785398163397
0.785398163397
0.785398163397
0.785398163397
0.785398163397
0.785398163397
0.785398163397
0.785398163397
0.785398163397
0.785398163397
0.785398163397
0.785398163397
0.785398163397
0.785398163397
0.785398163397
0.785398163397
0.785398163397
0.785398163397
0.785398163397
0.785398163397
0.785398163397
0.785398163397
0.785398163397
0.785398163397
0.785398163397
0.785398163397
0.785398163397
0.785398163397
0.785398163397
0.785398163397
0.785398163397
0.785398163397
0.785398163397
0.785398163397
0.785398163397
0.785398163397
0.785398163397
0.785398163397
0.785398163397
0.785398163397
0.785398163397
0.785398163397
0.785398163397
0.785398163397
0.785398163397
0.785398163397
0.785398163397
0.785398163397
0.785398163397
0.785398163397
0.785398163397
0.785398163397
0.785398163397
0.785398163397
0.785398163397
0.785398163397
0.785398163397
0.785398163397
0.785398163397
0.785398163397
0.785398163397
0.785398163397
0.785398163397
0.785398163397
0.785398163397
0.785398163397
0.785398163397
0.785398163397
0.785398163397
0.785398163397
0.785398163397
0.785398163397
0.785398163397
0.785398163397
0.785398163397
0.785398163397
0.785398163397
0.785398163397
0.785398163397
0.785398163397
0.785398163397
0.785398163397
0.785398163397
0.785398163397
0.785398163397
0.785398163397
0.785398163397
0.785398163397
0.785398163397
0.785398163397
0.785398163397
0.785398163397
0.785398163397
0.785398163397
0.785398163397
0.785398163397
0.785398163397
0.785398163397
0.785398163397
0.785398163397
0.785398163397
0.785398163397
0.785398163397
0.785398163397
0.785398163397
0.785398163397
0.785398163397
0.785398163397
0.785398163397
0.785398163397
0.785398163397
0.785398163397
0.785398163397
0.785398163397
0.785398163397
0.785398163397
0.785398163397
0.785398163397
0.785398163397
0.785398163397
0.785398163397
0.785398163397
0.785398163397
0.785398163397
0.785398163397
0.785398163397
0.785398163397
0.785398163397
0.785398163397
0.785398163397
0.785398163397
0.785398163397
0.785398163397
0.785398163397
0.785398163397
0.785398163397
0.785398163397
0.785398163397
0.785398163397
0.785398163397
0.785398163397
0.785398163397
0.785398163397
0.785398163397
0.785398163397
0.785398163397
0.785398163397
0.785398163397
0.785398163397
0.785398163397
0.785398163397
0.785398163397
0.785398163397
0.785398163397
0.785398163397
0.785398163397
0.785398163397
0.785398163397
0.785398163397
0.785398163397
0.785398163397
0.785398163397
0.785398163397
0.785398163397
0.785398163397
0.785398163397
0.785398163397
0.785398163397
0.785398163397
0.785398163397
0.785398163397
0.785398163397
0.785398163397
0.785398163397
0.785398163397
0.785398163397
0.785398163397
0.785398163397
0.785398163397
0.785398163397
0.785398163397
0.785398163397
0.785398163397
0.785398163397
0.785398163397
0.785398163397
0.785398163397
0.785398163397
0.785398163397
0.785398163397
0.785398163397
0.785398163397
0.785398163397
0.785398163397
0.785398163397
0.785398163397
0.785398163397
0.785398163397
0.785398163397
0.785398163397
0.785398163397
0.785398163397
0.785398163397
0.785398163397
0.785398163397
0.785398163397
0.785398163397
0.785398163397
0.785398163397
0.785398163397
0.785398163397
0.785398163397
0.785398163397
0.785398163397
0.785398163397
0.785398163397
0.785398163397
0.785398163397
0.785398163397
0.785398163397
0.785398163397
0.785398163397
0.785398163397
0.785398163397
0.785398163397
0.785398163397
0.785398163397
0.785398163397
0.785398163397
0.785398163397
0.785398163397
0.785398163397
0.785398163397
0.785398163397
0.785398163397
0.785398163397
0.785398163397
0.785398163397
0.785398163397
0.785398163397
0.785398163397
0.785398163397
0.785398163397
0.785398163397
0.785398163397
0.785398163397
0.785398163397
0.785398163397
0.785398163397
0.785398163397
0.785398163397
0.785398163397
0.785398163397
0.785398163397
0.785398163397
0.785398163397
0.785398163397
0.785398163397
0.785398163397
0.785398163397
0.785398163397
0.785398163397
0.785398163397
0.785398163397
0.785398163397
0.785398163397
0.785398163397
0.785398163397
0.785398163397
0.785398163397
0.785398163397
0.785398163397
0.785398163397
0.785398163397
0.785398163397
0.785398163397
0.785398163397
0.785398163397
0.785398163397
0.785398163397
0.785398163397
0.785398163397
0.785398163397
0.785398163397
0.785398163397
0.785398163397
0.785398163397
0.785398163397
0.785398163397
0.785398163397
0.785398163397
0.785398163397
0.785398163397
0.785398163397
0.785398163397
0.785398163397
0.785398163397
0.785398163397
0.785398163397
0.785398163397
0.785398163397
0.785398163397
0.785398163397
0.785398163397
0.785398163397
0.785398163397
0.785398163397
0.785398163397
0.785398163397
0.785398163397
0.785398163397
0.785398163397
0.785398163397
0.785398163397
0.785398163397
0.785398163397
0.785398163397
0.785398163397
0.785398163397
0.785398163397
0.785398163397
0.785398163397
0.785398163397
0.785398163397
0.785398163397
0.785398163397
0.785398163397
0.785398163397
0.785398163397
0.785398163397
0.785398163397
0.785398163397
0.785398163397
0.785398163397
0.785398163397
0.785398163397
0.785398163397
0.785398163397
0.785398163397
0.785398163397
0.785398163397
0.785398163397
0.785398163397
0.785398163397
0.785398163397
0.785398163397
0.785398163397
0.785398163397
0.785398163397
0.785398163397
0.785398163397
0.785398163397
0.785398163397
0.785398163397
0.785398163397
0.785398163397
0.785398163397
0.785398163397
0.785398163397
0.785398163397
0.785398163397
0.785398163397
0.785398163397
0.785398163397
0.785398163397
0.785398163397
0.785398163397
0.785398163397
0.785398163397
0.785398163397
0.785398163397
0.785398163397
0.785398163397
0.785398163397
0.785398163397
0.785398163397
0.785398163397
0.785398163397
0.785398163397
0.785398163397
0.785398163397
0.785398163397
0.785398163397
0.785398163397
0.785398163397
0.785398163397
0.785398163397
0.785398163397
0.785398163397
0.785398163397
0.785398163397
0.785398163397
0.785398163397
0.785398163397
0.785398163397
0.785398163397
0.785398163397
0.785398163397
0.785398163397
0.785398163397
0.785398163397
0.785398163397
0.785398163397
0.785398163397
0.785398163397
0.785398163397
0.785398163397
0.785398163397
0.785398163397
0.785398163397
0.785398163397
0.785398163397
0.785398163397
0.785398163397
0.785398163397
0.785398163397
0.785398163397
0.785398163397
0.785398163397
0.785398163397
0.785398163397
0.785398163397
0.785398163397
0.785398163397
0.785398163397
0.785398163397
0.785398163397
0.785398163397
0.785398163397
0.785398163397
0.785398163397
0.785398163397
0.785398163397
0.785398163397
0.785398163397
0.785398163397
0.785398163397
0.785398163397
0.785398163397
0.785398163397
0.785398163397
0.785398163397
0.785398163397
0.785398163397
0.785398163397
0.785398163397
0.785398163397
0.785398163397
0.785398163397
0.785398163397
0.785398163397
0.785398163397
0.785398163397
0.785398163397
0.785398163397
0.785398163397
0.785398163397
0.785398163397
0.785398163397
0.785398163397
0.785398163397
0.785398163397
0.785398163397
0.785398163397
0.785398163397
0.785398163397
0.785398163397
0.785398163397
0.785398163397
0.785398163397
0.785398163397
0.785398163397
0.785398163397
0.785398163397
0.785398163397
0.785398163397
0.785398163397
0.785398163397
0.785398163397
0.785398163397
0.785398163397
0.785398163397
0.785398163397
0.785398163397
0.785398163397
0.785398163397
0.785398163397
0.785398163397
0.785398163397
0.785398163397
0.785398163397
0.785398163397
0.785398163397
0.785398163397
0.785398163397
0.785398163397
0.785398163397
0.785398163397
0.785398163397
0.785398163397
0.785398163397
0.785398163397
0.785398163397
0.785398163397
0.785398163397
0.785398163397
0.785398163397
0.785398163397
0.785398163397
0.785398163397
0.785398163397
0.785398163397
0.785398163397
0.785398163397
0.785398163397
0.785398163397
0.785398163397
0.785398163397
0.785398163397
0.785398163397
0.785398163397
0.785398163397
0.785398163397
0.785398163397
0.785398163397
0.785398163397
0.785398163397
0.785398163397
0.785398163397
0.785398163397
0.785398163397
0.785398163397
0.785398163397
0.785398163397
0.785398163397
0.785398163397
0.785398163397
0.785398163397
0.785398163397
0.785398163397
0.785398163397
0.785398163397
0.785398163397
0.785398163397
0.785398163397
0.785398163397
0.785398163397
0.785398163397
0.785398163397
0.785398163397
0.785398163397
0.785398163397
0.785398163397
0.785398163397
0.785398163397
0.785398163397
0.785398163397
0.785398163397
0.785398163397
0.785398163397
0.785398163397
0.785398163397
0.785398163397
0.785398163397
0.785398163397
0.785398163397
0.785398163397
0.785398163397
0.785398163397
0.785398163397
0.785398163397
0.785398163397
0.785398163397
0.785398163397
0.785398163397
0.785398163397
0.785398163397
0.785398163397
0.785398163397
0.785398163397
0.785398163397
0.785398163397
0.785398163397
0.785398163397
0.785398163397
0.785398163397
0.785398163397
0.785398163397
0.785398163397
0.785398163397
0.785398163397
0.785398163397
0.785398163397
0.785398163397
0.785398163397
0.785398163397
0.785398163397
0.785398163397
0.785398163397
0.785398163397
0.785398163397
0.785398163397
0.785398163397
0.785398163397
0.785398163397
0.785398163397
0.785398163397
0.785398163397
0.785398163397
0.785398163397
0.785398163397
0.785398163397
0.785398163397
0.785398163397
0.785398163397
0.785398163397
0.785398163397
0.785398163397
0.785398163397
0.785398163397
0.785398163397
0.785398163397
0.785398163397
0.785398163397
0.785398163397
0.785398163397
0.785398163397
0.785398163397
0.785398163397
0.785398163397
0.785398163397
0.785398163397
0.785398163397
0.785398163397
0.785398163397
0.785398163397
0.785398163397
0.785398163397
0.785398163397
0.785398163397
0.785398163397
0.785398163397
0.785398163397
0.785398163397
0.785398163397
0.785398163397
0.785398163397
0.785398163397
0.785398163397
0.785398163397
0.785398163397
0.785398163397
0.785398163397
0.785398163397
0.785398163397
0.785398163397
0.785398163397
0.785398163397
0.785398163397
0.785398163397
0.785398163397
0.785398163397
0.785398163397
0.785398163397
0.785398163397
0.785398163397
0.785398163397
0.785398163397
0.785398163397
0.785398163397
0.785398163397
0.785398163397
0.785398163397
0.785398163397
0.785398163397
0.785398163397
0.785398163397
0.785398163397
0.785398163397
0.785398163397
0.785398163397
0.785398163397
0.785398163397
0.785398163397
0.785398163397
0.785398163397
0.785398163397
0.785398163397
0.785398163397
0.785398163397
0.785398163397
0.785398163397
0.785398163397
0.785398163397
0.785398163397
0.785398163397
0.785398163397
0.785398163397
0.785398163397
0.785398163397
0.785398163397
0.785398163397
0.785398163397
0.785398163397
0.785398163397
0.785398163397
0.785398163397
0.785398163397
0.785398163397
0.785398163397
0.785398163397
0.785398163397
0.785398163397
0.785398163397
0.785398163397
0.785398163397
0.785398163397
0.785398163397
0.785398163397
0.785398163397
0.785398163397
0.785398163397
0.785398163397
0.785398163397
0.785398163397
0.785398163397
0.785398163397
0.785398163397
0.785398163397
0.785398163397
0.785398163397
0.785398163397
0.785398163397
0.785398163397
0.785398163397
0.785398163397
0.785398163397
0.785398163397
0.785398163397
0.785398163397
0.785398163397
0.785398163397
0.785398163397
0.785398163397
0.785398163397
0.785398163397
0.785398163397
0.785398163397
0.785398163397
0.785398163397
0.785398163397
0.785398163397
0.785398163397
0.785398163397
0.785398163397
0.785398163397
0.785398163397
0.785398163397
0.785398163397
0.785398163397
0.785398163397
0.785398163397
0.785398163397
0.785398163397
0.785398163397
0.785398163397
0.785398163397
0.785398163397
0.785398163397
0.785398163397
0.785398163397
0.785398163397
0.785398163397
0.785398163397
0.785398163397
0.785398163397
0.785398163397
0.785398163397
0.785398163397
0.785398163397
0.785398163397
0.785398163397
0.785398163397
0.785398163397
0.785398163397
0.785398163397
0.785398163397
0.785398163397
0.785398163397
0.785398163397
0.785398163397
0.785398163397
0.785398163397
0.785398163397
0.785398163397
0.785398163397
0.785398163397
0.785398163397
0.785398163397
0.785398163397
0.785398163397
0.785398163397
0.785398163397
0.785398163397
0.785398163397
0.785398163397
0.785398163397
0.785398163397
0.785398163397
0.785398163397
0.785398163397
0.785398163397
0.785398163397
0.785398163397
0.785398163397
0.785398163397
0.785398163397
0.785398163397
0.785398163397
0.785398163397
0.785398163397
0.785398163397
0.785398163397
0.785398163397
0.785398163397
0.785398163397
0.785398163397
0.785398163397
0.785398163397
0.785398163397
0.785398163397
0.785398163397
0.785398163397
0.785398163397
0.785398163397
0.785398163397
0.785398163397
0.785398163397
0.785398163397
0.785398163397
0.785398163397
0.785398163397
0.785398163397
0.785398163397
0.785398163397
0.785398163397
0.785398163397
0.785398163397
0.785398163397
0.785398163397
0.785398163397
0.785398163397
0.785398163397
0.785398163397
0.785398163397
0.785398163397
0.785398163397
0.785398163397
0.785398163397
0.785398163397
0.785398163397
0.785398163397
0.785398163397
0.785398163397
0.785398163397
0.785398163397
0.785398163397
0.785398163397
0.785398163397
0.785398163397
0.785398163397
0.785398163397
0.785398163397
0.785398163397
0.785398163397
0.785398163397
0.785398163397
0.785398163397
0.785398163397
0.785398163397
0.785398163397
0.785398163397
0.785398163397
0.785398163397
0.785398163397
0.785398163397
0.785398163397
0.785398163397
0.785398163397
0.785398163397
0.785398163397
0.785398163397
0.785398163397
0.785398163397
0.785398163397
0.785398163397
0.785398163397
0.785398163397
0.785398163397
0.785398163397
0.785398163397
0.785398163397
0.785398163397
0.785398163397
0.785398163397
0.785398163397
0.785398163397
0.785398163397
0.785398163397
0.785398163397
0.785398163397
0.785398163397
0.785398163397
0.785398163397
0.785398163397
0.785398163397
0.785398163397
0.785398163397
0.785398163397
0.785398163397
0.785398163397
0.785398163397
0.785398163397
0.785398163397
0.785398163397
0.785398163397
0.785398163397
0.785398163397
0.785398163397
0.785398163397
0.785398163397
0.785398163397
0.785398163397
0.785398163397
0.785398163397
0.785398163397
0.785398163397
0.785398163397
0.785398163397
0.785398163397
0.785398163397
0.785398163397
0.785398163397
0.785398163397
0.785398163397
0.785398163397
0.785398163397
0.785398163397
0.785398163397
0.785398163397
0.785398163397
0.785398163397
0.785398163397
0.785398163397
0.785398163397
0.785398163397
0.785398163397
0.785398163397
0.785398163397
0.785398163397
0.785398163397
0.785398163397
0.785398163397
0.785398163397
0.785398163397
0.785398163397
0.785398163397
0.785398163397
0.785398163397
0.785398163397
0.785398163397
0.785398163397
0.785398163397
0.785398163397
0.785398163397
0.785398163397
0.785398163397
0.785398163397
0.785398163397
0.785398163397
0.785398163397
0.785398163397
0.785398163397
0.785398163397
0.785398163397
0.785398163397
0.785398163397
0.785398163397
0.785398163397
0.785398163397
0.785398163397
0.785398163397
0.785398163397
0.785398163397
0.785398163397
0.785398163397
0.785398163397
0.785398163397
0.785398163397
0.785398163397
0.785398163397
0.785398163397
0.785398163397
0.785398163397
0.785398163397
0.785398163397
0.785398163397
0.785398163397
0.785398163397
0.785398163397
0.785398163397
0.785398163397
0.785398163397
0.785398163397
0.785398163397
0.785398163397
0.785398163397
0.785398163397
0.785398163397
0.785398163397
0.785398163397
0.785398163397
0.785398163397
0.785398163397
0.785398163397
0.785398163397
0.785398163397
0.785398163397
0.785398163397
0.785398163397
0.785398163397
0.785398163397
0.785398163397
0.785398163397
0.785398163397
0.785398163397
0.785398163397
0.785398163397
0.785398163397
0.785398163397
0.785398163397
0.785398163397
0.785398163397
0.785398163397
0.785398163397
0.785398163397
0.785398163397
0.785398163397
0.785398163397
0.785398163397
0.785398163397
0.785398163397
0.785398163397
0.785398163397
0.785398163397
0.785398163397
0.785398163397
0.785398163397
0.785398163397
0.785398163397
0.785398163397
0.785398163397
0.785398163397
0.785398163397
0.785398163397
0.785398163397
0.785398163397
0.785398163397
0.785398163397
0.785398163397
0.785398163397
0.785398163397
0.785398163397
0.785398163397
0.785398163397
0.785398163397
0.785398163397
0.785398163397
0.785398163397
0.785398163397
0.785398163397
0.785398163397
0.785398163397
0.785398163397
0.785398163397
0.785398163397
0.785398163397
0.785398163397
0.785398163397
0.785398163397
0.785398163397
0.785398163397
0.785398163397
0.785398163397
0.785398163397
0.785398163397
0.785398163397
0.785398163397
0.785398163397
0.785398163397
0.785398163397
0.785398163397
0.785398163397
0.785398163397
0.785398163397
0.785398163397
0.785398163397
0.785398163397
0.785398163397
0.785398163397
0.785398163397
0.785398163397
0.785398163397
0.785398163397
0.785398163397
0.785398163397
0.785398163397
0.785398163397
0.785398163397
0.785398163397
0.785398163397
0.785398163397
0.785398163397
0.785398163397
0.785398163397
0.785398163397
0.785398163397
0.785398163397
0.785398163397
0.785398163397
0.785398163397
0.785398163397
0.785398163397
0.785398163397
0.785398163397
0.785398163397
0.785398163397
0.785398163397
0.785398163397
0.785398163397
0.785398163397
0.785398163397
0.785398163397
0.785398163397
0.785398163397
0.785398163397
0.785398163397
0.785398163397
0.785398163397
0.785398163397
0.785398163397
0.785398163397
0.785398163397
0.785398163397
0.785398163397
0.785398163397
0.785398163397
0.785398163397
0.785398163397
0.785398163397
0.785398163397
0.785398163397
0.785398163397
0.785398163397
0.785398163397
0.785398163397
0.785398163397
0.785398163397
0.785398163397
0.785398163397
0.785398163397
0.785398163397
0.785398163397
0.785398163397
0.785398163397
0.785398163397
0.785398163397
0.785398163397
0.785398163397
0.785398163397
0.785398163397
0.785398163397
0.785398163397
0.785398163397
0.785398163397
0.785398163397
0.785398163397
0.785398163397
0.785398163397
0.785398163397
0.785398163397
0.785398163397
0.785398163397
0.785398163397
0.785398163397
0.785398163397
0.785398163397
0.785398163397
0.785398163397
0.785398163397
0.785398163397
0.785398163397
0.785398163397
0.785398163397
0.785398163397
0.785398163397
0.785398163397
0.785398163397
0.785398163397
0.785398163397
0.785398163397
0.785398163397
0.785398163397
0.785398163397
0.785398163397
0.785398163397
0.785398163397
0.785398163397
0.785398163397
0.785398163397
0.785398163397
0.785398163397
0.785398163397
0.785398163397
0.785398163397
0.785398163397
0.785398163397
0.785398163397
0.785398163397
0.785398163397
0.785398163397
0.785398163397
0.785398163397
0.785398163397
0.785398163397
0.785398163397
0.785398163397
0.785398163397
0.785398163397
0.785398163397
0.785398163397
0.785398163397
0.785398163397
0.785398163397
0.785398163397
0.785398163397
0.785398163397
0.785398163397
0.785398163397
0.785398163397
0.785398163397
0.785398163397
0.785398163397
0.785398163397
0.785398163397
0.785398163397
0.785398163397
0.785398163397
0.785398163397
0.785398163397
0.785398163397
0.785398163397
0.785398163397
0.785398163397
0.785398163397
0.785398163397
0.785398163397
0.785398163397
0.785398163397
0.785398163397
0.785398163397
0.785398163397
0.785398163397
0.785398163397
0.785398163397
0.785398163397
0.785398163397
0.785398163397
0.785398163397
0.785398163397
0.785398163397
0.785398163397
0.785398163397
0.785398163397
0.785398163397
0.785398163397
0.785398163397
0.785398163397
0.785398163397
0.785398163397
0.785398163397
0.785398163397
0.785398163397
0.785398163397
0.785398163397
0.785398163397
0.785398163397
0.785398163397
0.785398163397
0.785398163397
0.785398163397
0.785398163397
0.785398163397
0.785398163397
0.785398163397
0.785398163397
0.785398163397
0.785398163397
0.785398163397
0.785398163397
0.785398163397
0.785398163397
0.785398163397
0.785398163397
0.785398163397
0.785398163397
0.785398163397
0.785398163397
0.785398163397
0.785398163397
0.785398163397
0.785398163397
0.785398163397
0.785398163397
0.785398163397
0.785398163397
0.785398163397
0.785398163397
0.785398163397
0.785398163397
0.785398163397
0.785398163397
0.785398163397
0.785398163397
0.785398163397
0.785398163397
0.785398163397
0.785398163397
0.785398163397
0.785398163397
0.785398163397
0.785398163397
0.785398163397
0.785398163397
0.785398163397
0.785398163397
0.785398163397
0.785398163397
0.785398163397
0.785398163397
0.785398163397
0.785398163397
0.785398163397
0.785398163397
0.785398163397
0.785398163397
0.785398163397
0.785398163397
0.785398163397
0.785398163397
0.785398163397
0.785398163397
0.785398163397
0.785398163397
0.785398163397
0.785398163397
0.785398163397
0.785398163397
0.785398163397
0.785398163397
0.785398163397
0.785398163397
0.785398163397
0.785398163397
0.785398163397
0.785398163397
0.785398163397
0.785398163397
0.785398163397
0.785398163397
0.785398163397
0.785398163397
0.785398163397
0.785398163397
0.785398163397
0.785398163397
0.785398163397
0.785398163397
0.785398163397
0.785398163397
0.785398163397
0.785398163397
0.785398163397
0.785398163397
0.785398163397
0.785398163397
0.785398163397
0.785398163397
0.785398163397
0.785398163397
0.785398163397
0.785398163397
0.785398163397
0.785398163397
0.785398163397
0.785398163397
0.785398163397
0.785398163397
0.785398163397
0.785398163397
0.785398163397
0.785398163397
0.785398163397
0.785398163397
0.785398163397
0.785398163397
0.785398163397
0.785398163397
0.785398163397
0.785398163397
0.785398163397
0.785398163397
0.785398163397
0.785398163397
0.785398163397
0.785398163397
0.785398163397
0.785398163397
0.785398163397
0.785398163397
0.785398163397
0.785398163397
0.785398163397
0.785398163397
0.785398163397
0.785398163397
0.785398163397
0.785398163397
0.785398163397
0.785398163397
0.785398163397
0.785398163397
0.785398163397
0.785398163397
0.785398163397
0.785398163397
0.785398163397
0.785398163397
0.785398163397
0.785398163397
0.785398163397
0.785398163397
0.785398163397
0.785398163397
0.785398163397
0.785398163397
0.785398163397
0.785398163397
0.785398163397
0.785398163397
0.785398163397
0.785398163397
0.785398163397
0.785398163397
0.785398163397
0.785398163397
0.785398163397
0.785398163397
0.785398163397
0.785398163397
0.785398163397
0.785398163397
0.785398163397
0.785398163397
0.785398163397
0.785398163397
0.785398163397
0.785398163397
0.785398163397
0.785398163397
0.785398163397
0.785398163397
0.785398163397
0.785398163397
0.785398163397
0.785398163397
0.785398163397
0.785398163397
0.785398163397
0.785398163397
0.785398163397
0.785398163397
0.785398163397
0.785398163397
0.785398163397
0.785398163397
0.785398163397
0.785398163397
0.785398163397
0.785398163397
0.785398163397
0.785398163397
0.785398163397
0.785398163397
0.785398163397
0.785398163397
0.785398163397
0.785398163397
0.785398163397
0.785398163397
0.785398163397
0.785398163397
0.785398163397
0.785398163397
0.785398163397
0.785398163397
0.785398163397
0.785398163397
0.785398163397
0.785398163397
0.785398163397
0.785398163397
0.785398163397
0.785398163397
0.785398163397
0.785398163397
0.785398163397
0.785398163397
0.785398163397
0.785398163397
0.785398163397
0.785398163397
0.785398163397
0.785398163397
0.785398163397
0.785398163397
0.785398163397
0.785398163397
0.785398163397
0.785398163397
0.785398163397
0.785398163397
0.785398163397
0.785398163397
0.785398163397
0.785398163397
0.785398163397
0.785398163397
0.785398163397
0.785398163397
0.785398163397
0.785398163397
0.785398163397
0.785398163397
0.785398163397
0.785398163397
0.785398163397
0.785398163397
0.785398163397
0.785398163397
0.785398163397
0.785398163397
0.785398163397
0.785398163397
0.785398163397
0.785398163397
0.785398163397
0.785398163397
0.785398163397
0.785398163397
0.785398163397
0.785398163397
0.785398163397
0.785398163397
0.785398163397
0.785398163397
0.785398163397
0.785398163397
0.785398163397
0.785398163397
0.785398163397
0.785398163397
0.785398163397
0.785398163397
0.785398163397
0.785398163397
0.785398163397
0.785398163397
0.785398163397
0.785398163397
0.785398163397
0.785398163397
0.785398163397
0.785398163397
0.785398163397
0.785398163397
0.785398163397
0.785398163397
0.785398163397
0.785398163397
0.785398163397
0.785398163397
0.785398163397
0.785398163397
0.785398163397
0.785398163397
0.785398163397
0.785398163397
0.785398163397
0.785398163397
0.785398163397
0.785398163397
0.785398163397
0.785398163397
0.785398163397
0.785398163397
0.785398163397
0.785398163397
0.785398163397
0.785398163397
0.785398163397
0.785398163397
0.785398163397
0.785398163397
0.785398163397
0.785398163397
0.785398163397
0.785398163397
0.785398163397
0.785398163397
0.785398163397
0.785398163397
0.785398163397
0.785398163397
0.785398163397
0.785398163397
0.785398163397
0.785398163397
0.785398163397
0.785398163397
0.785398163397
0.785398163397
0.785398163397
0.785398163397
0.785398163397
0.785398163397
0.785398163397
0.785398163397
0.785398163397
0.785398163397
0.785398163397
0.785398163397
0.785398163397
0.785398163397
0.785398163397
0.785398163397
0.785398163397
0.785398163397
0.785398163397
0.785398163397
0.785398163397
0.785398163397
0.785398163397
0.785398163397
0.785398163397
0.785398163397
0.785398163397
0.785398163397
0.785398163397
0.785398163397
0.785398163397
0.785398163397
0.785398163397
0.785398163397
0.785398163397
0.785398163397
0.785398163397
0.785398163397
0.785398163397
0.785398163397
0.785398163397
0.785398163397
0.785398163397
0.785398163397
0.785398163397
0.785398163397
0.785398163397
0.785398163397
0.785398163397
0.785398163397
0.785398163397
0.785398163397
0.785398163397
0.785398163397
0.785398163397
0.785398163397
0.785398163397
0.785398163397
0.785398163397
0.785398163397
0.785398163397
0.785398163397
0.785398163397
0.785398163397
0.785398163397
0.785398163397
0.785398163397
0.785398163397
0.785398163397
0.785398163397
0.785398163397
0.785398163397
0.785398163397
0.785398163397
0.785398163397
0.785398163397
0.785398163397
0.785398163397
0.785398163397
0.785398163397
0.785398163397
0.785398163397
0.785398163397
0.785398163397
0.785398163397
0.785398163397
0.785398163397
0.785398163397
0.785398163397
0.785398163397
0.785398163397
0.785398163397
0.785398163397
0.785398163397
0.785398163397
0.785398163397
0.785398163397
0.785398163397
0.785398163397
0.785398163397
0.785398163397
0.785398163397
0.785398163397
0.785398163397
0.785398163397
0.785398163397
0.785398163397
0.785398163397
0.785398163397
0.785398163397
0.785398163397
0.785398163397
0.785398163397
0.785398163397
0.785398163397
0.785398163397
0.785398163397
0.785398163397
0.785398163397
0.785398163397
0.785398163397
0.785398163397
0.785398163397
0.785398163397
0.785398163397
0.785398163397
0.785398163397
0.785398163397
0.785398163397
0.785398163397
0.785398163397
0.785398163397
0.785398163397
0.785398163397
0.785398163397
0.785398163397
0.785398163397
0.785398163397
0.785398163397
0.785398163397
0.785398163397
0.785398163397
0.785398163397
0.785398163397
0.785398163397
0.785398163397
0.785398163397
0.785398163397
0.785398163397
0.785398163397
0.785398163397
0.785398163397
0.785398163397
0.785398163397
0.785398163397
0.785398163397
0.785398163397
0.785398163397
0.785398163397
0.785398163397
0.785398163397
0.785398163397
0.785398163397
0.785398163397
0.785398163397
0.785398163397
0.785398163397
0.785398163397
0.785398163397
0.785398163397
0.785398163397
0.785398163397
0.785398163397
0.785398163397
0.785398163397
0.785398163397
0.785398163397
0.785398163397
0.785398163397
0.785398163397
0.785398163397
0.785398163397
0.785398163397
0.785398163397
0.785398163397
0.785398163397
0.785398163397
0.785398163397
0.785398163397
0.785398163397
0.785398163397
0.785398163397
0.785398163397
0.785398163397
0.785398163397
0.785398163397
0.785398163397
0.785398163397
0.785398163397
0.785398163397
0.785398163397
0.785398163397
0.785398163397
0.785398163397
0.785398163397
0.785398163397
0.785398163397
0.785398163397
0.785398163397
0.785398163397
0.785398163397
0.785398163397
0.785398163397
0.785398163397
0.785398163397
0.785398163397
0.785398163397
0.785398163397
0.785398163397
0.785398163397
0.785398163397
0.785398163397
0.785398163397
0.785398163397
0.785398163397
0.785398163397
0.785398163397
0.785398163397
0.785398163397
0.785398163397
0.785398163397
0.785398163397
0.785398163397
0.785398163397
0.785398163397
0.785398163397
0.785398163397
0.785398163397
0.785398163397
0.785398163397
0.785398163397
0.785398163397
0.785398163397
0.785398163397
0.785398163397
0.785398163397
0.785398163397
0.785398163397
0.785398163397
0.785398163397
0.785398163397
0.785398163397
0.785398163397
0.785398163397
0.785398163397
0.785398163397
0.785398163397
0.785398163397
0.785398163397
0.785398163397
0.785398163397
0.785398163397
0.785398163397
0.785398163397
0.785398163397
0.785398163397
0.785398163397
0.785398163397
0.785398163397
0.785398163397
0.785398163397
0.785398163397
0.785398163397
0.785398163397
0.785398163397
0.785398163397
0.785398163397
0.785398163397
0.785398163397
0.785398163397
0.785398163397
0.785398163397
0.785398163397
0.785398163397
0.785398163397
0.785398163397
0.785398163397
0.785398163397
0.785398163397
0.785398163397
0.785398163397
0.785398163397
0.785398163397
0.785398163397
0.785398163397
0.785398163397
0.785398163397
0.785398163397
0.785398163397
0.785398163397
0.785398163397
0.785398163397
0.785398163397
0.785398163397
0.785398163397
0.785398163397
0.785398163397
0.785398163397
0.785398163397
0.785398163397
0.785398163397
0.785398163397
0.785398163397
0.785398163397
0.785398163397
0.785398163397
0.785398163397
0.785398163397
0.785398163397
0.785398163397
0.785398163397
0.785398163397
0.785398163397
0.785398163397
0.785398163397
0.785398163397
0.785398163397
0.785398163397
0.785398163397
0.785398163397
0.785398163397
0.785398163397
0.785398163397
0.785398163397
0.785398163397
0.785398163397
0.785398163397
0.785398163397
0.785398163397
0.785398163397
0.785398163397
0.785398163397
0.785398163397
0.785398163397
0.785398163397
0.785398163397
0.785398163397
0.785398163397
0.785398163397
0.785398163397
0.785398163397
0.785398163397
0.785398163397
0.785398163397
0.785398163397
0.785398163397
0.785398163397
0.785398163397
0.785398163397
0.785398163397
0.785398163397
0.785398163397
0.785398163397
0.785398163397
0.785398163397
0.785398163397
0.785398163397
0.785398163397
0.785398163397
0.785398163397
0.785398163397
0.785398163397
0.785398163397
0.785398163397
0.785398163397
0.785398163397
0.785398163397
0.785398163397
0.785398163397
0.785398163397
0.785398163397
0.785398163397
0.785398163397
0.785398163397
0.785398163397
0.785398163397
0.785398163397
0.785398163397
0.785398163397
0.785398163397
0.785398163397
0.785398163397
0.785398163397
0.785398163397
0.785398163397
0.785398163397
0.785398163397
0.785398163397
0.785398163397
0.785398163397
0.785398163397
0.785398163397
0.785398163397
0.785398163397
0.785398163397
0.785398163397
0.785398163397
0.785398163397
0.785398163397
0.785398163397
0.785398163397
0.785398163397
0.785398163397
0.785398163397
0.785398163397
0.785398163397
0.785398163397
0.785398163397
0.785398163397
0.785398163397
0.785398163397
0.785398163397
0.785398163397
0.785398163397
0.785398163397
0.785398163397
0.785398163397
0.785398163397
0.785398163397
0.785398163397
0.785398163397
0.785398163397
0.785398163397
0.785398163397
0.785398163397
0.785398163397
0.785398163397
0.785398163397
0.785398163397
0.785398163397
0.785398163397
0.785398163397
0.785398163397
0.785398163397
0.785398163397
0.785398163397
0.785398163397
0.785398163397
0.785398163397
0.785398163397
0.785398163397
0.785398163397
0.785398163397
0.785398163397
0.785398163397
0.785398163397
0.785398163397
0.785398163397
0.785398163397
0.785398163397
0.785398163397
0.785398163397
0.785398163397
0.785398163397
0.785398163397
0.785398163397
0.785398163397
0.785398163397
0.785398163397
0.785398163397
0.785398163397
0.785398163397
0.785398163397
0.785398163397
0.785398163397
0.785398163397
0.785398163397
0.785398163397
0.785398163397
0.785398163397
0.785398163397
0.785398163397
0.785398163397
0.785398163397
0.785398163397
0.785398163397
0.785398163397
0.785398163397
0.785398163397
0.785398163397
0.785398163397
0.785398163397
0.785398163397
0.785398163397
0.785398163397
0.785398163397
0.785398163397
0.785398163397
0.785398163397
0.785398163397
0.785398163397
0.785398163397
0.785398163397
0.785398163397
0.785398163397
0.785398163397
0.785398163397
0.785398163397
0.785398163397
0.785398163397
0.785398163397
0.785398163397
0.785398163397
0.785398163397
0.785398163397
0.785398163397
0.785398163397
0.785398163397
0.785398163397
0.785398163397
0.785398163397
0.785398163397
0.785398163397
0.785398163397
0.785398163397
0.785398163397
0.785398163397
0.785398163397
0.785398163397
0.785398163397
0.785398163397
0.785398163397
0.785398163397
0.785398163397
0.785398163397
0.785398163397
0.785398163397
0.785398163397
0.785398163397
0.785398163397
0.785398163397
0.785398163397
0.785398163397
0.785398163397
0.785398163397
0.785398163397
0.785398163397
0.785398163397
0.785398163397
0.785398163397
0.785398163397
0.785398163397
0.785398163397
0.785398163397
0.785398163397
0.785398163397
0.785398163397
0.785398163397
0.785398163397
0.785398163397
0.785398163397
0.785398163397
0.785398163397
0.785398163397
0.785398163397
0.785398163397
0.785398163397
0.785398163397
0.785398163397
0.785398163397
0.785398163397
0.785398163397
0.785398163397
0.785398163397
0.785398163397
0.785398163397
0.785398163397
0.785398163397
0.785398163397
0.785398163397
0.785398163397
0.785398163397
0.785398163397
0.785398163397
0.785398163397
0.785398163397
0.785398163397
0.785398163397
0.785398163397
0.785398163397
0.785398163397
0.785398163397
0.785398163397
0.785398163397
0.785398163397
0.785398163397
0.785398163397
0.785398163397
0.785398163397
0.785398163397
0.785398163397
0.785398163397
0.785398163397
0.785398163397
0.785398163397
0.785398163397
0.785398163397
0.785398163397
0.785398163397
0.785398163397
0.785398163397
0.785398163397
0.785398163397
0.785398163397
0.785398163397
0.785398163397
0.785398163397
0.785398163397
0.785398163397
0.785398163397
0.785398163397
0.785398163397
0.785398163397
0.785398163397
0.785398163397
0.785398163397
0.785398163397
0.785398163397
0.785398163397
0.785398163397
0.785398163397
0.785398163397
0.785398163397
0.785398163397
0.785398163397
0.785398163397
0.785398163397
0.785398163397
0.785398163397
0.785398163397
0.785398163397
0.785398163397
0.785398163397
0.785398163397
0.785398163397
0.785398163397
0.785398163397
0.785398163397
0.785398163397
0.785398163397
0.785398163397
0.785398163397
0.785398163397
0.785398163397
0.785398163397
0.785398163397
0.785398163397
0.785398163397
0.785398163397
0.785398163397
0.785398163397
0.785398163397
0.785398163397
0.785398163397
0.785398163397
0.785398163397
0.785398163397
0.785398163397
0.785398163397
0.785398163397
0.785398163397
0.785398163397
0.785398163397
0.785398163397
0.785398163397
0.785398163397
0.785398163397
0.785398163397
0.785398163397
0.785398163397
0.785398163397
0.785398163397
0.785398163397
0.785398163397
0.785398163397
0.785398163397
0.785398163397
0.785398163397
0.785398163397
0.785398163397
0.785398163397
0.785398163397
0.785398163397
0.785398163397
0.785398163397
0.785398163397
0.785398163397
0.785398163397
0.785398163397
0.785398163397
0.785398163397
0.785398163397
0.785398163397
0.785398163397
0.785398163397
0.785398163397
0.785398163397
0.785398163397
0.785398163397
0.785398163397
0.785398163397
0.785398163397
0.785398163397
0.785398163397
0.785398163397
0.785398163397
0.785398163397
0.785398163397
0.785398163397
0.785398163397
0.785398163397
0.785398163397
0.785398163397
0.785398163397
0.785398163397
0.785398163397
0.785398163397
0.785398163397
0.785398163397
0.785398163397
0.785398163397
0.785398163397
0.785398163397
0.785398163397
0.785398163397
0.785398163397
0.785398163397
0.785398163397
0.785398163397
0.785398163397
0.785398163397
0.785398163397
0.785398163397
0.785398163397
0.785398163397
0.785398163397
0.785398163397
0.785398163397
0.785398163397
0.785398163397
0.785398163397
0.785398163397
0.785398163397
0.785398163397
0.785398163397
0.785398163397
0.785398163397
0.785398163397
0.785398163397
0.785398163397
0.785398163397
0.785398163397
0.785398163397
0.785398163397
0.785398163397
0.785398163397
0.785398163397
0.785398163397
0.785398163397
0.785398163397
0.785398163397
0.785398163397
0.785398163397
0.785398163397
0.785398163397
0.785398163397
0.785398163397
0.785398163397
0.785398163397
0.785398163397
0.785398163397
0.785398163397
0.785398163397
0.785398163397
0.785398163397
0.785398163397
0.785398163397
0.785398163397
0.785398163397
0.785398163397
0.785398163397
0.785398163397
0.785398163397
0.785398163397
0.785398163397
0.785398163397
0.785398163397
0.785398163397
0.785398163397
0.785398163397
0.785398163397
0.785398163397
0.785398163397
0.785398163397
0.785398163397
0.785398163397
0.785398163397
0.785398163397
0.785398163397
0.785398163397
0.785398163397
0.785398163397
0.785398163397
0.785398163397
0.785398163397
0.785398163397
0.785398163397
0.785398163397
0.785398163397
0.785398163397
0.785398163397
0.785398163397
0.785398163397
0.785398163397
0.785398163397
0.785398163397
0.785398163397
0.785398163397
0.785398163397
0.785398163397
0.785398163397
0.785398163397
0.785398163397
0.785398163397
0.785398163397
0.785398163397
0.785398163397
0.785398163397
0.785398163397
0.785398163397
0.785398163397
0.785398163397
0.785398163397
0.785398163397
0.785398163397
0.785398163397
0.785398163397
0.785398163397
0.785398163397
0.785398163397
0.785398163397
0.785398163397
0.785398163397
0.785398163397
0.785398163397
0.785398163397
0.785398163397
0.785398163397
0.785398163397
0.785398163397
0.785398163397
0.785398163397
0.785398163397
0.785398163397
0.785398163397
0.785398163397
0.785398163397
0.785398163397
0.785398163397
0.785398163397
0.785398163397
0.785398163397
0.785398163397
0.785398163397
0.785398163397
0.785398163397
0.785398163397
0.785398163397
0.785398163397
0.785398163397
0.785398163397
0.785398163397
0.785398163397
0.785398163397
0.785398163397
0.785398163397
0.785398163397
0.785398163397
0.785398163397
0.785398163397
0.785398163397
0.785398163397
0.785398163397
0.785398163397
0.785398163397
0.785398163397
0.785398163397
0.785398163397
0.785398163397
0.785398163397
0.785398163397
0.785398163397
0.785398163397
0.785398163397
0.785398163397
0.785398163397
0.785398163397
0.785398163397
0.785398163397
0.785398163397
0.785398163397
0.785398163397
0.785398163397
0.785398163397
0.785398163397
0.785398163397
0.785398163397
0.785398163397
0.785398163397
0.785398163397
0.785398163397
0.785398163397
0.785398163397
0.785398163397
0.785398163397
0.785398163397
0.785398163397
0.785398163397
0.785398163397
0.785398163397
0.785398163397
0.785398163397
0.785398163397
0.785398163397
0.785398163397
0.785398163397
0.785398163397
0.785398163397
0.785398163397
0.785398163397
0.785398163397
0.785398163397
0.785398163397
0.785398163397
0.785398163397
0.785398163397
0.785398163397
0.785398163397
0.785398163397
0.785398163397
0.785398163397
0.785398163397
0.785398163397
0.785398163397
0.785398163397
0.785398163397
0.785398163397
0.785398163397
0.785398163397
0.785398163397
0.785398163397
0.785398163397
0.785398163397
0.785398163397
0.785398163397
0.785398163397
0.785398163397
0.785398163397
0.785398163397
0.785398163397
0.785398163397
0.785398163397
0.785398163397
0.785398163397
0.785398163397
0.785398163397
0.785398163397
0.785398163397
0.785398163397
0.785398163397
0.785398163397
0.785398163397
0.785398163397
0.785398163397
0.785398163397
0.785398163397
0.785398163397
0.785398163397
0.785398163397
0.785398163397
0.785398163397
0.785398163397
0.785398163397
0.785398163397
0.785398163397
0.785398163397
0.785398163397
0.785398163397
0.785398163397
0.785398163397
0.785398163397
0.785398163397
0.785398163397
0.785398163397
0.785398163397
0.785398163397
0.785398163397
0.785398163397
0.785398163397
0.785398163397
0.785398163397
0.785398163397
0.785398163397
0.785398163397
0.785398163397
0.785398163397
0.785398163397
0.785398163397
0.785398163397
0.785398163397
0.785398163397
0.785398163397
0.785398163397
0.785398163397
0.785398163397
0.785398163397
0.785398163397
0.785398163397
0.785398163397
0.785398163397
0.785398163397
0.785398163397
0.785398163397
0.785398163397
0.785398163397
0.785398163397
0.785398163397
0.785398163397
0.785398163397
0.785398163397
0.785398163397
0.785398163397
0.785398163397
0.785398163397
0.785398163397
0.785398163397
0.785398163397
0.785398163397
0.785398163397
0.785398163397
0.785398163397
0.785398163397
0.785398163397
0.785398163397
0.785398163397
0.785398163397
0.785398163397
0.785398163397
0.785398163397
0.785398163397
0.785398163397
0.785398163397
0.785398163397
0.785398163397
0.785398163397
0.785398163397
0.785398163397
0.785398163397
0.785398163397
0.785398163397
0.785398163397
0.785398163397
0.785398163397
0.785398163397
0.785398163397
0.785398163397
0.785398163397
0.785398163397
0.785398163397
0.785398163397
0.785398163397
0.785398163397
0.785398163397
0.785398163397
0.785398163397
0.785398163397
0.785398163397
0.785398163397
0.785398163397
0.785398163397
0.785398163397
0.785398163397
0.785398163397
0.785398163397
0.785398163397
0.785398163397
0.785398163397
0.785398163397
0.785398163397
0.785398163397
0.785398163397
0.785398163397
0.785398163397
0.785398163397
0.785398163397
0.785398163397
0.785398163397
0.785398163397
0.785398163397
0.785398163397
0.785398163397
0.785398163397
0.785398163397
0.785398163397
0.785398163397
0.785398163397
0.785398163397
0.785398163397
0.785398163397
0.785398163397
0.785398163397
0.785398163397
0.785398163397
0.785398163397
0.785398163397
0.785398163397
0.785398163397
0.785398163397
0.785398163397
0.785398163397
0.785398163397
0.785398163397
0.785398163397
0.785398163397
0.785398163397
0.785398163397
0.785398163397
0.785398163397
0.785398163397
0.785398163397
0.785398163397
0.785398163397
0.785398163397
0.785398163397
0.785398163397
0.785398163397
0.785398163397
0.785398163397
0.785398163397
0.785398163397
0.785398163397
0.785398163397
0.785398163397
0.785398163397
0.785398163397
0.785398163397
0.785398163397
0.785398163397
0.785398163397
0.785398163397
0.785398163397
0.785398163397
0.785398163397
0.785398163397
0.785398163397
0.785398163397
0.785398163397
0.785398163397
0.785398163397
0.785398163397
0.785398163397
0.785398163397
0.785398163397
0.785398163397
0.785398163397
0.785398163397
0.785398163397
0.785398163397
0.785398163397
0.785398163397
0.785398163397
0.785398163397
0.785398163397
0.785398163397
0.785398163397
0.785398163397
0.785398163397
0.785398163397
0.785398163397
0.785398163397
0.785398163397
0.785398163397
0.785398163397
0.785398163397
0.785398163397
0.785398163397
0.785398163397
0.785398163397
0.785398163397
0.785398163397
0.785398163397
0.785398163397
0.785398163397
0.785398163397
0.785398163397
0.785398163397
0.785398163397
0.785398163397
0.785398163397
0.785398163397
0.785398163397
0.785398163397
0.785398163397
0.785398163397
0.785398163397
0.785398163397
0.785398163397
0.785398163397
0.785398163397
0.785398163397
0.785398163397
0.785398163397
0.785398163397
0.785398163397
0.785398163397
0.785398163397
0.785398163397
0.785398163397
0.785398163397
0.785398163397
0.785398163397
0.785398163397
0.785398163397
0.785398163397
0.785398163397
0.785398163397
0.785398163397
0.785398163397
0.785398163397
0.785398163397
0.785398163397
0.785398163397
0.785398163397
0.785398163397
0.785398163397
0.785398163397
0.785398163397
0.785398163397
0.785398163397
0.785398163397
0.785398163397
0.785398163397
0.785398163397
0.785398163397
0.785398163397
0.785398163397
0.785398163397
0.785398163397
0.785398163397
0.785398163397
0.785398163397
0.785398163397
0.785398163397
0.785398163397
0.785398163397
0.785398163397
0.785398163397
0.785398163397
0.785398163397
0.785398163397
0.785398163397
0.785398163397
0.785398163397
0.785398163397
0.785398163397
0.785398163397
0.785398163397
0.785398163397
0.785398163397
0.785398163397
0.785398163397
0.785398163397
0.785398163397
0.785398163397
0.785398163397
0.785398163397
0.785398163397
0.785398163397
0.785398163397
0.785398163397
0.785398163397
0.785398163397
0.785398163397
0.785398163397
0.785398163397
0.785398163397
0.785398163397
0.785398163397
0.785398163397
0.785398163397
0.785398163397
0.785398163397
0.785398163397
0.785398163397
0.785398163397
0.785398163397
0.785398163397
0.785398163397
0.785398163397
0.785398163397
0.785398163397
0.785398163397
0.785398163397
0.785398163397
0.785398163397
0.785398163397
0.785398163397
0.785398163397
0.785398163397
0.785398163397
0.785398163397
0.785398163397
0.785398163397
0.785398163397
0.785398163397
0.785398163397
0.785398163397
0.785398163397
0.785398163397
0.785398163397
0.785398163397
0.785398163397
0.785398163397
0.785398163397
0.785398163397
0.785398163397
0.785398163397
0.785398163397
0.785398163397
0.785398163397
0.785398163397
0.785398163397
0.785398163397
0.785398163397
0.785398163397
0.785398163397
0.785398163397
0.785398163397
0.785398163397
0.785398163397
0.785398163397
0.785398163397
0.785398163397
0.785398163397
0.785398163397
0.785398163397
0.785398163397
0.785398163397
0.785398163397
0.785398163397
0.785398163397
0.785398163397
0.785398163397
0.785398163397
0.785398163397
0.785398163397
0.785398163397
0.785398163397
0.785398163397
0.785398163397
0.785398163397
0.785398163397
0.785398163397
0.785398163397
0.785398163397
0.785398163397
0.785398163397
0.785398163397
0.785398163397
0.785398163397
0.785398163397
0.785398163397
0.785398163397
0.785398163397
0.785398163397
0.785398163397
0.785398163397
0.785398163397
0.785398163397
0.785398163397
0.785398163397
0.785398163397
0.785398163397
0.785398163397
0.785398163397
0.785398163397
0.785398163397
0.785398163397
0.785398163397
0.785398163397
0.785398163397
0.785398163397
0.785398163397
0.785398163397
0.785398163397
0.785398163397
0.785398163397
0.785398163397
0.785398163397
0.785398163397
0.785398163397
0.785398163397
0.785398163397
0.785398163397
0.785398163397
0.785398163397
0.785398163397
0.785398163397
0.785398163397
0.785398163397
0.785398163397
0.785398163397
0.785398163397
0.785398163397
0.785398163397
0.785398163397
0.785398163397
0.785398163397
0.785398163397
0.785398163397
0.785398163397
0.785398163397
0.785398163397
0.785398163397
0.785398163397
0.785398163397
0.785398163397
0.785398163397
0.785398163397
0.785398163397
0.785398163397
0.785398163397
0.785398163397
0.785398163397
0.785398163397
0.785398163397
0.785398163397
0.785398163397
0.785398163397
0.785398163397
0.785398163397
0.785398163397
0.785398163397
0.785398163397
0.785398163397
0.785398163397
0.785398163397
0.785398163397
0.785398163397
0.785398163397
0.785398163397
0.785398163397
0.785398163397
0.785398163397
0.785398163397
0.785398163397
0.785398163397
0.785398163397
0.785398163397
0.785398163397
0.785398163397
0.785398163397
0.785398163397
0.785398163397
0.785398163397
0.785398163397
0.785398163397
0.785398163397
0.785398163397
0.785398163397
0.785398163397
0.785398163397
0.785398163397
0.785398163397
0.785398163397
0.785398163397
0.785398163397
0.785398163397
0.785398163397
0.785398163397
0.785398163397
0.785398163397
0.785398163397
0.785398163397
0.785398163397
0.785398163397
0.785398163397
0.785398163397
0.785398163397
0.785398163397
0.785398163397
0.785398163397
0.785398163397
0.785398163397
0.785398163397
0.785398163397
0.785398163397
0.785398163397
0.785398163397
0.785398163397
0.785398163397
0.785398163397
0.785398163397
0.785398163397
0.785398163397
0.785398163397
0.785398163397
0.785398163397
0.785398163397
0.785398163397
0.785398163397
0.785398163397
0.785398163397
0.785398163397
0.785398163397
0.785398163397
0.785398163397
0.785398163397
0.785398163397
0.785398163397
0.785398163397
0.785398163397
0.785398163397
0.785398163397
0.785398163397
0.785398163397
0.785398163397
0.785398163397
0.785398163397
0.785398163397
0.785398163397
0.785398163397
0.785398163397
0.785398163397
0.785398163397
0.785398163397
0.785398163397
0.785398163397
0.785398163397
0.785398163397
0.785398163397
0.785398163397
0.785398163397
0.785398163397
0.785398163397
0.785398163397
0.785398163397
0.785398163397
0.785398163397
0.785398163397
0.785398163397
0.785398163397
0.785398163397
0.785398163397
0.785398163397
0.785398163397
0.785398163397
0.785398163397
0.785398163397
0.785398163397
0.785398163397
0.785398163397
0.785398163397
0.785398163397
0.785398163397
0.785398163397
0.785398163397
0.785398163397
0.785398163397
0.785398163397
0.785398163397
0.785398163397
0.785398163397
0.785398163397
0.785398163397
0.785398163397
0.785398163397
0.785398163397
0.785398163397
0.785398163397
0.785398163397
0.785398163397
0.785398163397
0.785398163397
0.785398163397
0.785398163397
0.785398163397
0.785398163397
0.785398163397
0.785398163397
0.785398163397
0.785398163397
0.785398163397
0.785398163397
0.785398163397
0.785398163397
0.785398163397
0.785398163397
0.785398163397
0.785398163397
0.785398163397
0.785398163397
0.785398163397
0.785398163397
0.785398163397
0.785398163397
0.785398163397
0.785398163397
0.785398163397
0.785398163397
0.785398163397
0.785398163397
0.785398163397
0.785398163397
0.785398163397
0.785398163397
0.785398163397
0.785398163397
0.785398163397
0.785398163397
0.785398163397
0.785398163397
0.785398163397
0.785398163397
0.785398163397
0.785398163397
0.785398163397
0.785398163397
0.785398163397
0.785398163397
0.785398163397
0.785398163397
0.785398163397
0.785398163397
0.785398163397
0.785398163397
0.785398163397
0.785398163397
0.785398163397
0.785398163397
0.785398163397
0.785398163397
0.785398163397
0.785398163397
0.785398163397
0.785398163397
0.785398163397
0.785398163397
0.785398163397
0.785398163397
0.785398163397
0.785398163397
0.785398163397
0.785398163397
0.785398163397
0.785398163397
0.785398163397
0.785398163397
0.785398163397
0.785398163397
0.785398163397
0.785398163397
0.785398163397
0.785398163397
0.785398163397
0.785398163397
0.785398163397
0.785398163397
0.785398163397
0.785398163397
0.785398163397
0.785398163397
0.785398163397
0.785398163397
0.785398163397
0.785398163397
0.785398163397
0.785398163397
0.785398163397
0.785398163397
0.785398163397
0.785398163397
0.785398163397
0.785398163397
0.785398163397
0.785398163397
0.785398163397
0.785398163397
0.785398163397
0.785398163397
0.785398163397
0.785398163397
0.785398163397
0.785398163397
0.785398163397
0.785398163397
0.785398163397
0.785398163397
0.785398163397
0.785398163397
0.785398163397
0.785398163397
0.785398163397
0.785398163397
0.785398163397
0.785398163397
0.785398163397
0.785398163397
0.785398163397
0.785398163397
0.785398163397
0.785398163397
0.785398163397
0.785398163397
0.785398163397
0.785398163397
0.785398163397
0.785398163397
0.785398163397
0.785398163397
0.785398163397
0.785398163397
0.785398163397
0.785398163397
0.785398163397
0.785398163397
0.785398163397
0.785398163397
0.785398163397
0.785398163397
0.785398163397
0.785398163397
0.785398163397
0.785398163397
0.785398163397
0.785398163397
0.785398163397
0.785398163397
0.785398163397
0.785398163397
0.785398163397
0.785398163397
0.785398163397
0.785398163397
0.785398163397
0.785398163397
0.785398163397
0.785398163397
0.785398163397
0.785398163397
0.785398163397
0.785398163397
0.785398163397
0.785398163397
0.785398163397
0.785398163397
0.785398163397
0.785398163397
0.785398163397
0.785398163397
0.785398163397
0.785398163397
0.785398163397
0.785398163397
0.785398163397
0.785398163397
0.785398163397
0.785398163397
0.785398163397
0.785398163397
0.785398163397
0.785398163397
0.785398163397
0.785398163397
0.785398163397
0.785398163397
0.785398163397
0.785398163397
0.785398163397
0.785398163397
0.785398163397
0.785398163397
0.785398163397
0.785398163397
0.785398163397
0.785398163397
0.785398163397
0.785398163397
0.785398163397
0.785398163397
0.785398163397
0.785398163397
0.785398163397
0.785398163397
0.785398163397
0.785398163397
0.785398163397
0.785398163397
0.785398163397
0.785398163397
0.785398163397
0.785398163397
0.785398163397
0.785398163397
0.785398163397
0.785398163397
0.785398163397
0.785398163397
0.785398163397
0.785398163397
0.785398163397
0.785398163397
0.785398163397
0.785398163397
0.785398163397
0.785398163397
0.785398163397
0.785398163397
0.785398163397
0.785398163397
0.785398163397
0.785398163397
0.785398163397
0.785398163397
0.785398163397
0.785398163397
0.785398163397
0.785398163397
0.785398163397
0.785398163397
0.785398163397
0.785398163397
0.785398163397
0.785398163397
0.785398163397
0.785398163397
0.785398163397
0.785398163397
0.785398163397
0.785398163397
0.785398163397
0.785398163397
0.785398163397
0.785398163397
0.785398163397
0.785398163397
0.785398163397
0.785398163397
0.785398163397
0.785398163397
0.785398163397
0.785398163397
0.785398163397
0.785398163397
0.785398163397
0.785398163397
0.785398163397
0.785398163397
0.785398163397
0.785398163397
0.785398163397
0.785398163397
0.785398163397
0.785398163397
0.785398163397
0.785398163397
0.785398163397
0.785398163397
0.785398163397
0.785398163397
0.785398163397
0.785398163397
0.785398163397
0.785398163397
0.785398163397
0.785398163397
0.785398163397
0.785398163397
0.785398163397
0.785398163397
0.785398163397
0.785398163397
0.785398163397
0.785398163397
0.785398163397
0.785398163397
0.785398163397
0.785398163397
0.785398163397
0.785398163397
0.785398163397
0.785398163397
0.785398163397
0.785398163397
0.785398163397
0.785398163397
0.785398163397
0.785398163397
0.785398163397
0.785398163397
0.785398163397
0.785398163397
0.785398163397
0.785398163397
0.785398163397
0.785398163397
0.785398163397
0.785398163397
0.785398163397
0.785398163397
0.785398163397
0.785398163397
0.785398163397
0.785398163397
0.785398163397
0.785398163397
0.785398163397
0.785398163397
0.785398163397
0.785398163397
0.785398163397
0.785398163397
0.785398163397
0.785398163397
0.785398163397
0.785398163397
0.785398163397
0.785398163397
0.785398163397
0.785398163397
0.785398163397
0.785398163397
0.785398163397
0.785398163397
0.785398163397
0.785398163397
0.785398163397
0.785398163397
0.785398163397
0.785398163397
0.785398163397
0.785398163397
0.785398163397
0.785398163397
0.785398163397
0.785398163397
0.785398163397
0.785398163397
0.785398163397
0.785398163397
0.785398163397
0.785398163397
0.785398163397
0.785398163397
0.785398163397
0.785398163397
0.785398163397
0.785398163397
0.785398163397
0.785398163397
0.785398163397
0.785398163397
0.785398163397
0.785398163397
0.785398163397
0.785398163397
0.785398163397
0.785398163397
0.785398163397
0.785398163397
0.785398163397
0.785398163397
0.785398163397
0.785398163397
0.785398163397
0.785398163397
0.785398163397
0.785398163397
0.785398163397
0.785398163397
0.785398163397
0.785398163397
0.785398163397
0.785398163397
0.785398163397
0.785398163397
0.785398163397
0.785398163397
0.785398163397
0.785398163397
0.785398163397
0.785398163397
0.785398163397
0.785398163397
0.785398163397
0.785398163397
0.785398163397
0.785398163397
0.785398163397
0.785398163397
0.785398163397
0.785398163397
0.785398163397
0.785398163397
0.785398163397
0.785398163397
0.785398163397
0.785398163397
0.785398163397
0.785398163397
0.785398163397
0.785398163397
0.785398163397
0.785398163397
0.785398163397
0.785398163397
0.785398163397
0.785398163397
0.785398163397
0.785398163397
0.785398163397
0.785398163397
0.785398163397
0.785398163397
0.785398163397
0.785398163397
0.785398163397
0.785398163397
0.785398163397
0.785398163397
0.785398163397
0.785398163397
0.785398163397
0.785398163397
0.785398163397
0.785398163397
0.785398163397
0.785398163397
0.785398163397
0.785398163397
0.785398163397
0.785398163397
0.785398163397
0.785398163397
0.785398163397
0.785398163397
0.785398163397
0.785398163397
0.785398163397
0.785398163397
0.785398163397
0.785398163397
0.785398163397
0.785398163397
0.785398163397
0.785398163397
0.785398163397
0.785398163397
0.785398163397
0.785398163397
0.785398163397
0.785398163397
0.785398163397
0.785398163397
0.785398163397
0.785398163397
0.785398163397
0.785398163397
0.785398163397
0.785398163397
0.785398163397
0.785398163397
0.785398163397
0.785398163397
0.785398163397
0.785398163397
0.785398163397
0.785398163397
0.785398163397
0.785398163397
0.785398163397
0.785398163397
0.785398163397
0.785398163397
0.785398163397
0.785398163397
0.785398163397
0.785398163397
0.785398163397
0.785398163397
0.785398163397
0.785398163397
0.785398163397
0.785398163397
0.785398163397
0.785398163397
0.785398163397
0.785398163397
0.785398163397
0.785398163397
0.785398163397
0.785398163397
0.785398163397
0.785398163397
0.785398163397
0.785398163397
0.785398163397
0.785398163397
0.785398163397
0.785398163397
0.785398163397
0.785398163397
0.785398163397
0.785398163397
0.785398163397
0.785398163397
0.785398163397
0.785398163397
0.785398163397
0.785398163397
0.785398163397
0.785398163397
0.785398163397
0.785398163397
0.785398163397
0.785398163397
0.785398163397
0.785398163397
0.785398163397
0.785398163397
0.785398163397
0.785398163397
0.785398163397
0.785398163397
0.785398163397
0.785398163397
0.785398163397
0.785398163397
0.785398163397
0.785398163397
0.785398163397
0.785398163397
0.785398163397
0.785398163397
0.785398163397
0.785398163397
0.785398163397
0.785398163397
0.785398163397
0.785398163397
0.785398163397
0.785398163397
0.785398163397
0.785398163397
0.785398163397
0.785398163397
0.785398163397
0.785398163397
0.785398163397
0.785398163397
0.785398163397
0.785398163397
0.785398163397
0.785398163397
0.785398163397
0.785398163397
0.785398163397
0.785398163397
0.785398163397
0.785398163397
0.785398163397
0.785398163397
0.785398163397
0.785398163397
0.785398163397
0.785398163397
0.785398163397
0.785398163397
0.785398163397
0.785398163397
0.785398163397
0.785398163397
0.785398163397
0.785398163397
0.785398163397
0.785398163397
0.785398163397
0.785398163397
0.785398163397
0.785398163397
0.785398163397
0.785398163397
0.785398163397
0.785398163397
0.785398163397
0.785398163397
0.785398163397
0.785398163397
0.785398163397
0.785398163397
0.785398163397
0.785398163397
0.785398163397
0.785398163397
0.785398163397
0.785398163397
0.785398163397
0.785398163397
0.785398163397
0.785398163397
0.785398163397
0.785398163397
0.785398163397
0.785398163397
0.785398163397
0.785398163397
0.785398163397
0.785398163397
0.785398163397
0.785398163397
0.785398163397
0.785398163397
0.785398163397
0.785398163397
0.785398163397
0.785398163397
0.785398163397
0.785398163397
0.785398163397
0.785398163397
0.785398163397
0.785398163397
0.785398163397
0.785398163397
0.785398163397
0.785398163397
0.785398163397
0.785398163397
0.785398163397
0.785398163397
0.785398163397
0.785398163397
0.785398163397
0.785398163397
0.785398163397
0.785398163397
0.785398163397
0.785398163397
0.785398163397
0.785398163397
0.785398163397
0.785398163397
0.785398163397
0.785398163397
0.785398163397
0.785398163397
0.785398163397
0.785398163397
0.785398163397
0.785398163397
0.785398163397
0.785398163397
0.785398163397
0.785398163397
0.785398163397
0.785398163397
0.785398163397
0.785398163397
0.785398163397
0.785398163397
0.785398163397
0.785398163397
0.785398163397
0.785398163397
0.785398163397
0.785398163397
0.785398163397
0.785398163397
0.785398163397
0.785398163397
0.785398163397
0.785398163397
0.785398163397
0.785398163397
0.785398163397
0.785398163397
0.785398163397
0.785398163397
0.785398163397
0.785398163397
0.785398163397
0.785398163397
0.785398163397
0.785398163397
0.785398163397
0.785398163397
0.785398163397
0.785398163397
0.785398163397
0.785398163397
0.785398163397
0.785398163397
0.785398163397
0.785398163397
0.785398163397
0.785398163397
0.785398163397
0.785398163397
0.785398163397
0.785398163397
0.785398163397
0.785398163397
0.785398163397
0.785398163397
0.785398163397
0.785398163397
0.785398163397
0.785398163397
0.785398163397
0.785398163397
0.785398163397
0.785398163397
0.785398163397
0.785398163397
0.785398163397
0.785398163397
0.785398163397
0.785398163397
0.785398163397
0.785398163397
0.785398163397
0.785398163397
0.785398163397
0.785398163397
0.785398163397
0.785398163397
0.785398163397
0.785398163397
0.785398163397
0.785398163397
0.785398163397
0.785398163397
0.785398163397
0.785398163397
0.785398163397
0.785398163397
0.785398163397
0.785398163397
0.785398163397
0.785398163397
0.785398163397
0.785398163397
0.785398163397
0.785398163397
0.785398163397
0.785398163397
0.785398163397
0.785398163397
0.785398163397
0.785398163397
0.785398163397
0.785398163397
0.785398163397
0.785398163397
0.785398163397
0.785398163397
0.785398163397
0.785398163397
0.785398163397
0.785398163397
0.785398163397
0.785398163397
0.785398163397
0.785398163397
0.785398163397
0.785398163397
0.785398163397
0.785398163397
0.785398163397
0.785398163397
0.785398163397
0.785398163397
0.785398163397
0.785398163397
0.785398163397
0.785398163397
0.785398163397
0.785398163397
0.785398163397
0.785398163397
0.785398163397
0.785398163397
0.785398163397
0.785398163397
0.785398163397
0.785398163397
0.785398163397
0.785398163397
0.785398163397
0.785398163397
0.785398163397
0.785398163397
0.785398163397
0.785398163397
0.785398163397
0.785398163397
0.785398163397
0.785398163397
0.785398163397
0.785398163397
0.785398163397
0.785398163397
0.785398163397
0.785398163397
0.785398163397
0.785398163397
0.785398163397
0.785398163397
0.785398163397
0.785398163397
0.785398163397
0.785398163397
0.785398163397
0.785398163397
0.785398163397
0.785398163397
0.785398163397
0.785398163397
0.785398163397
0.785398163397
0.785398163397
0.785398163397
0.785398163397
0.785398163397
0.785398163397
0.785398163397
0.785398163397
0.785398163397
0.785398163397
0.785398163397
0.785398163397
0.785398163397
0.785398163397
0.785398163397
0.785398163397
0.785398163397
0.785398163397
0.785398163397
0.785398163397
0.785398163397
0.785398163397
0.785398163397
0.785398163397
0.785398163397
0.785398163397
0.785398163397
0.785398163397
0.785398163397
0.785398163397
0.785398163397
0.785398163397
0.785398163397
0.785398163397
0.785398163397
0.785398163397
0.785398163397
0.785398163397
0.785398163397
0.785398163397
0.785398163397
0.785398163397
0.785398163397
0.785398163397
0.785398163397
0.785398163397
0.785398163397
0.785398163397
0.785398163397
0.785398163397
0.785398163397
0.785398163397
0.785398163397
0.785398163397
0.785398163397
0.785398163397
0.785398163397
0.785398163397
0.785398163397
0.785398163397
0.785398163397
0.785398163397
0.785398163397
0.785398163397
0.785398163397
0.785398163397
0.785398163397
0.785398163397
0.785398163397
0.785398163397
0.785398163397
0.785398163397
0.785398163397
0.785398163397
0.785398163397
0.785398163397
0.785398163397
0.785398163397
0.785398163397
0.785398163397
0.785398163397
0.785398163397
0.785398163397
0.785398163397
0.785398163397
0.785398163397
0.785398163397
0.785398163397
0.785398163397
0.785398163397
0.785398163397
0.785398163397
0.785398163397
0.785398163397
0.785398163397
0.785398163397
0.785398163397
0.785398163397
0.785398163397
0.785398163397
0.785398163397
0.785398163397
0.785398163397
0.785398163397
0.785398163397
0.785398163397
0.785398163397
0.785398163397
0.785398163397
0.785398163397
0.785398163397
0.785398163397
0.785398163397
0.785398163397
0.785398163397
0.785398163397
0.785398163397
0.785398163397
0.785398163397
0.785398163397
0.785398163397
0.785398163397
0.785398163397
0.785398163397
0.785398163397
0.785398163397
0.785398163397
0.785398163397
0.785398163397
0.785398163397
0.785398163397
0.785398163397
0.785398163397
0.785398163397
0.785398163397
0.785398163397
0.785398163397
0.785398163397
0.785398163397
0.785398163397
0.785398163397
0.785398163397
0.785398163397
0.785398163397
0.785398163397
0.785398163397
0.785398163397
0.785398163397
0.785398163397
0.785398163397
0.785398163397
0.785398163397
0.785398163397
0.785398163397
0.785398163397
0.785398163397
0.785398163397
0.785398163397
0.785398163397
0.785398163397
0.785398163397
0.785398163397
0.785398163397
0.785398163397
0.785398163397
0.785398163397
0.785398163397
0.785398163397
0.785398163397
0.785398163397
0.785398163397
0.785398163397
0.785398163397
0.785398163397
0.785398163397
0.785398163397
0.785398163397
0.785398163397
0.785398163397
0.785398163397
0.785398163397
0.785398163397
0.785398163397
0.785398163397
0.785398163397
0.785398163397
0.785398163397
0.785398163397
0.785398163397
0.785398163397
0.785398163397
0.785398163397
0.785398163397
0.785398163397
0.785398163397
0.785398163397
0.785398163397
0.785398163397
0.785398163397
0.785398163397
0.785398163397
0.785398163397
0.785398163397
0.785398163397
0.785398163397
0.785398163397
0.785398163397
0.785398163397
0.785398163397
0.785398163397
0.785398163397
0.785398163397
0.785398163397
0.785398163397
0.785398163397
0.785398163397
0.785398163397
0.785398163397
0.785398163397
0.785398163397
0.785398163397
0.785398163397
0.785398163397
0.785398163397
0.785398163397
0.785398163397
0.785398163397
0.785398163397
0.785398163397
0.785398163397
0.785398163397
0.785398163397
0.785398163397
0.785398163397
0.785398163397
0.785398163397
0.785398163397
0.785398163397
0.785398163397
0.785398163397
0.785398163397
0.785398163397
0.785398163397
0.785398163397
0.785398163397
0.785398163397
0.785398163397
0.785398163397
0.785398163397
0.785398163397
0.785398163397
0.785398163397
0.785398163397
0.785398163397
0.785398163397
0.785398163397
0.785398163397
0.785398163397
0.785398163397
0.785398163397
0.785398163397
0.785398163397
0.785398163397
0.785398163397
0.785398163397
0.785398163397
0.785398163397
0.785398163397
0.785398163397
0.785398163397
0.785398163397
0.785398163397
0.785398163397
0.785398163397
0.785398163397
0.785398163397
0.785398163397
0.785398163397
0.785398163397
0.785398163397
0.785398163397
0.785398163397
0.785398163397
0.785398163397
0.785398163397
0.785398163397
0.785398163397
0.785398163397
0.785398163397
0.785398163397
0.785398163397
0.785398163397
0.785398163397
0.785398163397
0.785398163397
0.785398163397
0.785398163397
0.785398163397
0.785398163397
0.785398163397
0.785398163397
0.785398163397
0.785398163397
0.785398163397
0.785398163397
0.785398163397
0.785398163397
0.785398163397
0.785398163397
0.785398163397
0.785398163397
0.785398163397
0.785398163397
0.785398163397
0.785398163397
0.785398163397
0.785398163397
0.785398163397
0.785398163397
0.785398163397
0.785398163397
0.785398163397
0.785398163397
0.785398163397
0.785398163397
0.785398163397
0.785398163397
0.785398163397
0.785398163397
0.785398163397
0.785398163397
0.785398163397
0.785398163397
0.785398163397
0.785398163397
0.785398163397
0.785398163397
0.785398163397
0.785398163397
0.785398163397
0.785398163397
0.785398163397
0.785398163397
0.785398163397
0.785398163397
0.785398163397
0.785398163397
0.785398163397
0.785398163397
0.785398163397
0.785398163397
0.785398163397
0.785398163397
0.785398163397
0.785398163397
0.785398163397
0.785398163397
0.785398163397
0.785398163397
0.785398163397
0.785398163397
0.785398163397
0.785398163397
0.785398163397
0.785398163397
0.785398163397
0.785398163397
0.785398163397
0.785398163397
0.785398163397
0.785398163397
0.785398163397
0.785398163397
0.785398163397
0.785398163397
0.785398163397
0.785398163397
0.785398163397
0.785398163397
0.785398163397
0.785398163397
0.785398163397
0.785398163397
0.785398163397
0.785398163397
0.785398163397
0.785398163397
0.785398163397
0.785398163397
0.785398163397
0.785398163397
0.785398163397
0.785398163397
0.785398163397
0.785398163397
0.785398163397
0.785398163397
0.785398163397
0.785398163397
0.785398163397
0.785398163397
0.785398163397
0.785398163397
0.785398163397
0.785398163397
0.785398163397
0.785398163397
0.785398163397
0.785398163397
0.785398163397
0.785398163397
0.785398163397
0.785398163397
0.785398163397
0.785398163397
0.785398163397
0.785398163397
0.785398163397
0.785398163397
0.785398163397
0.785398163397
0.785398163397
0.785398163397
0.785398163397
0.785398163397
0.785398163397
0.785398163397
0.785398163397
0.785398163397
0.785398163397
0.785398163397
0.785398163397
0.785398163397
0.785398163397
0.785398163397
0.785398163397
0.785398163397
0.785398163397
0.785398163397
0.785398163397
0.785398163397
0.785398163397
0.785398163397
0.785398163397
0.785398163397
0.785398163397
0.785398163397
0.785398163397
0.785398163397
0.785398163397
0.785398163397
0.785398163397
0.785398163397
0.785398163397
0.785398163397
0.785398163397
0.785398163397
0.785398163397
0.785398163397
0.785398163397
0.785398163397
0.785398163397
0.785398163397
0.785398163397
0.785398163397
0.785398163397
0.785398163397
0.785398163397
0.785398163397
0.785398163397
0.785398163397
0.785398163397
0.785398163397
0.785398163397
0.785398163397
0.785398163397
0.785398163397
0.785398163397
0.785398163397
0.785398163397
0.785398163397
0.785398163397
0.785398163397
0.785398163397
0.785398163397
0.785398163397
0.785398163397
0.785398163397
0.785398163397
0.785398163397
0.785398163397
0.785398163397
0.785398163397
0.785398163397
0.785398163397
0.785398163397
0.785398163397
0.785398163397
0.785398163397
0.785398163397
0.785398163397
0.785398163397
0.785398163397
0.785398163397
0.785398163397
0.785398163397
0.785398163397
0.785398163397
0.785398163397
0.785398163397
0.785398163397
0.785398163397
0.785398163397
0.785398163397
0.785398163397
0.785398163397
0.785398163397
0.785398163397
0.785398163397
0.785398163397
0.785398163397
0.785398163397
0.785398163397
0.785398163397
0.785398163397
0.785398163397
0.785398163397
0.785398163397
0.785398163397
0.785398163397
0.785398163397
0.785398163397
0.785398163397
0.785398163397
0.785398163397
0.785398163397
0.785398163397
0.785398163397
0.785398163397
0.785398163397
0.785398163397
0.785398163397
0.785398163397
0.785398163397
0.785398163397
0.785398163397
0.785398163397
0.785398163397
0.785398163397
0.785398163397
0.785398163397
0.785398163397
0.785398163397
0.785398163397
0.785398163397
0.785398163397
0.785398163397
0.785398163397
0.785398163397
0.785398163397
0.785398163397
0.785398163397
0.785398163397
0.785398163397
0.785398163397
0.785398163397
0.785398163397
0.785398163397
0.785398163397
0.785398163397
0.785398163397
0.785398163397
0.785398163397
0.785398163397
0.785398163397
0.785398163397
0.785398163397
0.785398163397
0.785398163397
0.785398163397
0.785398163397
0.785398163397
0.785398163397
0.785398163397
0.785398163397
0.785398163397
0.785398163397
0.785398163397
0.785398163397
0.785398163397
0.785398163397
0.785398163397
0.785398163397
0.785398163397
0.785398163397
0.785398163397
0.785398163397
0.785398163397
0.785398163397
0.785398163397
0.785398163397
0.785398163397
0.785398163397
0.785398163397
0.785398163397
0.785398163397
0.785398163397
0.785398163397
0.785398163397
0.785398163397
0.785398163397
0.785398163397
0.785398163397
0.785398163397
0.785398163397
0.785398163397
0.785398163397
0.785398163397
0.785398163397
0.785398163397
0.785398163397
0.785398163397
0.785398163397
0.785398163397
0.785398163397
0.785398163397
0.785398163397
0.785398163397
0.785398163397
0.785398163397
0.785398163397
0.785398163397
0.785398163397
0.785398163397
0.785398163397
0.785398163397
0.785398163397
0.785398163397
0.785398163397
0.785398163397
0.785398163397
0.785398163397
0.785398163397
0.785398163397
0.785398163397
0.785398163397
0.785398163397
0.785398163397
0.785398163397
0.785398163397
0.785398163397
0.785398163397
0.785398163397
0.785398163397
0.785398163397
0.785398163397
0.785398163397
0.785398163397
0.785398163397
0.785398163397
0.785398163397
0.785398163397
0.785398163397
0.785398163397
0.785398163397
0.785398163397
0.785398163397
0.785398163397
0.785398163397
0.785398163397
0.785398163397
0.785398163397
0.785398163397
0.785398163397
0.785398163397
0.785398163397
0.785398163397
0.785398163397
0.785398163397
0.785398163397
0.785398163397
0.785398163397
0.785398163397
0.785398163397
0.785398163397
0.785398163397
0.785398163397
0.785398163397
0.785398163397
0.785398163397
0.785398163397
0.785398163397
0.785398163397
0.785398163397
0.785398163397
0.785398163397
0.785398163397
0.785398163397
0.785398163397
0.785398163397
0.785398163397
0.785398163397
0.785398163397
0.785398163397
0.785398163397
0.785398163397
0.785398163397
0.785398163397
0.785398163397
0.785398163397
0.785398163397
0.785398163397
0.785398163397
0.785398163397
0.785398163397
0.785398163397
0.785398163397
0.785398163397
0.785398163397
0.785398163397
0.785398163397
0.785398163397
0.785398163397
0.785398163397
0.785398163397
0.785398163397
0.785398163397
0.785398163397
0.785398163397
0.785398163397
0.785398163397
0.785398163397
0.785398163397
0.785398163397
0.785398163397
0.785398163397
0.785398163397
0.785398163397
0.785398163397
0.785398163397
0.785398163397
0.785398163397
0.785398163397
0.785398163397
0.785398163397
0.785398163397
0.785398163397
0.785398163397
0.785398163397
0.785398163397
0.785398163397
0.785398163397
0.785398163397
0.785398163397
0.785398163397
0.785398163397
0.785398163397
0.785398163397
0.785398163397
0.785398163397
0.785398163397
0.785398163397
0.785398163397
0.785398163397
0.785398163397
0.785398163397
0.785398163397
0.785398163397
0.785398163397
0.785398163397
0.785398163397
0.785398163397
0.785398163397
0.785398163397
0.785398163397
0.785398163397
0.785398163397
0.785398163397
0.785398163397
0.785398163397
0.785398163397
0.785398163397
0.785398163397
0.785398163397
0.785398163397
0.785398163397
0.785398163397
0.785398163397
0.785398163397
0.785398163397
0.785398163397
0.785398163397
0.785398163397
0.785398163397
0.785398163397
0.785398163397
0.785398163397
0.785398163397
0.785398163397
0.785398163397
0.785398163397
0.785398163397
0.785398163397
0.785398163397
0.785398163397
0.785398163397
0.785398163397
0.785398163397
0.785398163397
0.785398163397
0.785398163397
0.785398163397
0.785398163397
0.785398163397
0.785398163397
0.785398163397
0.785398163397
0.785398163397
0.785398163397
0.785398163397
0.785398163397
0.785398163397
0.785398163397
0.785398163397
0.785398163397
0.785398163397
0.785398163397
0.785398163397
0.785398163397
0.785398163397
0.785398163397
0.785398163397
0.785398163397
0.785398163397
0.785398163397
0.785398163397
0.785398163397
0.785398163397
0.785398163397
0.785398163397
0.785398163397
0.785398163397
0.785398163397
0.785398163397
0.785398163397
0.785398163397
0.785398163397
0.785398163397
0.785398163397
0.785398163397
0.785398163397
0.785398163397
0.785398163397
0.785398163397
0.785398163397
0.785398163397
0.785398163397
0.785398163397
0.785398163397
0.785398163397
0.785398163397
0.785398163397
0.785398163397
0.785398163397
0.785398163397
0.785398163397
0.785398163397
0.785398163397
0.785398163397
0.785398163397
0.785398163397
0.785398163397
0.785398163397
0.785398163397
0.785398163397
0.785398163397
0.785398163397
0.785398163397
0.785398163397
0.785398163397
0.785398163397
0.785398163397
0.785398163397
0.785398163397
0.785398163397
0.785398163397
0.785398163397
0.785398163397
0.785398163397
0.785398163397
0.785398163397
0.785398163397
0.785398163397
0.785398163397
0.785398163397
0.785398163397
0.785398163397
0.785398163397
0.785398163397
0.785398163397
0.785398163397
0.785398163397
0.785398163397
0.785398163397
0.785398163397
0.785398163397
0.785398163397
0.785398163397
0.785398163397
0.785398163397
0.785398163397
0.785398163397
0.785398163397
0.785398163397
0.785398163397
0.785398163397
0.785398163397
0.785398163397
0.785398163397
0.785398163397
0.785398163397
0.785398163397
0.785398163397
0.785398163397
0.785398163397
0.785398163397
0.785398163397
0.785398163397
0.785398163397
0.785398163397
0.785398163397
0.785398163397
0.785398163397
0.785398163397
0.785398163397
0.785398163397
0.785398163397
0.785398163397
0.785398163397
0.785398163397
0.785398163397
0.785398163397
0.785398163397
0.785398163397
0.785398163397
0.785398163397
0.785398163397
0.785398163397
0.785398163397
0.785398163397
0.785398163397
0.785398163397
0.785398163397
0.785398163397
0.785398163397
0.785398163397
0.785398163397
0.785398163397
0.785398163397
0.785398163397
0.785398163397
0.785398163397
0.785398163397
0.785398163397
0.785398163397
0.785398163397
0.785398163397
0.785398163397
0.785398163397
0.785398163397
0.785398163397
0.785398163397
0.785398163397
0.785398163397
0.785398163397
0.785398163397
0.785398163397
0.785398163397
0.785398163397
0.785398163397
0.785398163397
0.785398163397
0.785398163397
0.785398163397
0.785398163397
0.785398163397
0.785398163397
0.785398163397
0.785398163397
0.785398163397
0.785398163397
0.785398163397
0.785398163397
0.785398163397
0.785398163397
0.785398163397
0.785398163397
0.785398163397
0.785398163397
0.785398163397
0.785398163397
0.785398163397
0.785398163397
0.785398163397
0.785398163397
0.785398163397
0.785398163397
0.785398163397
0.785398163397
0.785398163397
0.785398163397
0.785398163397
0.785398163397
0.785398163397
0.785398163397
0.785398163397
0.785398163397
0.785398163397
0.785398163397
0.785398163397
0.785398163397
0.785398163397
0.785398163397
0.785398163397
0.785398163397
0.785398163397
0.785398163397
0.785398163397
0.785398163397
0.785398163397
0.785398163397
0.785398163397
0.785398163397
0.785398163397
0.785398163397
0.785398163397
0.785398163397
0.785398163397
0.785398163397
0.785398163397
0.785398163397
0.785398163397
0.785398163397
0.785398163397
0.785398163397
0.785398163397
0.785398163397
0.785398163397
0.785398163397
0.785398163397
0.785398163397
0.785398163397
0.785398163397
0.785398163397
0.785398163397
0.785398163397
0.785398163397
0.785398163397
0.785398163397
0.785398163397
0.785398163397
0.785398163397
0.785398163397
0.785398163397
0.785398163397
0.785398163397
0.785398163397
0.785398163397
0.785398163397
0.785398163397
0.785398163397
0.785398163397
0.785398163397
0.785398163397
0.785398163397
0.785398163397
0.785398163397
0.785398163397
0.785398163397
0.785398163397
0.785398163397
0.785398163397
0.785398163397
0.785398163397
0.785398163397
0.785398163397
0.785398163397
0.785398163397
0.785398163397
0.785398163397
0.785398163397
0.785398163397
0.785398163397
0.785398163397
0.785398163397
0.785398163397
0.785398163397
0.785398163397
0.785398163397
0.785398163397
0.785398163397
0.785398163397
0.785398163397
0.785398163397
0.785398163397
0.785398163397
0.785398163397
0.785398163397
0.785398163397
0.785398163397
0.785398163397
0.785398163397
0.785398163397
0.785398163397
0.785398163397
0.785398163397
0.785398163397
0.785398163397
0.785398163397
0.785398163397
0.785398163397
0.785398163397
0.785398163397
0.785398163397
0.785398163397
0.785398163397
0.785398163397
0.785398163397
0.785398163397
0.785398163397
0.785398163397
0.785398163397
0.785398163397
0.785398163397
0.785398163397
0.785398163397
-1
-1
-1
-1
-1
-1
-1
-1
-1
-1
-1
-1
-1
-1
-1
-1
-1
-1
-1
-1
-1
-1
-1
-1
-1
-1
-1
-1
-1
-1
-1
-1
-1
-1
-1
-1
-1
-1
-1
-1
-1
-1
-1
-1
-1
-1
-1
-1
-1
-1
-1
-1
-1
-1
-1
-1
-1
-1
-1
-1
-1
-1
-1
-1
-1
-1
-1
-1
-1
-1
-1
-1
-1
-1
-1
-1
-1
-1
-1
-1
-1
-1
-1
-1
-1
-1
-1
-1
-1
-1
-1
-1
-1
-1
-1
-1
-1
-1
-1
-1
-1
-1
-1
-1
-1
-1
-1
-1
-1
-1
-1
-1
-1
-1
-1
-1
-1
-1
-1
-1
-1
-1
-1
-1
-1
-1
-1
-1
-1
-1
-1
-1
-1
-1
-1
-1
-1
-1
-1
-1
-1
-1
-1
-1
-1
-1
-1
-1
-1
-1
-1
-1
-1
-1
-1
-1
-1
-1
-1
-1
-1
-1
-1
-1
-1
-1
-1
-1
-1
-1
-1
-1
-1
-1
-1
-1
-1
-1
-1
-1
-1
-1
-1
-1
-1
-1
-1
-1
-1
-1
-1
-1
-1
-1
-1
-1
-1
-1
-1
-1
-1
-1
-1
-1
-1
-1
-1
-1
-1
-1
-1
-1
-1
-1
-1
-1
-1
-1
-1
-1
-1
-1
-1
-1
-1
-1
-1
-1
-1
-1
-1
-1
-1
-1
-1
-1
-1
-1
-1
-1
-1
-1
-1
-1
-1
-1
-1
-1
-1
-1
-1
-1
-1
-1
-1
-1
-1
-1
-1
-1
-1
-1
-1
-1
-1
-1
-1
-1
-1
-1
-1
-1
-1
-1
-1
-1
-1
-1
-1
-1
-1
-1
-1
-1
-1
-1
-1
-1
-1
-1
-1
-1
-1
-1
-1
-1
-1
-1
-1
-1
-1
-1
-1
-1
-1
-1
-1
-1
-1
-1
-1
-1
-1
-1
-1
-1
-1
-1
-1
-1
